/****************************************************************************
** Resource object code
**
** Created by: The Resource Compiler for Qt version 6.11.0
**
** WARNING! All changes made in this file will be lost!
*****************************************************************************/

#ifdef _MSC_VER
// disable informational message "function ... selected for automatic inline expansion"
#pragma warning (disable: 4711)
#endif

static const unsigned char qt_resource_data[] = {
  // Main.qml
  0x0,0x0,0x1c,0x6f,
  0x2f,
  0x2f,0x20,0x43,0x6f,0x70,0x79,0x72,0x69,0x67,0x68,0x74,0x20,0x28,0x43,0x29,0x20,
  0x32,0x30,0x32,0x36,0x20,0x51,0x74,0x20,0x47,0x72,0x6f,0x75,0x70,0x2e,0xd,0xa,
  0x2f,0x2f,0x20,0x53,0x50,0x44,0x58,0x2d,0x4c,0x69,0x63,0x65,0x6e,0x73,0x65,0x2d,
  0x49,0x64,0x65,0x6e,0x74,0x69,0x66,0x69,0x65,0x72,0x3a,0x20,0x4c,0x69,0x63,0x65,
  0x6e,0x73,0x65,0x52,0x65,0x66,0x2d,0x51,0x74,0x2d,0x43,0x6f,0x6d,0x6d,0x65,0x72,
  0x63,0x69,0x61,0x6c,0x20,0x4f,0x52,0x20,0x47,0x50,0x4c,0x2d,0x33,0x2e,0x30,0x2d,
  0x6f,0x6e,0x6c,0x79,0xd,0xa,0xd,0xa,0x69,0x6d,0x70,0x6f,0x72,0x74,0x20,0x51,
  0x74,0x51,0x75,0x69,0x63,0x6b,0xd,0xa,0x69,0x6d,0x70,0x6f,0x72,0x74,0x20,0x51,
  0x74,0x51,0x75,0x69,0x63,0x6b,0x2e,0x43,0x6f,0x6e,0x74,0x72,0x6f,0x6c,0x73,0xd,
  0xa,0x69,0x6d,0x70,0x6f,0x72,0x74,0x20,0x51,0x74,0x51,0x75,0x69,0x63,0x6b,0x2e,
  0x4c,0x61,0x79,0x6f,0x75,0x74,0x73,0xd,0xa,0xd,0xa,0x41,0x70,0x70,0x6c,0x69,
  0x63,0x61,0x74,0x69,0x6f,0x6e,0x57,0x69,0x6e,0x64,0x6f,0x77,0x20,0x7b,0xd,0xa,
  0x20,0x20,0x20,0x20,0x69,0x64,0x3a,0x20,0x77,0x69,0x6e,0x64,0x6f,0x77,0xd,0xa,
  0xd,0xa,0x20,0x20,0x20,0x20,0x2f,0x2a,0x20,0x52,0x65,0x71,0x75,0x69,0x72,0x65,
  0x6d,0x65,0x6e,0x74,0x73,0xd,0xa,0xd,0xa,0x20,0x20,0x20,0x20,0x51,0x4d,0x4c,
  0x20,0x4c,0x61,0x6e,0x67,0x75,0x61,0x67,0x65,0x20,0x46,0x65,0x61,0x74,0x75,0x72,
  0x65,0x73,0x3a,0x20,0x55,0x73,0x65,0x20,0x53,0x74,0x72,0x6f,0x6e,0x67,0x20,0x54,
  0x79,0x70,0x69,0x6e,0x67,0x20,0x68,0x61,0x73,0x20,0x33,0x20,0x69,0x73,0x73,0x75,
  0x65,0x73,0x3a,0xd,0xa,0xd,0xa,0x20,0x20,0x20,0x20,0x20,0x20,0x20,0x20,0x2d,
  0x20,0x55,0x73,0x65,0x20,0x53,0x74,0x72,0x6f,0x6e,0x67,0x6c,0x79,0x20,0x54,0x79,
  0x70,0x65,0x64,0x20,0x50,0x72,0x6f,0x70,0x65,0x72,0x74,0x69,0x65,0x73,0x20,0x62,
  0x79,0x20,0x63,0x68,0x6f,0x6f,0x73,0x69,0x6e,0x67,0x20,0x62,0x65,0x74,0x74,0x65,
  0x72,0x20,0x74,0x79,0x70,0x65,0x73,0x20,0x66,0x6f,0x72,0xd,0xa,0x20,0x20,0x20,
  0x20,0x20,0x20,0x20,0x20,0x20,0x20,0x61,0x6e,0x79,0x20,0x22,0x76,0x61,0x72,0x22,
  0x20,0x70,0x72,0x6f,0x70,0x65,0x72,0x74,0x69,0x65,0x73,0x20,0x69,0x6e,0x20,0x74,
  0x68,0x65,0x20,0x63,0x6f,0x64,0x65,0x2e,0xd,0xa,0xd,0xa,0x20,0x20,0x20,0x20,
  0x20,0x20,0x20,0x20,0x2d,0x20,0x55,0x73,0x65,0x20,0x44,0x65,0x63,0x6c,0x61,0x72,
  0x61,0x74,0x69,0x76,0x65,0x20,0x42,0x69,0x6e,0x64,0x69,0x6e,0x67,0x73,0x20,0x52,
  0x61,0x74,0x68,0x65,0x72,0x20,0x54,0x68,0x61,0x6e,0x20,0x49,0x6d,0x70,0x65,0x72,
  0x61,0x74,0x69,0x76,0x65,0x20,0x41,0x73,0x73,0x69,0x67,0x6e,0x6d,0x65,0x6e,0x74,
  0x73,0x20,0x62,0x79,0xd,0xa,0x20,0x20,0x20,0x20,0x20,0x20,0x20,0x20,0x20,0x20,
  0x63,0x6f,0x6e,0x73,0x69,0x64,0x65,0x72,0x69,0x6e,0x67,0x20,0x74,0x68,0x65,0x20,
  0x4a,0x61,0x76,0x61,0x73,0x63,0x72,0x69,0x70,0x74,0x20,0x66,0x75,0x6e,0x63,0x74,
  0x69,0x6f,0x6e,0x73,0x20,0x61,0x6e,0x64,0x20,0x61,0x73,0x73,0x69,0x67,0x6e,0x6d,
  0x65,0x6e,0x74,0x73,0x20,0x61,0x6e,0x64,0x20,0x72,0x65,0x66,0x61,0x63,0x74,0x6f,
  0x72,0x69,0x6e,0x67,0xd,0xa,0x20,0x20,0x20,0x20,0x20,0x20,0x20,0x20,0x20,0x20,
  0x74,0x68,0x65,0x20,0x6c,0x6f,0x67,0x69,0x63,0x20,0x69,0x6e,0x74,0x6f,0x20,0x64,
  0x65,0x63,0x6c,0x61,0x72,0x61,0x74,0x69,0x76,0x65,0x20,0x62,0x69,0x6e,0x64,0x69,
  0x6e,0x67,0x73,0x2e,0x20,0x46,0x6f,0x72,0x20,0x65,0x78,0x61,0x6d,0x70,0x6c,0x65,
  0x2c,0x20,0x73,0x65,0x65,0x20,0x69,0x66,0x20,0x79,0x6f,0x75,0x20,0x63,0x61,0x6e,
  0x20,0x72,0x65,0x6d,0x6f,0x76,0x65,0xd,0xa,0x20,0x20,0x20,0x20,0x20,0x20,0x20,
  0x20,0x20,0x20,0x74,0x68,0x65,0x20,0x75,0x70,0x64,0x61,0x74,0x65,0x44,0x72,0x61,
  0x77,0x65,0x72,0x44,0x69,0x6d,0x65,0x6e,0x73,0x69,0x6f,0x6e,0x73,0x28,0x29,0x20,
  0x66,0x75,0x6e,0x63,0x74,0x69,0x6f,0x6e,0x20,0x69,0x6e,0x20,0x4d,0x61,0x69,0x6e,
  0x2e,0x71,0x6d,0x6c,0x20,0x63,0x6f,0x6d,0x70,0x6c,0x65,0x74,0x65,0x6c,0x79,0x20,
  0x77,0x69,0x74,0x68,0x6f,0x75,0x74,0xd,0xa,0x20,0x20,0x20,0x20,0x20,0x20,0x20,
  0x20,0x20,0x20,0x63,0x68,0x61,0x6e,0x67,0x69,0x6e,0x67,0x20,0x74,0x68,0x65,0x20,
  0x76,0x69,0x73,0x75,0x61,0x6c,0x20,0x62,0x65,0x68,0x61,0x76,0x69,0x6f,0x72,0x2e,
  0xd,0xa,0xd,0xa,0x20,0x20,0x20,0x20,0x20,0x20,0x20,0x20,0x2d,0x20,0x55,0x73,
  0x65,0x20,0x54,0x79,0x70,0x65,0x64,0x20,0x4c,0x69,0x73,0x74,0x20,0x50,0x72,0x6f,
  0x70,0x65,0x72,0x74,0x69,0x65,0x73,0x20,0x62,0x79,0x20,0x65,0x6e,0x73,0x75,0x72,
  0x69,0x6e,0x67,0x20,0x61,0x6e,0x79,0x20,0x6c,0x69,0x73,0x74,0x20,0x70,0x72,0x6f,
  0x70,0x65,0x72,0x74,0x69,0x65,0x73,0x20,0x61,0x72,0x65,0xd,0xa,0x20,0x20,0x20,
  0x20,0x20,0x20,0x20,0x20,0x20,0x20,0x64,0x65,0x63,0x6c,0x61,0x72,0x65,0x64,0x20,
  0x61,0x73,0x20,0x62,0x65,0x69,0x6e,0x67,0x20,0x61,0x62,0x6c,0x65,0x20,0x74,0x6f,
  0x20,0x63,0x6f,0x6e,0x74,0x61,0x69,0x6e,0x20,0x74,0x68,0x65,0x20,0x63,0x6f,0x72,
  0x72,0x65,0x63,0x74,0x20,0x74,0x79,0x70,0x65,0x73,0x20,0x6f,0x6e,0x6c,0x79,0x2e,
  0xd,0xa,0xd,0xa,0xd,0xa,0x20,0x20,0x20,0x20,0x51,0x4d,0x4c,0x20,0x4c,0x61,
  0x6e,0x67,0x75,0x61,0x67,0x65,0x20,0x46,0x65,0x61,0x74,0x75,0x72,0x65,0x73,0x3a,
  0x20,0x52,0x65,0x71,0x75,0x69,0x72,0x65,0x64,0x20,0x50,0x72,0x6f,0x70,0x65,0x72,
  0x74,0x69,0x65,0x73,0x2c,0x20,0x61,0x6e,0x64,0x20,0x4d,0x6f,0x72,0x65,0x20,0x68,
  0x61,0x73,0x20,0x34,0x20,0x69,0x73,0x73,0x75,0x65,0x73,0x3a,0xd,0xa,0xd,0xa,
  0x20,0x20,0x20,0x20,0x20,0x20,0x20,0x20,0x2d,0x20,0x55,0x73,0x65,0x20,0x52,0x65,
  0x71,0x75,0x69,0x72,0x65,0x64,0x20,0x50,0x72,0x6f,0x70,0x65,0x72,0x74,0x69,0x65,
  0x73,0x20,0x69,0x6e,0x20,0x43,0x6f,0x6d,0x70,0x6f,0x6e,0x65,0x6e,0x74,0x73,0x20,
  0x61,0x6e,0x64,0x20,0x44,0x65,0x6c,0x65,0x67,0x61,0x74,0x65,0x73,0x20,0x62,0x79,
  0x20,0x75,0x70,0x64,0x61,0x74,0x69,0x6e,0x67,0xd,0xa,0x20,0x20,0x20,0x20,0x20,
  0x20,0x20,0x20,0x20,0x20,0x75,0x6e,0x71,0x75,0x61,0x6c,0x69,0x66,0x69,0x65,0x64,
  0x20,0x75,0x73,0x65,0x73,0x20,0x6f,0x66,0x20,0x22,0x6d,0x6f,0x64,0x65,0x6c,0x22,
  0x20,0x77,0x69,0x74,0x68,0x20,0x74,0x68,0x65,0x20,0x63,0x6f,0x72,0x72,0x65,0x63,
  0x74,0x6c,0x79,0x20,0x74,0x79,0x70,0x65,0x64,0x20,0x72,0x65,0x71,0x75,0x69,0x72,
  0x65,0x64,0xd,0xa,0x20,0x20,0x20,0x20,0x20,0x20,0x20,0x20,0x20,0x20,0x70,0x72,
  0x6f,0x70,0x65,0x72,0x74,0x79,0x20,0x69,0x6e,0x73,0x74,0x65,0x61,0x64,0x2c,0x20,
  0x6d,0x61,0x6b,0x69,0x6e,0x67,0x20,0x61,0x6e,0x79,0x20,0x61,0x66,0x66,0x65,0x63,
  0x74,0x65,0x64,0x20,0x62,0x69,0x6e,0x64,0x69,0x6e,0x67,0x20,0x61,0x64,0x6a,0x75,
  0x73,0x74,0x6d,0x65,0x6e,0x74,0x73,0x2e,0xd,0xa,0xd,0xa,0x20,0x20,0x20,0x20,
  0x20,0x20,0x20,0x20,0x2d,0x20,0x44,0x6f,0x6e,0xe2,0x80,0x99,0x74,0x20,0x55,0x73,
  0x65,0x20,0x69,0x64,0x73,0x20,0x69,0x66,0x20,0x79,0x6f,0x75,0x20,0x64,0x6f,0x6e,
  0xe2,0x80,0x99,0x74,0x20,0x6e,0x65,0x65,0x64,0x20,0x74,0x68,0x65,0x6d,0x20,0x62,
  0x79,0x20,0x72,0x65,0x6d,0x6f,0x76,0x69,0x6e,0x67,0x20,0x61,0x6e,0x79,0x20,0x69,
  0x64,0x73,0x20,0x73,0x70,0x65,0x63,0x69,0x66,0x69,0x63,0x61,0x6c,0x6c,0x79,0xd,
  0xa,0x20,0x20,0x20,0x20,0x20,0x20,0x20,0x20,0x20,0x20,0x6f,0x6e,0x20,0x63,0x6f,
  0x6d,0x70,0x6f,0x6e,0x65,0x6e,0x74,0x73,0x20,0x62,0x6f,0x75,0x6e,0x64,0x20,0x74,
  0x6f,0x20,0x70,0x72,0x6f,0x70,0x65,0x72,0x74,0x69,0x65,0x73,0x20,0x69,0x6e,0x73,
  0x69,0x64,0x65,0x20,0x6f,0x74,0x68,0x65,0x72,0x20,0x63,0x6f,0x6d,0x70,0x6f,0x6e,
  0x65,0x6e,0x74,0x73,0x20,0x74,0x68,0x61,0x74,0xd,0xa,0x20,0x20,0x20,0x20,0x20,
  0x20,0x20,0x20,0x20,0x20,0x63,0x6f,0x75,0x6c,0x64,0x20,0x62,0x65,0x20,0x72,0x65,
  0x70,0x6c,0x61,0x63,0x65,0x64,0x20,0x66,0x72,0x6f,0x6d,0x20,0x6f,0x75,0x74,0x73,
  0x69,0x64,0x65,0x2e,0xd,0xa,0xd,0xa,0x20,0x20,0x20,0x20,0x20,0x20,0x20,0x20,
  0x2d,0x20,0x41,0x73,0x73,0x69,0x67,0x6e,0x20,0x6d,0x65,0x61,0x6e,0x69,0x6e,0x67,
  0x66,0x75,0x6c,0x20,0x6f,0x62,0x6a,0x65,0x63,0x74,0x4e,0x61,0x6d,0x65,0x73,0x20,
  0x76,0x61,0x6c,0x75,0x65,0x73,0x20,0x79,0x6f,0x75,0x72,0x20,0x51,0x4d,0x4c,0x20,
  0x6f,0x62,0x6a,0x65,0x63,0x74,0x73,0x20,0x77,0x68,0x65,0x72,0x65,0x20,0x79,0x6f,
  0x75,0x20,0x6e,0x65,0x65,0x64,0x20,0x74,0x68,0x65,0x6d,0x2c,0xd,0xa,0x20,0x20,
  0x20,0x20,0x20,0x20,0x20,0x20,0x20,0x20,0x6d,0x61,0x79,0x62,0x65,0x20,0x77,0x68,
  0x65,0x72,0x65,0x20,0x74,0x68,0x65,0x72,0x65,0x20,0x69,0x73,0x6e,0xe2,0x80,0x99,
  0x74,0x20,0x61,0x6e,0x20,0x69,0x64,0x20,0x66,0x6f,0x72,0x20,0x65,0x78,0x61,0x6d,
  0x70,0x6c,0x65,0x2c,0x20,0x62,0x75,0x74,0x20,0x77,0x68,0x65,0x72,0x65,0x20,0x79,
  0x6f,0x75,0x20,0x77,0x61,0x6e,0x74,0x20,0x74,0x6f,0x20,0x73,0x65,0x65,0xd,0xa,
  0x20,0x20,0x20,0x20,0x20,0x20,0x20,0x20,0x20,0x20,0x74,0x68,0x65,0x20,0x6f,0x62,
  0x6a,0x65,0x63,0x74,0x4e,0x61,0x6d,0x65,0x20,0x69,0x6e,0x20,0x64,0x65,0x62,0x75,
  0x67,0x20,0x76,0x69,0x65,0x77,0x73,0x20,0x6f,0x72,0x20,0x6f,0x75,0x74,0x70,0x75,
  0x74,0x2e,0x20,0x44,0x65,0x6c,0x65,0x67,0x61,0x74,0x65,0x73,0x20,0x69,0x6e,0x20,
  0x61,0x20,0x56,0x69,0x65,0x77,0x20,0x61,0x72,0x65,0xd,0xa,0x20,0x20,0x20,0x20,
  0x20,0x20,0x20,0x20,0x20,0x20,0x70,0x61,0x72,0x74,0x69,0x63,0x75,0x6c,0x61,0x72,
  0x6c,0x79,0x20,0x67,0x6f,0x6f,0x64,0x20,0x63,0x61,0x6e,0x64,0x69,0x64,0x61,0x74,
  0x65,0x73,0x20,0x66,0x6f,0x72,0x20,0x75,0x73,0x69,0x6e,0x67,0x20,0x73,0x74,0x72,
  0x69,0x6e,0x67,0x20,0x69,0x6e,0x74,0x65,0x72,0x70,0x6f,0x6c,0x61,0x74,0x69,0x6f,
  0x6e,0x20,0x74,0x6f,0x20,0x6d,0x61,0x6b,0x65,0xd,0xa,0x20,0x20,0x20,0x20,0x20,
  0x20,0x20,0x20,0x20,0x20,0x75,0x6e,0x69,0x71,0x75,0x65,0x20,0x6f,0x62,0x6a,0x65,
  0x63,0x74,0x4e,0x61,0x6d,0x65,0x73,0x20,0x66,0x72,0x6f,0x6d,0x20,0x74,0x68,0x65,
  0x20,0x6d,0x6f,0x64,0x65,0x6c,0x20,0x69,0x6e,0x64,0x65,0x78,0x2e,0xd,0xa,0xd,
  0xa,0x20,0x20,0x20,0x20,0x20,0x20,0x20,0x20,0x2d,0x20,0x55,0x73,0x65,0x20,0x53,
  0x74,0x72,0x69,0x6e,0x67,0x20,0x49,0x6e,0x74,0x65,0x72,0x70,0x6f,0x6c,0x61,0x74,
  0x69,0x6f,0x6e,0x20,0x69,0x6e,0x20,0x74,0x68,0x65,0x20,0x63,0x68,0x61,0x70,0x74,
  0x65,0x72,0x20,0x74,0x65,0x78,0x74,0x73,0x20,0x74,0x6f,0x20,0x75,0x73,0x65,0x20,
  0x74,0x65,0x6d,0x70,0x6c,0x61,0x74,0x65,0xd,0xa,0x20,0x20,0x20,0x20,0x20,0x20,
  0x20,0x20,0x20,0x20,0x6c,0x69,0x74,0x65,0x72,0x61,0x6c,0x73,0x20,0x28,0x62,0x61,
  0x63,0x6b,0x74,0x69,0x63,0x6b,0x73,0x29,0x20,0x69,0x6e,0x73,0x74,0x65,0x61,0x64,
  0x20,0x6f,0x66,0x20,0x64,0x6f,0x75,0x62,0x6c,0x65,0x20,0x71,0x75,0x6f,0x74,0x65,
  0x73,0x20,0x66,0x6f,0x72,0x20,0x62,0x65,0x74,0x74,0x65,0x72,0x20,0x69,0x6e,0x6c,
  0x69,0x6e,0x65,0xd,0xa,0x20,0x20,0x20,0x20,0x20,0x20,0x20,0x20,0x20,0x20,0x6e,
  0x65,0x77,0x6c,0x69,0x6e,0x65,0x20,0x72,0x65,0x70,0x72,0x65,0x73,0x65,0x6e,0x74,
  0x61,0x74,0x69,0x6f,0x6e,0x2e,0x20,0x52,0x65,0x70,0x6c,0x61,0x63,0x65,0x20,0x73,
  0x74,0x72,0x69,0x6e,0x67,0x20,0x63,0x6f,0x6e,0x63,0x61,0x74,0x65,0x6e,0x61,0x74,
  0x69,0x6f,0x6e,0x73,0x20,0x69,0x6e,0x20,0x62,0x69,0x6e,0x64,0x69,0x6e,0x67,0xd,
  0xa,0x20,0x20,0x20,0x20,0x20,0x20,0x20,0x20,0x20,0x20,0x65,0x78,0x70,0x72,0x65,
  0x73,0x73,0x69,0x6f,0x6e,0x73,0x20,0x77,0x69,0x74,0x68,0x20,0x73,0x74,0x72,0x69,
  0x6e,0x67,0x20,0x74,0x65,0x6d,0x70,0x6c,0x61,0x74,0x65,0x73,0x2e,0xd,0xa,0xd,
  0xa,0xd,0xa,0x20,0x20,0x20,0x20,0x51,0x4d,0x4c,0x20,0x4c,0x61,0x6e,0x67,0x75,
  0x61,0x67,0x65,0x20,0x46,0x65,0x61,0x74,0x75,0x72,0x65,0x73,0x3a,0x20,0x53,0x69,
  0x67,0x6e,0x61,0x6c,0x73,0x2c,0x20,0x53,0x74,0x61,0x74,0x65,0x73,0x2c,0x20,0x61,
  0x6e,0x64,0x20,0x4d,0x6f,0x72,0x65,0xd,0xa,0xd,0xa,0x20,0x20,0x20,0x20,0x20,
  0x20,0x20,0x20,0x2d,0x20,0x55,0x73,0x65,0x20,0x45,0x78,0x70,0x6c,0x69,0x63,0x69,
  0x74,0x20,0x55,0x52,0x4c,0x20,0x52,0x65,0x73,0x6f,0x6c,0x75,0x74,0x69,0x6f,0x6e,
  0x20,0x69,0x6e,0x20,0x61,0x6e,0x79,0x20,0x55,0x52,0x4c,0x20,0x70,0x72,0x6f,0x70,
  0x65,0x72,0x74,0x69,0x65,0x73,0x20,0x77,0x68,0x69,0x63,0x68,0xd,0xa,0x20,0x20,
  0x20,0x20,0x20,0x20,0x20,0x20,0x20,0x20,0x73,0x68,0x6f,0x75,0x6c,0x64,0x20,0x62,
  0x65,0x20,0x75,0x73,0x69,0x6e,0x67,0x20,0x51,0x74,0x2e,0x72,0x65,0x73,0x6f,0x6c,
  0x76,0x65,0x64,0x55,0x72,0x6c,0x28,0x29,0xd,0xa,0xd,0xa,0x20,0x20,0x20,0x20,
  0x20,0x20,0x20,0x20,0x2d,0x20,0x55,0x73,0x65,0x20,0x47,0x72,0x6f,0x75,0x70,0x20,
  0x50,0x72,0x6f,0x70,0x65,0x72,0x74,0x79,0x20,0x53,0x79,0x6e,0x74,0x61,0x78,0x20,
  0x69,0x6e,0x20,0x70,0x72,0x6f,0x70,0x65,0x72,0x74,0x69,0x65,0x73,0x20,0x77,0x68,
  0x69,0x63,0x68,0x20,0x63,0x6f,0x75,0x6c,0x64,0x20,0x62,0x65,0xd,0xa,0x20,0x20,
  0x20,0x20,0x20,0x20,0x20,0x20,0x20,0x20,0x62,0x65,0x74,0x74,0x65,0x72,0x20,0x65,
  0x78,0x70,0x72,0x65,0x73,0x73,0x65,0x64,0x20,0x77,0x69,0x74,0x68,0x20,0x67,0x72,
  0x6f,0x75,0x70,0x20,0x70,0x72,0x6f,0x70,0x65,0x72,0x74,0x79,0x20,0x73,0x79,0x6e,
  0x74,0x61,0x78,0xd,0xa,0xd,0xa,0x20,0x20,0x20,0x20,0x20,0x20,0x20,0x20,0x2d,
  0x20,0x43,0x6f,0x6e,0x6e,0x65,0x63,0x74,0x69,0x6f,0x6e,0x73,0x20,0x46,0x75,0x6e,
  0x63,0x74,0x69,0x6f,0x6e,0x20,0x53,0x79,0x6e,0x74,0x61,0x78,0x20,0x73,0x68,0x6f,
  0x75,0x6c,0x64,0x20,0x62,0x65,0x20,0x75,0x73,0x65,0x64,0x20,0x69,0x6e,0x73,0x74,
  0x65,0x61,0x64,0x20,0x6f,0x66,0xd,0xa,0x20,0x20,0x20,0x20,0x20,0x20,0x20,0x20,
  0x20,0x20,0x73,0x69,0x67,0x6e,0x61,0x6c,0x20,0x68,0x61,0x6e,0x64,0x6c,0x65,0x72,
  0x73,0x20,0x77,0x68,0x65,0x6e,0x20,0x70,0x6f,0x73,0x73,0x69,0x62,0x6c,0x65,0x2e,
  0xd,0xa,0xd,0xa,0x20,0x20,0x20,0x20,0x20,0x20,0x20,0x20,0x2d,0x20,0x50,0x72,
  0x65,0x66,0x65,0x72,0x20,0x55,0x49,0x20,0x49,0x6e,0x74,0x65,0x72,0x61,0x63,0x74,
  0x69,0x6f,0x6e,0x20,0x53,0x69,0x67,0x6e,0x61,0x6c,0x73,0x20,0x4f,0x76,0x65,0x72,
  0x20,0x43,0x68,0x61,0x6e,0x67,0x65,0x64,0x20,0x53,0x69,0x67,0x6e,0x61,0x6c,0x73,
  0x20,0x62,0x79,0xd,0xa,0x20,0x20,0x20,0x20,0x20,0x20,0x20,0x20,0x20,0x20,0x72,
  0x65,0x66,0x61,0x63,0x74,0x6f,0x72,0x69,0x6e,0x67,0x20,0x51,0x4d,0x4c,0x20,0x73,
  0x69,0x67,0x6e,0x61,0x6c,0x20,0x68,0x61,0x6e,0x64,0x6c,0x65,0x72,0x73,0x20,0x74,
  0x6f,0x20,0x75,0x73,0x65,0x20,0x55,0x49,0x20,0x69,0x6e,0x74,0x65,0x72,0x61,0x63,
  0x74,0x69,0x6f,0x6e,0x20,0x73,0x69,0x67,0x6e,0x61,0x6c,0x73,0xd,0xa,0x20,0x20,
  0x20,0x20,0x20,0x20,0x20,0x20,0x20,0x20,0x69,0x6e,0x73,0x74,0x65,0x61,0x64,0x20,
  0x6f,0x66,0x20,0x76,0x69,0x73,0x75,0x61,0x6c,0x20,0x70,0x72,0x6f,0x70,0x65,0x72,
  0x74,0x79,0x20,0x63,0x68,0x61,0x6e,0x67,0x65,0x20,0x73,0x69,0x67,0x6e,0x61,0x6c,
  0x73,0x2e,0xd,0xa,0xd,0xa,0x20,0x20,0x20,0x20,0xe2,0x80,0x8b,0xe2,0x80,0x8b,
  0x51,0x4d,0x4c,0x20,0x4c,0x61,0x6e,0x67,0x75,0x61,0x67,0x65,0x20,0x46,0x65,0x61,
  0x74,0x75,0x72,0x65,0x73,0x3a,0x20,0x53,0x74,0x79,0x6c,0x69,0x6e,0x67,0x20,0x61,
  0x6e,0x64,0x20,0x50,0x72,0x6f,0x70,0x65,0x72,0x74,0x69,0x65,0x73,0xd,0xa,0xd,
  0xa,0x20,0x20,0x20,0x20,0x20,0x20,0x20,0x20,0x2d,0x20,0x55,0x73,0x65,0x20,0x43,
  0x6f,0x6d,0x70,0x69,0x6c,0x65,0x2d,0x54,0x69,0x6d,0x65,0x20,0x53,0x74,0x79,0x6c,
  0x65,0x20,0x53,0x65,0x6c,0x65,0x63,0x74,0x69,0x6f,0x6e,0x20,0x62,0x79,0x20,0x61,
  0x70,0x70,0x65,0x6e,0x64,0x69,0x6e,0x67,0x20,0x61,0x20,0x6e,0x61,0x6d,0x65,0x64,
  0x20,0x73,0x74,0x79,0x6c,0x65,0xd,0xa,0x20,0x20,0x20,0x20,0x20,0x20,0x20,0x20,
  0x20,0x20,0x61,0x6e,0x79,0x20,0x74,0x69,0x6d,0x65,0x20,0x79,0x6f,0x75,0x20,0x69,
  0x6d,0x70,0x6f,0x72,0x74,0x20,0x51,0x74,0x51,0x75,0x69,0x63,0x6b,0x2e,0x43,0x6f,
  0x6e,0x74,0x72,0x6f,0x6c,0x73,0xd,0xa,0xd,0xa,0x20,0x20,0x20,0x20,0x20,0x20,
  0x20,0x20,0x2d,0x20,0x41,0x76,0x6f,0x69,0x64,0x20,0x53,0x68,0x61,0x64,0x6f,0x77,
  0x69,0x6e,0x67,0x20,0x50,0x72,0x6f,0x70,0x65,0x72,0x74,0x69,0x65,0x73,0x20,0x62,
  0x79,0x20,0x66,0x69,0x78,0x69,0x6e,0x67,0x20,0x74,0x68,0x65,0x20,0x43,0x68,0x61,
  0x70,0x74,0x65,0x72,0x20,0x68,0x65,0x61,0x64,0x65,0x72,0x20,0x74,0x6f,0x20,0x6d,
  0x61,0x6b,0x65,0xd,0xa,0x20,0x20,0x20,0x20,0x20,0x20,0x20,0x20,0x20,0x20,0x69,
  0x74,0x73,0x20,0x70,0x72,0x6f,0x70,0x65,0x72,0x74,0x69,0x65,0x73,0x20,0x46,0x49,
  0x4e,0x41,0x4c,0x20,0x74,0x6f,0x20,0x72,0x65,0x6d,0x6f,0x76,0x65,0x20,0x74,0x68,
  0x65,0x20,0x70,0x72,0x6f,0x70,0x65,0x72,0x74,0x79,0x20,0x73,0x68,0x61,0x64,0x6f,
  0x77,0x6e,0x67,0x20,0x70,0x6f,0x74,0x65,0x6e,0x74,0x69,0x61,0x6c,0x2e,0xd,0xa,
  0xd,0xa,0x20,0x20,0x20,0x20,0x55,0x6e,0x71,0x75,0x61,0x6c,0x69,0x66,0x69,0x65,
  0x64,0x20,0x41,0x63,0x63,0x65,0x73,0x73,0xd,0xa,0xd,0xa,0x20,0x20,0x20,0x20,
  0x20,0x20,0x20,0x20,0x2d,0x20,0x41,0x76,0x6f,0x69,0x64,0x20,0x49,0x6d,0x70,0x6c,
  0x69,0x63,0x69,0x74,0x20,0x4c,0x6f,0x6f,0x6b,0x75,0x70,0x20,0x69,0x6e,0x20,0x74,
  0x68,0x65,0x20,0x52,0x6f,0x6f,0x74,0x20,0x53,0x63,0x6f,0x70,0x65,0x20,0x62,0x79,
  0x20,0x61,0x64,0x64,0x69,0x6e,0x67,0x20,0x74,0x68,0x65,0x20,0x63,0x6f,0x72,0x72,
  0x65,0x63,0x74,0xd,0xa,0x20,0x20,0x20,0x20,0x20,0x20,0x20,0x20,0x20,0x20,0x69,
  0x64,0x20,0x71,0x75,0x61,0x6c,0x69,0x66,0x69,0x63,0x61,0x74,0x69,0x6f,0x6e,0x73,
  0x20,0x6f,0x6e,0x20,0x70,0x72,0x6f,0x70,0x65,0x72,0x74,0x69,0x65,0x73,0x20,0x69,
  0x6e,0x20,0x63,0x68,0x69,0x6c,0x64,0x20,0x69,0x74,0x65,0x6d,0x73,0x20,0x77,0x68,
  0x69,0x63,0x68,0x20,0x62,0x69,0x6e,0x64,0x20,0x74,0x6f,0xd,0xa,0x20,0x20,0x20,
  0x20,0x20,0x20,0x20,0x20,0x20,0x20,0x70,0x72,0x6f,0x70,0x65,0x72,0x74,0x69,0x65,
  0x73,0x20,0x6f,0x66,0x20,0x74,0x68,0x65,0x20,0x51,0x4d,0x4c,0x20,0x64,0x6f,0x63,
  0x75,0x6d,0x65,0x6e,0x74,0x2e,0xd,0xa,0xd,0xa,0x20,0x20,0x20,0x20,0x20,0x20,
  0x20,0x20,0x2d,0x20,0x41,0x76,0x6f,0x69,0x64,0x20,0x52,0x65,0x66,0x65,0x72,0x65,
  0x6e,0x63,0x69,0x6e,0x67,0x20,0x4f,0x62,0x6a,0x65,0x63,0x74,0x73,0x20,0x4f,0x75,
  0x74,0x73,0x69,0x64,0x65,0x20,0x74,0x68,0x65,0x20,0x43,0x6f,0x6d,0x70,0x6f,0x6e,
  0x65,0x6e,0x74,0x20,0x62,0x79,0x20,0x66,0x69,0x78,0x69,0x6e,0x67,0x20,0x74,0x68,
  0x65,0xd,0xa,0x20,0x20,0x20,0x20,0x20,0x20,0x20,0x20,0x20,0x20,0x65,0x78,0x74,
  0x65,0x72,0x6e,0x61,0x6c,0x20,0x61,0x63,0x63,0x65,0x73,0x73,0x20,0x74,0x6f,0x20,
  0x74,0x68,0x65,0x20,0x64,0x72,0x61,0x77,0x65,0x72,0x20,0x69,0x6e,0x73,0x69,0x64,
  0x65,0x20,0x74,0x68,0x65,0x20,0x53,0x65,0x74,0x74,0x69,0x6e,0x67,0x73,0x42,0x75,
  0x74,0x74,0x6f,0x6e,0x20,0x77,0x68,0x65,0x72,0x65,0xd,0xa,0x20,0x20,0x20,0x20,
  0x20,0x20,0x20,0x20,0x20,0x20,0x69,0x74,0x73,0x20,0x69,0x64,0x20,0x69,0x73,0x20,
  0x6e,0x6f,0x74,0x20,0x61,0x76,0x61,0x69,0x6c,0x61,0x62,0x6c,0x65,0x20,0x62,0x79,
  0x20,0x65,0x6d,0x69,0x74,0x74,0x69,0x6e,0x67,0x20,0x61,0x20,0x73,0x69,0x67,0x6e,
  0x61,0x6c,0x20,0x66,0x6f,0x72,0x20,0x68,0x61,0x6e,0x64,0x6c,0x69,0x6e,0x67,0x20,
  0x65,0x78,0x74,0x65,0x72,0x6e,0x61,0x6c,0x6c,0x79,0x2e,0xd,0xa,0xd,0xa,0x20,
  0x20,0x20,0x20,0x20,0x20,0x20,0x20,0x2d,0x20,0x41,0x76,0x6f,0x69,0x64,0x20,0x55,
  0x73,0x69,0x6e,0x67,0x20,0x70,0x61,0x72,0x65,0x6e,0x74,0x20,0x66,0x6f,0x72,0x20,
  0x50,0x72,0x6f,0x70,0x65,0x72,0x74,0x79,0x20,0x51,0x75,0x61,0x6c,0x69,0x66,0x69,
  0x63,0x61,0x74,0x69,0x6f,0x6e,0x20,0x62,0x79,0x20,0x75,0x73,0x69,0x6e,0x67,0x20,
  0x61,0x20,0x71,0x75,0x61,0x6c,0x69,0x66,0x69,0x65,0x64,0xd,0xa,0x20,0x20,0x20,
  0x20,0x20,0x20,0x20,0x20,0x20,0x20,0x69,0x64,0x20,0x72,0x61,0x74,0x68,0x65,0x72,
  0x20,0x74,0x68,0x61,0x6e,0x20,0x75,0x73,0x69,0x6e,0x67,0x20,0xe2,0x80,0x9c,0x70,
  0x61,0x72,0x65,0x6e,0x74,0xe2,0x80,0x9d,0x20,0x69,0x6e,0x20,0x61,0x6e,0x79,0x20,
  0x70,0x72,0x6f,0x70,0x65,0x72,0x74,0x79,0x20,0x62,0x69,0x6e,0x64,0x69,0x6e,0x67,
  0x20,0x65,0x78,0x70,0x72,0x65,0x73,0x73,0x69,0x6f,0x6e,0x73,0xd,0xa,0x20,0x20,
  0x20,0x20,0x20,0x20,0x20,0x20,0x20,0x20,0x6f,0x74,0x68,0x65,0x72,0x20,0x74,0x68,
  0x61,0x6e,0x20,0x61,0x6e,0x63,0x68,0x6f,0x72,0x73,0x2e,0xd,0xa,0xd,0xa,0xd,
  0xa,0x20,0x20,0x20,0x20,0x51,0x4d,0x4c,0x20,0x61,0x6e,0x64,0x20,0x4a,0x61,0x76,
  0x61,0x53,0x63,0x72,0x69,0x70,0x74,0xd,0xa,0xd,0xa,0x20,0x20,0x20,0x20,0x20,
  0x20,0x20,0x20,0x2d,0x20,0x55,0x73,0x65,0x20,0x54,0x79,0x70,0x65,0x20,0x41,0x6e,
  0x6e,0x6f,0x74,0x61,0x74,0x69,0x6f,0x6e,0x73,0x20,0x6f,0x6e,0x20,0x46,0x75,0x6e,
  0x63,0x74,0x69,0x6f,0x6e,0x73,0x20,0x77,0x68,0x69,0x63,0x68,0x20,0x64,0x6f,0x6e,
  0xe2,0x80,0x99,0x74,0x20,0x73,0x70,0x65,0x63,0x69,0x66,0x79,0x20,0x61,0x6e,0x79,
  0xd,0xa,0x20,0x20,0x20,0x20,0x20,0x20,0x20,0x20,0x20,0x20,0x74,0x79,0x70,0x65,
  0x73,0x20,0x66,0x6f,0x72,0x20,0x69,0x74,0x73,0x20,0x70,0x61,0x72,0x61,0x6d,0x65,
  0x74,0x65,0x72,0x73,0x20,0x6f,0x72,0x20,0x72,0x65,0x74,0x75,0x72,0x6e,0x20,0x76,
  0x61,0x6c,0x75,0x65,0x73,0x2e,0xd,0xa,0xd,0xa,0x20,0x20,0x20,0x20,0x2a,0x2f,
  0xd,0xa,0xd,0xa,0x20,0x20,0x20,0x20,0x68,0x65,0x69,0x67,0x68,0x74,0x3a,0x20,
  0x36,0x30,0x30,0xd,0xa,0x20,0x20,0x20,0x20,0x77,0x69,0x64,0x74,0x68,0x3a,0x20,
  0x38,0x30,0x30,0xd,0xa,0x20,0x20,0x20,0x20,0x76,0x69,0x73,0x69,0x62,0x6c,0x65,
  0x3a,0x20,0x74,0x72,0x75,0x65,0xd,0xa,0x20,0x20,0x20,0x20,0x74,0x69,0x74,0x6c,
  0x65,0x3a,0x20,0x71,0x73,0x54,0x72,0x28,0x22,0x51,0x4d,0x4c,0x20,0x42,0x65,0x73,
  0x74,0x20,0x50,0x72,0x61,0x63,0x74,0x69,0x63,0x65,0x22,0x29,0xd,0xa,0xd,0xa,
  0x20,0x20,0x20,0x20,0x70,0x61,0x6c,0x65,0x74,0x74,0x65,0x20,0x7b,0xd,0xa,0x20,
  0x20,0x20,0x20,0x20,0x20,0x20,0x20,0x64,0x61,0x72,0x6b,0x3a,0x20,0x54,0x68,0x65,
  0x6d,0x65,0x2e,0x66,0x6f,0x72,0x65,0x67,0x72,0x6f,0x75,0x6e,0x64,0xd,0xa,0x20,
  0x20,0x20,0x20,0x20,0x20,0x20,0x20,0x77,0x69,0x6e,0x64,0x6f,0x77,0x3a,0x20,0x54,
  0x68,0x65,0x6d,0x65,0x2e,0x62,0x61,0x63,0x6b,0x67,0x72,0x6f,0x75,0x6e,0x64,0xd,
  0xa,0x20,0x20,0x20,0x20,0x20,0x20,0x20,0x20,0x77,0x69,0x6e,0x64,0x6f,0x77,0x54,
  0x65,0x78,0x74,0x3a,0x20,0x54,0x68,0x65,0x6d,0x65,0x2e,0x66,0x6f,0x72,0x65,0x67,
  0x72,0x6f,0x75,0x6e,0x64,0xd,0xa,0x20,0x20,0x20,0x20,0x7d,0xd,0xa,0xd,0xa,
  0x20,0x20,0x20,0x20,0x2f,0x2f,0x20,0x4e,0x6f,0x74,0x65,0x20,0x74,0x68,0x61,0x74,
  0x20,0x73,0x6f,0x6d,0x65,0x20,0x6f,0x66,0x20,0x74,0x68,0x65,0x20,0x51,0x74,0x20,
  0x51,0x75,0x69,0x63,0x6b,0x20,0x43,0x6f,0x6e,0x74,0x72,0x6f,0x6c,0x73,0x20,0x6d,
  0x61,0x79,0x20,0x6e,0x6f,0x74,0xd,0xa,0x20,0x20,0x20,0x20,0x2f,0x2f,0x20,0x64,
  0x69,0x73,0x70,0x6c,0x61,0x79,0x20,0x63,0x6f,0x72,0x72,0x65,0x63,0x74,0x6c,0x79,
  0x20,0x69,0x6e,0x20,0x4c,0x69,0x67,0x68,0x74,0x20,0x6f,0x72,0x20,0x44,0x61,0x72,
  0x6b,0x20,0x6d,0x6f,0x64,0x65,0x20,0x64,0x65,0x70,0x65,0x6e,0x64,0x69,0x6e,0x67,
  0xd,0xa,0x20,0x20,0x20,0x20,0x2f,0x2f,0x20,0x6f,0x6e,0x20,0x79,0x6f,0x75,0x72,
  0x20,0x70,0x6c,0x61,0x74,0x66,0x6f,0x72,0x6d,0x2e,0x20,0x54,0x68,0x69,0x73,0x20,
  0x69,0x73,0x20,0x62,0x65,0x63,0x61,0x75,0x73,0x65,0x20,0x74,0x68,0x65,0xd,0xa,
  0x20,0x20,0x20,0x20,0x2f,0x2f,0x20,0x72,0x75,0x6e,0x2d,0x74,0x69,0x6d,0x65,0x20,
  0x73,0x74,0x79,0x6c,0x65,0x20,0x73,0x65,0x6c,0x65,0x63,0x74,0x69,0x6f,0x6e,0x20,
  0x28,0x69,0x6d,0x70,0x6f,0x72,0x74,0x20,0x51,0x74,0x51,0x75,0x69,0x63,0x6b,0x2e,
  0x43,0x6f,0x6e,0x74,0x72,0x6f,0x6c,0x73,0x29,0xd,0xa,0x20,0x20,0x20,0x20,0x2f,
  0x2f,0x20,0x68,0x61,0x73,0x20,0x63,0x68,0x6f,0x73,0x65,0x6e,0x20,0x61,0x20,0x70,
  0x6c,0x61,0x74,0x66,0x6f,0x72,0x6d,0x20,0x64,0x65,0x66,0x61,0x75,0x6c,0x74,0x20,
  0x73,0x74,0x79,0x6c,0x65,0x20,0x66,0x6f,0x72,0x20,0x77,0x68,0x69,0x63,0x68,0x20,
  0x74,0x68,0x65,0xd,0xa,0x20,0x20,0x20,0x20,0x2f,0x2f,0x20,0x41,0x70,0x70,0x6c,
  0x69,0x63,0x61,0x74,0x69,0x6f,0x6e,0x57,0x69,0x6e,0x64,0x6f,0x77,0x27,0x73,0x20,
  0x70,0x61,0x6c,0x65,0x74,0x74,0x65,0x20,0x63,0x6f,0x6c,0x6f,0x72,0x20,0x72,0x6f,
  0x6c,0x65,0x73,0x20,0x61,0x62,0x6f,0x76,0x65,0xd,0xa,0x20,0x20,0x20,0x20,0x2f,
  0x2f,0x20,0x77,0x69,0x6c,0x6c,0x20,0x68,0x61,0x76,0x65,0x20,0x6e,0x6f,0x20,0x65,
  0x66,0x66,0x65,0x63,0x74,0x2e,0xd,0xa,0xd,0xa,0x20,0x20,0x20,0x20,0x68,0x65,
  0x61,0x64,0x65,0x72,0x3a,0x20,0x52,0x6f,0x77,0x4c,0x61,0x79,0x6f,0x75,0x74,0x20,
  0x7b,0xd,0xa,0x20,0x20,0x20,0x20,0x20,0x20,0x20,0x20,0x73,0x70,0x61,0x63,0x69,
  0x6e,0x67,0x3a,0x20,0x33,0x32,0xd,0xa,0xd,0xa,0x20,0x20,0x20,0x20,0x20,0x20,
  0x20,0x20,0x53,0x65,0x74,0x74,0x69,0x6e,0x67,0x73,0x42,0x75,0x74,0x74,0x6f,0x6e,
  0x20,0x7b,0xd,0xa,0x20,0x20,0x20,0x20,0x20,0x20,0x20,0x20,0x20,0x20,0x20,0x20,
  0x69,0x64,0x3a,0x20,0x73,0x65,0x74,0x74,0x69,0x6e,0x67,0x73,0x42,0x75,0x74,0x74,
  0x6f,0x6e,0xd,0xa,0xd,0xa,0x20,0x20,0x20,0x20,0x20,0x20,0x20,0x20,0x20,0x20,
  0x20,0x20,0x4c,0x61,0x79,0x6f,0x75,0x74,0x2e,0x6c,0x65,0x66,0x74,0x4d,0x61,0x72,
  0x67,0x69,0x6e,0x3a,0x20,0x38,0xd,0xa,0x20,0x20,0x20,0x20,0x20,0x20,0x20,0x20,
  0x7d,0xd,0xa,0xd,0xa,0x20,0x20,0x20,0x20,0x20,0x20,0x20,0x20,0x4c,0x61,0x62,
  0x65,0x6c,0x20,0x7b,0xd,0xa,0x20,0x20,0x20,0x20,0x20,0x20,0x20,0x20,0x20,0x20,
  0x20,0x20,0x69,0x64,0x3a,0x20,0x62,0x6f,0x6f,0x6b,0x54,0x69,0x74,0x6c,0x65,0xd,
  0xa,0xd,0xa,0x20,0x20,0x20,0x20,0x20,0x20,0x20,0x20,0x20,0x20,0x20,0x20,0x66,
  0x6f,0x6e,0x74,0x3a,0x20,0x54,0x68,0x65,0x6d,0x65,0x2e,0x74,0x69,0x74,0x6c,0x65,
  0xd,0xa,0x20,0x20,0x20,0x20,0x20,0x20,0x20,0x20,0x20,0x20,0x20,0x20,0x74,0x65,
  0x78,0x74,0x3a,0x20,0x67,0x72,0x65,0x61,0x74,0x4e,0x69,0x67,0x68,0x74,0x49,0x6e,
  0x2e,0x74,0x69,0x74,0x6c,0x65,0xd,0xa,0xd,0xa,0x20,0x20,0x20,0x20,0x20,0x20,
  0x20,0x20,0x20,0x20,0x20,0x20,0x4c,0x61,0x79,0x6f,0x75,0x74,0x2e,0x66,0x69,0x6c,
  0x6c,0x57,0x69,0x64,0x74,0x68,0x3a,0x20,0x74,0x72,0x75,0x65,0xd,0xa,0x20,0x20,
  0x20,0x20,0x20,0x20,0x20,0x20,0x7d,0xd,0xa,0xd,0xa,0x20,0x20,0x20,0x20,0x20,
  0x20,0x20,0x20,0x46,0x6f,0x6e,0x74,0x53,0x69,0x7a,0x65,0x53,0x6c,0x69,0x64,0x65,
  0x72,0x20,0x7b,0xd,0xa,0x20,0x20,0x20,0x20,0x20,0x20,0x20,0x20,0x20,0x20,0x20,
  0x20,0x69,0x64,0x3a,0x20,0x66,0x6f,0x6e,0x74,0x53,0x69,0x7a,0x65,0x53,0x6c,0x69,
  0x64,0x65,0x72,0xd,0xa,0x20,0x20,0x20,0x20,0x20,0x20,0x20,0x20,0x7d,0xd,0xa,
  0xd,0xa,0x20,0x20,0x20,0x20,0x20,0x20,0x20,0x20,0x44,0x61,0x72,0x6b,0x4d,0x6f,
  0x64,0x65,0x53,0x77,0x69,0x74,0x63,0x68,0x20,0x7b,0xd,0xa,0x20,0x20,0x20,0x20,
  0x20,0x20,0x20,0x20,0x20,0x20,0x20,0x20,0x69,0x64,0x3a,0x20,0x64,0x61,0x72,0x6b,
  0x4d,0x6f,0x64,0x65,0x53,0x77,0x69,0x74,0x63,0x68,0xd,0xa,0xd,0xa,0x20,0x20,
  0x20,0x20,0x20,0x20,0x20,0x20,0x20,0x20,0x20,0x20,0x4c,0x61,0x79,0x6f,0x75,0x74,
  0x2e,0x72,0x69,0x67,0x68,0x74,0x4d,0x61,0x72,0x67,0x69,0x6e,0x3a,0x20,0x38,0xd,
  0xa,0x20,0x20,0x20,0x20,0x20,0x20,0x20,0x20,0x7d,0xd,0xa,0x20,0x20,0x20,0x20,
  0x7d,0xd,0xa,0xd,0xa,0x20,0x20,0x20,0x20,0x66,0x6f,0x6f,0x74,0x65,0x72,0x3a,
  0x20,0x52,0x6f,0x77,0x4c,0x61,0x79,0x6f,0x75,0x74,0x20,0x7b,0xd,0xa,0xd,0xa,
  0x20,0x20,0x20,0x20,0x20,0x20,0x20,0x20,0x42,0x75,0x74,0x74,0x6f,0x6e,0x20,0x7b,
  0xd,0xa,0x20,0x20,0x20,0x20,0x20,0x20,0x20,0x20,0x20,0x20,0x20,0x20,0x69,0x64,
  0x3a,0x20,0x70,0x72,0x65,0x76,0x69,0x6f,0x75,0x73,0x42,0x75,0x74,0x74,0x6f,0x6e,
  0xd,0xa,0xd,0xa,0x20,0x20,0x20,0x20,0x20,0x20,0x20,0x20,0x20,0x20,0x20,0x20,
  0x65,0x6e,0x61,0x62,0x6c,0x65,0x64,0x3a,0x20,0x73,0x77,0x69,0x70,0x65,0x56,0x69,
  0x65,0x77,0x2e,0x63,0x75,0x72,0x72,0x65,0x6e,0x74,0x49,0x6e,0x64,0x65,0x78,0x20,
  0x3e,0x20,0x30,0xd,0xa,0x20,0x20,0x20,0x20,0x20,0x20,0x20,0x20,0x20,0x20,0x20,
  0x20,0x66,0x6c,0x61,0x74,0x3a,0x20,0x74,0x72,0x75,0x65,0xd,0xa,0x20,0x20,0x20,
  0x20,0x20,0x20,0x20,0x20,0x20,0x20,0x20,0x20,0x74,0x65,0x78,0x74,0x3a,0x20,0x71,
  0x73,0x54,0x72,0x28,0x22,0x3c,0x20,0x50,0x72,0x65,0x76,0x69,0x6f,0x75,0x73,0x22,
  0x29,0xd,0xa,0xd,0xa,0x20,0x20,0x20,0x20,0x20,0x20,0x20,0x20,0x20,0x20,0x20,
  0x20,0x4c,0x61,0x79,0x6f,0x75,0x74,0x2e,0x61,0x6c,0x69,0x67,0x6e,0x6d,0x65,0x6e,
  0x74,0x3a,0x20,0x51,0x74,0x2e,0x41,0x6c,0x69,0x67,0x6e,0x4c,0x65,0x66,0x74,0xd,
  0xa,0xd,0xa,0x20,0x20,0x20,0x20,0x20,0x20,0x20,0x20,0x20,0x20,0x20,0x20,0x6f,
  0x6e,0x43,0x6c,0x69,0x63,0x6b,0x65,0x64,0x3a,0x20,0x73,0x77,0x69,0x70,0x65,0x56,
  0x69,0x65,0x77,0x2e,0x64,0x65,0x63,0x72,0x65,0x6d,0x65,0x6e,0x74,0x43,0x75,0x72,
  0x72,0x65,0x6e,0x74,0x49,0x6e,0x64,0x65,0x78,0x28,0x29,0xd,0xa,0x20,0x20,0x20,
  0x20,0x20,0x20,0x20,0x20,0x7d,0xd,0xa,0xd,0xa,0x20,0x20,0x20,0x20,0x20,0x20,
  0x20,0x20,0x50,0x61,0x67,0x65,0x49,0x6e,0x64,0x69,0x63,0x61,0x74,0x6f,0x72,0x20,
  0x7b,0xd,0xa,0x20,0x20,0x20,0x20,0x20,0x20,0x20,0x20,0x20,0x20,0x20,0x20,0x69,
  0x64,0x3a,0x20,0x70,0x61,0x67,0x65,0x49,0x6e,0x64,0x69,0x63,0x61,0x74,0x6f,0x72,
  0xd,0xa,0xd,0xa,0x20,0x20,0x20,0x20,0x20,0x20,0x20,0x20,0x20,0x20,0x20,0x20,
  0x63,0x6f,0x75,0x6e,0x74,0x3a,0x20,0x73,0x77,0x69,0x70,0x65,0x56,0x69,0x65,0x77,
  0x2e,0x63,0x6f,0x75,0x6e,0x74,0xd,0xa,0x20,0x20,0x20,0x20,0x20,0x20,0x20,0x20,
  0x20,0x20,0x20,0x20,0x63,0x75,0x72,0x72,0x65,0x6e,0x74,0x49,0x6e,0x64,0x65,0x78,
  0x3a,0x20,0x73,0x77,0x69,0x70,0x65,0x56,0x69,0x65,0x77,0x2e,0x63,0x75,0x72,0x72,
  0x65,0x6e,0x74,0x49,0x6e,0x64,0x65,0x78,0xd,0xa,0xd,0xa,0x20,0x20,0x20,0x20,
  0x20,0x20,0x20,0x20,0x20,0x20,0x20,0x20,0x4c,0x61,0x79,0x6f,0x75,0x74,0x2e,0x61,
  0x6c,0x69,0x67,0x6e,0x6d,0x65,0x6e,0x74,0x3a,0x20,0x51,0x74,0x2e,0x41,0x6c,0x69,
  0x67,0x6e,0x48,0x43,0x65,0x6e,0x74,0x65,0x72,0xd,0xa,0x20,0x20,0x20,0x20,0x20,
  0x20,0x20,0x20,0x7d,0xd,0xa,0xd,0xa,0x20,0x20,0x20,0x20,0x20,0x20,0x20,0x20,
  0x42,0x75,0x74,0x74,0x6f,0x6e,0x20,0x7b,0xd,0xa,0x20,0x20,0x20,0x20,0x20,0x20,
  0x20,0x20,0x20,0x20,0x20,0x20,0x69,0x64,0x3a,0x20,0x6e,0x65,0x78,0x74,0x42,0x75,
  0x74,0x74,0x6f,0x6e,0xd,0xa,0xd,0xa,0x20,0x20,0x20,0x20,0x20,0x20,0x20,0x20,
  0x20,0x20,0x20,0x20,0x65,0x6e,0x61,0x62,0x6c,0x65,0x64,0x3a,0x20,0x73,0x77,0x69,
  0x70,0x65,0x56,0x69,0x65,0x77,0x2e,0x63,0x75,0x72,0x72,0x65,0x6e,0x74,0x49,0x6e,
  0x64,0x65,0x78,0x20,0x3c,0x20,0x73,0x77,0x69,0x70,0x65,0x56,0x69,0x65,0x77,0x2e,
  0x63,0x6f,0x75,0x6e,0x74,0x20,0x2d,0x20,0x31,0xd,0xa,0x20,0x20,0x20,0x20,0x20,
  0x20,0x20,0x20,0x20,0x20,0x20,0x20,0x66,0x6c,0x61,0x74,0x3a,0x20,0x74,0x72,0x75,
  0x65,0xd,0xa,0x20,0x20,0x20,0x20,0x20,0x20,0x20,0x20,0x20,0x20,0x20,0x20,0x74,
  0x65,0x78,0x74,0x3a,0x20,0x71,0x73,0x54,0x72,0x28,0x22,0x4e,0x65,0x78,0x74,0x20,
  0x3e,0x22,0x29,0xd,0xa,0xd,0xa,0x20,0x20,0x20,0x20,0x20,0x20,0x20,0x20,0x20,
  0x20,0x20,0x20,0x4c,0x61,0x79,0x6f,0x75,0x74,0x2e,0x61,0x6c,0x69,0x67,0x6e,0x6d,
  0x65,0x6e,0x74,0x3a,0x20,0x51,0x74,0x2e,0x41,0x6c,0x69,0x67,0x6e,0x52,0x69,0x67,
  0x68,0x74,0xd,0xa,0xd,0xa,0x20,0x20,0x20,0x20,0x20,0x20,0x20,0x20,0x20,0x20,
  0x20,0x20,0x6f,0x6e,0x43,0x6c,0x69,0x63,0x6b,0x65,0x64,0x3a,0x20,0x73,0x77,0x69,
  0x70,0x65,0x56,0x69,0x65,0x77,0x2e,0x69,0x6e,0x63,0x72,0x65,0x6d,0x65,0x6e,0x74,
  0x43,0x75,0x72,0x72,0x65,0x6e,0x74,0x49,0x6e,0x64,0x65,0x78,0x28,0x29,0xd,0xa,
  0x20,0x20,0x20,0x20,0x20,0x20,0x20,0x20,0x7d,0xd,0xa,0x20,0x20,0x20,0x20,0x7d,
  0xd,0xa,0xd,0xa,0x20,0x20,0x20,0x20,0x62,0x61,0x63,0x6b,0x67,0x72,0x6f,0x75,
  0x6e,0x64,0x3a,0x20,0x52,0x65,0x63,0x74,0x61,0x6e,0x67,0x6c,0x65,0x20,0x7b,0xd,
  0xa,0x20,0x20,0x20,0x20,0x20,0x20,0x20,0x20,0x63,0x6f,0x6c,0x6f,0x72,0x3a,0x20,
  0x54,0x68,0x65,0x6d,0x65,0x2e,0x62,0x61,0x63,0x6b,0x67,0x72,0x6f,0x75,0x6e,0x64,
  0xd,0xa,0x20,0x20,0x20,0x20,0x7d,0xd,0xa,0xd,0xa,0x20,0x20,0x20,0x20,0x47,
  0x72,0x65,0x61,0x74,0x4e,0x69,0x67,0x68,0x74,0x49,0x6e,0x20,0x7b,0xd,0xa,0x20,
  0x20,0x20,0x20,0x20,0x20,0x20,0x20,0x69,0x64,0x3a,0x20,0x67,0x72,0x65,0x61,0x74,
  0x4e,0x69,0x67,0x68,0x74,0x49,0x6e,0xd,0xa,0x20,0x20,0x20,0x20,0x7d,0xd,0xa,
  0xd,0xa,0x20,0x20,0x20,0x20,0x53,0x77,0x69,0x70,0x65,0x56,0x69,0x65,0x77,0x20,
  0x7b,0xd,0xa,0x20,0x20,0x20,0x20,0x20,0x20,0x20,0x20,0x69,0x64,0x3a,0x20,0x73,
  0x77,0x69,0x70,0x65,0x56,0x69,0x65,0x77,0xd,0xa,0xd,0xa,0x20,0x20,0x20,0x20,
  0x20,0x20,0x20,0x20,0x63,0x75,0x72,0x72,0x65,0x6e,0x74,0x49,0x6e,0x64,0x65,0x78,
  0x3a,0x20,0x30,0xd,0xa,0xd,0xa,0x20,0x20,0x20,0x20,0x20,0x20,0x20,0x20,0x61,
  0x6e,0x63,0x68,0x6f,0x72,0x73,0x20,0x7b,0xd,0xa,0x20,0x20,0x20,0x20,0x20,0x20,
  0x20,0x20,0x20,0x20,0x20,0x20,0x66,0x69,0x6c,0x6c,0x3a,0x20,0x70,0x61,0x72,0x65,
  0x6e,0x74,0xd,0xa,0x20,0x20,0x20,0x20,0x20,0x20,0x20,0x20,0x20,0x20,0x20,0x20,
  0x74,0x6f,0x70,0x4d,0x61,0x72,0x67,0x69,0x6e,0x3a,0x20,0x31,0x36,0xd,0xa,0x20,
  0x20,0x20,0x20,0x20,0x20,0x20,0x20,0x7d,0xd,0xa,0xd,0xa,0x20,0x20,0x20,0x20,
  0x20,0x20,0x20,0x20,0x52,0x65,0x70,0x65,0x61,0x74,0x65,0x72,0x20,0x7b,0xd,0xa,
  0x20,0x20,0x20,0x20,0x20,0x20,0x20,0x20,0x20,0x20,0x20,0x20,0x6d,0x6f,0x64,0x65,
  0x6c,0x3a,0x20,0x67,0x72,0x65,0x61,0x74,0x4e,0x69,0x67,0x68,0x74,0x49,0x6e,0x2e,
  0x63,0x68,0x61,0x70,0x74,0x65,0x72,0x73,0xd,0xa,0xd,0xa,0x20,0x20,0x20,0x20,
  0x20,0x20,0x20,0x20,0x20,0x20,0x20,0x20,0x42,0x6f,0x6f,0x6b,0x50,0x61,0x67,0x65,
  0x20,0x7b,0x20,0x7d,0xd,0xa,0x20,0x20,0x20,0x20,0x20,0x20,0x20,0x20,0x7d,0xd,
  0xa,0x20,0x20,0x20,0x20,0x7d,0xd,0xa,0xd,0xa,0x20,0x20,0x20,0x20,0x43,0x6f,
  0x6d,0x70,0x6f,0x6e,0x65,0x6e,0x74,0x2e,0x6f,0x6e,0x43,0x6f,0x6d,0x70,0x6c,0x65,
  0x74,0x65,0x64,0x3a,0x20,0x75,0x70,0x64,0x61,0x74,0x65,0x44,0x72,0x61,0x77,0x65,
  0x72,0x44,0x69,0x6d,0x65,0x6e,0x73,0x69,0x6f,0x6e,0x73,0x28,0x29,0xd,0xa,0x20,
  0x20,0x20,0x20,0x6f,0x6e,0x48,0x65,0x69,0x67,0x68,0x74,0x43,0x68,0x61,0x6e,0x67,
  0x65,0x64,0x3a,0x20,0x75,0x70,0x64,0x61,0x74,0x65,0x44,0x72,0x61,0x77,0x65,0x72,
  0x44,0x69,0x6d,0x65,0x6e,0x73,0x69,0x6f,0x6e,0x73,0x28,0x29,0xd,0xa,0x20,0x20,
  0x20,0x20,0x6f,0x6e,0x57,0x69,0x64,0x74,0x68,0x43,0x68,0x61,0x6e,0x67,0x65,0x64,
  0x3a,0x20,0x75,0x70,0x64,0x61,0x74,0x65,0x44,0x72,0x61,0x77,0x65,0x72,0x44,0x69,
  0x6d,0x65,0x6e,0x73,0x69,0x6f,0x6e,0x73,0x28,0x29,0xd,0xa,0xd,0xa,0x20,0x20,
  0x20,0x20,0x66,0x75,0x6e,0x63,0x74,0x69,0x6f,0x6e,0x20,0x75,0x70,0x64,0x61,0x74,
  0x65,0x44,0x72,0x61,0x77,0x65,0x72,0x44,0x69,0x6d,0x65,0x6e,0x73,0x69,0x6f,0x6e,
  0x73,0x28,0x29,0x20,0x7b,0xd,0xa,0x20,0x20,0x20,0x20,0x20,0x20,0x20,0x20,0x64,
  0x72,0x61,0x77,0x65,0x72,0x2e,0x79,0x20,0x3d,0x20,0x68,0x65,0x61,0x64,0x65,0x72,
  0x2e,0x68,0x65,0x69,0x67,0x68,0x74,0xd,0xa,0x20,0x20,0x20,0x20,0x20,0x20,0x20,
  0x20,0x64,0x72,0x61,0x77,0x65,0x72,0x2e,0x77,0x69,0x64,0x74,0x68,0x20,0x3d,0x20,
  0x77,0x69,0x64,0x74,0x68,0x20,0x2a,0x20,0x30,0x2e,0x33,0xd,0xa,0x20,0x20,0x20,
  0x20,0x20,0x20,0x20,0x20,0x64,0x72,0x61,0x77,0x65,0x72,0x2e,0x68,0x65,0x69,0x67,
  0x68,0x74,0x20,0x3d,0x20,0x68,0x65,0x69,0x67,0x68,0x74,0x20,0x2d,0x20,0x66,0x6f,
  0x6f,0x74,0x65,0x72,0x2e,0x68,0x65,0x69,0x67,0x68,0x74,0x20,0x2d,0x20,0x68,0x65,
  0x61,0x64,0x65,0x72,0x2e,0x68,0x65,0x69,0x67,0x68,0x74,0xd,0xa,0x20,0x20,0x20,
  0x20,0x7d,0xd,0xa,0xd,0xa,0x20,0x20,0x20,0x20,0x44,0x72,0x61,0x77,0x65,0x72,
  0x20,0x7b,0xd,0xa,0x20,0x20,0x20,0x20,0x20,0x20,0x20,0x20,0x69,0x64,0x3a,0x20,
  0x64,0x72,0x61,0x77,0x65,0x72,0xd,0xa,0xd,0xa,0x20,0x20,0x20,0x20,0x20,0x20,
  0x20,0x20,0x43,0x6f,0x6c,0x75,0x6d,0x6e,0x4c,0x61,0x79,0x6f,0x75,0x74,0x20,0x7b,
  0xd,0xa,0x20,0x20,0x20,0x20,0x20,0x20,0x20,0x20,0x20,0x20,0x20,0x20,0x61,0x6e,
  0x63,0x68,0x6f,0x72,0x73,0x2e,0x74,0x6f,0x70,0x3a,0x20,0x70,0x61,0x72,0x65,0x6e,
  0x74,0x2e,0x74,0x6f,0x70,0xd,0xa,0x20,0x20,0x20,0x20,0x20,0x20,0x20,0x20,0x20,
  0x20,0x20,0x20,0x61,0x6e,0x63,0x68,0x6f,0x72,0x73,0x2e,0x6c,0x65,0x66,0x74,0x3a,
  0x20,0x70,0x61,0x72,0x65,0x6e,0x74,0x2e,0x6c,0x65,0x66,0x74,0xd,0xa,0x20,0x20,
  0x20,0x20,0x20,0x20,0x20,0x20,0x20,0x20,0x20,0x20,0x61,0x6e,0x63,0x68,0x6f,0x72,
  0x73,0x2e,0x72,0x69,0x67,0x68,0x74,0x3a,0x20,0x70,0x61,0x72,0x65,0x6e,0x74,0x2e,
  0x72,0x69,0x67,0x68,0x74,0xd,0xa,0x20,0x20,0x20,0x20,0x20,0x20,0x20,0x20,0x20,
  0x20,0x20,0x20,0x61,0x6e,0x63,0x68,0x6f,0x72,0x73,0x2e,0x74,0x6f,0x70,0x4d,0x61,
  0x72,0x67,0x69,0x6e,0x3a,0x20,0x38,0xd,0xa,0x20,0x20,0x20,0x20,0x20,0x20,0x20,
  0x20,0x20,0x20,0x20,0x20,0x61,0x6e,0x63,0x68,0x6f,0x72,0x73,0x2e,0x6c,0x65,0x66,
  0x74,0x4d,0x61,0x72,0x67,0x69,0x6e,0x3a,0x20,0x38,0xd,0xa,0x20,0x20,0x20,0x20,
  0x20,0x20,0x20,0x20,0x20,0x20,0x20,0x20,0x61,0x6e,0x63,0x68,0x6f,0x72,0x73,0x2e,
  0x72,0x69,0x67,0x68,0x74,0x4d,0x61,0x72,0x67,0x69,0x6e,0x3a,0x20,0x38,0xd,0xa,
  0xd,0xa,0x20,0x20,0x20,0x20,0x20,0x20,0x20,0x20,0x20,0x20,0x20,0x20,0x4c,0x61,
  0x62,0x65,0x6c,0x20,0x7b,0xd,0xa,0x20,0x20,0x20,0x20,0x20,0x20,0x20,0x20,0x20,
  0x20,0x20,0x20,0x20,0x20,0x20,0x20,0x69,0x64,0x3a,0x20,0x73,0x65,0x74,0x74,0x69,
  0x6e,0x67,0x73,0x4c,0x61,0x62,0x65,0x6c,0xd,0xa,0xd,0xa,0x20,0x20,0x20,0x20,
  0x20,0x20,0x20,0x20,0x20,0x20,0x20,0x20,0x20,0x20,0x20,0x20,0x66,0x6f,0x6e,0x74,
  0x3a,0x20,0x54,0x68,0x65,0x6d,0x65,0x2e,0x68,0x65,0x61,0x64,0x69,0x6e,0x67,0x31,
  0xd,0xa,0x20,0x20,0x20,0x20,0x20,0x20,0x20,0x20,0x20,0x20,0x20,0x20,0x20,0x20,
  0x20,0x20,0x74,0x65,0x78,0x74,0x3a,0x20,0x71,0x73,0x54,0x72,0x28,0x22,0x53,0x65,
  0x74,0x74,0x69,0x6e,0x67,0x73,0x22,0x29,0xd,0xa,0x20,0x20,0x20,0x20,0x20,0x20,
  0x20,0x20,0x20,0x20,0x20,0x20,0x7d,0xd,0xa,0xd,0xa,0x20,0x20,0x20,0x20,0x20,
  0x20,0x20,0x20,0x20,0x20,0x20,0x20,0x4c,0x61,0x62,0x65,0x6c,0x20,0x7b,0xd,0xa,
  0x20,0x20,0x20,0x20,0x20,0x20,0x20,0x20,0x20,0x20,0x20,0x20,0x20,0x20,0x20,0x20,
  0x69,0x64,0x3a,0x20,0x66,0x6f,0x6e,0x74,0x53,0x69,0x7a,0x65,0x4c,0x61,0x62,0x65,
  0x6c,0xd,0xa,0xd,0xa,0x20,0x20,0x20,0x20,0x20,0x20,0x20,0x20,0x20,0x20,0x20,
  0x20,0x20,0x20,0x20,0x20,0x74,0x65,0x78,0x74,0x3a,0x20,0x71,0x73,0x54,0x72,0x28,
  0x22,0x46,0x6f,0x6e,0x74,0x20,0x53,0x69,0x7a,0x65,0x22,0x29,0xd,0xa,0x20,0x20,
  0x20,0x20,0x20,0x20,0x20,0x20,0x20,0x20,0x20,0x20,0x7d,0xd,0xa,0xd,0xa,0x20,
  0x20,0x20,0x20,0x20,0x20,0x20,0x20,0x20,0x20,0x20,0x20,0x46,0x6f,0x6e,0x74,0x53,
  0x69,0x7a,0x65,0x53,0x6c,0x69,0x64,0x65,0x72,0x20,0x7b,0xd,0xa,0x20,0x20,0x20,
  0x20,0x20,0x20,0x20,0x20,0x20,0x20,0x20,0x20,0x20,0x20,0x20,0x20,0x69,0x64,0x3a,
  0x20,0x66,0x6f,0x6e,0x74,0x53,0x69,0x7a,0x65,0x53,0x6c,0x69,0x64,0x65,0x72,0x32,
  0xd,0xa,0x20,0x20,0x20,0x20,0x20,0x20,0x20,0x20,0x20,0x20,0x20,0x20,0x7d,0xd,
  0xa,0xd,0xa,0x20,0x20,0x20,0x20,0x20,0x20,0x20,0x20,0x20,0x20,0x20,0x20,0x4c,
  0x61,0x62,0x65,0x6c,0x20,0x7b,0xd,0xa,0x20,0x20,0x20,0x20,0x20,0x20,0x20,0x20,
  0x20,0x20,0x20,0x20,0x20,0x20,0x20,0x20,0x69,0x64,0x3a,0x20,0x64,0x61,0x72,0x6b,
  0x4d,0x6f,0x64,0x65,0x4c,0x61,0x62,0x65,0x6c,0xd,0xa,0xd,0xa,0x20,0x20,0x20,
  0x20,0x20,0x20,0x20,0x20,0x20,0x20,0x20,0x20,0x20,0x20,0x20,0x20,0x74,0x65,0x78,
  0x74,0x3a,0x20,0x71,0x73,0x54,0x72,0x28,0x22,0x44,0x61,0x72,0x6b,0x20,0x4d,0x6f,
  0x64,0x65,0x22,0x29,0xd,0xa,0x20,0x20,0x20,0x20,0x20,0x20,0x20,0x20,0x20,0x20,
  0x20,0x20,0x7d,0xd,0xa,0xd,0xa,0x20,0x20,0x20,0x20,0x20,0x20,0x20,0x20,0x20,
  0x20,0x20,0x20,0x44,0x61,0x72,0x6b,0x4d,0x6f,0x64,0x65,0x53,0x77,0x69,0x74,0x63,
  0x68,0x20,0x7b,0xd,0xa,0x20,0x20,0x20,0x20,0x20,0x20,0x20,0x20,0x20,0x20,0x20,
  0x20,0x20,0x20,0x20,0x20,0x69,0x64,0x3a,0x20,0x64,0x61,0x72,0x6b,0x4d,0x6f,0x64,
  0x65,0x53,0x77,0x69,0x74,0x63,0x68,0x32,0xd,0xa,0x20,0x20,0x20,0x20,0x20,0x20,
  0x20,0x20,0x20,0x20,0x20,0x20,0x7d,0xd,0xa,0x20,0x20,0x20,0x20,0x20,0x20,0x20,
  0x20,0x7d,0xd,0xa,0x20,0x20,0x20,0x20,0x7d,0xd,0xa,0x7d,0xd,0xa,
    // FontSizeSlider.qml
  0x0,0x0,0x3,0x1d,
  0x2f,
  0x2f,0x20,0x43,0x6f,0x70,0x79,0x72,0x69,0x67,0x68,0x74,0x20,0x28,0x43,0x29,0x20,
  0x32,0x30,0x32,0x36,0x20,0x51,0x74,0x20,0x47,0x72,0x6f,0x75,0x70,0x2e,0xd,0xa,
  0x2f,0x2f,0x20,0x53,0x50,0x44,0x58,0x2d,0x4c,0x69,0x63,0x65,0x6e,0x73,0x65,0x2d,
  0x49,0x64,0x65,0x6e,0x74,0x69,0x66,0x69,0x65,0x72,0x3a,0x20,0x4c,0x69,0x63,0x65,
  0x6e,0x73,0x65,0x52,0x65,0x66,0x2d,0x51,0x74,0x2d,0x43,0x6f,0x6d,0x6d,0x65,0x72,
  0x63,0x69,0x61,0x6c,0x20,0x4f,0x52,0x20,0x47,0x50,0x4c,0x2d,0x33,0x2e,0x30,0x2d,
  0x6f,0x6e,0x6c,0x79,0xd,0xa,0xd,0xa,0x69,0x6d,0x70,0x6f,0x72,0x74,0x20,0x51,
  0x74,0x51,0x75,0x69,0x63,0x6b,0xd,0xa,0x69,0x6d,0x70,0x6f,0x72,0x74,0x20,0x51,
  0x74,0x51,0x75,0x69,0x63,0x6b,0x2e,0x43,0x6f,0x6e,0x74,0x72,0x6f,0x6c,0x73,0xd,
  0xa,0x69,0x6d,0x70,0x6f,0x72,0x74,0x20,0x51,0x74,0x51,0x75,0x69,0x63,0x6b,0x2e,
  0x4c,0x61,0x79,0x6f,0x75,0x74,0x73,0xd,0xa,0xd,0xa,0x52,0x6f,0x77,0x4c,0x61,
  0x79,0x6f,0x75,0x74,0x20,0x7b,0xd,0xa,0x20,0x20,0x20,0x20,0x73,0x70,0x61,0x63,
  0x69,0x6e,0x67,0x3a,0x20,0x30,0xd,0xa,0xd,0xa,0x20,0x20,0x20,0x20,0x70,0x72,
  0x6f,0x70,0x65,0x72,0x74,0x79,0x20,0x73,0x74,0x72,0x69,0x6e,0x67,0x20,0x73,0x61,
  0x6d,0x70,0x6c,0x65,0x4c,0x65,0x74,0x74,0x65,0x72,0x3a,0x20,0x22,0x41,0x22,0xd,
  0xa,0xd,0xa,0x20,0x20,0x20,0x20,0x4c,0x61,0x62,0x65,0x6c,0x20,0x7b,0xd,0xa,
  0x20,0x20,0x20,0x20,0x20,0x20,0x20,0x20,0x66,0x6f,0x6e,0x74,0x2e,0x70,0x69,0x78,
  0x65,0x6c,0x53,0x69,0x7a,0x65,0x3a,0x20,0x62,0x6f,0x64,0x79,0x46,0x6f,0x6e,0x74,
  0x53,0x6c,0x69,0x64,0x65,0x72,0x2e,0x66,0x72,0x6f,0x6d,0xd,0xa,0x20,0x20,0x20,
  0x20,0x20,0x20,0x20,0x20,0x74,0x65,0x78,0x74,0x3a,0x20,0x73,0x61,0x6d,0x70,0x6c,
  0x65,0x4c,0x65,0x74,0x74,0x65,0x72,0xd,0xa,0x20,0x20,0x20,0x20,0x7d,0xd,0xa,
  0xd,0xa,0x20,0x20,0x20,0x20,0x53,0x6c,0x69,0x64,0x65,0x72,0x20,0x7b,0xd,0xa,
  0x20,0x20,0x20,0x20,0x20,0x20,0x20,0x20,0x69,0x64,0x3a,0x20,0x62,0x6f,0x64,0x79,
  0x46,0x6f,0x6e,0x74,0x53,0x6c,0x69,0x64,0x65,0x72,0xd,0xa,0xd,0xa,0x20,0x20,
  0x20,0x20,0x20,0x20,0x20,0x20,0x66,0x72,0x6f,0x6d,0x3a,0x20,0x31,0x36,0xd,0xa,
  0x20,0x20,0x20,0x20,0x20,0x20,0x20,0x20,0x73,0x74,0x65,0x70,0x53,0x69,0x7a,0x65,
  0x3a,0x20,0x31,0xd,0xa,0x20,0x20,0x20,0x20,0x20,0x20,0x20,0x20,0x74,0x6f,0x3a,
  0x20,0x33,0x32,0xd,0xa,0x20,0x20,0x20,0x20,0x20,0x20,0x20,0x20,0x76,0x61,0x6c,
  0x75,0x65,0x3a,0x20,0x54,0x68,0x65,0x6d,0x65,0x2e,0x62,0x6f,0x64,0x79,0x2e,0x70,
  0x69,0x78,0x65,0x6c,0x53,0x69,0x7a,0x65,0xd,0xa,0xd,0xa,0x20,0x20,0x20,0x20,
  0x20,0x20,0x20,0x20,0x4c,0x61,0x79,0x6f,0x75,0x74,0x2e,0x66,0x69,0x6c,0x6c,0x57,
  0x69,0x64,0x74,0x68,0x3a,0x20,0x74,0x72,0x75,0x65,0xd,0xa,0xd,0xa,0x20,0x20,
  0x20,0x20,0x20,0x20,0x20,0x20,0x43,0x6f,0x6e,0x6e,0x65,0x63,0x74,0x69,0x6f,0x6e,
  0x73,0x20,0x7b,0xd,0xa,0x20,0x20,0x20,0x20,0x20,0x20,0x20,0x20,0x20,0x20,0x20,
  0x20,0x74,0x61,0x72,0x67,0x65,0x74,0x3a,0x20,0x62,0x6f,0x64,0x79,0x46,0x6f,0x6e,
  0x74,0x53,0x6c,0x69,0x64,0x65,0x72,0xd,0xa,0xd,0xa,0x20,0x20,0x20,0x20,0x20,
  0x20,0x20,0x20,0x20,0x20,0x20,0x20,0x6f,0x6e,0x56,0x61,0x6c,0x75,0x65,0x43,0x68,
  0x61,0x6e,0x67,0x65,0x64,0x3a,0x20,0x7b,0xd,0xa,0x20,0x20,0x20,0x20,0x20,0x20,
  0x20,0x20,0x20,0x20,0x20,0x20,0x20,0x20,0x20,0x20,0x54,0x68,0x65,0x6d,0x65,0x2e,
  0x75,0x70,0x64,0x61,0x74,0x65,0x42,0x6f,0x64,0x79,0x50,0x69,0x78,0x65,0x6c,0x53,
  0x69,0x7a,0x65,0x28,0x62,0x6f,0x64,0x79,0x46,0x6f,0x6e,0x74,0x53,0x6c,0x69,0x64,
  0x65,0x72,0x2e,0x76,0x61,0x6c,0x75,0x65,0x29,0xd,0xa,0x20,0x20,0x20,0x20,0x20,
  0x20,0x20,0x20,0x20,0x20,0x20,0x20,0x7d,0xd,0xa,0x20,0x20,0x20,0x20,0x20,0x20,
  0x20,0x20,0x7d,0xd,0xa,0x20,0x20,0x20,0x20,0x7d,0xd,0xa,0xd,0xa,0x20,0x20,
  0x20,0x20,0x4c,0x61,0x62,0x65,0x6c,0x20,0x7b,0xd,0xa,0x20,0x20,0x20,0x20,0x20,
  0x20,0x20,0x20,0x66,0x6f,0x6e,0x74,0x2e,0x70,0x69,0x78,0x65,0x6c,0x53,0x69,0x7a,
  0x65,0x3a,0x20,0x62,0x6f,0x64,0x79,0x46,0x6f,0x6e,0x74,0x53,0x6c,0x69,0x64,0x65,
  0x72,0x2e,0x74,0x6f,0xd,0xa,0x20,0x20,0x20,0x20,0x20,0x20,0x20,0x20,0x74,0x65,
  0x78,0x74,0x3a,0x20,0x73,0x61,0x6d,0x70,0x6c,0x65,0x4c,0x65,0x74,0x74,0x65,0x72,
  0xd,0xa,0x20,0x20,0x20,0x20,0x7d,0xd,0xa,0x7d,0xd,0xa,
    // GreatNightIn.qml
  0x0,0x0,0x21,0xb,
  0x2f,
  0x2f,0x20,0x43,0x6f,0x70,0x79,0x72,0x69,0x67,0x68,0x74,0x20,0x28,0x43,0x29,0x20,
  0x32,0x30,0x32,0x36,0x20,0x51,0x74,0x20,0x47,0x72,0x6f,0x75,0x70,0x2e,0xd,0xa,
  0x2f,0x2f,0x20,0x53,0x50,0x44,0x58,0x2d,0x4c,0x69,0x63,0x65,0x6e,0x73,0x65,0x2d,
  0x49,0x64,0x65,0x6e,0x74,0x69,0x66,0x69,0x65,0x72,0x3a,0x20,0x4c,0x69,0x63,0x65,
  0x6e,0x73,0x65,0x52,0x65,0x66,0x2d,0x51,0x74,0x2d,0x43,0x6f,0x6d,0x6d,0x65,0x72,
  0x63,0x69,0x61,0x6c,0x20,0x4f,0x52,0x20,0x47,0x50,0x4c,0x2d,0x33,0x2e,0x30,0x2d,
  0x6f,0x6e,0x6c,0x79,0xd,0xa,0xd,0xa,0x69,0x6d,0x70,0x6f,0x72,0x74,0x20,0x51,
  0x74,0x51,0x75,0x69,0x63,0x6b,0xd,0xa,0xd,0xa,0x42,0x6f,0x6f,0x6b,0x20,0x7b,
  0xd,0xa,0x20,0x20,0x20,0x20,0x74,0x69,0x74,0x6c,0x65,0x3a,0x20,0x22,0x41,0x20,
  0x47,0x72,0x65,0x61,0x74,0x20,0x4e,0x69,0x67,0x68,0x74,0x20,0x49,0x6e,0x21,0x22,
  0xd,0xa,0xd,0xa,0x20,0x20,0x20,0x20,0x43,0x68,0x61,0x70,0x74,0x65,0x72,0x20,
  0x7b,0xd,0xa,0x20,0x20,0x20,0x20,0x20,0x20,0x20,0x20,0x74,0x69,0x74,0x6c,0x65,
  0x3a,0x20,0x22,0x4d,0x65,0x61,0x74,0x20,0x6d,0x65,0x20,0x68,0x65,0x72,0x65,0x22,
  0xd,0xa,0xd,0xa,0x20,0x20,0x20,0x20,0x20,0x20,0x20,0x20,0x74,0x65,0x78,0x74,
  0x3a,0x20,0x22,0x49,0x6d,0x61,0x67,0x69,0x6e,0x65,0x20,0x74,0x68,0x65,0x20,0x72,
  0x69,0x63,0x68,0x2c,0x20,0x64,0x65,0x65,0x70,0x20,0x63,0x72,0x69,0x6d,0x73,0x6f,
  0x6e,0x20,0x6f,0x66,0x20,0x61,0x20,0x70,0x65,0x72,0x66,0x65,0x63,0x74,0x6c,0x79,
  0x20,0x73,0x65,0x61,0x72,0x65,0x64,0x20,0x62,0x65,0x65,0x66,0x20,0x74,0x65,0x6e,
  0x64,0x65,0x72,0x6c,0x6f,0x69,0x6e,0x2c,0x20,0x69,0x74,0x73,0x20,0x73,0x75,0x72,
  0x66,0x61,0x63,0x65,0x20,0x62,0x6f,0x61,0x73,0x74,0x69,0x6e,0x67,0x20,0x61,0x20,
  0x62,0x65,0x61,0x75,0x74,0x69,0x66,0x75,0x6c,0x20,0x6d,0x61,0x68,0x6f,0x67,0x61,
  0x6e,0x79,0x20,0x63,0x72,0x75,0x73,0x74,0x20,0x74,0x68,0x61,0x74,0x20,0x67,0x69,
  0x76,0x65,0x73,0x20,0x77,0x61,0x79,0x20,0x74,0x6f,0x20,0x61,0x6e,0x20,0x69,0x6e,
  0x63,0x72,0x65,0x64,0x69,0x62,0x6c,0x79,0x20,0x74,0x65,0x6e,0x64,0x65,0x72,0x2c,
  0x20,0x61,0x6c,0x6d,0x6f,0x73,0x74,0x20,0x62,0x75,0x74,0x74,0x65,0x72,0x79,0x20,
  0x69,0x6e,0x74,0x65,0x72,0x69,0x6f,0x72,0x2e,0x20,0x41,0x63,0x68,0x69,0x65,0x76,
  0x69,0x6e,0x67,0x20,0x74,0x68,0x69,0x73,0x20,0x63,0x75,0x6c,0x69,0x6e,0x61,0x72,
  0x79,0x20,0x74,0x72,0x69,0x75,0x6d,0x70,0x68,0x20,0x68,0x69,0x6e,0x67,0x65,0x73,
  0x20,0x6f,0x6e,0x20,0x68,0x69,0x67,0x68,0x20,0x68,0x65,0x61,0x74,0x20,0x61,0x6e,
  0x64,0x20,0x61,0x20,0x62,0x72,0x69,0x65,0x66,0x20,0x63,0x6f,0x6f,0x6b,0x69,0x6e,
  0x67,0x20,0x74,0x69,0x6d,0x65,0x2e,0x20,0x57,0x68,0x65,0x74,0x68,0x65,0x72,0x20,
  0x70,0x61,0x6e,0x2d,0x73,0x65,0x61,0x72,0x65,0x64,0x20,0x77,0x69,0x74,0x68,0x20,
  0x66,0x72,0x61,0x67,0x72,0x61,0x6e,0x74,0x20,0x68,0x65,0x72,0x62,0x73,0x20,0x6c,
  0x69,0x6b,0x65,0x20,0x74,0x68,0x79,0x6d,0x65,0x20,0x61,0x6e,0x64,0x20,0x72,0x6f,
  0x73,0x65,0x6d,0x61,0x72,0x79,0x2c,0x20,0x6f,0x72,0x20,0x72,0x6f,0x61,0x73,0x74,
  0x65,0x64,0x20,0x74,0x6f,0x20,0x61,0x20,0x70,0x72,0x65,0x63,0x69,0x73,0x65,0x20,
  0x6d,0x65,0x64,0x69,0x75,0x6d,0x2d,0x72,0x61,0x72,0x65,0x2c,0x20,0x74,0x68,0x65,
  0x20,0x6b,0x65,0x79,0x20,0x6c,0x69,0x65,0x73,0x20,0x69,0x6e,0x20,0x61,0x6c,0x6c,
  0x6f,0x77,0x69,0x6e,0x67,0x20,0x74,0x68,0x65,0x20,0x6d,0x65,0x61,0x74,0x20,0x74,
  0x6f,0x20,0x72,0x65,0x73,0x74,0x20,0x61,0x66,0x74,0x65,0x72,0x20,0x63,0x6f,0x6f,
  0x6b,0x69,0x6e,0x67,0x2e,0x20,0x54,0x68,0x69,0x73,0x20,0x63,0x72,0x75,0x63,0x69,
  0x61,0x6c,0x20,0x73,0x74,0x65,0x70,0x20,0x72,0x65,0x64,0x69,0x73,0x74,0x72,0x69,
  0x62,0x75,0x74,0x65,0x73,0x20,0x74,0x68,0x65,0x20,0x6a,0x75,0x69,0x63,0x65,0x73,
  0x2c,0x20,0x65,0x6e,0x73,0x75,0x72,0x69,0x6e,0x67,0x20,0x65,0x61,0x63,0x68,0x20,
  0x73,0x6c,0x69,0x63,0x65,0x20,0x69,0x73,0x20,0x73,0x75,0x63,0x63,0x75,0x6c,0x65,
  0x6e,0x74,0x20,0x61,0x6e,0x64,0x20,0x66,0x6c,0x61,0x76,0x6f,0x72,0x66,0x75,0x6c,
  0x2c,0x20,0x61,0x20,0x74,0x65,0x73,0x74,0x61,0x6d,0x65,0x6e,0x74,0x20,0x74,0x6f,
  0x20,0x72,0x65,0x73,0x70,0x65,0x63,0x74,0x69,0x6e,0x67,0x20,0x74,0x68,0x65,0x20,
  0x71,0x75,0x61,0x6c,0x69,0x74,0x79,0x20,0x6f,0x66,0x20,0x74,0x68,0x65,0x20,0x63,
  0x75,0x74,0x2e,0xd,0xa,0xd,0xa,0x43,0x6f,0x6e,0x73,0x69,0x64,0x65,0x72,0x20,
  0x74,0x68,0x65,0x20,0x64,0x65,0x6c,0x69,0x63,0x61,0x74,0x65,0x20,0x70,0x69,0x6e,
  0x6b,0x20,0x68,0x75,0x65,0x20,0x6f,0x66,0x20,0x61,0x20,0x72,0x6f,0x61,0x73,0x74,
  0x65,0x64,0x20,0x6c,0x65,0x67,0x20,0x6f,0x66,0x20,0x6c,0x61,0x6d,0x62,0x2c,0x20,
  0x69,0x74,0x73,0x20,0x73,0x75,0x72,0x66,0x61,0x63,0x65,0x20,0x63,0x72,0x61,0x63,
  0x6b,0x6c,0x69,0x6e,0x67,0x20,0x77,0x69,0x74,0x68,0x20,0x73,0x61,0x76,0x6f,0x72,
  0x79,0x20,0x72,0x65,0x6e,0x64,0x65,0x72,0x65,0x64,0x20,0x66,0x61,0x74,0x20,0x69,
  0x6e,0x66,0x75,0x73,0x65,0x64,0x20,0x77,0x69,0x74,0x68,0x20,0x67,0x61,0x72,0x6c,
  0x69,0x63,0x20,0x61,0x6e,0x64,0x20,0x72,0x6f,0x73,0x65,0x6d,0x61,0x72,0x79,0x2e,
  0x20,0x55,0x6e,0x6c,0x69,0x6b,0x65,0x20,0x62,0x65,0x65,0x66,0x2c,0x20,0x6c,0x61,
  0x6d,0x62,0x20,0x6f,0x66,0x74,0x65,0x6e,0x20,0x62,0x65,0x6e,0x65,0x66,0x69,0x74,
  0x73,0x20,0x66,0x72,0x6f,0x6d,0x20,0x6c,0x6f,0x6e,0x67,0x65,0x72,0x2c,0x20,0x73,
  0x6c,0x6f,0x77,0x65,0x72,0x20,0x63,0x6f,0x6f,0x6b,0x69,0x6e,0x67,0x2c,0x20,0x61,
  0x6c,0x6c,0x6f,0x77,0x69,0x6e,0x67,0x20,0x74,0x68,0x65,0x20,0x63,0x6f,0x6e,0x6e,
  0x65,0x63,0x74,0x69,0x76,0x65,0x20,0x74,0x69,0x73,0x73,0x75,0x65,0x73,0x20,0x74,
  0x6f,0x20,0x62,0x72,0x65,0x61,0x6b,0x20,0x64,0x6f,0x77,0x6e,0x2c,0x20,0x72,0x65,
  0x73,0x75,0x6c,0x74,0x69,0x6e,0x67,0x20,0x69,0x6e,0x20,0x69,0x6e,0x63,0x72,0x65,
  0x64,0x69,0x62,0x6c,0x79,0x20,0x74,0x65,0x6e,0x64,0x65,0x72,0x20,0x61,0x6e,0x64,
  0x20,0x66,0x6c,0x61,0x76,0x6f,0x72,0x66,0x75,0x6c,0x20,0x6d,0x65,0x61,0x74,0x2e,
  0x20,0x46,0x72,0x6f,0x6d,0x20,0x61,0x20,0x73,0x6c,0x6f,0x77,0x2d,0x63,0x6f,0x6f,
  0x6b,0x65,0x64,0x20,0x73,0x68,0x6f,0x75,0x6c,0x64,0x65,0x72,0x20,0x74,0x68,0x61,
  0x74,0x20,0x70,0x72,0x61,0x63,0x74,0x69,0x63,0x61,0x6c,0x6c,0x79,0x20,0x66,0x61,
  0x6c,0x6c,0x73,0x20,0x6f,0x66,0x66,0x20,0x74,0x68,0x65,0x20,0x62,0x6f,0x6e,0x65,
  0x20,0x74,0x6f,0x20,0x69,0x6e,0x64,0x69,0x76,0x69,0x64,0x75,0x61,0x6c,0x20,0x6c,
  0x61,0x6d,0x62,0x20,0x63,0x68,0x6f,0x70,0x73,0x20,0x67,0x72,0x69,0x6c,0x6c,0x65,
  0x64,0x20,0x74,0x6f,0x20,0x61,0x20,0x70,0x65,0x72,0x66,0x65,0x63,0x74,0x20,0x6d,
  0x65,0x64,0x69,0x75,0x6d,0x2c,0x20,0x74,0x68,0x65,0x20,0x76,0x65,0x72,0x73,0x61,
  0x74,0x69,0x6c,0x69,0x74,0x79,0x20,0x6f,0x66,0x20,0x6c,0x61,0x6d,0x62,0x20,0x73,
  0x68,0x69,0x6e,0x65,0x73,0x20,0x74,0x68,0x72,0x6f,0x75,0x67,0x68,0x20,0x76,0x61,
  0x72,0x69,0x6f,0x75,0x73,0x20,0x63,0x6f,0x6f,0x6b,0x69,0x6e,0x67,0x20,0x6d,0x65,
  0x74,0x68,0x6f,0x64,0x73,0x2c,0x20,0x65,0x61,0x63,0x68,0x20,0x68,0x69,0x67,0x68,
  0x6c,0x69,0x67,0x68,0x74,0x69,0x6e,0x67,0x20,0x69,0x74,0x73,0x20,0x64,0x69,0x73,
  0x74,0x69,0x6e,0x63,0x74,0x2c,0x20,0x73,0x6c,0x69,0x67,0x68,0x74,0x6c,0x79,0x20,
  0x67,0x61,0x6d,0x65,0x79,0x20,0x63,0x68,0x61,0x72,0x61,0x63,0x74,0x65,0x72,0x2e,
  0xd,0xa,0xd,0xa,0x50,0x6f,0x72,0x6b,0x2c,0x20,0x77,0x69,0x74,0x68,0x20,0x69,
  0x74,0x73,0x20,0x77,0x69,0x64,0x65,0x20,0x72,0x61,0x6e,0x67,0x65,0x20,0x6f,0x66,
  0x20,0x63,0x75,0x74,0x73,0x20,0x61,0x6e,0x64,0x20,0x74,0x65,0x78,0x74,0x75,0x72,
  0x65,0x73,0x2c,0x20,0x6f,0x66,0x66,0x65,0x72,0x73,0x20,0x61,0x20,0x64,0x69,0x76,
  0x65,0x72,0x73,0x65,0x20,0x63,0x75,0x6c,0x69,0x6e,0x61,0x72,0x79,0x20,0x6c,0x61,
  0x6e,0x64,0x73,0x63,0x61,0x70,0x65,0x2e,0x20,0x54,0x68,0x69,0x6e,0x6b,0x20,0x6f,
  0x66,0x20,0x74,0x68,0x65,0x20,0x73,0x61,0x74,0x69,0x73,0x66,0x79,0x69,0x6e,0x67,
  0x20,0x63,0x72,0x75,0x6e,0x63,0x68,0x20,0x6f,0x66,0x20,0x70,0x65,0x72,0x66,0x65,
  0x63,0x74,0x6c,0x79,0x20,0x72,0x6f,0x61,0x73,0x74,0x65,0x64,0x20,0x70,0x6f,0x72,
  0x6b,0x20,0x62,0x65,0x6c,0x6c,0x79,0x2c,0x20,0x74,0x68,0x65,0x20,0x6c,0x61,0x79,
  0x65,0x72,0x73,0x20,0x6f,0x66,0x20,0x73,0x6b,0x69,0x6e,0x20,0x74,0x72,0x61,0x6e,
  0x73,0x66,0x6f,0x72,0x6d,0x65,0x64,0x20,0x69,0x6e,0x74,0x6f,0x20,0x61,0x6e,0x20,
  0x69,0x72,0x72,0x65,0x73,0x69,0x73,0x74,0x69,0x62,0x6c,0x65,0x20,0x63,0x72,0x61,
  0x63,0x6b,0x6c,0x69,0x6e,0x67,0x2c,0x20,0x79,0x69,0x65,0x6c,0x64,0x69,0x6e,0x67,
  0x20,0x74,0x6f,0x20,0x74,0x68,0x65,0x20,0x72,0x69,0x63,0x68,0x2c,0x20,0x66,0x61,
  0x74,0x74,0x79,0x20,0x6d,0x65,0x61,0x74,0x20,0x62,0x65,0x6e,0x65,0x61,0x74,0x68,
  0x2e,0x20,0x4f,0x72,0x20,0x70,0x65,0x72,0x68,0x61,0x70,0x73,0x20,0x74,0x68,0x65,
  0x20,0x73,0x6d,0x6f,0x6b,0x79,0x20,0x73,0x77,0x65,0x65,0x74,0x6e,0x65,0x73,0x73,
  0x20,0x6f,0x66,0x20,0x73,0x6c,0x6f,0x77,0x2d,0x63,0x6f,0x6f,0x6b,0x65,0x64,0x20,
  0x70,0x75,0x6c,0x6c,0x65,0x64,0x20,0x70,0x6f,0x72,0x6b,0x2c,0x20,0x69,0x74,0x73,
  0x20,0x74,0x65,0x6e,0x64,0x65,0x72,0x20,0x73,0x74,0x72,0x61,0x6e,0x64,0x73,0x20,
  0x69,0x6e,0x66,0x75,0x73,0x65,0x64,0x20,0x77,0x69,0x74,0x68,0x20,0x74,0x68,0x65,
  0x20,0x66,0x6c,0x61,0x76,0x6f,0x72,0x73,0x20,0x6f,0x66,0x20,0x77,0x6f,0x6f,0x64,
  0x20,0x73,0x6d,0x6f,0x6b,0x65,0x20,0x61,0x6e,0x64,0x20,0x73,0x70,0x69,0x63,0x65,
  0x73,0x2e,0x20,0x46,0x72,0x6f,0x6d,0x20,0x67,0x72,0x69,0x6c,0x6c,0x69,0x6e,0x67,
  0x20,0x6c,0x65,0x61,0x6e,0x20,0x70,0x6f,0x72,0x6b,0x20,0x74,0x65,0x6e,0x64,0x65,
  0x72,0x6c,0x6f,0x69,0x6e,0x20,0x74,0x6f,0x20,0x62,0x72,0x61,0x69,0x73,0x69,0x6e,
  0x67,0x20,0x68,0x65,0x61,0x72,0x74,0x79,0x20,0x70,0x6f,0x72,0x6b,0x20,0x73,0x68,
  0x6f,0x75,0x6c,0x64,0x65,0x72,0x2c,0x20,0x75,0x6e,0x64,0x65,0x72,0x73,0x74,0x61,
  0x6e,0x64,0x69,0x6e,0x67,0x20,0x74,0x68,0x65,0x20,0x66,0x61,0x74,0x20,0x63,0x6f,
  0x6e,0x74,0x65,0x6e,0x74,0x20,0x61,0x6e,0x64,0x20,0x6d,0x75,0x73,0x63,0x6c,0x65,
  0x20,0x73,0x74,0x72,0x75,0x63,0x74,0x75,0x72,0x65,0x20,0x6f,0x66,0x20,0x65,0x61,
  0x63,0x68,0x20,0x63,0x75,0x74,0x20,0x69,0x73,0x20,0x70,0x61,0x72,0x61,0x6d,0x6f,
  0x75,0x6e,0x74,0x20,0x74,0x6f,0x20,0x61,0x63,0x68,0x69,0x65,0x76,0x69,0x6e,0x67,
  0x20,0x6f,0x70,0x74,0x69,0x6d,0x61,0x6c,0x20,0x74,0x65,0x6e,0x64,0x65,0x72,0x6e,
  0x65,0x73,0x73,0x20,0x61,0x6e,0x64,0x20,0x66,0x6c,0x61,0x76,0x6f,0x72,0x2e,0xd,
  0xa,0xd,0xa,0x50,0x6f,0x75,0x6c,0x74,0x72,0x79,0x2c,0x20,0x65,0x6e,0x63,0x6f,
  0x6d,0x70,0x61,0x73,0x73,0x69,0x6e,0x67,0x20,0x63,0x68,0x69,0x63,0x6b,0x65,0x6e,
  0x2c,0x20,0x74,0x75,0x72,0x6b,0x65,0x79,0x2c,0x20,0x64,0x75,0x63,0x6b,0x2c,0x20,
  0x61,0x6e,0x64,0x20,0x6d,0x6f,0x72,0x65,0x2c,0x20,0x70,0x72,0x65,0x73,0x65,0x6e,
  0x74,0x73,0x20,0x69,0x74,0x73,0x20,0x6f,0x77,0x6e,0x20,0x73,0x65,0x74,0x20,0x6f,
  0x66,0x20,0x63,0x6f,0x6e,0x73,0x69,0x64,0x65,0x72,0x61,0x74,0x69,0x6f,0x6e,0x73,
  0x2e,0x20,0x41,0x63,0x68,0x69,0x65,0x76,0x69,0x6e,0x67,0x20,0x63,0x72,0x69,0x73,
  0x70,0x79,0x20,0x73,0x6b,0x69,0x6e,0x20,0x6f,0x6e,0x20,0x61,0x20,0x72,0x6f,0x61,
  0x73,0x74,0x65,0x64,0x20,0x63,0x68,0x69,0x63,0x6b,0x65,0x6e,0x20,0x77,0x68,0x69,
  0x6c,0x65,0x20,0x65,0x6e,0x73,0x75,0x72,0x69,0x6e,0x67,0x20,0x74,0x68,0x65,0x20,
  0x6d,0x65,0x61,0x74,0x20,0x72,0x65,0x6d,0x61,0x69,0x6e,0x73,0x20,0x6d,0x6f,0x69,
  0x73,0x74,0x20,0x72,0x65,0x71,0x75,0x69,0x72,0x65,0x73,0x20,0x63,0x61,0x72,0x65,
  0x66,0x75,0x6c,0x20,0x61,0x74,0x74,0x65,0x6e,0x74,0x69,0x6f,0x6e,0x20,0x74,0x6f,
  0x20,0x74,0x65,0x6d,0x70,0x65,0x72,0x61,0x74,0x75,0x72,0x65,0x20,0x61,0x6e,0x64,
  0x20,0x74,0x65,0x63,0x68,0x6e,0x69,0x71,0x75,0x65,0x2e,0x20,0x57,0x68,0x65,0x74,
  0x68,0x65,0x72,0x20,0x69,0x74,0x27,0x73,0x20,0x74,0x68,0x65,0x20,0x67,0x65,0x6e,
  0x74,0x6c,0x65,0x20,0x70,0x6f,0x61,0x63,0x68,0x69,0x6e,0x67,0x20,0x6f,0x66,0x20,
  0x61,0x20,0x63,0x68,0x69,0x63,0x6b,0x65,0x6e,0x20,0x62,0x72,0x65,0x61,0x73,0x74,
  0x20,0x66,0x6f,0x72,0x20,0x73,0x61,0x6c,0x61,0x64,0x73,0x2c,0x20,0x74,0x68,0x65,
  0x20,0x68,0x69,0x67,0x68,0x2d,0x68,0x65,0x61,0x74,0x20,0x67,0x72,0x69,0x6c,0x6c,
  0x69,0x6e,0x67,0x20,0x6f,0x66,0x20,0x66,0x6c,0x61,0x76,0x6f,0x72,0x66,0x75,0x6c,
  0x20,0x63,0x68,0x69,0x63,0x6b,0x65,0x6e,0x20,0x74,0x68,0x69,0x67,0x68,0x73,0x2c,
  0x20,0x6f,0x72,0x20,0x74,0x68,0x65,0x20,0x73,0x6c,0x6f,0x77,0x20,0x72,0x6f,0x61,
  0x73,0x74,0x69,0x6e,0x67,0x20,0x6f,0x66,0x20,0x61,0x20,0x77,0x68,0x6f,0x6c,0x65,
  0x20,0x74,0x75,0x72,0x6b,0x65,0x79,0x20,0x66,0x6f,0x72,0x20,0x61,0x20,0x66,0x65,
  0x73,0x74,0x69,0x76,0x65,0x20,0x67,0x61,0x74,0x68,0x65,0x72,0x69,0x6e,0x67,0x2c,
  0x20,0x65,0x61,0x63,0x68,0x20,0x6d,0x65,0x74,0x68,0x6f,0x64,0x20,0x64,0x72,0x61,
  0x77,0x73,0x20,0x6f,0x75,0x74,0x20,0x64,0x69,0x66,0x66,0x65,0x72,0x65,0x6e,0x74,
  0x20,0x71,0x75,0x61,0x6c,0x69,0x74,0x69,0x65,0x73,0x20,0x6f,0x66,0x20,0x74,0x68,
  0x65,0x20,0x70,0x6f,0x75,0x6c,0x74,0x72,0x79,0x2c,0x20,0x65,0x6d,0x70,0x68,0x61,
  0x73,0x69,0x7a,0x69,0x6e,0x67,0x20,0x69,0x74,0x73,0x20,0x76,0x65,0x72,0x73,0x61,
  0x74,0x69,0x6c,0x69,0x74,0x79,0x20,0x61,0x6e,0x64,0x20,0x61,0x62,0x69,0x6c,0x69,
  0x74,0x79,0x20,0x74,0x6f,0x20,0x61,0x62,0x73,0x6f,0x72,0x62,0x20,0x61,0x20,0x77,
  0x69,0x64,0x65,0x20,0x61,0x72,0x72,0x61,0x79,0x20,0x6f,0x66,0x20,0x73,0x65,0x61,
  0x73,0x6f,0x6e,0x69,0x6e,0x67,0x73,0x20,0x61,0x6e,0x64,0x20,0x6d,0x61,0x72,0x69,
  0x6e,0x61,0x64,0x65,0x73,0x2e,0xd,0xa,0xd,0xa,0x46,0x69,0x6e,0x61,0x6c,0x6c,
  0x79,0x2c,0x20,0x6c,0x65,0x74,0x27,0x73,0x20,0x6e,0x6f,0x74,0x20,0x66,0x6f,0x72,
  0x67,0x65,0x74,0x20,0x74,0x68,0x65,0x20,0x64,0x69,0x76,0x65,0x72,0x73,0x65,0x20,
  0x77,0x6f,0x72,0x6c,0x64,0x20,0x6f,0x66,0x20,0x73,0x65,0x61,0x66,0x6f,0x6f,0x64,
  0x2c,0x20,0x6f,0x66,0x74,0x65,0x6e,0x20,0x63,0x6f,0x6e,0x73,0x69,0x64,0x65,0x72,
  0x65,0x64,0x20,0x74,0x68,0x65,0x20,0x6d,0x65,0x61,0x74,0x20,0x6f,0x66,0x20,0x74,
  0x68,0x65,0x20,0x73,0x65,0x61,0x2e,0x20,0x46,0x72,0x6f,0x6d,0x20,0x74,0x68,0x65,
  0x20,0x64,0x65,0x6c,0x69,0x63,0x61,0x74,0x65,0x20,0x66,0x6c,0x61,0x6b,0x69,0x6e,
  0x65,0x73,0x73,0x20,0x6f,0x66,0x20,0x70,0x65,0x72,0x66,0x65,0x63,0x74,0x6c,0x79,
  0x20,0x70,0x61,0x6e,0x2d,0x73,0x65,0x61,0x72,0x65,0x64,0x20,0x63,0x6f,0x64,0x20,
  0x74,0x6f,0x20,0x74,0x68,0x65,0x20,0x72,0x69,0x63,0x68,0x2c,0x20,0x62,0x75,0x74,
  0x74,0x65,0x72,0x79,0x20,0x74,0x65,0x78,0x74,0x75,0x72,0x65,0x20,0x6f,0x66,0x20,
  0x67,0x72,0x69,0x6c,0x6c,0x65,0x64,0x20,0x73,0x61,0x6c,0x6d,0x6f,0x6e,0x2c,0x20,
  0x74,0x68,0x65,0x20,0x6b,0x65,0x79,0x20,0x74,0x6f,0x20,0x63,0x6f,0x6f,0x6b,0x69,
  0x6e,0x67,0x20,0x73,0x65,0x61,0x66,0x6f,0x6f,0x64,0x20,0x6c,0x69,0x65,0x73,0x20,
  0x69,0x6e,0x20,0x75,0x6e,0x64,0x65,0x72,0x73,0x74,0x61,0x6e,0x64,0x69,0x6e,0x67,
  0x20,0x69,0x74,0x73,0x20,0x69,0x6e,0x68,0x65,0x72,0x65,0x6e,0x74,0x20,0x74,0x65,
  0x6e,0x64,0x65,0x72,0x6e,0x65,0x73,0x73,0x20,0x61,0x6e,0x64,0x20,0x61,0x76,0x6f,
  0x69,0x64,0x69,0x6e,0x67,0x20,0x6f,0x76,0x65,0x72,0x63,0x6f,0x6f,0x6b,0x69,0x6e,
  0x67,0x2e,0x20,0x57,0x68,0x65,0x74,0x68,0x65,0x72,0x20,0x69,0x74,0x27,0x73,0x20,
  0x74,0x68,0x65,0x20,0x71,0x75,0x69,0x63,0x6b,0x20,0x73,0x65,0x61,0x72,0x20,0x6f,
  0x66,0x20,0x73,0x63,0x61,0x6c,0x6c,0x6f,0x70,0x73,0x20,0x74,0x6f,0x20,0x61,0x63,
  0x68,0x69,0x65,0x76,0x65,0x20,0x61,0x20,0x63,0x61,0x72,0x61,0x6d,0x65,0x6c,0x69,
  0x7a,0x65,0x64,0x20,0x63,0x72,0x75,0x73,0x74,0x2c,0x20,0x74,0x68,0x65,0x20,0x67,
  0x65,0x6e,0x74,0x6c,0x65,0x20,0x73,0x74,0x65,0x61,0x6d,0x69,0x6e,0x67,0x20,0x6f,
  0x66,0x20,0x6d,0x75,0x73,0x73,0x65,0x6c,0x73,0x20,0x69,0x6e,0x20,0x66,0x72,0x61,
  0x67,0x72,0x61,0x6e,0x74,0x20,0x62,0x72,0x6f,0x74,0x68,0x2c,0x20,0x6f,0x72,0x20,
  0x74,0x68,0x65,0x20,0x67,0x72,0x69,0x6c,0x6c,0x69,0x6e,0x67,0x20,0x6f,0x66,0x20,
  0x66,0x69,0x72,0x6d,0x20,0x73,0x77,0x6f,0x72,0x64,0x66,0x69,0x73,0x68,0x20,0x73,
  0x74,0x65,0x61,0x6b,0x73,0x2c,0x20,0x74,0x68,0x65,0x20,0x67,0x6f,0x61,0x6c,0x20,
  0x69,0x73,0x20,0x74,0x6f,0x20,0x65,0x6e,0x68,0x61,0x6e,0x63,0x65,0x20,0x74,0x68,
  0x65,0x20,0x6e,0x61,0x74,0x75,0x72,0x61,0x6c,0x20,0x66,0x6c,0x61,0x76,0x6f,0x72,
  0x73,0x20,0x61,0x6e,0x64,0x20,0x74,0x65,0x78,0x74,0x75,0x72,0x65,0x73,0x20,0x77,
  0x69,0x74,0x68,0x6f,0x75,0x74,0x20,0x6c,0x6f,0x73,0x69,0x6e,0x67,0x20,0x6d,0x6f,
  0x69,0x73,0x74,0x75,0x72,0x65,0x2c,0x20,0x72,0x65,0x73,0x75,0x6c,0x74,0x69,0x6e,
  0x67,0x20,0x69,0x6e,0x20,0x61,0x20,0x6c,0x69,0x67,0x68,0x74,0x20,0x79,0x65,0x74,
  0x20,0x73,0x61,0x74,0x69,0x73,0x66,0x79,0x69,0x6e,0x67,0x20,0x63,0x75,0x6c,0x69,
  0x6e,0x61,0x72,0x79,0x20,0x65,0x78,0x70,0x65,0x72,0x69,0x65,0x6e,0x63,0x65,0x2e,
  0x22,0xd,0xa,0x20,0x20,0x20,0x20,0x7d,0xd,0xa,0xd,0xa,0x20,0x20,0x20,0x20,
  0x43,0x68,0x61,0x70,0x74,0x65,0x72,0x20,0x7b,0xd,0xa,0x20,0x20,0x20,0x20,0x20,
  0x20,0x20,0x20,0x74,0x69,0x74,0x6c,0x65,0x3a,0x20,0x22,0x4a,0x75,0x73,0x74,0x20,
  0x56,0x65,0x67,0x67,0x69,0x6e,0x27,0x20,0x6f,0x75,0x74,0x22,0xd,0xa,0xd,0xa,
  0x20,0x20,0x20,0x20,0x20,0x20,0x20,0x20,0x74,0x65,0x78,0x74,0x3a,0x20,0x22,0x49,
  0x6d,0x61,0x67,0x69,0x6e,0x65,0x20,0x74,0x68,0x65,0x20,0x76,0x69,0x62,0x72,0x61,
  0x6e,0x74,0x20,0x63,0x68,0x61,0x72,0x20,0x6f,0x6e,0x20,0x70,0x65,0x72,0x66,0x65,
  0x63,0x74,0x6c,0x79,0x20,0x67,0x72,0x69,0x6c,0x6c,0x65,0x64,0x20,0x68,0x61,0x6c,
  0x6c,0x6f,0x75,0x6d,0x69,0x20,0x63,0x68,0x65,0x65,0x73,0x65,0x2c,0x20,0x69,0x74,
  0x73,0x20,0x73,0x61,0x6c,0x74,0x79,0x20,0x74,0x61,0x6e,0x67,0x20,0x6d,0x65,0x6c,
  0x6c,0x6f,0x77,0x69,0x6e,0x67,0x20,0x77,0x69,0x74,0x68,0x20,0x74,0x68,0x65,0x20,
  0x68,0x65,0x61,0x74,0x2c,0x20,0x63,0x72,0x65,0x61,0x74,0x69,0x6e,0x67,0x20,0x61,
  0x20,0x64,0x65,0x6c,0x69,0x67,0x68,0x74,0x66,0x75,0x6c,0x20,0x63,0x6f,0x6e,0x74,
  0x72,0x61,0x73,0x74,0x20,0x74,0x6f,0x20,0x74,0x68,0x65,0x20,0x73,0x6d,0x6f,0x6b,
  0x79,0x20,0x65,0x78,0x74,0x65,0x72,0x69,0x6f,0x72,0x2e,0x20,0x41,0x63,0x68,0x69,
  0x65,0x76,0x69,0x6e,0x67,0x20,0x74,0x68,0x69,0x73,0x20,0x72,0x65,0x71,0x75,0x69,
  0x72,0x65,0x73,0x20,0x61,0x20,0x68,0x6f,0x74,0x20,0x67,0x72,0x69,0x6c,0x6c,0x20,
  0x61,0x6e,0x64,0x20,0x61,0x20,0x77,0x61,0x74,0x63,0x68,0x66,0x75,0x6c,0x20,0x65,
  0x79,0x65,0x2c,0x20,0x65,0x6e,0x73,0x75,0x72,0x69,0x6e,0x67,0x20,0x61,0x20,0x67,
  0x6f,0x6c,0x64,0x65,0x6e,0x2d,0x62,0x72,0x6f,0x77,0x6e,0x20,0x63,0x72,0x75,0x73,
  0x74,0x20,0x77,0x69,0x74,0x68,0x6f,0x75,0x74,0x20,0x6d,0x65,0x6c,0x74,0x69,0x6e,
  0x67,0x20,0x61,0x77,0x61,0x79,0x20,0x74,0x68,0x65,0x20,0x63,0x68,0x65,0x65,0x73,
  0x65,0x27,0x73,0x20,0x66,0x69,0x72,0x6d,0x20,0x74,0x65,0x78,0x74,0x75,0x72,0x65,
  0x2e,0x20,0x53,0x65,0x72,0x76,0x65,0x64,0x20,0x61,0x6c,0x6f,0x6e,0x67,0x73,0x69,
  0x64,0x65,0x20,0x67,0x72,0x69,0x6c,0x6c,0x65,0x64,0x20,0x76,0x65,0x67,0x65,0x74,
  0x61,0x62,0x6c,0x65,0x73,0x20,0x6f,0x72,0x20,0x6e,0x65,0x73,0x74,0x6c,0x65,0x64,
  0x20,0x69,0x6e,0x20,0x61,0x20,0x70,0x69,0x74,0x61,0x20,0x77,0x69,0x74,0x68,0x20,
  0x66,0x72,0x65,0x73,0x68,0x20,0x68,0x65,0x72,0x62,0x73,0x2c,0x20,0x70,0x65,0x72,
  0x66,0x65,0x63,0x74,0x6c,0x79,0x20,0x67,0x72,0x69,0x6c,0x6c,0x65,0x64,0x20,0x68,
  0x61,0x6c,0x6c,0x6f,0x75,0x6d,0x69,0x20,0x6f,0x66,0x66,0x65,0x72,0x73,0x20,0x61,
  0x20,0x73,0x61,0x74,0x69,0x73,0x66,0x79,0x69,0x6e,0x67,0x6c,0x79,0x20,0x73,0x61,
  0x76,0x6f,0x72,0x79,0x20,0x61,0x6e,0x64,0x20,0x73,0x75,0x62,0x73,0x74,0x61,0x6e,
  0x74,0x69,0x61,0x6c,0x20,0x76,0x65,0x67,0x65,0x74,0x61,0x72,0x69,0x61,0x6e,0x20,
  0x63,0x65,0x6e,0x74,0x65,0x72,0x70,0x69,0x65,0x63,0x65,0x2e,0xd,0xa,0xd,0xa,
  0x43,0x6f,0x6e,0x73,0x69,0x64,0x65,0x72,0x20,0x74,0x68,0x65,0x20,0x63,0x72,0x65,
  0x61,0x6d,0x79,0x20,0x72,0x69,0x63,0x68,0x6e,0x65,0x73,0x73,0x20,0x6f,0x66,0x20,
  0x73,0x6c,0x6f,0x77,0x2d,0x72,0x6f,0x61,0x73,0x74,0x65,0x64,0x20,0x62,0x75,0x74,
  0x74,0x65,0x72,0x6e,0x75,0x74,0x20,0x73,0x71,0x75,0x61,0x73,0x68,0x2c,0x20,0x69,
  0x74,0x73,0x20,0x6e,0x61,0x74,0x75,0x72,0x61,0x6c,0x20,0x73,0x77,0x65,0x65,0x74,
  0x6e,0x65,0x73,0x73,0x20,0x69,0x6e,0x74,0x65,0x6e,0x73,0x69,0x66,0x69,0x65,0x64,
  0x20,0x61,0x73,0x20,0x69,0x74,0x20,0x63,0x61,0x72,0x61,0x6d,0x65,0x6c,0x69,0x7a,
  0x65,0x73,0x20,0x69,0x6e,0x20,0x74,0x68,0x65,0x20,0x6f,0x76,0x65,0x6e,0x2e,0x20,
  0x54,0x68,0x65,0x20,0x64,0x65,0x65,0x70,0x20,0x6f,0x72,0x61,0x6e,0x67,0x65,0x20,
  0x66,0x6c,0x65,0x73,0x68,0x20,0x62,0x65,0x63,0x6f,0x6d,0x65,0x73,0x20,0x69,0x6e,
  0x63,0x72,0x65,0x64,0x69,0x62,0x6c,0x79,0x20,0x74,0x65,0x6e,0x64,0x65,0x72,0x2c,
  0x20,0x79,0x69,0x65,0x6c,0x64,0x69,0x6e,0x67,0x20,0x65,0x61,0x73,0x69,0x6c,0x79,
  0x20,0x74,0x6f,0x20,0x61,0x20,0x66,0x6f,0x72,0x6b,0x2c,0x20,0x61,0x6e,0x64,0x20,
  0x69,0x74,0x73,0x20,0x69,0x6e,0x68,0x65,0x72,0x65,0x6e,0x74,0x20,0x65,0x61,0x72,
  0x74,0x68,0x69,0x6e,0x65,0x73,0x73,0x20,0x69,0x73,0x20,0x62,0x65,0x61,0x75,0x74,
  0x69,0x66,0x75,0x6c,0x6c,0x79,0x20,0x63,0x6f,0x6d,0x70,0x6c,0x65,0x6d,0x65,0x6e,
  0x74,0x65,0x64,0x20,0x62,0x79,0x20,0x61,0x72,0x6f,0x6d,0x61,0x74,0x69,0x63,0x20,
  0x73,0x70,0x69,0x63,0x65,0x73,0x20,0x6c,0x69,0x6b,0x65,0x20,0x63,0x69,0x6e,0x6e,
  0x61,0x6d,0x6f,0x6e,0x2c,0x20,0x6e,0x75,0x74,0x6d,0x65,0x67,0x2c,0x20,0x61,0x6e,
  0x64,0x20,0x73,0x61,0x67,0x65,0x2e,0x20,0x57,0x68,0x65,0x74,0x68,0x65,0x72,0x20,
  0x70,0x75,0x72,0x65,0x65,0x64,0x20,0x69,0x6e,0x74,0x6f,0x20,0x61,0x20,0x76,0x65,
  0x6c,0x76,0x65,0x74,0x79,0x20,0x73,0x6f,0x75,0x70,0x2c,0x20,0x72,0x6f,0x61,0x73,
  0x74,0x65,0x64,0x20,0x69,0x6e,0x20,0x77,0x65,0x64,0x67,0x65,0x73,0x20,0x77,0x69,
  0x74,0x68,0x20,0x6d,0x61,0x70,0x6c,0x65,0x20,0x73,0x79,0x72,0x75,0x70,0x2c,0x20,
  0x6f,0x72,0x20,0x69,0x6e,0x63,0x6f,0x72,0x70,0x6f,0x72,0x61,0x74,0x65,0x64,0x20,
  0x69,0x6e,0x74,0x6f,0x20,0x61,0x20,0x68,0x65,0x61,0x72,0x74,0x79,0x20,0x72,0x69,
  0x73,0x6f,0x74,0x74,0x6f,0x2c,0x20,0x73,0x6c,0x6f,0x77,0x20,0x72,0x6f,0x61,0x73,
  0x74,0x69,0x6e,0x67,0x20,0x62,0x72,0x69,0x6e,0x67,0x73,0x20,0x6f,0x75,0x74,0x20,
  0x74,0x68,0x65,0x20,0x69,0x6e,0x68,0x65,0x72,0x65,0x6e,0x74,0x20,0x73,0x77,0x65,
  0x65,0x74,0x6e,0x65,0x73,0x73,0x20,0x61,0x6e,0x64,0x20,0x73,0x6d,0x6f,0x6f,0x74,
  0x68,0x20,0x74,0x65,0x78,0x74,0x75,0x72,0x65,0x20,0x6f,0x66,0x20,0x74,0x68,0x69,
  0x73,0x20,0x76,0x65,0x72,0x73,0x61,0x74,0x69,0x6c,0x65,0x20,0x76,0x65,0x67,0x65,
  0x74,0x61,0x62,0x6c,0x65,0x2e,0xd,0xa,0xd,0xa,0x54,0x68,0x69,0x6e,0x6b,0x20,
  0x6f,0x66,0x20,0x74,0x68,0x65,0x20,0x64,0x65,0x6c,0x69,0x67,0x68,0x74,0x66,0x75,
  0x6c,0x20,0x63,0x72,0x69,0x73,0x70,0x6e,0x65,0x73,0x73,0x20,0x6f,0x66,0x20,0x70,
  0x65,0x72,0x66,0x65,0x63,0x74,0x6c,0x79,0x20,0x70,0x61,0x6e,0x2d,0x66,0x72,0x69,
  0x65,0x64,0x20,0x74,0x6f,0x66,0x75,0x2c,0x20,0x69,0x74,0x73,0x20,0x6e,0x65,0x75,
  0x74,0x72,0x61,0x6c,0x20,0x66,0x6c,0x61,0x76,0x6f,0x72,0x20,0x74,0x72,0x61,0x6e,
  0x73,0x66,0x6f,0x72,0x6d,0x65,0x64,0x20,0x69,0x6e,0x74,0x6f,0x20,0x61,0x20,0x73,
  0x61,0x76,0x6f,0x72,0x79,0x20,0x64,0x65,0x6c,0x69,0x67,0x68,0x74,0x20,0x74,0x68,
  0x72,0x6f,0x75,0x67,0x68,0x20,0x74,0x68,0x65,0x20,0x6d,0x61,0x67,0x69,0x63,0x20,
  0x6f,0x66,0x20,0x61,0x20,0x77,0x65,0x6c,0x6c,0x2d,0x73,0x65,0x61,0x73,0x6f,0x6e,
  0x65,0x64,0x20,0x6d,0x61,0x72,0x69,0x6e,0x61,0x64,0x65,0x20,0x61,0x6e,0x64,0x20,
  0x61,0x20,0x68,0x6f,0x74,0x20,0x70,0x61,0x6e,0x2e,0x20,0x50,0x72,0x65,0x73,0x73,
  0x69,0x6e,0x67,0x20,0x74,0x68,0x65,0x20,0x74,0x6f,0x66,0x75,0x20,0x62,0x65,0x66,
  0x6f,0x72,0x65,0x68,0x61,0x6e,0x64,0x20,0x72,0x65,0x6d,0x6f,0x76,0x65,0x73,0x20,
  0x65,0x78,0x63,0x65,0x73,0x73,0x20,0x77,0x61,0x74,0x65,0x72,0x2c,0x20,0x61,0x6c,
  0x6c,0x6f,0x77,0x69,0x6e,0x67,0x20,0x69,0x74,0x20,0x74,0x6f,0x20,0x61,0x63,0x68,
  0x69,0x65,0x76,0x65,0x20,0x61,0x20,0x62,0x65,0x61,0x75,0x74,0x69,0x66,0x75,0x6c,
  0x6c,0x79,0x20,0x67,0x6f,0x6c,0x64,0x65,0x6e,0x20,0x61,0x6e,0x64,0x20,0x73,0x6c,
  0x69,0x67,0x68,0x74,0x6c,0x79,0x20,0x63,0x68,0x65,0x77,0x79,0x20,0x65,0x78,0x74,
  0x65,0x72,0x69,0x6f,0x72,0x20,0x77,0x68,0x69,0x6c,0x65,0x20,0x72,0x65,0x6d,0x61,
  0x69,0x6e,0x69,0x6e,0x67,0x20,0x73,0x6f,0x66,0x74,0x20,0x6f,0x6e,0x20,0x74,0x68,
  0x65,0x20,0x69,0x6e,0x73,0x69,0x64,0x65,0x2e,0x20,0x46,0x72,0x6f,0x6d,0x20,0x73,
  0x74,0x69,0x72,0x2d,0x66,0x72,0x69,0x65,0x73,0x20,0x77,0x69,0x74,0x68,0x20,0x76,
  0x69,0x62,0x72,0x61,0x6e,0x74,0x20,0x76,0x65,0x67,0x65,0x74,0x61,0x62,0x6c,0x65,
  0x73,0x20,0x74,0x6f,0x20,0x63,0x72,0x69,0x73,0x70,0x79,0x20,0x61,0x64,0x64,0x69,
  0x74,0x69,0x6f,0x6e,0x73,0x20,0x74,0x6f,0x20,0x73,0x61,0x6c,0x61,0x64,0x73,0x20,
  0x61,0x6e,0x64,0x20,0x73,0x61,0x6e,0x64,0x77,0x69,0x63,0x68,0x65,0x73,0x2c,0x20,
  0x70,0x72,0x6f,0x70,0x65,0x72,0x6c,0x79,0x20,0x70,0x72,0x65,0x70,0x61,0x72,0x65,
  0x64,0x20,0x74,0x6f,0x66,0x75,0x20,0x73,0x68,0x6f,0x77,0x63,0x61,0x73,0x65,0x73,
  0x20,0x69,0x74,0x73,0x20,0x61,0x62,0x69,0x6c,0x69,0x74,0x79,0x20,0x74,0x6f,0x20,
  0x61,0x62,0x73,0x6f,0x72,0x62,0x20,0x66,0x6c,0x61,0x76,0x6f,0x72,0x73,0x20,0x61,
  0x6e,0x64,0x20,0x70,0x72,0x6f,0x76,0x69,0x64,0x65,0x20,0x61,0x20,0x73,0x61,0x74,
  0x69,0x73,0x66,0x79,0x69,0x6e,0x67,0x20,0x70,0x72,0x6f,0x74,0x65,0x69,0x6e,0x20,
  0x65,0x6c,0x65,0x6d,0x65,0x6e,0x74,0x2e,0xd,0xa,0xd,0xa,0x56,0x65,0x67,0x65,
  0x74,0x61,0x72,0x69,0x61,0x6e,0x20,0x63,0x75,0x69,0x73,0x69,0x6e,0x65,0x20,0x61,
  0x6c,0x73,0x6f,0x20,0x63,0x65,0x6c,0x65,0x62,0x72,0x61,0x74,0x65,0x73,0x20,0x74,
  0x68,0x65,0x20,0x68,0x65,0x61,0x72,0x74,0x79,0x20,0x74,0x65,0x78,0x74,0x75,0x72,
  0x65,0x73,0x20,0x61,0x6e,0x64,0x20,0x65,0x61,0x72,0x74,0x68,0x79,0x20,0x66,0x6c,
  0x61,0x76,0x6f,0x72,0x73,0x20,0x6f,0x66,0x20,0x6c,0x65,0x67,0x75,0x6d,0x65,0x73,
  0x2e,0x20,0x49,0x6d,0x61,0x67,0x69,0x6e,0x65,0x20,0x61,0x20,0x70,0x6f,0x74,0x20,
  0x6f,0x66,0x20,0x70,0x65,0x72,0x66,0x65,0x63,0x74,0x6c,0x79,0x20,0x73,0x69,0x6d,
  0x6d,0x65,0x72,0x65,0x64,0x20,0x6c,0x65,0x6e,0x74,0x69,0x6c,0x73,0x2c,0x20,0x65,
  0x61,0x63,0x68,0x20,0x6c,0x65,0x6e,0x74,0x69,0x6c,0x20,0x74,0x65,0x6e,0x64,0x65,
  0x72,0x20,0x79,0x65,0x74,0x20,0x68,0x6f,0x6c,0x64,0x69,0x6e,0x67,0x20,0x69,0x74,
  0x73,0x20,0x73,0x68,0x61,0x70,0x65,0x2c,0x20,0x69,0x6e,0x66,0x75,0x73,0x65,0x64,
  0x20,0x77,0x69,0x74,0x68,0x20,0x61,0x72,0x6f,0x6d,0x61,0x74,0x69,0x63,0x20,0x76,
  0x65,0x67,0x65,0x74,0x61,0x62,0x6c,0x65,0x73,0x20,0x61,0x6e,0x64,0x20,0x68,0x65,
  0x72,0x62,0x73,0x2e,0x20,0x57,0x68,0x65,0x74,0x68,0x65,0x72,0x20,0x74,0x72,0x61,
  0x6e,0x73,0x66,0x6f,0x72,0x6d,0x65,0x64,0x20,0x69,0x6e,0x74,0x6f,0x20,0x61,0x20,
  0x63,0x6f,0x6d,0x66,0x6f,0x72,0x74,0x69,0x6e,0x67,0x20,0x73,0x74,0x65,0x77,0x2c,
  0x20,0x61,0x20,0x66,0x6c,0x61,0x76,0x6f,0x72,0x66,0x75,0x6c,0x20,0x63,0x75,0x72,
  0x72,0x79,0x2c,0x20,0x6f,0x72,0x20,0x61,0x20,0x68,0x65,0x61,0x72,0x74,0x79,0x20,
  0x73,0x61,0x6c,0x61,0x64,0x2c,0x20,0x74,0x68,0x65,0x20,0x6b,0x65,0x79,0x20,0x6c,
  0x69,0x65,0x73,0x20,0x69,0x6e,0x20,0x67,0x65,0x6e,0x74,0x6c,0x65,0x20,0x63,0x6f,
  0x6f,0x6b,0x69,0x6e,0x67,0x20,0x74,0x68,0x61,0x74,0x20,0x61,0x6c,0x6c,0x6f,0x77,
  0x73,0x20,0x74,0x68,0x65,0x20,0x66,0x6c,0x61,0x76,0x6f,0x72,0x73,0x20,0x74,0x6f,
  0x20,0x6d,0x65,0x6c,0x64,0x20,0x61,0x6e,0x64,0x20,0x74,0x68,0x65,0x20,0x6c,0x65,
  0x67,0x75,0x6d,0x65,0x73,0x20,0x74,0x6f,0x20,0x62,0x65,0x63,0x6f,0x6d,0x65,0x20,
  0x74,0x65,0x6e,0x64,0x65,0x72,0x20,0x77,0x69,0x74,0x68,0x6f,0x75,0x74,0x20,0x62,
  0x65,0x63,0x6f,0x6d,0x69,0x6e,0x67,0x20,0x6d,0x75,0x73,0x68,0x79,0x2e,0x20,0x44,
  0x69,0x66,0x66,0x65,0x72,0x65,0x6e,0x74,0x20,0x76,0x61,0x72,0x69,0x65,0x74,0x69,
  0x65,0x73,0x20,0x6f,0x66,0x20,0x6c,0x65,0x6e,0x74,0x69,0x6c,0x73,0x2c,0x20,0x66,
  0x72,0x6f,0x6d,0x20,0x74,0x68,0x65,0x20,0x64,0x65,0x6c,0x69,0x63,0x61,0x74,0x65,
  0x20,0x72,0x65,0x64,0x20,0x74,0x6f,0x20,0x74,0x68,0x65,0x20,0x66,0x69,0x72,0x6d,
  0x20,0x67,0x72,0x65,0x65,0x6e,0x2c,0x20,0x6f,0x66,0x66,0x65,0x72,0x20,0x61,0x20,
  0x73,0x70,0x65,0x63,0x74,0x72,0x75,0x6d,0x20,0x6f,0x66,0x20,0x74,0x65,0x78,0x74,
  0x75,0x72,0x65,0x73,0x20,0x61,0x6e,0x64,0x20,0x66,0x6c,0x61,0x76,0x6f,0x72,0x73,
  0x20,0x74,0x6f,0x20,0x65,0x78,0x70,0x6c,0x6f,0x72,0x65,0x2e,0xd,0xa,0xd,0xa,
  0x46,0x69,0x6e,0x61,0x6c,0x6c,0x79,0x2c,0x20,0x63,0x6f,0x6e,0x73,0x69,0x64,0x65,
  0x72,0x20,0x74,0x68,0x65,0x20,0x76,0x69,0x62,0x72,0x61,0x6e,0x74,0x20,0x66,0x72,
  0x65,0x73,0x68,0x6e,0x65,0x73,0x73,0x20,0x6f,0x66,0x20,0x70,0x65,0x72,0x66,0x65,
  0x63,0x74,0x6c,0x79,0x20,0x72,0x6f,0x61,0x73,0x74,0x65,0x64,0x20,0x76,0x65,0x67,
  0x65,0x74,0x61,0x62,0x6c,0x65,0x73,0x2c,0x20,0x74,0x68,0x65,0x69,0x72,0x20,0x6e,
  0x61,0x74,0x75,0x72,0x61,0x6c,0x20,0x73,0x75,0x67,0x61,0x72,0x73,0x20,0x63,0x61,
  0x72,0x61,0x6d,0x65,0x6c,0x69,0x7a,0x69,0x6e,0x67,0x20,0x61,0x6e,0x64,0x20,0x74,
  0x68,0x65,0x69,0x72,0x20,0x74,0x65,0x78,0x74,0x75,0x72,0x65,0x73,0x20,0x74,0x72,
  0x61,0x6e,0x73,0x66,0x6f,0x72,0x6d,0x69,0x6e,0x67,0x20,0x66,0x72,0x6f,0x6d,0x20,
  0x66,0x69,0x72,0x6d,0x20,0x74,0x6f,0x20,0x74,0x65,0x6e,0x64,0x65,0x72,0x2d,0x63,
  0x72,0x69,0x73,0x70,0x2e,0x20,0x46,0x72,0x6f,0x6d,0x20,0x74,0x68,0x65,0x20,0x73,
  0x77,0x65,0x65,0x74,0x6e,0x65,0x73,0x73,0x20,0x6f,0x66,0x20,0x72,0x6f,0x61,0x73,
  0x74,0x65,0x64,0x20,0x62,0x65,0x6c,0x6c,0x20,0x70,0x65,0x70,0x70,0x65,0x72,0x73,
  0x20,0x61,0x6e,0x64,0x20,0x6f,0x6e,0x69,0x6f,0x6e,0x73,0x20,0x74,0x6f,0x20,0x74,
  0x68,0x65,0x20,0x65,0x61,0x72,0x74,0x68,0x79,0x20,0x6e,0x6f,0x74,0x65,0x73,0x20,
  0x6f,0x66,0x20,0x72,0x6f,0x61,0x73,0x74,0x65,0x64,0x20,0x42,0x72,0x75,0x73,0x73,
  0x65,0x6c,0x73,0x20,0x73,0x70,0x72,0x6f,0x75,0x74,0x73,0x20,0x61,0x6e,0x64,0x20,
  0x63,0x61,0x72,0x72,0x6f,0x74,0x73,0x2c,0x20,0x68,0x69,0x67,0x68,0x20,0x68,0x65,
  0x61,0x74,0x20,0x61,0x6e,0x64,0x20,0x61,0x20,0x74,0x6f,0x75,0x63,0x68,0x20,0x6f,
  0x66,0x20,0x6f,0x6c,0x69,0x76,0x65,0x20,0x6f,0x69,0x6c,0x20,0x62,0x72,0x69,0x6e,
  0x67,0x20,0x6f,0x75,0x74,0x20,0x74,0x68,0x65,0x20,0x62,0x65,0x73,0x74,0x20,0x69,
  0x6e,0x20,0x73,0x65,0x61,0x73,0x6f,0x6e,0x61,0x6c,0x20,0x70,0x72,0x6f,0x64,0x75,
  0x63,0x65,0x2e,0x20,0x52,0x6f,0x61,0x73,0x74,0x65,0x64,0x20,0x76,0x65,0x67,0x65,
  0x74,0x61,0x62,0x6c,0x65,0x73,0x20,0x6f,0x66,0x66,0x65,0x72,0x20,0x61,0x20,0x63,
  0x6f,0x6c,0x6f,0x72,0x66,0x75,0x6c,0x20,0x61,0x6e,0x64,0x20,0x66,0x6c,0x61,0x76,
  0x6f,0x72,0x66,0x75,0x6c,0x20,0x61,0x64,0x64,0x69,0x74,0x69,0x6f,0x6e,0x20,0x74,
  0x6f,0x20,0x61,0x6e,0x79,0x20,0x6d,0x65,0x61,0x6c,0x2c,0x20,0x77,0x68,0x65,0x74,
  0x68,0x65,0x72,0x20,0x73,0x65,0x72,0x76,0x65,0x64,0x20,0x61,0x73,0x20,0x61,0x20,
  0x73,0x69,0x64,0x65,0x20,0x64,0x69,0x73,0x68,0x2c,0x20,0x69,0x6e,0x63,0x6f,0x72,
  0x70,0x6f,0x72,0x61,0x74,0x65,0x64,0x20,0x69,0x6e,0x74,0x6f,0x20,0x73,0x61,0x6c,
  0x61,0x64,0x73,0x2c,0x20,0x6f,0x72,0x20,0x66,0x6f,0x72,0x6d,0x69,0x6e,0x67,0x20,
  0x74,0x68,0x65,0x20,0x62,0x61,0x73,0x65,0x20,0x6f,0x66,0x20,0x61,0x20,0x73,0x61,
  0x74,0x69,0x73,0x66,0x79,0x69,0x6e,0x67,0x20,0x76,0x65,0x67,0x65,0x74,0x61,0x72,
  0x69,0x61,0x6e,0x20,0x6d,0x61,0x69,0x6e,0x20,0x63,0x6f,0x75,0x72,0x73,0x65,0x2e,
  0x22,0xd,0xa,0x20,0x20,0x20,0x20,0x7d,0xd,0xa,0xd,0xa,0x20,0x20,0x20,0x20,
  0x43,0x68,0x61,0x70,0x74,0x65,0x72,0x20,0x7b,0xd,0xa,0x20,0x20,0x20,0x20,0x20,
  0x20,0x20,0x20,0x74,0x69,0x74,0x6c,0x65,0x3a,0x20,0x22,0x57,0x69,0x6e,0x65,0x20,
  0x6e,0x6f,0x74,0x3f,0x22,0xd,0xa,0xd,0xa,0x20,0x20,0x20,0x20,0x20,0x20,0x20,
  0x20,0x74,0x65,0x78,0x74,0x3a,0x20,0x22,0x49,0x6d,0x61,0x67,0x69,0x6e,0x65,0x20,
  0x74,0x68,0x65,0x20,0x63,0x72,0x65,0x61,0x6d,0x79,0x2c,0x20,0x62,0x6c,0x6f,0x6f,
  0x6d,0x79,0x20,0x72,0x69,0x6e,0x64,0x20,0x6f,0x66,0x20,0x61,0x20,0x63,0x6c,0x61,
  0x73,0x73,0x69,0x63,0x20,0x42,0x72,0x69,0x65,0x2c,0x20,0x69,0x74,0x73,0x20,0x62,
  0x75,0x74,0x74,0x65,0x72,0x79,0x20,0x72,0x69,0x63,0x68,0x6e,0x65,0x73,0x73,0x20,
  0x6d,0x65,0x6c,0x74,0x69,0x6e,0x67,0x20,0x6f,0x6e,0x20,0x74,0x68,0x65,0x20,0x74,
  0x6f,0x6e,0x67,0x75,0x65,0x2e,0x20,0x54,0x6f,0x20,0x63,0x6f,0x6d,0x70,0x6c,0x65,
  0x6d,0x65,0x6e,0x74,0x20,0x74,0x68,0x69,0x73,0x20,0x65,0x6c,0x65,0x67,0x61,0x6e,
  0x74,0x20,0x63,0x68,0x65,0x65,0x73,0x65,0x2c,0x20,0x63,0x6f,0x6e,0x73,0x69,0x64,
  0x65,0x72,0x20,0x61,0x20,0x63,0x72,0x69,0x73,0x70,0x20,0x61,0x6e,0x64,0x20,0x64,
  0x72,0x79,0x20,0x43,0x68,0x61,0x6d,0x70,0x61,0x67,0x6e,0x65,0x20,0x6f,0x72,0x20,
  0x61,0x20,0x73,0x69,0x6d,0x69,0x6c,0x61,0x72,0x6c,0x79,0x20,0x73,0x74,0x79,0x6c,
  0x65,0x64,0x20,0x73,0x70,0x61,0x72,0x6b,0x6c,0x69,0x6e,0x67,0x20,0x77,0x69,0x6e,
  0x65,0x2e,0x20,0x54,0x68,0x65,0x20,0x62,0x75,0x62,0x62,0x6c,0x65,0x73,0x20,0x63,
  0x75,0x74,0x20,0x74,0x68,0x72,0x6f,0x75,0x67,0x68,0x20,0x74,0x68,0x65,0x20,0x72,
  0x69,0x63,0x68,0x6e,0x65,0x73,0x73,0x2c,0x20,0x77,0x68,0x69,0x6c,0x65,0x20,0x74,
  0x68,0x65,0x20,0x77,0x69,0x6e,0x65,0x27,0x73,0x20,0x73,0x75,0x62,0x74,0x6c,0x65,
  0x20,0x66,0x72,0x75,0x69,0x74,0x20,0x6e,0x6f,0x74,0x65,0x73,0x20,0x61,0x6e,0x64,
  0x20,0x72,0x65,0x66,0x72,0x65,0x73,0x68,0x69,0x6e,0x67,0x20,0x61,0x63,0x69,0x64,
  0x69,0x74,0x79,0x20,0x70,0x72,0x6f,0x76,0x69,0x64,0x65,0x20,0x61,0x20,0x64,0x65,
  0x6c,0x69,0x67,0x68,0x74,0x66,0x75,0x6c,0x20,0x63,0x6f,0x75,0x6e,0x74,0x65,0x72,
  0x70,0x6f,0x69,0x6e,0x74,0x2e,0x20,0x41,0x6c,0x74,0x65,0x72,0x6e,0x61,0x74,0x69,
  0x76,0x65,0x6c,0x79,0x2c,0x20,0x61,0x20,0x6c,0x69,0x67,0x68,0x74,0x2d,0x62,0x6f,
  0x64,0x69,0x65,0x64,0x20,0x50,0x69,0x6e,0x6f,0x74,0x20,0x4e,0x6f,0x69,0x72,0x20,
  0x77,0x69,0x74,0x68,0x20,0x69,0x74,0x73,0x20,0x65,0x61,0x72,0x74,0x68,0x79,0x20,
  0x75,0x6e,0x64,0x65,0x72,0x74,0x6f,0x6e,0x65,0x73,0x20,0x61,0x6e,0x64,0x20,0x62,
  0x72,0x69,0x67,0x68,0x74,0x20,0x72,0x65,0x64,0x20,0x66,0x72,0x75,0x69,0x74,0x20,
  0x63,0x61,0x6e,0x20,0x61,0x6c,0x73,0x6f,0x20,0x63,0x72,0x65,0x61,0x74,0x65,0x20,
  0x61,0x20,0x68,0x61,0x72,0x6d,0x6f,0x6e,0x69,0x6f,0x75,0x73,0x20,0x70,0x61,0x69,
  0x72,0x69,0x6e,0x67,0x2c,0x20,0x65,0x63,0x68,0x6f,0x69,0x6e,0x67,0x20,0x74,0x68,
  0x65,0x20,0x42,0x72,0x69,0x65,0x27,0x73,0x20,0x64,0x65,0x6c,0x69,0x63,0x61,0x74,
  0x65,0x20,0x66,0x6c,0x61,0x76,0x6f,0x72,0x73,0x20,0x77,0x69,0x74,0x68,0x6f,0x75,
  0x74,0x20,0x6f,0x76,0x65,0x72,0x70,0x6f,0x77,0x65,0x72,0x69,0x6e,0x67,0x20,0x74,
  0x68,0x65,0x6d,0x2e,0xd,0xa,0xd,0xa,0x43,0x6f,0x6e,0x73,0x69,0x64,0x65,0x72,
  0x20,0x74,0x68,0x65,0x20,0x73,0x68,0x61,0x72,0x70,0x2c,0x20,0x63,0x72,0x79,0x73,
  0x74,0x61,0x6c,0x6c,0x69,0x6e,0x65,0x20,0x74,0x65,0x78,0x74,0x75,0x72,0x65,0x20,
  0x6f,0x66,0x20,0x61,0x6e,0x20,0x61,0x67,0x65,0x64,0x20,0x63,0x68,0x65,0x64,0x64,
  0x61,0x72,0x2c,0x20,0x69,0x74,0x73,0x20,0x69,0x6e,0x74,0x65,0x6e,0x73,0x65,0x20,
  0x73,0x61,0x76,0x6f,0x72,0x79,0x20,0x61,0x6e,0x64,0x20,0x6e,0x75,0x74,0x74,0x79,
  0x20,0x6e,0x6f,0x74,0x65,0x73,0x20,0x64,0x65,0x6d,0x61,0x6e,0x64,0x69,0x6e,0x67,
  0x20,0x61,0x20,0x77,0x69,0x6e,0x65,0x20,0x77,0x69,0x74,0x68,0x20,0x61,0x20,0x62,
  0x69,0x74,0x20,0x6d,0x6f,0x72,0x65,0x20,0x73,0x74,0x72,0x75,0x63,0x74,0x75,0x72,
  0x65,0x2e,0x20,0x41,0x20,0x72,0x6f,0x62,0x75,0x73,0x74,0x20,0x43,0x61,0x62,0x65,
  0x72,0x6e,0x65,0x74,0x20,0x53,0x61,0x75,0x76,0x69,0x67,0x6e,0x6f,0x6e,0x2c,0x20,
  0x77,0x69,0x74,0x68,0x20,0x69,0x74,0x73,0x20,0x66,0x69,0x72,0x6d,0x20,0x74,0x61,
  0x6e,0x6e,0x69,0x6e,0x73,0x20,0x61,0x6e,0x64,0x20,0x64,0x61,0x72,0x6b,0x20,0x66,
  0x72,0x75,0x69,0x74,0x20,0x63,0x68,0x61,0x72,0x61,0x63,0x74,0x65,0x72,0x2c,0x20,
  0x63,0x61,0x6e,0x20,0x73,0x74,0x61,0x6e,0x64,0x20,0x75,0x70,0x20,0x62,0x65,0x61,
  0x75,0x74,0x69,0x66,0x75,0x6c,0x6c,0x79,0x20,0x74,0x6f,0x20,0x74,0x68,0x65,0x20,
  0x63,0x68,0x65,0x64,0x64,0x61,0x72,0x27,0x73,0x20,0x69,0x6e,0x74,0x65,0x6e,0x73,
  0x69,0x74,0x79,0x2e,0x20,0x54,0x68,0x65,0x20,0x77,0x69,0x6e,0x65,0x27,0x73,0x20,
  0x62,0x6f,0x6c,0x64,0x6e,0x65,0x73,0x73,0x20,0x63,0x6f,0x6d,0x70,0x6c,0x65,0x6d,
  0x65,0x6e,0x74,0x73,0x20,0x74,0x68,0x65,0x20,0x63,0x68,0x65,0x65,0x73,0x65,0x27,
  0x73,0x20,0x73,0x68,0x61,0x72,0x70,0x6e,0x65,0x73,0x73,0x2c,0x20,0x63,0x72,0x65,
  0x61,0x74,0x69,0x6e,0x67,0x20,0x61,0x20,0x73,0x61,0x74,0x69,0x73,0x66,0x79,0x69,
  0x6e,0x67,0x6c,0x79,0x20,0x63,0x6f,0x6d,0x70,0x6c,0x65,0x78,0x20,0x65,0x78,0x70,
  0x65,0x72,0x69,0x65,0x6e,0x63,0x65,0x2e,0x20,0x46,0x6f,0x72,0x20,0x61,0x20,0x77,
  0x68,0x69,0x74,0x65,0x20,0x77,0x69,0x6e,0x65,0x20,0x6f,0x70,0x74,0x69,0x6f,0x6e,
  0x2c,0x20,0x61,0x20,0x72,0x69,0x63,0x68,0x20,0x61,0x6e,0x64,0x20,0x66,0x75,0x6c,
  0x6c,0x2d,0x62,0x6f,0x64,0x69,0x65,0x64,0x20,0x43,0x68,0x61,0x72,0x64,0x6f,0x6e,
  0x6e,0x61,0x79,0x20,0x77,0x69,0x74,0x68,0x20,0x6e,0x6f,0x74,0x65,0x73,0x20,0x6f,
  0x66,0x20,0x62,0x75,0x74,0x74,0x65,0x72,0x20,0x61,0x6e,0x64,0x20,0x68,0x61,0x7a,
  0x65,0x6c,0x6e,0x75,0x74,0x20,0x63,0x61,0x6e,0x20,0x61,0x6c,0x73,0x6f,0x20,0x70,
  0x72,0x6f,0x76,0x69,0x64,0x65,0x20,0x61,0x20,0x6c,0x6f,0x76,0x65,0x6c,0x79,0x20,
  0x63,0x6f,0x6e,0x74,0x72,0x61,0x73,0x74,0x20,0x74,0x6f,0x20,0x74,0x68,0x65,0x20,
  0x63,0x68,0x65,0x64,0x64,0x61,0x72,0x27,0x73,0x20,0x73,0x61,0x76,0x6f,0x72,0x79,
  0x20,0x64,0x65,0x70,0x74,0x68,0x2e,0xd,0xa,0xd,0xa,0x45,0x78,0x70,0x6c,0x6f,
  0x72,0x65,0x20,0x74,0x68,0x65,0x20,0x74,0x61,0x6e,0x67,0x79,0x2c,0x20,0x6f,0x66,
  0x74,0x65,0x6e,0x20,0x73,0x6c,0x69,0x67,0x68,0x74,0x6c,0x79,0x20,0x63,0x72,0x75,
  0x6d,0x62,0x6c,0x79,0x20,0x63,0x68,0x61,0x72,0x61,0x63,0x74,0x65,0x72,0x20,0x6f,
  0x66,0x20,0x61,0x20,0x67,0x6f,0x61,0x74,0x20,0x63,0x68,0x65,0x65,0x73,0x65,0x2c,
  0x20,0x69,0x74,0x73,0x20,0x62,0x72,0x69,0x67,0x68,0x74,0x20,0x61,0x63,0x69,0x64,
  0x69,0x74,0x79,0x20,0x63,0x61,0x6c,0x6c,0x69,0x6e,0x67,0x20,0x66,0x6f,0x72,0x20,
  0x61,0x20,0x77,0x69,0x6e,0x65,0x20,0x77,0x69,0x74,0x68,0x20,0x73,0x69,0x6d,0x69,
  0x6c,0x61,0x72,0x20,0x76,0x69,0x62,0x72,0x61,0x6e,0x63,0x79,0x2e,0x20,0x41,0x20,
  0x63,0x72,0x69,0x73,0x70,0x20,0x53,0x61,0x75,0x76,0x69,0x67,0x6e,0x6f,0x6e,0x20,
  0x42,0x6c,0x61,0x6e,0x63,0x2c,0x20,0x77,0x69,0x74,0x68,0x20,0x69,0x74,0x73,0x20,
  0x68,0x65,0x72,0x62,0x61,0x63,0x65,0x6f,0x75,0x73,0x20,0x6e,0x6f,0x74,0x65,0x73,
  0x20,0x61,0x6e,0x64,0x20,0x72,0x65,0x66,0x72,0x65,0x73,0x68,0x69,0x6e,0x67,0x20,
  0x63,0x69,0x74,0x72,0x75,0x73,0x20,0x66,0x6c,0x61,0x76,0x6f,0x72,0x73,0x2c,0x20,
  0x69,0x73,0x20,0x61,0x20,0x63,0x6c,0x61,0x73,0x73,0x69,0x63,0x20,0x70,0x61,0x69,
  0x72,0x69,0x6e,0x67,0x2e,0x20,0x54,0x68,0x65,0x20,0x77,0x69,0x6e,0x65,0x27,0x73,
  0x20,0x61,0x63,0x69,0x64,0x69,0x74,0x79,0x20,0x63,0x6c,0x65,0x61,0x6e,0x73,0x65,
  0x73,0x20,0x74,0x68,0x65,0x20,0x70,0x61,0x6c,0x61,0x74,0x65,0x2c,0x20,0x77,0x68,
  0x69,0x6c,0x65,0x20,0x69,0x74,0x73,0x20,0x61,0x72,0x6f,0x6d,0x61,0x74,0x69,0x63,
  0x20,0x71,0x75,0x61,0x6c,0x69,0x74,0x69,0x65,0x73,0x20,0x65,0x6e,0x68,0x61,0x6e,
  0x63,0x65,0x20,0x74,0x68,0x65,0x20,0x67,0x6f,0x61,0x74,0x20,0x63,0x68,0x65,0x65,
  0x73,0x65,0x27,0x73,0x20,0x64,0x69,0x73,0x74,0x69,0x6e,0x63,0x74,0x20,0x74,0x61,
  0x6e,0x67,0x2e,0x20,0x41,0x6c,0x74,0x65,0x72,0x6e,0x61,0x74,0x69,0x76,0x65,0x6c,
  0x79,0x2c,0x20,0x61,0x20,0x64,0x72,0x79,0x20,0x72,0x6f,0x73,0xc3,0xa9,0x20,0x77,
  0x69,0x74,0x68,0x20,0x69,0x74,0x73,0x20,0x64,0x65,0x6c,0x69,0x63,0x61,0x74,0x65,
  0x20,0x72,0x65,0x64,0x20,0x66,0x72,0x75,0x69,0x74,0x20,0x61,0x6e,0x64,0x20,0x72,
  0x65,0x66,0x72,0x65,0x73,0x68,0x69,0x6e,0x67,0x20,0x61,0x63,0x69,0x64,0x69,0x74,
  0x79,0x20,0x63,0x61,0x6e,0x20,0x61,0x6c,0x73,0x6f,0x20,0x6f,0x66,0x66,0x65,0x72,
  0x20,0x61,0x20,0x64,0x65,0x6c,0x69,0x67,0x68,0x74,0x66,0x75,0x6c,0x20,0x61,0x6e,
  0x64,0x20,0x76,0x65,0x72,0x73,0x61,0x74,0x69,0x6c,0x65,0x20,0x70,0x61,0x69,0x72,
  0x69,0x6e,0x67,0x2c,0x20,0x77,0x6f,0x72,0x6b,0x69,0x6e,0x67,0x20,0x77,0x65,0x6c,
  0x6c,0x20,0x77,0x69,0x74,0x68,0x20,0x62,0x6f,0x74,0x68,0x20,0x66,0x72,0x65,0x73,
  0x68,0x20,0x61,0x6e,0x64,0x20,0x73,0x6c,0x69,0x67,0x68,0x74,0x6c,0x79,0x20,0x61,
  0x67,0x65,0x64,0x20,0x67,0x6f,0x61,0x74,0x20,0x63,0x68,0x65,0x65,0x73,0x65,0x73,
  0x2e,0xd,0xa,0xd,0xa,0x4c,0x65,0x74,0x27,0x73,0x20,0x6e,0x6f,0x74,0x20,0x66,
  0x6f,0x72,0x67,0x65,0x74,0x20,0x74,0x68,0x65,0x20,0x70,0x75,0x6e,0x67,0x65,0x6e,
  0x74,0x20,0x61,0x6e,0x64,0x20,0x6f,0x66,0x74,0x65,0x6e,0x20,0x63,0x72,0x65,0x61,
  0x6d,0x79,0x20,0x64,0x65,0x6c,0x69,0x67,0x68,0x74,0x73,0x20,0x6f,0x66,0x20,0x62,
  0x6c,0x75,0x65,0x20,0x63,0x68,0x65,0x65,0x73,0x65,0x2e,0x20,0x54,0x68,0x65,0x20,
  0x62,0x6f,0x6c,0x64,0x2c,0x20,0x73,0x61,0x6c,0x74,0x79,0x2c,0x20,0x61,0x6e,0x64,
  0x20,0x73,0x6f,0x6d,0x65,0x74,0x69,0x6d,0x65,0x73,0x20,0x73,0x70,0x69,0x63,0x79,
  0x20,0x66,0x6c,0x61,0x76,0x6f,0x72,0x73,0x20,0x6f,0x66,0x20,0x62,0x6c,0x75,0x65,
  0x20,0x63,0x68,0x65,0x65,0x73,0x65,0x20,0x72,0x65,0x71,0x75,0x69,0x72,0x65,0x20,
  0x61,0x20,0x77,0x69,0x6e,0x65,0x20,0x77,0x69,0x74,0x68,0x20,0x61,0x20,0x74,0x6f,
  0x75,0x63,0x68,0x20,0x6f,0x66,0x20,0x73,0x77,0x65,0x65,0x74,0x6e,0x65,0x73,0x73,
  0x20,0x74,0x6f,0x20,0x63,0x72,0x65,0x61,0x74,0x65,0x20,0x62,0x61,0x6c,0x61,0x6e,
  0x63,0x65,0x2e,0x20,0x41,0x20,0x63,0x6c,0x61,0x73,0x73,0x69,0x63,0x20,0x70,0x61,
  0x69,0x72,0x69,0x6e,0x67,0x20,0x69,0x73,0x20,0x77,0x69,0x74,0x68,0x20,0x61,0x20,
  0x73,0x77,0x65,0x65,0x74,0x20,0x64,0x65,0x73,0x73,0x65,0x72,0x74,0x20,0x77,0x69,
  0x6e,0x65,0x20,0x6c,0x69,0x6b,0x65,0x20,0x53,0x61,0x75,0x74,0x65,0x72,0x6e,0x65,
  0x73,0x20,0x6f,0x72,0x20,0x61,0x20,0x6c,0x61,0x74,0x65,0x2d,0x68,0x61,0x72,0x76,
  0x65,0x73,0x74,0x20,0x52,0x69,0x65,0x73,0x6c,0x69,0x6e,0x67,0x2e,0x20,0x54,0x68,
  0x65,0x20,0x77,0x69,0x6e,0x65,0x27,0x73,0x20,0x73,0x77,0x65,0x65,0x74,0x6e,0x65,
  0x73,0x73,0x20,0x63,0x75,0x74,0x73,0x20,0x74,0x68,0x72,0x6f,0x75,0x67,0x68,0x20,
  0x74,0x68,0x65,0x20,0x63,0x68,0x65,0x65,0x73,0x65,0x27,0x73,0x20,0x69,0x6e,0x74,
  0x65,0x6e,0x73,0x69,0x74,0x79,0x2c,0x20,0x77,0x68,0x69,0x6c,0x65,0x20,0x69,0x74,
  0x73,0x20,0x72,0x69,0x63,0x68,0x20,0x66,0x72,0x75,0x69,0x74,0x20,0x6e,0x6f,0x74,
  0x65,0x73,0x20,0x63,0x6f,0x6d,0x70,0x6c,0x65,0x6d,0x65,0x6e,0x74,0x20,0x74,0x68,
  0x65,0x20,0x73,0x61,0x76,0x6f,0x72,0x79,0x20,0x61,0x6e,0x64,0x20,0x73,0x6f,0x6d,
  0x65,0x74,0x69,0x6d,0x65,0x73,0x20,0x65,0x61,0x72,0x74,0x68,0x79,0x20,0x75,0x6e,
  0x64,0x65,0x72,0x74,0x6f,0x6e,0x65,0x73,0x2e,0x20,0x46,0x6f,0x72,0x20,0x61,0x20,
  0x72,0x65,0x64,0x20,0x77,0x69,0x6e,0x65,0x20,0x70,0x61,0x69,0x72,0x69,0x6e,0x67,
  0x2c,0x20,0x61,0x20,0x66,0x72,0x75,0x69,0x74,0x79,0x20,0x61,0x6e,0x64,0x20,0x73,
  0x6c,0x69,0x67,0x68,0x74,0x6c,0x79,0x20,0x6f,0x66,0x66,0x2d,0x64,0x72,0x79,0x20,
  0x50,0x6f,0x72,0x74,0x20,0x63,0x61,0x6e,0x20,0x61,0x6c,0x73,0x6f,0x20,0x6f,0x66,
  0x66,0x65,0x72,0x20,0x61,0x20,0x63,0x6f,0x6d,0x70,0x65,0x6c,0x6c,0x69,0x6e,0x67,
  0x20,0x63,0x6f,0x6e,0x74,0x72,0x61,0x73,0x74,0x2e,0xd,0xa,0xd,0xa,0x46,0x69,
  0x6e,0x61,0x6c,0x6c,0x79,0x2c,0x20,0x63,0x6f,0x6e,0x73,0x69,0x64,0x65,0x72,0x20,
  0x74,0x68,0x65,0x20,0x66,0x69,0x72,0x6d,0x2c,0x20,0x6e,0x75,0x74,0x74,0x79,0x20,
  0x63,0x68,0x61,0x72,0x61,0x63,0x74,0x65,0x72,0x20,0x6f,0x66,0x20,0x61,0x20,0x47,
  0x72,0x75,0x79,0xc3,0xa8,0x72,0x65,0x2c,0x20,0x69,0x74,0x73,0x20,0x63,0x6f,0x6d,
  0x70,0x6c,0x65,0x78,0x20,0x66,0x6c,0x61,0x76,0x6f,0x72,0x73,0x20,0x72,0x61,0x6e,
  0x67,0x69,0x6e,0x67,0x20,0x66,0x72,0x6f,0x6d,0x20,0x65,0x61,0x72,0x74,0x68,0x79,
  0x20,0x74,0x6f,0x20,0x73,0x6c,0x69,0x67,0x68,0x74,0x6c,0x79,0x20,0x73,0x77,0x65,
  0x65,0x74,0x2e,0x20,0x41,0x20,0x6d,0x65,0x64,0x69,0x75,0x6d,0x2d,0x62,0x6f,0x64,
  0x69,0x65,0x64,0x20,0x64,0x72,0x79,0x20,0x77,0x68,0x69,0x74,0x65,0x20,0x77,0x69,
  0x6e,0x65,0x20,0x6c,0x69,0x6b,0x65,0x20,0x61,0x20,0x43,0x68,0x61,0x72,0x64,0x6f,
  0x6e,0x6e,0x61,0x79,0x20,0x66,0x72,0x6f,0x6d,0x20,0x74,0x68,0x65,0x20,0x4a,0x75,
  0x72,0x61,0x20,0x72,0x65,0x67,0x69,0x6f,0x6e,0x2c,0x20,0x77,0x69,0x74,0x68,0x20,
  0x69,0x74,0x73,0x20,0x6e,0x75,0x74,0x74,0x79,0x20,0x61,0x6e,0x64,0x20,0x6d,0x69,
  0x6e,0x65,0x72,0x61,0x6c,0x20,0x6e,0x6f,0x74,0x65,0x73,0x2c,0x20,0x63,0x61,0x6e,
  0x20,0x62,0x65,0x61,0x75,0x74,0x69,0x66,0x75,0x6c,0x6c,0x79,0x20,0x65,0x63,0x68,
  0x6f,0x20,0x74,0x68,0x65,0x20,0x63,0x68,0x65,0x65,0x73,0x65,0x27,0x73,0x20,0x63,
  0x6f,0x6d,0x70,0x6c,0x65,0x78,0x69,0x74,0x79,0x2e,0x20,0x41,0x6c,0x74,0x65,0x72,
  0x6e,0x61,0x74,0x69,0x76,0x65,0x6c,0x79,0x2c,0x20,0x61,0x20,0x6c,0x69,0x67,0x68,
  0x74,0x65,0x72,0x2d,0x62,0x6f,0x64,0x69,0x65,0x64,0x20,0x72,0x65,0x64,0x20,0x77,
  0x69,0x6e,0x65,0x20,0x77,0x69,0x74,0x68,0x20,0x67,0x6f,0x6f,0x64,0x20,0x61,0x63,
  0x69,0x64,0x69,0x74,0x79,0x2c,0x20,0x73,0x75,0x63,0x68,0x20,0x61,0x73,0x20,0x61,
  0x20,0x42,0x65,0x61,0x75,0x6a,0x6f,0x6c,0x61,0x69,0x73,0x2c,0x20,0x63,0x61,0x6e,
  0x20,0x61,0x6c,0x73,0x6f,0x20,0x70,0x72,0x6f,0x76,0x69,0x64,0x65,0x20,0x61,0x20,
  0x68,0x61,0x72,0x6d,0x6f,0x6e,0x69,0x6f,0x75,0x73,0x20,0x70,0x61,0x69,0x72,0x69,
  0x6e,0x67,0x2c,0x20,0x69,0x74,0x73,0x20,0x62,0x72,0x69,0x67,0x68,0x74,0x20,0x66,
  0x72,0x75,0x69,0x74,0x20,0x61,0x6e,0x64,0x20,0x65,0x61,0x72,0x74,0x68,0x79,0x20,
  0x6e,0x6f,0x74,0x65,0x73,0x20,0x63,0x6f,0x6d,0x70,0x6c,0x65,0x6d,0x65,0x6e,0x74,
  0x69,0x6e,0x67,0x20,0x74,0x68,0x65,0x20,0x47,0x72,0x75,0x79,0xc3,0xa8,0x72,0x65,
  0x27,0x73,0x20,0x6e,0x75,0x61,0x6e,0x63,0x65,0x64,0x20,0x66,0x6c,0x61,0x76,0x6f,
  0x72,0x73,0x20,0x77,0x69,0x74,0x68,0x6f,0x75,0x74,0x20,0x6f,0x76,0x65,0x72,0x77,
  0x68,0x65,0x6c,0x6d,0x69,0x6e,0x67,0x20,0x74,0x68,0x65,0x6d,0x2e,0x22,0xd,0xa,
  0x20,0x20,0x20,0x20,0x7d,0xd,0xa,0x7d,0xd,0xa,
    // SettingsButton.qml
  0x0,0x0,0x1,0x73,
  0x2f,
  0x2f,0x20,0x43,0x6f,0x70,0x79,0x72,0x69,0x67,0x68,0x74,0x20,0x28,0x43,0x29,0x20,
  0x32,0x30,0x32,0x36,0x20,0x51,0x74,0x20,0x47,0x72,0x6f,0x75,0x70,0x2e,0xd,0xa,
  0x2f,0x2f,0x20,0x53,0x50,0x44,0x58,0x2d,0x4c,0x69,0x63,0x65,0x6e,0x73,0x65,0x2d,
  0x49,0x64,0x65,0x6e,0x74,0x69,0x66,0x69,0x65,0x72,0x3a,0x20,0x4c,0x69,0x63,0x65,
  0x6e,0x73,0x65,0x52,0x65,0x66,0x2d,0x51,0x74,0x2d,0x43,0x6f,0x6d,0x6d,0x65,0x72,
  0x63,0x69,0x61,0x6c,0x20,0x4f,0x52,0x20,0x47,0x50,0x4c,0x2d,0x33,0x2e,0x30,0x2d,
  0x6f,0x6e,0x6c,0x79,0xd,0xa,0xd,0xa,0x69,0x6d,0x70,0x6f,0x72,0x74,0x20,0x51,
  0x74,0x51,0x75,0x69,0x63,0x6b,0xd,0xa,0xd,0xa,0x49,0x6d,0x61,0x67,0x65,0x20,
  0x7b,0xd,0xa,0x20,0x20,0x20,0x20,0x73,0x6f,0x75,0x72,0x63,0x65,0x3a,0x20,0x54,
  0x68,0x65,0x6d,0x65,0x2e,0x64,0x61,0x72,0x6b,0x4d,0x6f,0x64,0x65,0x20,0x3f,0x20,
  0x22,0x69,0x6d,0x61,0x67,0x65,0x73,0x2f,0x73,0x65,0x74,0x74,0x69,0x6e,0x67,0x73,
  0x57,0x68,0x69,0x74,0x65,0x22,0x20,0x3a,0xd,0xa,0x20,0x20,0x20,0x20,0x20,0x20,
  0x20,0x20,0x20,0x20,0x20,0x20,0x20,0x20,0x20,0x20,0x20,0x20,0x20,0x20,0x20,0x20,
  0x20,0x20,0x20,0x20,0x20,0x20,0x20,0x22,0x69,0x6d,0x61,0x67,0x65,0x73,0x2f,0x73,
  0x65,0x74,0x74,0x69,0x6e,0x67,0x73,0x42,0x6c,0x61,0x63,0x6b,0x22,0xd,0xa,0xd,
  0xa,0x20,0x20,0x20,0x20,0x54,0x61,0x70,0x48,0x61,0x6e,0x64,0x6c,0x65,0x72,0x20,
  0x7b,0xd,0xa,0x20,0x20,0x20,0x20,0x20,0x20,0x20,0x20,0x6f,0x6e,0x54,0x61,0x70,
  0x70,0x65,0x64,0x3a,0x20,0x64,0x72,0x61,0x77,0x65,0x72,0x2e,0x6f,0x70,0x65,0x6e,
  0x65,0x64,0x20,0x3f,0x20,0x64,0x72,0x61,0x77,0x65,0x72,0x2e,0x63,0x6c,0x6f,0x73,
  0x65,0x28,0x29,0x20,0x3a,0xd,0xa,0x20,0x20,0x20,0x20,0x20,0x20,0x20,0x20,0x20,
  0x20,0x20,0x20,0x20,0x20,0x20,0x20,0x20,0x20,0x20,0x20,0x20,0x20,0x20,0x20,0x20,
  0x20,0x20,0x20,0x20,0x20,0x20,0x20,0x20,0x20,0x64,0x72,0x61,0x77,0x65,0x72,0x2e,
  0x6f,0x70,0x65,0x6e,0x28,0x29,0xd,0xa,0x20,0x20,0x20,0x20,0x7d,0xd,0xa,0x7d,
  0xd,0xa,
    // Book.qml
  0x0,0x0,0x0,0xdc,
  0x2f,
  0x2f,0x20,0x43,0x6f,0x70,0x79,0x72,0x69,0x67,0x68,0x74,0x20,0x28,0x43,0x29,0x20,
  0x32,0x30,0x32,0x36,0x20,0x51,0x74,0x20,0x47,0x72,0x6f,0x75,0x70,0x2e,0xd,0xa,
  0x2f,0x2f,0x20,0x53,0x50,0x44,0x58,0x2d,0x4c,0x69,0x63,0x65,0x6e,0x73,0x65,0x2d,
  0x49,0x64,0x65,0x6e,0x74,0x69,0x66,0x69,0x65,0x72,0x3a,0x20,0x4c,0x69,0x63,0x65,
  0x6e,0x73,0x65,0x52,0x65,0x66,0x2d,0x51,0x74,0x2d,0x43,0x6f,0x6d,0x6d,0x65,0x72,
  0x63,0x69,0x61,0x6c,0x20,0x4f,0x52,0x20,0x47,0x50,0x4c,0x2d,0x33,0x2e,0x30,0x2d,
  0x6f,0x6e,0x6c,0x79,0xd,0xa,0xd,0xa,0x69,0x6d,0x70,0x6f,0x72,0x74,0x20,0x51,
  0x74,0x51,0x75,0x69,0x63,0x6b,0xd,0xa,0xd,0xa,0x51,0x74,0x4f,0x62,0x6a,0x65,
  0x63,0x74,0x20,0x7b,0xd,0xa,0x20,0x20,0x20,0x20,0x72,0x65,0x71,0x75,0x69,0x72,
  0x65,0x64,0x20,0x70,0x72,0x6f,0x70,0x65,0x72,0x74,0x79,0x20,0x73,0x74,0x72,0x69,
  0x6e,0x67,0x20,0x74,0x69,0x74,0x6c,0x65,0xd,0xa,0x20,0x20,0x20,0x20,0x64,0x65,
  0x66,0x61,0x75,0x6c,0x74,0x20,0x70,0x72,0x6f,0x70,0x65,0x72,0x74,0x79,0x20,0x6c,
  0x69,0x73,0x74,0x3c,0x51,0x74,0x4f,0x62,0x6a,0x65,0x63,0x74,0x3e,0x20,0x63,0x68,
  0x61,0x70,0x74,0x65,0x72,0x73,0xd,0xa,0x7d,0xd,0xa,
    // Theme.qml
  0x0,0x0,0x2,0xbc,
  0x2f,
  0x2f,0x20,0x43,0x6f,0x70,0x79,0x72,0x69,0x67,0x68,0x74,0x20,0x28,0x43,0x29,0x20,
  0x32,0x30,0x32,0x36,0x20,0x51,0x74,0x20,0x47,0x72,0x6f,0x75,0x70,0x2e,0xd,0xa,
  0x2f,0x2f,0x20,0x53,0x50,0x44,0x58,0x2d,0x4c,0x69,0x63,0x65,0x6e,0x73,0x65,0x2d,
  0x49,0x64,0x65,0x6e,0x74,0x69,0x66,0x69,0x65,0x72,0x3a,0x20,0x4c,0x69,0x63,0x65,
  0x6e,0x73,0x65,0x52,0x65,0x66,0x2d,0x51,0x74,0x2d,0x43,0x6f,0x6d,0x6d,0x65,0x72,
  0x63,0x69,0x61,0x6c,0x20,0x4f,0x52,0x20,0x47,0x50,0x4c,0x2d,0x33,0x2e,0x30,0x2d,
  0x6f,0x6e,0x6c,0x79,0xd,0xa,0xd,0xa,0x70,0x72,0x61,0x67,0x6d,0x61,0x20,0x53,
  0x69,0x6e,0x67,0x6c,0x65,0x74,0x6f,0x6e,0xd,0xa,0xd,0xa,0x69,0x6d,0x70,0x6f,
  0x72,0x74,0x20,0x51,0x74,0x51,0x75,0x69,0x63,0x6b,0xd,0xa,0xd,0xa,0x51,0x74,
  0x4f,0x62,0x6a,0x65,0x63,0x74,0x20,0x7b,0xd,0xa,0x20,0x20,0x20,0x20,0x70,0x72,
  0x6f,0x70,0x65,0x72,0x74,0x79,0x20,0x62,0x6f,0x6f,0x6c,0x20,0x64,0x61,0x72,0x6b,
  0x4d,0x6f,0x64,0x65,0x3a,0x20,0x74,0x72,0x75,0x65,0xd,0xa,0xd,0xa,0x20,0x20,
  0x20,0x20,0x72,0x65,0x61,0x64,0x6f,0x6e,0x6c,0x79,0x20,0x70,0x72,0x6f,0x70,0x65,
  0x72,0x74,0x79,0x20,0x76,0x61,0x72,0x20,0x66,0x6f,0x72,0x65,0x67,0x72,0x6f,0x75,
  0x6e,0x64,0x3a,0x20,0x64,0x61,0x72,0x6b,0x4d,0x6f,0x64,0x65,0x20,0x3f,0x20,0x22,
  0x77,0x68,0x69,0x74,0x65,0x22,0x20,0x3a,0x20,0x22,0x62,0x6c,0x61,0x63,0x6b,0x22,
  0xd,0xa,0x20,0x20,0x20,0x20,0x72,0x65,0x61,0x64,0x6f,0x6e,0x6c,0x79,0x20,0x70,
  0x72,0x6f,0x70,0x65,0x72,0x74,0x79,0x20,0x76,0x61,0x72,0x20,0x62,0x61,0x63,0x6b,
  0x67,0x72,0x6f,0x75,0x6e,0x64,0x3a,0x20,0x64,0x61,0x72,0x6b,0x4d,0x6f,0x64,0x65,
  0x20,0x3f,0x20,0x22,0x62,0x6c,0x61,0x63,0x6b,0x22,0x20,0x3a,0x20,0x22,0x77,0x68,
  0x69,0x74,0x65,0x22,0xd,0xa,0xd,0xa,0x20,0x20,0x20,0x20,0x66,0x75,0x6e,0x63,
  0x74,0x69,0x6f,0x6e,0x20,0x75,0x70,0x64,0x61,0x74,0x65,0x42,0x6f,0x64,0x79,0x50,
  0x69,0x78,0x65,0x6c,0x53,0x69,0x7a,0x65,0x28,0x70,0x69,0x78,0x65,0x6c,0x53,0x69,
  0x7a,0x65,0x29,0x20,0x7b,0xd,0xa,0x20,0x20,0x20,0x20,0x20,0x20,0x20,0x20,0x62,
  0x6f,0x64,0x79,0x2e,0x70,0x69,0x78,0x65,0x6c,0x53,0x69,0x7a,0x65,0x20,0x3d,0x20,
  0x70,0x69,0x78,0x65,0x6c,0x53,0x69,0x7a,0x65,0xd,0xa,0x20,0x20,0x20,0x20,0x7d,
  0xd,0xa,0xd,0xa,0x20,0x20,0x20,0x20,0x70,0x72,0x6f,0x70,0x65,0x72,0x74,0x79,
  0x20,0x66,0x6f,0x6e,0x74,0x20,0x74,0x69,0x74,0x6c,0x65,0x3a,0x20,0x7b,0xd,0xa,
  0x20,0x20,0x20,0x20,0x20,0x20,0x20,0x20,0x22,0x66,0x61,0x6d,0x69,0x6c,0x79,0x22,
  0x3a,0x20,0x22,0x41,0x72,0x69,0x61,0x6c,0x22,0x2c,0xd,0xa,0x20,0x20,0x20,0x20,
  0x20,0x20,0x20,0x20,0x22,0x70,0x69,0x78,0x65,0x6c,0x53,0x69,0x7a,0x65,0x22,0x3a,
  0x20,0x33,0x32,0xd,0xa,0x20,0x20,0x20,0x20,0x7d,0xd,0xa,0x20,0x20,0x20,0x20,
  0x70,0x72,0x6f,0x70,0x65,0x72,0x74,0x79,0x20,0x66,0x6f,0x6e,0x74,0x20,0x68,0x65,
  0x61,0x64,0x69,0x6e,0x67,0x31,0x3a,0x20,0x7b,0xd,0xa,0x20,0x20,0x20,0x20,0x20,
  0x20,0x20,0x20,0x22,0x66,0x61,0x6d,0x69,0x6c,0x79,0x22,0x3a,0x20,0x22,0x41,0x72,
  0x69,0x61,0x6c,0x22,0x2c,0xd,0xa,0x20,0x20,0x20,0x20,0x20,0x20,0x20,0x20,0x22,
  0x70,0x69,0x78,0x65,0x6c,0x53,0x69,0x7a,0x65,0x22,0x3a,0x20,0x32,0x34,0xd,0xa,
  0x20,0x20,0x20,0x20,0x7d,0xd,0xa,0x20,0x20,0x20,0x20,0x70,0x72,0x6f,0x70,0x65,
  0x72,0x74,0x79,0x20,0x66,0x6f,0x6e,0x74,0x20,0x62,0x6f,0x64,0x79,0x3a,0x20,0x7b,
  0xd,0xa,0x20,0x20,0x20,0x20,0x20,0x20,0x20,0x20,0x22,0x66,0x61,0x6d,0x69,0x6c,
  0x79,0x22,0x3a,0x20,0x22,0x54,0x69,0x6d,0x65,0x73,0x20,0x4e,0x65,0x77,0x20,0x52,
  0x6f,0x6d,0x61,0x6e,0x22,0x2c,0xd,0xa,0x20,0x20,0x20,0x20,0x20,0x20,0x20,0x20,
  0x22,0x70,0x69,0x78,0x65,0x6c,0x53,0x69,0x7a,0x65,0x22,0x3a,0x20,0x31,0x36,0xd,
  0xa,0x20,0x20,0x20,0x20,0x7d,0xd,0xa,0x7d,0xd,0xa,
    // BookPage.qml
  0x0,0x0,0x4,0x40,
  0x2f,
  0x2f,0x20,0x43,0x6f,0x70,0x79,0x72,0x69,0x67,0x68,0x74,0x20,0x28,0x43,0x29,0x20,
  0x32,0x30,0x32,0x36,0x20,0x51,0x74,0x20,0x47,0x72,0x6f,0x75,0x70,0x2e,0xd,0xa,
  0x2f,0x2f,0x20,0x53,0x50,0x44,0x58,0x2d,0x4c,0x69,0x63,0x65,0x6e,0x73,0x65,0x2d,
  0x49,0x64,0x65,0x6e,0x74,0x69,0x66,0x69,0x65,0x72,0x3a,0x20,0x4c,0x69,0x63,0x65,
  0x6e,0x73,0x65,0x52,0x65,0x66,0x2d,0x51,0x74,0x2d,0x43,0x6f,0x6d,0x6d,0x65,0x72,
  0x63,0x69,0x61,0x6c,0x20,0x4f,0x52,0x20,0x47,0x50,0x4c,0x2d,0x33,0x2e,0x30,0x2d,
  0x6f,0x6e,0x6c,0x79,0xd,0xa,0xd,0xa,0x69,0x6d,0x70,0x6f,0x72,0x74,0x20,0x51,
  0x74,0x51,0x75,0x69,0x63,0x6b,0xd,0xa,0x69,0x6d,0x70,0x6f,0x72,0x74,0x20,0x51,
  0x74,0x51,0x75,0x69,0x63,0x6b,0x2e,0x43,0x6f,0x6e,0x74,0x72,0x6f,0x6c,0x73,0xd,
  0xa,0xd,0xa,0x50,0x61,0x67,0x65,0x20,0x7b,0xd,0xa,0x20,0x20,0x20,0x20,0x69,
  0x64,0x3a,0x20,0x72,0x6f,0x6f,0x74,0xd,0xa,0xd,0xa,0x20,0x20,0x20,0x20,0x70,
  0x61,0x64,0x64,0x69,0x6e,0x67,0x3a,0x20,0x38,0xd,0xa,0xd,0xa,0x20,0x20,0x20,
  0x20,0x68,0x65,0x61,0x64,0x65,0x72,0x3a,0x20,0x4c,0x61,0x62,0x65,0x6c,0x20,0x7b,
  0xd,0xa,0x20,0x20,0x20,0x20,0x20,0x20,0x20,0x20,0x69,0x64,0x3a,0x20,0x63,0x68,
  0x61,0x70,0x74,0x65,0x72,0x54,0x69,0x74,0x6c,0x65,0xd,0xa,0xd,0xa,0x20,0x20,
  0x20,0x20,0x20,0x20,0x20,0x20,0x6c,0x65,0x66,0x74,0x50,0x61,0x64,0x64,0x69,0x6e,
  0x67,0x3a,0x20,0x38,0xd,0xa,0xd,0xa,0x20,0x20,0x20,0x20,0x20,0x20,0x20,0x20,
  0x66,0x6f,0x6e,0x74,0x3a,0x20,0x54,0x68,0x65,0x6d,0x65,0x2e,0x68,0x65,0x61,0x64,
  0x69,0x6e,0x67,0x31,0xd,0xa,0x20,0x20,0x20,0x20,0x20,0x20,0x20,0x20,0x74,0x65,
  0x78,0x74,0x3a,0x20,0x71,0x73,0x54,0x72,0x28,0x22,0x43,0x68,0x61,0x70,0x74,0x65,
  0x72,0x20,0x22,0x29,0x20,0x2b,0x20,0x28,0x69,0x6e,0x64,0x65,0x78,0x20,0x2b,0x20,
  0x31,0x29,0x20,0x2b,0x20,0x22,0x3a,0x20,0x22,0x20,0x2b,0x20,0x6d,0x6f,0x64,0x65,
  0x6c,0x2e,0x74,0x69,0x74,0x6c,0x65,0xd,0xa,0x20,0x20,0x20,0x20,0x7d,0xd,0xa,
  0xd,0xa,0x20,0x20,0x20,0x20,0x46,0x6c,0x69,0x63,0x6b,0x61,0x62,0x6c,0x65,0x20,
  0x7b,0xd,0xa,0x20,0x20,0x20,0x20,0x20,0x20,0x20,0x20,0x69,0x64,0x3a,0x20,0x66,
  0x6c,0x69,0x63,0x6b,0x61,0x62,0x6c,0x65,0xd,0xa,0xd,0xa,0x20,0x20,0x20,0x20,
  0x20,0x20,0x20,0x20,0x61,0x6e,0x63,0x68,0x6f,0x72,0x73,0x2e,0x66,0x69,0x6c,0x6c,
  0x3a,0x20,0x70,0x61,0x72,0x65,0x6e,0x74,0xd,0xa,0x20,0x20,0x20,0x20,0x20,0x20,
  0x20,0x20,0x63,0x6c,0x69,0x70,0x3a,0x20,0x74,0x72,0x75,0x65,0xd,0xa,0x20,0x20,
  0x20,0x20,0x20,0x20,0x20,0x20,0x63,0x6f,0x6e,0x74,0x65,0x6e,0x74,0x48,0x65,0x69,
  0x67,0x68,0x74,0x3a,0x20,0x70,0x61,0x67,0x65,0x43,0x6f,0x6e,0x74,0x65,0x6e,0x74,
  0x2e,0x68,0x65,0x69,0x67,0x68,0x74,0x20,0x2f,0x2f,0x20,0x66,0x72,0x65,0x65,0x20,
  0x74,0x6f,0x20,0x65,0x78,0x70,0x61,0x6e,0x64,0xd,0xa,0x20,0x20,0x20,0x20,0x20,
  0x20,0x20,0x20,0x63,0x6f,0x6e,0x74,0x65,0x6e,0x74,0x57,0x69,0x64,0x74,0x68,0x3a,
  0x20,0x70,0x61,0x67,0x65,0x43,0x6f,0x6e,0x74,0x65,0x6e,0x74,0x2e,0x77,0x69,0x64,
  0x74,0x68,0x20,0x2f,0x2f,0x20,0x77,0x68,0x69,0x63,0x68,0x20,0x69,0x73,0x20,0x63,
  0x6c,0x61,0x6d,0x70,0x65,0x64,0x20,0x74,0x6f,0x20,0x74,0x68,0x65,0x20,0x66,0x6c,
  0x69,0x63,0x6b,0x61,0x62,0x6c,0x65,0x20,0x77,0x69,0x64,0x74,0x68,0xd,0xa,0xd,
  0xa,0x20,0x20,0x20,0x20,0x20,0x20,0x20,0x20,0x4c,0x61,0x62,0x65,0x6c,0x20,0x7b,
  0xd,0xa,0x20,0x20,0x20,0x20,0x20,0x20,0x20,0x20,0x20,0x20,0x20,0x20,0x69,0x64,
  0x3a,0x20,0x70,0x61,0x67,0x65,0x43,0x6f,0x6e,0x74,0x65,0x6e,0x74,0xd,0xa,0xd,
  0xa,0x20,0x20,0x20,0x20,0x20,0x20,0x20,0x20,0x20,0x20,0x20,0x20,0x66,0x6f,0x6e,
  0x74,0x3a,0x20,0x54,0x68,0x65,0x6d,0x65,0x2e,0x62,0x6f,0x64,0x79,0xd,0xa,0x20,
  0x20,0x20,0x20,0x20,0x20,0x20,0x20,0x20,0x20,0x20,0x20,0x74,0x65,0x78,0x74,0x3a,
  0x20,0x6d,0x6f,0x64,0x65,0x6c,0x2e,0x74,0x65,0x78,0x74,0xd,0xa,0x20,0x20,0x20,
  0x20,0x20,0x20,0x20,0x20,0x20,0x20,0x20,0x20,0x77,0x69,0x64,0x74,0x68,0x3a,0x20,
  0x70,0x61,0x72,0x65,0x6e,0x74,0x2e,0x77,0x69,0x64,0x74,0x68,0xd,0xa,0x20,0x20,
  0x20,0x20,0x20,0x20,0x20,0x20,0x20,0x20,0x20,0x20,0x2f,0x2f,0x20,0x59,0x6f,0x75,
  0x20,0x6d,0x61,0x79,0x20,0x6e,0x6f,0x74,0x69,0x63,0x65,0x20,0x74,0x68,0x65,0x20,
  0x77,0x72,0x61,0x70,0x70,0x69,0x6e,0x67,0x20,0x64,0x6f,0x65,0x73,0x6e,0x27,0x74,
  0x20,0x77,0x6f,0x72,0x6b,0x21,0xd,0xa,0x20,0x20,0x20,0x20,0x20,0x20,0x20,0x20,
  0x20,0x20,0x20,0x20,0x2f,0x2f,0x20,0x54,0x68,0x69,0x73,0x20,0x69,0x73,0x20,0x62,
  0x65,0x63,0x61,0x75,0x73,0x65,0x20,0x22,0x70,0x61,0x72,0x65,0x6e,0x74,0x22,0x20,
  0x68,0x65,0x72,0x65,0x20,0x69,0x73,0x20,0x6e,0x6f,0x74,0x20,0x61,0x63,0x74,0x75,
  0x61,0x6c,0x6c,0x79,0xd,0xa,0x20,0x20,0x20,0x20,0x20,0x20,0x20,0x20,0x20,0x20,
  0x20,0x20,0x2f,0x2f,0x20,0x74,0x68,0x65,0x20,0x46,0x6c,0x69,0x63,0x6b,0x61,0x62,
  0x6c,0x65,0x21,0x20,0x53,0x65,0x65,0x20,0x46,0x6c,0x69,0x63,0x6b,0x61,0x62,0x6c,
  0x65,0x27,0x73,0x20,0x64,0x6f,0x63,0x73,0x20,0x66,0x6f,0x72,0x20,0x64,0x65,0x74,
  0x61,0x69,0x6c,0x73,0x2e,0xd,0xa,0x20,0x20,0x20,0x20,0x20,0x20,0x20,0x20,0x20,
  0x20,0x20,0x20,0x77,0x72,0x61,0x70,0x4d,0x6f,0x64,0x65,0x3a,0x20,0x4c,0x61,0x62,
  0x65,0x6c,0x2e,0x57,0x72,0x61,0x70,0xd,0xa,0x20,0x20,0x20,0x20,0x20,0x20,0x20,
  0x20,0x7d,0xd,0xa,0x20,0x20,0x20,0x20,0x7d,0xd,0xa,0xd,0xa,0x20,0x20,0x20,
  0x20,0x62,0x61,0x63,0x6b,0x67,0x72,0x6f,0x75,0x6e,0x64,0x3a,0x20,0x52,0x65,0x63,
  0x74,0x61,0x6e,0x67,0x6c,0x65,0x20,0x7b,0xd,0xa,0x20,0x20,0x20,0x20,0x20,0x20,
  0x20,0x20,0x69,0x64,0x3a,0x20,0x62,0x61,0x63,0x6b,0x67,0x72,0x6f,0x75,0x6e,0x64,
  0xd,0xa,0xd,0xa,0x20,0x20,0x20,0x20,0x20,0x20,0x20,0x20,0x63,0x6f,0x6c,0x6f,
  0x72,0x3a,0x20,0x54,0x68,0x65,0x6d,0x65,0x2e,0x62,0x61,0x63,0x6b,0x67,0x72,0x6f,
  0x75,0x6e,0x64,0xd,0xa,0x20,0x20,0x20,0x20,0x7d,0xd,0xa,0x7d,0xd,0xa,
    // DarkModeSwitch.qml
  0x0,0x0,0x3,0x68,
  0x2f,
  0x2f,0x20,0x43,0x6f,0x70,0x79,0x72,0x69,0x67,0x68,0x74,0x20,0x28,0x43,0x29,0x20,
  0x32,0x30,0x32,0x36,0x20,0x51,0x74,0x20,0x47,0x72,0x6f,0x75,0x70,0x2e,0xd,0xa,
  0x2f,0x2f,0x20,0x53,0x50,0x44,0x58,0x2d,0x4c,0x69,0x63,0x65,0x6e,0x73,0x65,0x2d,
  0x49,0x64,0x65,0x6e,0x74,0x69,0x66,0x69,0x65,0x72,0x3a,0x20,0x4c,0x69,0x63,0x65,
  0x6e,0x73,0x65,0x52,0x65,0x66,0x2d,0x51,0x74,0x2d,0x43,0x6f,0x6d,0x6d,0x65,0x72,
  0x63,0x69,0x61,0x6c,0x20,0x4f,0x52,0x20,0x47,0x50,0x4c,0x2d,0x33,0x2e,0x30,0x2d,
  0x6f,0x6e,0x6c,0x79,0xd,0xa,0xd,0xa,0x69,0x6d,0x70,0x6f,0x72,0x74,0x20,0x51,
  0x74,0x51,0x75,0x69,0x63,0x6b,0xd,0xa,0x69,0x6d,0x70,0x6f,0x72,0x74,0x20,0x51,
  0x74,0x51,0x75,0x69,0x63,0x6b,0x2e,0x43,0x6f,0x6e,0x74,0x72,0x6f,0x6c,0x73,0xd,
  0xa,0x69,0x6d,0x70,0x6f,0x72,0x74,0x20,0x51,0x74,0x51,0x75,0x69,0x63,0x6b,0x2e,
  0x4c,0x61,0x79,0x6f,0x75,0x74,0x73,0xd,0xa,0xd,0xa,0x52,0x6f,0x77,0x4c,0x61,
  0x79,0x6f,0x75,0x74,0x20,0x7b,0xd,0xa,0x20,0x20,0x20,0x20,0x73,0x70,0x61,0x63,
  0x69,0x6e,0x67,0x3a,0x20,0x30,0xd,0xa,0xd,0xa,0x20,0x20,0x20,0x20,0x49,0x6d,
  0x61,0x67,0x65,0x20,0x7b,0xd,0xa,0x20,0x20,0x20,0x20,0x20,0x20,0x20,0x20,0x73,
  0x6f,0x75,0x72,0x63,0x65,0x3a,0x20,0x54,0x68,0x65,0x6d,0x65,0x2e,0x64,0x61,0x72,
  0x6b,0x4d,0x6f,0x64,0x65,0x20,0x3f,0x20,0x22,0x69,0x6d,0x61,0x67,0x65,0x73,0x2f,
  0x6c,0x69,0x67,0x68,0x74,0x4d,0x6f,0x64,0x65,0x57,0x68,0x69,0x74,0x65,0x22,0x20,
  0x3a,0xd,0xa,0x20,0x20,0x20,0x20,0x20,0x20,0x20,0x20,0x20,0x20,0x20,0x20,0x20,
  0x20,0x20,0x20,0x20,0x20,0x20,0x20,0x20,0x20,0x20,0x20,0x20,0x20,0x20,0x20,0x20,
  0x20,0x20,0x20,0x20,0x22,0x69,0x6d,0x61,0x67,0x65,0x73,0x2f,0x6c,0x69,0x67,0x68,
  0x74,0x4d,0x6f,0x64,0x65,0x42,0x6c,0x61,0x63,0x6b,0x22,0xd,0xa,0xd,0xa,0x20,
  0x20,0x20,0x20,0x20,0x20,0x20,0x20,0x4c,0x61,0x79,0x6f,0x75,0x74,0x2e,0x61,0x6c,
  0x69,0x67,0x6e,0x6d,0x65,0x6e,0x74,0x3a,0x20,0x51,0x74,0x2e,0x41,0x6c,0x69,0x67,
  0x6e,0x4c,0x65,0x66,0x74,0xd,0xa,0xd,0xa,0x20,0x20,0x20,0x20,0x20,0x20,0x20,
  0x20,0x54,0x61,0x70,0x48,0x61,0x6e,0x64,0x6c,0x65,0x72,0x20,0x7b,0xd,0xa,0x20,
  0x20,0x20,0x20,0x20,0x20,0x20,0x20,0x20,0x20,0x20,0x20,0x6f,0x6e,0x54,0x61,0x70,
  0x70,0x65,0x64,0x3a,0x20,0x54,0x68,0x65,0x6d,0x65,0x2e,0x64,0x61,0x72,0x6b,0x4d,
  0x6f,0x64,0x65,0x20,0x3d,0x20,0x66,0x61,0x6c,0x73,0x65,0xd,0xa,0x20,0x20,0x20,
  0x20,0x20,0x20,0x20,0x20,0x7d,0xd,0xa,0x20,0x20,0x20,0x20,0x7d,0xd,0xa,0xd,
  0xa,0x20,0x20,0x20,0x20,0x53,0x77,0x69,0x74,0x63,0x68,0x20,0x7b,0xd,0xa,0x20,
  0x20,0x20,0x20,0x20,0x20,0x20,0x20,0x63,0x68,0x65,0x63,0x6b,0x65,0x64,0x3a,0x20,
  0x54,0x68,0x65,0x6d,0x65,0x2e,0x64,0x61,0x72,0x6b,0x4d,0x6f,0x64,0x65,0xd,0xa,
  0xd,0xa,0x20,0x20,0x20,0x20,0x20,0x20,0x20,0x20,0x4c,0x61,0x79,0x6f,0x75,0x74,
  0x2e,0x66,0x69,0x6c,0x6c,0x57,0x69,0x64,0x74,0x68,0x3a,0x20,0x74,0x72,0x75,0x65,
  0xd,0xa,0xd,0xa,0x20,0x20,0x20,0x20,0x20,0x20,0x20,0x20,0x6f,0x6e,0x43,0x68,
  0x65,0x63,0x6b,0x65,0x64,0x43,0x68,0x61,0x6e,0x67,0x65,0x64,0x3a,0x20,0x54,0x68,
  0x65,0x6d,0x65,0x2e,0x64,0x61,0x72,0x6b,0x4d,0x6f,0x64,0x65,0x20,0x3d,0x20,0x63,
  0x68,0x65,0x63,0x6b,0x65,0x64,0xd,0xa,0x20,0x20,0x20,0x20,0x7d,0xd,0xa,0xd,
  0xa,0x20,0x20,0x20,0x20,0x49,0x6d,0x61,0x67,0x65,0x20,0x7b,0xd,0xa,0x20,0x20,
  0x20,0x20,0x20,0x20,0x20,0x20,0x73,0x6f,0x75,0x72,0x63,0x65,0x3a,0x20,0x54,0x68,
  0x65,0x6d,0x65,0x2e,0x64,0x61,0x72,0x6b,0x4d,0x6f,0x64,0x65,0x20,0x3f,0x20,0x22,
  0x69,0x6d,0x61,0x67,0x65,0x73,0x2f,0x64,0x61,0x72,0x6b,0x4d,0x6f,0x64,0x65,0x57,
  0x68,0x69,0x74,0x65,0x22,0x20,0x3a,0xd,0xa,0x20,0x20,0x20,0x20,0x20,0x20,0x20,
  0x20,0x20,0x20,0x20,0x20,0x20,0x20,0x20,0x20,0x20,0x20,0x20,0x20,0x20,0x20,0x20,
  0x20,0x20,0x20,0x20,0x20,0x20,0x20,0x20,0x20,0x20,0x22,0x69,0x6d,0x61,0x67,0x65,
  0x73,0x2f,0x64,0x61,0x72,0x6b,0x4d,0x6f,0x64,0x65,0x42,0x6c,0x61,0x63,0x6b,0x22,
  0xd,0xa,0xd,0xa,0x20,0x20,0x20,0x20,0x20,0x20,0x20,0x20,0x4c,0x61,0x79,0x6f,
  0x75,0x74,0x2e,0x61,0x6c,0x69,0x67,0x6e,0x6d,0x65,0x6e,0x74,0x3a,0x20,0x51,0x74,
  0x2e,0x41,0x6c,0x69,0x67,0x6e,0x52,0x69,0x67,0x68,0x74,0xd,0xa,0xd,0xa,0x20,
  0x20,0x20,0x20,0x20,0x20,0x20,0x20,0x54,0x61,0x70,0x48,0x61,0x6e,0x64,0x6c,0x65,
  0x72,0x20,0x7b,0xd,0xa,0x20,0x20,0x20,0x20,0x20,0x20,0x20,0x20,0x20,0x20,0x20,
  0x20,0x6f,0x6e,0x54,0x61,0x70,0x70,0x65,0x64,0x3a,0x20,0x54,0x68,0x65,0x6d,0x65,
  0x2e,0x64,0x61,0x72,0x6b,0x4d,0x6f,0x64,0x65,0x20,0x3d,0x20,0x74,0x72,0x75,0x65,
  0xd,0xa,0x20,0x20,0x20,0x20,0x20,0x20,0x20,0x20,0x7d,0xd,0xa,0x20,0x20,0x20,
  0x20,0x7d,0xd,0xa,0x7d,0xd,0xa,
  
};

static const unsigned char qt_resource_name[] = {
  // qt
  0x0,0x2,
  0x0,0x0,0x7,0x84,
  0x0,0x71,
  0x0,0x74,
    // qml
  0x0,0x3,
  0x0,0x0,0x78,0x3c,
  0x0,0x71,
  0x0,0x6d,0x0,0x6c,
    // E_Book
  0x0,0x6,
  0x4,0xb3,0x96,0x5b,
  0x0,0x45,
  0x0,0x5f,0x0,0x42,0x0,0x6f,0x0,0x6f,0x0,0x6b,
    // Main.qml
  0x0,0x8,
  0x8,0x1,0x5e,0x5c,
  0x0,0x4d,
  0x0,0x61,0x0,0x69,0x0,0x6e,0x0,0x2e,0x0,0x71,0x0,0x6d,0x0,0x6c,
    // FontSizeSlider.qml
  0x0,0x12,
  0xb,0x89,0xf7,0x7c,
  0x0,0x46,
  0x0,0x6f,0x0,0x6e,0x0,0x74,0x0,0x53,0x0,0x69,0x0,0x7a,0x0,0x65,0x0,0x53,0x0,0x6c,0x0,0x69,0x0,0x64,0x0,0x65,0x0,0x72,0x0,0x2e,0x0,0x71,0x0,0x6d,
  0x0,0x6c,
    // GreatNightIn.qml
  0x0,0x10,
  0x9,0xfb,0x11,0x3c,
  0x0,0x47,
  0x0,0x72,0x0,0x65,0x0,0x61,0x0,0x74,0x0,0x4e,0x0,0x69,0x0,0x67,0x0,0x68,0x0,0x74,0x0,0x49,0x0,0x6e,0x0,0x2e,0x0,0x71,0x0,0x6d,0x0,0x6c,
    // SettingsButton.qml
  0x0,0x12,
  0x5,0x1c,0x85,0x7c,
  0x0,0x53,
  0x0,0x65,0x0,0x74,0x0,0x74,0x0,0x69,0x0,0x6e,0x0,0x67,0x0,0x73,0x0,0x42,0x0,0x75,0x0,0x74,0x0,0x74,0x0,0x6f,0x0,0x6e,0x0,0x2e,0x0,0x71,0x0,0x6d,
  0x0,0x6c,
    // Book.qml
  0x0,0x8,
  0x6,0x5e,0x61,0x1c,
  0x0,0x42,
  0x0,0x6f,0x0,0x6f,0x0,0x6b,0x0,0x2e,0x0,0x71,0x0,0x6d,0x0,0x6c,
    // Theme.qml
  0x0,0x9,
  0xc,0x38,0xe5,0xfc,
  0x0,0x54,
  0x0,0x68,0x0,0x65,0x0,0x6d,0x0,0x65,0x0,0x2e,0x0,0x71,0x0,0x6d,0x0,0x6c,
    // BookPage.qml
  0x0,0xc,
  0xe,0xfc,0x98,0xfc,
  0x0,0x42,
  0x0,0x6f,0x0,0x6f,0x0,0x6b,0x0,0x50,0x0,0x61,0x0,0x67,0x0,0x65,0x0,0x2e,0x0,0x71,0x0,0x6d,0x0,0x6c,
    // DarkModeSwitch.qml
  0x0,0x12,
  0x3,0x6c,0x4d,0x1c,
  0x0,0x44,
  0x0,0x61,0x0,0x72,0x0,0x6b,0x0,0x4d,0x0,0x6f,0x0,0x64,0x0,0x65,0x0,0x53,0x0,0x77,0x0,0x69,0x0,0x74,0x0,0x63,0x0,0x68,0x0,0x2e,0x0,0x71,0x0,0x6d,
  0x0,0x6c,
  
};

static const unsigned char qt_resource_struct[] = {
  // :
  0x0,0x0,0x0,0x0,0x0,0x2,0x0,0x0,0x0,0x1,0x0,0x0,0x0,0x1,
0x0,0x0,0x0,0x0,0x0,0x0,0x0,0x0,
  // :/qt
  0x0,0x0,0x0,0x0,0x0,0x2,0x0,0x0,0x0,0x1,0x0,0x0,0x0,0x2,
0x0,0x0,0x0,0x0,0x0,0x0,0x0,0x0,
  // :/qt/qml
  0x0,0x0,0x0,0xa,0x0,0x2,0x0,0x0,0x0,0x1,0x0,0x0,0x0,0x3,
0x0,0x0,0x0,0x0,0x0,0x0,0x0,0x0,
  // :/qt/qml/E_Book
  0x0,0x0,0x0,0x16,0x0,0x2,0x0,0x0,0x0,0x8,0x0,0x0,0x0,0x4,
0x0,0x0,0x0,0x0,0x0,0x0,0x0,0x0,
  // :/qt/qml/E_Book/DarkModeSwitch.qml
  0x0,0x0,0x1,0x4,0x0,0x0,0x0,0x0,0x0,0x1,0x0,0x0,0x49,0xfe,
0x0,0x0,0x1,0xa0,0x0,0x1a,0x57,0x23,
  // :/qt/qml/E_Book/SettingsButton.qml
  0x0,0x0,0x0,0x8e,0x0,0x0,0x0,0x0,0x0,0x1,0x0,0x0,0x40,0xa3,
0x0,0x0,0x1,0xa0,0x0,0x1d,0xb5,0xd2,
  // :/qt/qml/E_Book/Book.qml
  0x0,0x0,0x0,0xb8,0x0,0x0,0x0,0x0,0x0,0x1,0x0,0x0,0x42,0x1a,
0x0,0x0,0x1,0xa0,0x0,0x18,0x4e,0x75,
  // :/qt/qml/E_Book/Main.qml
  0x0,0x0,0x0,0x28,0x0,0x0,0x0,0x0,0x0,0x1,0x0,0x0,0x0,0x0,
0x0,0x0,0x1,0xa0,0x0,0x1d,0x50,0xad,
  // :/qt/qml/E_Book/GreatNightIn.qml
  0x0,0x0,0x0,0x68,0x0,0x0,0x0,0x0,0x0,0x1,0x0,0x0,0x1f,0x94,
0x0,0x0,0x1,0xa0,0x0,0x1c,0xa7,0x8c,
  // :/qt/qml/E_Book/FontSizeSlider.qml
  0x0,0x0,0x0,0x3e,0x0,0x0,0x0,0x0,0x0,0x1,0x0,0x0,0x1c,0x73,
0x0,0x0,0x1,0xa0,0x0,0x1a,0xb2,0x84,
  // :/qt/qml/E_Book/Theme.qml
  0x0,0x0,0x0,0xce,0x0,0x0,0x0,0x0,0x0,0x1,0x0,0x0,0x42,0xfa,
0x0,0x0,0x1,0xa0,0x0,0x1d,0xf8,0x17,
  // :/qt/qml/E_Book/BookPage.qml
  0x0,0x0,0x0,0xe6,0x0,0x0,0x0,0x0,0x0,0x1,0x0,0x0,0x45,0xba,
0x0,0x0,0x1,0xa0,0x0,0x18,0xca,0x8e,

};

#ifdef QT_NAMESPACE
#  define QT_RCC_PREPEND_NAMESPACE(name) ::QT_NAMESPACE::name
#  define QT_RCC_MANGLE_NAMESPACE0(x) x
#  define QT_RCC_MANGLE_NAMESPACE1(a, b) a##_##b
#  define QT_RCC_MANGLE_NAMESPACE2(a, b) QT_RCC_MANGLE_NAMESPACE1(a,b)
#  define QT_RCC_MANGLE_NAMESPACE(name) QT_RCC_MANGLE_NAMESPACE2( \
        QT_RCC_MANGLE_NAMESPACE0(name), QT_RCC_MANGLE_NAMESPACE0(QT_NAMESPACE))
#else
#   define QT_RCC_PREPEND_NAMESPACE(name) name
#   define QT_RCC_MANGLE_NAMESPACE(name) name
#endif

#if defined(QT_INLINE_NAMESPACE)
inline namespace QT_NAMESPACE {
#elif defined(QT_NAMESPACE)
namespace QT_NAMESPACE {
#endif

bool qRegisterResourceData(int, const unsigned char *, const unsigned char *, const unsigned char *);
bool qUnregisterResourceData(int, const unsigned char *, const unsigned char *, const unsigned char *);

#ifdef QT_NAMESPACE
}
#endif

int QT_RCC_MANGLE_NAMESPACE(qInitResources_appE_Book_raw_qml_0)();
int QT_RCC_MANGLE_NAMESPACE(qInitResources_appE_Book_raw_qml_0)()
{
    int version = 3;
    QT_RCC_PREPEND_NAMESPACE(qRegisterResourceData)
        (version, qt_resource_struct, qt_resource_name, qt_resource_data);
    return 1;
}

int QT_RCC_MANGLE_NAMESPACE(qCleanupResources_appE_Book_raw_qml_0)();
int QT_RCC_MANGLE_NAMESPACE(qCleanupResources_appE_Book_raw_qml_0)()
{
    int version = 3;
    QT_RCC_PREPEND_NAMESPACE(qUnregisterResourceData)
       (version, qt_resource_struct, qt_resource_name, qt_resource_data);
    return 1;
}

#ifdef __clang__
#   pragma clang diagnostic push
#   pragma clang diagnostic ignored "-Wexit-time-destructors"
#endif

namespace {
   struct initializer {
       initializer() { QT_RCC_MANGLE_NAMESPACE(qInitResources_appE_Book_raw_qml_0)(); }
       ~initializer() { QT_RCC_MANGLE_NAMESPACE(qCleanupResources_appE_Book_raw_qml_0)(); }
   } dummy;
}

#ifdef __clang__
#   pragma clang diagnostic pop
#endif
