2026-06-05 09:02:09,854 [INFO] Activator:176 - 


2026-06-05 09:02:09,858 [INFO] Activator:177 - !SESSION log4j initialized
2026-06-05 09:02:14,608 [INFO] LogOutputStream:77 - [STDOUT_REDIRECT] 
2026-06-05 09:02:15,543 [INFO] ApplicationProperties:184 - Using Application install path: C:\ST\STM32CubeIDE_1.17.0\STM32CubeIDE\plugins\com.st.stm32cube.common.mx_6.15.0.202507011659
2026-06-05 09:02:15,559 [INFO] DbMcusXml:78 - Set database path to: C:\ST\STM32CubeIDE_1.17.0\STM32CubeIDE\plugins\com.st.stm32cube.common.mx_6.15.0.202507011659\\db\/mcu/
2026-06-05 09:02:15,559 [INFO] ApiDb:274 - Set plugin database path to: C:\ST\STM32CubeIDE_1.17.0\STM32CubeIDE\plugins\com.st.stm32cube.common.mx_6.15.0.202507011659\\db\/plugins/boardmanager/
2026-06-05 09:02:15,559 [WARN] ApiDb:259 - Overriding images path with different value:  => C:\ST\STM32CubeIDE_1.17.0\STM32CubeIDE\plugins\com.st.stm32cube.common.mx_6.15.0.202507011659\\db\/plugins/mcufinder/images/
2026-06-05 09:02:15,568 [INFO] ApiDb:250 - Set database path to: C:\Users\hanna\.stmcufinder\plugins\mcufinder//mcu/
2026-06-05 09:02:15,569 [INFO] DbMcusAds:125 - Set database path to: C:\Users\hanna\.stmcufinder\plugins\mcufinder//mcu/
2026-06-05 09:02:15,570 [INFO] CrossReferenceDbSqlite:203 - Set database path to: C:\Users\hanna\.stmcufinder\plugins\mcufinder//mcu/cs/
2026-06-05 09:02:15,657 [INFO] RulesReader:64 - Compatibility file has been processed (317 Rules)
2026-06-05 09:02:15,724 [INFO] DbMcusXml:78 - Set database path to: C:\ST\STM32CubeIDE_1.17.0\STM32CubeIDE\plugins\com.st.stm32cube.common.mx_6.15.0.202507011659\\db\/mcu/
2026-06-05 09:02:15,724 [INFO] ApiDb:274 - Set plugin database path to: C:\ST\STM32CubeIDE_1.17.0\STM32CubeIDE\plugins\com.st.stm32cube.common.mx_6.15.0.202507011659\\db\/plugins/boardmanager/
2026-06-05 09:02:15,724 [INFO] ApiDb:261 - Set plugin images path to: C:\ST\STM32CubeIDE_1.17.0\STM32CubeIDE\plugins\com.st.stm32cube.common.mx_6.15.0.202507011659\\db\/plugins/mcufinder/images/
2026-06-05 09:02:15,724 [WARN] DbFile:41 - Overriding database path with different value: C:\Users\hanna\.stmcufinder\plugins\mcufinder/ => C:\Users\hanna\.stmcufinder\plugins\mcufinder
2026-06-05 09:02:15,724 [INFO] ApiDb:250 - Set database path to: C:\Users\hanna\.stmcufinder\plugins\mcufinder//mcu/
2026-06-05 09:02:15,724 [WARN] DbFile:41 - Overriding database path with different value: C:\Users\hanna\.stmcufinder\plugins\mcufinder/ => C:\Users\hanna\.stmcufinder\plugins\mcufinder
2026-06-05 09:02:15,724 [INFO] DbMcusAds:125 - Set database path to: C:\Users\hanna\.stmcufinder\plugins\mcufinder//mcu/
2026-06-05 09:02:15,724 [WARN] DbFile:41 - Overriding database path with different value: C:\Users\hanna\.stmcufinder\plugins\mcufinder/ => C:\Users\hanna\.stmcufinder\plugins\mcufinder
2026-06-05 09:02:15,724 [WARN] DbFile:41 - Overriding database path with different value: C:\Users\hanna\.stmcufinder\plugins\mcufinder/ => C:\Users\hanna\.stmcufinder\plugins\mcufinder
2026-06-05 09:02:15,724 [INFO] CrossReferenceDbSqlite:203 - Set database path to: C:\Users\hanna\.stmcufinder\plugins\mcufinder//mcu/cs/
2026-06-05 09:02:15,787 [INFO] MainPanel:274 - HeapMemory: 268435456
2026-06-05 09:02:15,878 [INFO] DbMcusXml:78 - Set database path to: C:\ST\STM32CubeIDE_1.17.0\STM32CubeIDE\plugins\com.st.stm32cube.common.mx_6.15.0.202507011659\\db\/mcu/
2026-06-05 09:02:15,878 [INFO] ApiDb:274 - Set plugin database path to: C:\ST\STM32CubeIDE_1.17.0\STM32CubeIDE\plugins\com.st.stm32cube.common.mx_6.15.0.202507011659\\db\/plugins/boardmanager/
2026-06-05 09:02:15,878 [INFO] ApiDb:261 - Set plugin images path to: C:\ST\STM32CubeIDE_1.17.0\STM32CubeIDE\plugins\com.st.stm32cube.common.mx_6.15.0.202507011659\\db\/plugins/mcufinder/images/
2026-06-05 09:02:15,879 [WARN] DbFile:41 - Overriding database path with different value: C:\Users\hanna\.stmcufinder\plugins\mcufinder/ => C:\Users\hanna\.stmcufinder\plugins\mcufinder
2026-06-05 09:02:15,879 [INFO] ApiDb:250 - Set database path to: C:\Users\hanna\.stmcufinder\plugins\mcufinder//mcu/
2026-06-05 09:02:15,879 [WARN] DbFile:41 - Overriding database path with different value: C:\Users\hanna\.stmcufinder\plugins\mcufinder/ => C:\Users\hanna\.stmcufinder\plugins\mcufinder
2026-06-05 09:02:15,879 [INFO] DbMcusAds:125 - Set database path to: C:\Users\hanna\.stmcufinder\plugins\mcufinder//mcu/
2026-06-05 09:02:15,879 [WARN] DbFile:41 - Overriding database path with different value: C:\Users\hanna\.stmcufinder\plugins\mcufinder/ => C:\Users\hanna\.stmcufinder\plugins\mcufinder
2026-06-05 09:02:15,879 [WARN] DbFile:41 - Overriding database path with different value: C:\Users\hanna\.stmcufinder\plugins\mcufinder/ => C:\Users\hanna\.stmcufinder\plugins\mcufinder
2026-06-05 09:02:15,879 [INFO] CrossReferenceDbSqlite:203 - Set database path to: C:\Users\hanna\.stmcufinder\plugins\mcufinder//mcu/cs/
2026-06-05 09:02:15,893 [INFO] ApplicationProperties:184 - Using Application install path: C:\ST\STM32CubeIDE_1.17.0\STM32CubeIDE\plugins\com.st.stm32cube.common.mx_6.15.0.202507011659
2026-06-05 09:02:15,894 [INFO] PluginManage:196 - Search for loadable plugins [exclusion list=, ]
2026-06-05 09:02:15,896 [INFO] PluginManage:310 - Check plugin analytics
2026-06-05 09:02:16,066 [INFO] AnalyticsPlugin:253 - Accepted Software Licenses: 
2026-06-05 09:02:16,066 [INFO] AnalyticsPlugin:255 - Accepted CMSIS Pack Licenses: 
2026-06-05 09:02:16,066 [INFO] AnalyticsPlugin:257 - Accepted Firmware Licenses: 
2026-06-05 09:02:16,068 [INFO] PluginManage:359 - Loaded plugin analytics (category:tool,tabindex:-1)
2026-06-05 09:02:16,069 [INFO] PluginManage:310 - Check plugin cadmodel
2026-06-05 09:02:16,081 [INFO] CADModel:105 - Init CAD model plugin
2026-06-05 09:02:16,081 [INFO] PluginManage:359 - Loaded plugin cadmodel (category:power,tabindex:5)
2026-06-05 09:02:16,081 [INFO] PluginManage:310 - Check plugin clock
2026-06-05 09:02:16,092 [INFO] PluginManage:359 - Loaded plugin clock (category:base,tabindex:2)
2026-06-05 09:02:16,092 [INFO] PluginManage:310 - Check plugin ddr
2026-06-05 09:02:16,095 [INFO] PluginManage:359 - Loaded plugin ddr (category:tool,tabindex:6)
2026-06-05 09:02:16,095 [INFO] PluginManage:310 - Check plugin filemanager
2026-06-05 09:02:16,219 [INFO] PluginManage:359 - Loaded plugin filemanager (category:base,tabindex:10)
2026-06-05 09:02:16,220 [INFO] PluginManage:310 - Check plugin ipmanager
2026-06-05 09:02:16,226 [INFO] PluginManage:359 - Loaded plugin ipmanager (category:base,tabindex:5)
2026-06-05 09:02:16,226 [INFO] PluginManage:310 - Check plugin lpbam
2026-06-05 09:02:16,233 [INFO] PluginManage:359 - Loaded plugin lpbam (category:base,tabindex:0)
2026-06-05 09:02:16,234 [INFO] PluginManage:310 - Check plugin memorymap
2026-06-05 09:02:16,247 [INFO] PluginManage:359 - Loaded plugin memorymap (category:base,tabindex:4)
2026-06-05 09:02:16,247 [INFO] PluginManage:310 - Check plugin pinoutandconfiguration
2026-06-05 09:02:16,255 [INFO] PluginManage:359 - Loaded plugin pinoutandconfiguration (category:base,tabindex:1)
2026-06-05 09:02:16,255 [INFO] PluginManage:310 - Check plugin pinoutconfig
2026-06-05 09:02:16,333 [WARN] SupportedApi:132 - Cannot load RTOS API schema: s4s-elt-must-match.1: The content of 'definitions' must match (annotation?, (simpleType | complexType)?, (unique | key | keyref)*)). A problem was found starting at: attribute.
2026-06-05 09:02:16,640 [INFO] PluginManage:359 - Loaded plugin pinoutconfig (category:base,tabindex:0)
2026-06-05 09:02:16,641 [INFO] PluginManage:310 - Check plugin power
2026-06-05 09:02:16,651 [INFO] PluginManage:359 - Loaded plugin power (category:power,tabindex:4)
2026-06-05 09:02:16,651 [INFO] PluginManage:310 - Check plugin projectmanager
2026-06-05 09:02:16,662 [INFO] PluginManage:359 - Loaded plugin projectmanager (category:projectmanager,tabindex:4)
2026-06-05 09:02:16,662 [INFO] PluginManage:310 - Check plugin rif
2026-06-05 09:02:16,673 [INFO] PluginManage:359 - Loaded plugin rif (category:base,tabindex:3)
2026-06-05 09:02:16,674 [INFO] PluginManage:310 - Check plugin thirdparty
2026-06-05 09:02:16,788 [INFO] PluginManage:359 - Loaded plugin thirdparty (category:base,tabindex:-1)
2026-06-05 09:02:16,788 [WARN] IntegrityCheckThread:84 - waiting for thirdparty lock release [integrity check]
2026-06-05 09:02:16,788 [INFO] PluginManage:310 - Check plugin tools
2026-06-05 09:02:16,788 [INFO] IntegrityCheckThread:86 - entering critical section [integrity check]
2026-06-05 09:02:16,788 [INFO] ThirdPartyUpdaterWithRetryManager:70 - Updater plugin not ready yet. [1/15]
2026-06-05 09:02:16,791 [INFO] PluginManage:359 - Loaded plugin tools (category:base,tabindex:7)
2026-06-05 09:02:16,791 [INFO] PluginManage:310 - Check plugin tutovideos
2026-06-05 09:02:16,977 [INFO] PluginManage:359 - Loaded plugin tutovideos (category:base,tabindex:-1)
2026-06-05 09:02:16,977 [INFO] PluginManage:310 - Check plugin updater
2026-06-05 09:02:16,996 [INFO] PluginManage:359 - Loaded plugin updater (category:base,tabindex:12)
2026-06-05 09:02:16,996 [INFO] PluginManage:310 - Check plugin userauth
2026-06-05 09:02:17,000 [INFO] UserAuth:118 - Init User Auth plugin
2026-06-05 09:02:17,001 [INFO] PluginManage:359 - Loaded plugin userauth (category:base,tabindex:14)
2026-06-05 09:02:17,001 [INFO] PluginManage:283 - PluginManage : Loaded plugins [18]
2026-06-05 09:02:17,188 [INFO] PinOutPanel:1589 - setPackage(No Configuration,No Configuration)
2026-06-05 09:02:17,252 [INFO] CADModel:165 - CPN selected for project level
2026-06-05 09:02:17,253 [INFO] CADModel:114 - Register for checkConnection events
2026-06-05 09:02:17,268 [INFO] IPUIPlugin:80 - create IPUIPlugin
2026-06-05 09:02:17,268 [INFO] PluginManager:220 - loadIPPluginJar : add adc
2026-06-05 09:02:17,271 [INFO] IPUIPlugin:80 - create IPUIPlugin
2026-06-05 09:02:17,271 [INFO] PluginManager:220 - loadIPPluginJar : add aes
2026-06-05 09:02:17,274 [INFO] IPUIPlugin:80 - create IPUIPlugin
2026-06-05 09:02:17,274 [INFO] PluginManager:220 - loadIPPluginJar : add can
2026-06-05 09:02:17,275 [INFO] IPUIPlugin:80 - create IPUIPlugin
2026-06-05 09:02:17,276 [INFO] PluginManager:220 - loadIPPluginJar : add comp
2026-06-05 09:02:17,278 [INFO] IPUIPlugin:80 - create IPUIPlugin
2026-06-05 09:02:17,278 [INFO] PluginManager:220 - loadIPPluginJar : add cryp
2026-06-05 09:02:17,281 [INFO] IPUIPlugin:80 - create IPUIPlugin
2026-06-05 09:02:17,281 [INFO] PluginManager:220 - loadIPPluginJar : add ddr_ctrl_phy
2026-06-05 09:02:17,283 [INFO] IPUIPlugin:80 - create IPUIPlugin
2026-06-05 09:02:17,283 [INFO] PluginManager:220 - loadIPPluginJar : add dfsdm
2026-06-05 09:02:17,288 [INFO] IPUIPlugin:80 - create IPUIPlugin
2026-06-05 09:02:17,288 [INFO] PluginManager:220 - loadIPPluginJar : add dma
2026-06-05 09:02:17,290 [INFO] IPUIPlugin:80 - create IPUIPlugin
2026-06-05 09:02:17,290 [INFO] PluginManager:220 - loadIPPluginJar : add dma3
2026-06-05 09:02:17,293 [INFO] IPUIPlugin:80 - create IPUIPlugin
2026-06-05 09:02:17,293 [INFO] PluginManager:220 - loadIPPluginJar : add extmemmanager
2026-06-05 09:02:17,294 [INFO] IPUIPlugin:80 - create IPUIPlugin
2026-06-05 09:02:17,294 [INFO] PluginManager:220 - loadIPPluginJar : add fatfs
2026-06-05 09:02:17,298 [INFO] IPUIPlugin:80 - create IPUIPlugin
2026-06-05 09:02:17,298 [INFO] PluginManager:220 - loadIPPluginJar : add fmc
2026-06-05 09:02:17,304 [INFO] IPUIPlugin:80 - create IPUIPlugin
2026-06-05 09:02:17,304 [INFO] PluginManager:220 - loadIPPluginJar : add freertos
2026-06-05 09:02:17,306 [INFO] IPUIPlugin:80 - create IPUIPlugin
2026-06-05 09:02:17,306 [INFO] PluginManager:220 - loadIPPluginJar : add genericplugin
2026-06-05 09:02:17,309 [INFO] IPUIPlugin:80 - create IPUIPlugin
2026-06-05 09:02:17,309 [INFO] PluginManager:220 - loadIPPluginJar : add gfxmmu
2026-06-05 09:02:17,313 [INFO] IPUIPlugin:80 - create IPUIPlugin
2026-06-05 09:02:17,313 [INFO] PluginManager:220 - loadIPPluginJar : add gic
2026-06-05 09:02:17,317 [INFO] IPUIPlugin:80 - create IPUIPlugin
2026-06-05 09:02:17,317 [INFO] PluginManager:220 - loadIPPluginJar : add gpio
2026-06-05 09:02:17,320 [INFO] IPUIPlugin:80 - create IPUIPlugin
2026-06-05 09:02:17,320 [INFO] PluginManager:220 - loadIPPluginJar : add gtzc
2026-06-05 09:02:17,322 [INFO] IPUIPlugin:80 - create IPUIPlugin
2026-06-05 09:02:17,322 [INFO] PluginManager:220 - loadIPPluginJar : add hash
2026-06-05 09:02:17,325 [INFO] IPUIPlugin:80 - create IPUIPlugin
2026-06-05 09:02:17,325 [INFO] PluginManager:220 - loadIPPluginJar : add i2c
2026-06-05 09:02:17,328 [INFO] IPUIPlugin:80 - create IPUIPlugin
2026-06-05 09:02:17,328 [INFO] PluginManager:220 - loadIPPluginJar : add i2s
2026-06-05 09:02:17,331 [INFO] IPUIPlugin:80 - create IPUIPlugin
2026-06-05 09:02:17,331 [INFO] PluginManager:220 - loadIPPluginJar : add i3c
2026-06-05 09:02:17,334 [INFO] IPUIPlugin:80 - create IPUIPlugin
2026-06-05 09:02:17,335 [INFO] PluginManager:220 - loadIPPluginJar : add ipddr
2026-06-05 09:02:17,341 [INFO] IPUIPlugin:80 - create IPUIPlugin
2026-06-05 09:02:17,341 [INFO] PluginManager:220 - loadIPPluginJar : add linkedlist
2026-06-05 09:02:17,343 [INFO] IPUIPlugin:80 - create IPUIPlugin
2026-06-05 09:02:17,343 [INFO] PluginManager:220 - loadIPPluginJar : add lorawan
2026-06-05 09:02:17,346 [INFO] IPUIPlugin:80 - create IPUIPlugin
2026-06-05 09:02:17,346 [INFO] PluginManager:220 - loadIPPluginJar : add ltdc
2026-06-05 09:02:17,351 [INFO] IPUIPlugin:80 - create IPUIPlugin
2026-06-05 09:02:17,351 [INFO] PluginManager:220 - loadIPPluginJar : add mdma
2026-06-05 09:02:17,355 [INFO] IPUIPlugin:80 - create IPUIPlugin
2026-06-05 09:02:17,355 [INFO] PluginManager:220 - loadIPPluginJar : add nvic
2026-06-05 09:02:17,358 [INFO] IPUIPlugin:80 - create IPUIPlugin
2026-06-05 09:02:17,358 [INFO] PluginManager:220 - loadIPPluginJar : add opamp
2026-06-05 09:02:17,362 [INFO] IPUIPlugin:80 - create IPUIPlugin
2026-06-05 09:02:17,362 [INFO] PluginManager:220 - loadIPPluginJar : add openamp
2026-06-05 09:02:17,367 [INFO] IPUIPlugin:80 - create IPUIPlugin
2026-06-05 09:02:17,367 [INFO] PluginManager:220 - loadIPPluginJar : add pdm2pcm
2026-06-05 09:02:17,374 [INFO] IPUIPlugin:80 - create IPUIPlugin
2026-06-05 09:02:17,377 [INFO] PluginManager:220 - loadIPPluginJar : add plateformsettings
2026-06-05 09:02:17,379 [INFO] IPUIPlugin:80 - create IPUIPlugin
2026-06-05 09:02:17,379 [INFO] PluginManager:220 - loadIPPluginJar : add quadspi
2026-06-05 09:02:17,381 [INFO] IPUIPlugin:80 - create IPUIPlugin
2026-06-05 09:02:17,382 [INFO] PluginManager:220 - loadIPPluginJar : add radio
2026-06-05 09:02:17,387 [INFO] IPUIPlugin:80 - create IPUIPlugin
2026-06-05 09:02:17,387 [INFO] PluginManager:220 - loadIPPluginJar : add resmgrutility
2026-06-05 09:02:17,390 [INFO] IPUIPlugin:80 - create IPUIPlugin
2026-06-05 09:02:17,390 [INFO] PluginManager:220 - loadIPPluginJar : add sai
2026-06-05 09:02:17,393 [INFO] IPUIPlugin:80 - create IPUIPlugin
2026-06-05 09:02:17,393 [INFO] PluginManager:220 - loadIPPluginJar : add spi
2026-06-05 09:02:17,398 [INFO] IPUIPlugin:80 - create IPUIPlugin
2026-06-05 09:02:17,398 [INFO] PluginManager:220 - loadIPPluginJar : add stm32_wpan
2026-06-05 09:02:17,400 [INFO] IPUIPlugin:80 - create IPUIPlugin
2026-06-05 09:02:17,400 [INFO] PluginManager:220 - loadIPPluginJar : add tim
2026-06-05 09:02:17,404 [INFO] IPUIPlugin:80 - create IPUIPlugin
2026-06-05 09:02:17,404 [INFO] PluginManager:220 - loadIPPluginJar : add touchsensing
2026-06-05 09:02:17,406 [INFO] IPUIPlugin:80 - create IPUIPlugin
2026-06-05 09:02:17,407 [INFO] PluginManager:220 - loadIPPluginJar : add tracer_emb
2026-06-05 09:02:17,410 [INFO] IPUIPlugin:80 - create IPUIPlugin
2026-06-05 09:02:17,410 [INFO] PluginManager:220 - loadIPPluginJar : add ts
2026-06-05 09:02:17,412 [INFO] IPUIPlugin:80 - create IPUIPlugin
2026-06-05 09:02:17,412 [INFO] PluginManager:220 - loadIPPluginJar : add tsc
2026-06-05 09:02:17,415 [INFO] IPUIPlugin:80 - create IPUIPlugin
2026-06-05 09:02:17,415 [INFO] PluginManager:220 - loadIPPluginJar : add ucpd
2026-06-05 09:02:17,417 [INFO] IPUIPlugin:80 - create IPUIPlugin
2026-06-05 09:02:17,417 [INFO] PluginManager:220 - loadIPPluginJar : add usart
2026-06-05 09:02:17,421 [INFO] IPUIPlugin:80 - create IPUIPlugin
2026-06-05 09:02:17,421 [INFO] PluginManager:220 - loadIPPluginJar : add usbx
2026-06-05 09:02:17,536 [FATAL] Updater:351 - Updater called before beeing initialized
2026-06-05 09:02:17,565 [INFO] RulesReader:64 - Compatibility file has been processed (317 Rules)
2026-06-05 09:02:17,571 [INFO] RulesReader:64 - Compatibility file has been processed (317 Rules)
2026-06-05 09:02:17,579 [INFO] CADModel:165 - CPN selected for project level
2026-06-05 09:02:17,579 [INFO] CADModel:114 - Register for checkConnection events
2026-06-05 09:02:17,579 [FATAL] Updater:351 - Updater called before beeing initialized
2026-06-05 09:02:17,579 [ERROR] CADModel:125 - Updater not yet initialized, retry later 
2026-06-05 09:02:17,707 [FATAL] Updater:351 - Updater called before beeing initialized
2026-06-05 09:02:17,710 [INFO] CADModel:165 - CPN selected for project level
2026-06-05 09:02:17,710 [INFO] CADModel:114 - Register for checkConnection events
2026-06-05 09:02:17,710 [FATAL] Updater:351 - Updater called before beeing initialized
2026-06-05 09:02:17,710 [ERROR] CADModel:125 - Updater not yet initialized, retry later 
2026-06-05 09:02:17,714 [FATAL] Updater:351 - Updater called before beeing initialized
2026-06-05 09:02:17,824 [FATAL] Updater:351 - Updater called before beeing initialized
2026-06-05 09:02:17,827 [INFO] DbMcusAds:53 - JSON generation date=Mon Apr 27 09:14:29 BST 2026 (1777277669577)
2026-06-05 09:02:17,827 [FATAL] Updater:351 - Updater called before beeing initialized
2026-06-05 09:02:17,861 [WARN] DetailPanel:346 - Failed to get advertising image, set to default
2026-06-05 09:02:17,921 [FATAL] Updater:351 - Updater called before beeing initialized
2026-06-05 09:02:17,923 [FATAL] Updater:351 - Updater called before beeing initialized
2026-06-05 09:02:17,923 [FATAL] Updater:351 - Updater called before beeing initialized
2026-06-05 09:02:17,923 [WARN] DetailPanel:346 - Failed to get advertising image, set to default
2026-06-05 09:02:17,923 [FATAL] Updater:351 - Updater called before beeing initialized
2026-06-05 09:02:17,957 [ERROR] Updater:1198 - MainUpdater not yet initialized. External WinMGr cannot be set.
2026-06-05 09:02:17,958 [INFO] Updater:1134 - Updater Version found : 6.15.0
2026-06-05 09:02:17,971 [INFO] ApplicationProperties:184 - Using Application install path: C:\ST\STM32CubeIDE_1.17.0\STM32CubeIDE\plugins\com.st.stm32cube.common.mx_6.15.0.202507011659
2026-06-05 09:02:19,552 [ERROR] LogOutputStream:75 - [STDERR_REDIRECT] Jun 05, 2026 9:02:19 AM java.util.prefs.WindowsPreferences <init>
2026-06-05 09:02:19,554 [ERROR] LogOutputStream:75 - [STDERR_REDIRECT] WARNING: Could not open/create prefs root node Software\JavaSoft\Prefs at root 0xffffffff80000002. Windows RegCreateKeyEx(...) returned error code 5.
2026-06-05 09:02:19,554 [ERROR] LogOutputStream:75 - [STDERR_REDIRECT] 
2026-06-05 09:02:19,789 [INFO] ThirdPartyUpdaterWithRetryManager:70 - Updater plugin not ready yet. [2/15]
2026-06-05 09:02:20,080 [INFO] MainUpdater:2872 - connection check result : 10
2026-06-05 09:02:20,080 [INFO] MainUpdater:3604 - Updater definition file requires update
2026-06-05 09:02:20,080 [INFO] MainUpdater:289 - Updater Check For Update Now.
2026-06-05 09:02:20,080 [INFO] MicroXplorer:498 - Change Database Version : DB.6.0.150
2026-06-05 09:02:20,085 [INFO] McuFinderGlobals:63 - Set McuFinder mode to 2 (CubeIDE integrated)
2026-06-05 09:02:20,086 [INFO] UserAuth:487 - Internet connection configuration mode: 1
2026-06-05 09:02:20,105 [INFO] JxBrowserEngine:152 - Initiate JxBrowser Engine with user profile folder
2026-06-05 09:02:20,180 [INFO] ServerAccessManage:452 - Complete download http(s) 200
2026-06-05 09:02:20,180 [INFO] ServerAccessManage:509 - Download File updaters.zip
2026-06-05 09:02:20,247 [INFO] FileExtend:248 - Unzip File : updaters.zip
2026-06-05 09:02:20,247 [INFO] FileExtend:263 - Standard Zip Deflate
2026-06-05 09:02:20,892 [INFO] ServerAccessManage:452 - Complete download http(s) 200
2026-06-05 09:02:20,893 [INFO] ServerAccessManage:509 - Download File PacksControlFlags.xml
2026-06-05 09:02:20,989 [INFO] ServerAccessManage:452 - Complete download http(s) 200
2026-06-05 09:02:20,989 [INFO] ServerAccessManage:509 - Download File cubemx.pidx
2026-06-05 09:02:21,636 [INFO] WebApp:169 - Instantiating new browser for Auth
2026-06-05 09:02:21,885 [INFO] ServerAccessManage:452 - Complete download http(s) 200
2026-06-05 09:02:21,885 [INFO] ServerAccessManage:509 - Download File STMicroelectronics.X-CUBE-SMBUS.pdsc
2026-06-05 09:02:22,358 [ERROR] ServerAccessManage:1212 - Problem, file not found on Server
2026-06-05 09:02:22,390 [INFO] WebApp:463 - Apply proxy settings
2026-06-05 09:02:22,391 [INFO] WebApp:548 - Chromium requires no authentication
2026-06-05 09:02:22,422 [INFO] WebApp:491 - Direct internet connection detected
2026-06-05 09:02:22,473 [INFO] WebApp:900 - Register for checkConnection events
2026-06-05 09:02:22,473 [INFO] WebApp:463 - Apply proxy settings
2026-06-05 09:02:22,473 [INFO] WebApp:548 - Chromium requires no authentication
2026-06-05 09:02:22,474 [INFO] WebApp:491 - Direct internet connection detected
2026-06-05 09:02:22,633 [INFO] WebApp:225 - Starting web application
2026-06-05 09:02:22,634 [INFO] WebApp:593 - Web application path used C:\ST\STM32CubeIDE_1.17.0\STM32CubeIDE\plugins\com.st.stm32cube.common.mx_6.15.0.202507011659\db\plugins\mcufinder\reactClient1\index.html
2026-06-05 09:02:22,659 [INFO] ServerAccessManage:452 - Complete download http(s) 200
2026-06-05 09:02:22,659 [INFO] ServerAccessManage:509 - Download File STMicroelectronics.X-CUBE-ALGOBUILD.pdsc
2026-06-05 09:02:22,723 [INFO] UserAuth:487 - Internet connection configuration mode: 1
2026-06-05 09:02:22,791 [WARN] MainUpdater:1193 - Updater busy. Cannot search thirdparties
2026-06-05 09:02:22,791 [INFO] ThirdPartyUpdaterWithRetryManager:96 - Updater plugin is busy. [1/15]
2026-06-05 09:02:23,348 [INFO] WebApp:191 - Connection restablished
2026-06-05 09:02:23,905 [WARN] PopulateThirdPartyThread:106 - Error when creating pack: C:/Users/hanna/.stm32cubemx/thirdparties/pdsc/STMicroelectronics.X-CUBE-SMBUS.pdsc
2026-06-05 09:02:23,964 [WARN] PackLoader:240 - Cannot read IP mode file for STMicroelectronics.X-CUBE-ALGOBUILD.1.5.0
2026-06-05 09:02:23,966 [INFO] PopulateThirdPartyThread:66 - Ending populate Thread
2026-06-05 09:02:23,968 [INFO] ThirdParty:1030 - CMSIS Pack Vendor :STMicroelectronics X-CUBE-ALGOBUILD 1.5.0
2026-06-05 09:02:23,968 [INFO] LoadServerUpdatesThread:375 - End of LoadServerUpdate Thread
2026-06-05 09:02:24,046 [INFO] CheckServerUpdateThread:120 - End of CheckServer Thread
2026-06-05 09:02:26,061 [WARN] PackLoader:240 - Cannot read IP mode file for STMicroelectronics.X-CUBE-AZRTOS-H7.3.5.0
2026-06-05 09:02:26,069 [WARN] PackLoader:240 - Cannot read IP mode file for STMicroelectronics.FP-SNS-MOTENVWB1.1.4.0
2026-06-05 09:02:26,074 [WARN] PackLoader:240 - Cannot read IP mode file for STMicroelectronics.FP-ATR-ASTRA1.2.0.2
2026-06-05 09:02:26,077 [WARN] PackLoader:240 - Cannot read IP mode file for STMicroelectronics.FP-ATR-ASTRA1.2.0.1
2026-06-05 09:02:26,079 [ERROR] Engine:466 - C:\Users\hanna\.stm32cubemx\thirdparties\pdsc\STMicroelectronics.X-CUBE-SMBUS.2.1.1.pdsc: PDSC version is not supported
2026-06-05 09:02:26,083 [WARN] PackLoader:240 - Cannot read IP mode file for STMicroelectronics.X-CUBE-SMBUS.2.1.0
2026-06-05 09:02:26,090 [WARN] PackLoader:240 - Cannot read IP mode file for STMicroelectronics.X-CUBE-WB05N.1.1.0
2026-06-05 09:02:26,094 [WARN] PackLoader:240 - Cannot read IP mode file for STMicroelectronics.X-CUBE-ST60.1.0.0
2026-06-05 09:02:26,105 [WARN] PackLoader:240 - Cannot read IP mode file for STMicroelectronics.X-CUBE-AZRTOS-F7.1.1.0
2026-06-05 09:02:26,110 [WARN] PackLoader:240 - Cannot read IP mode file for STMicroelectronics.FP-SNS-MOTENV1.5.1.0
2026-06-05 09:02:26,115 [WARN] PackLoader:240 - Cannot read IP mode file for STMicroelectronics.FP-SNS-FLIGHT1.5.0.2
2026-06-05 09:02:26,129 [WARN] PackLoader:240 - Cannot read IP mode file for Infineon.AIROC-Wi-Fi-Bluetooth-STM32.1.7.0
2026-06-05 09:02:26,146 [WARN] PackLoader:240 - Cannot read IP mode file for STMicroelectronics.X-CUBE-AZRTOS-H7.3.4.0
2026-06-05 09:02:26,152 [WARN] PackLoader:240 - Cannot read IP mode file for STMicroelectronics.X-CUBE-DISPLAY.3.0.0
2026-06-05 09:02:26,159 [WARN] PackLoader:240 - Cannot read IP mode file for STMicroelectronics.X-CUBE-GNSS1.7.1.1
2026-06-05 09:02:26,163 [WARN] PackLoader:240 - Cannot read IP mode file for STMicroelectronics.FP-SNS-MOTENVWB1.1.5.0
2026-06-05 09:02:26,166 [WARN] PackLoader:240 - Cannot read IP mode file for STMicroelectronics.X-CUBE-BLE1.7.0.0
2026-06-05 09:02:26,171 [WARN] PackLoader:240 - Cannot read IP mode file for STMicroelectronics.X-CUBE-NFC10.1.0.0
2026-06-05 09:02:26,180 [WARN] PackLoader:240 - Cannot read IP mode file for STMicroelectronics.X-CUBE-BLEMGR.4.0.0
2026-06-05 09:02:26,185 [WARN] PackLoader:240 - Cannot read IP mode file for STMicroelectronics.X-CUBE-ST60.1.1.0
2026-06-05 09:02:26,190 [WARN] PackLoader:240 - Cannot read IP mode file for emotas.I-CUBE-CANOPEN.1.3.0
2026-06-05 09:02:26,193 [WARN] PackLoader:240 - Cannot read IP mode file for STMicroelectronics.X-CUBE-GNSS1.7.1.0
2026-06-05 09:02:26,199 [WARN] PackLoader:240 - Cannot read IP mode file for STMicroelectronics.X-CUBE-AI.10.0.0
2026-06-05 09:02:26,204 [WARN] PackLoader:240 - Cannot read IP mode file for STMicroelectronics.FP-SNS-STBOX1.2.1.0
2026-06-05 09:02:26,211 [WARN] PackLoader:240 - Cannot read IP mode file for STMicroelectronics.FP-SNS-SMARTAG2.1.2.0
2026-06-05 09:02:26,214 [WARN] PackLoader:240 - Cannot read IP mode file for STMicroelectronics.FP-SNS-FLIGHT1.5.1.0
2026-06-05 09:02:26,241 [WARN] PackLoader:240 - Cannot read IP mode file for STMicroelectronics.X-CUBE-MEMS1.11.1.0
2026-06-05 09:02:26,301 [INFO] LogOutputStream:77 - [STDOUT_REDIRECT] 1 : Invalid condition id : UX_CORESTACK_Condition cause : null
2026-06-05 09:02:26,302 [INFO] LogOutputStream:77 - [STDOUT_REDIRECT] 1 : Invalid condition id : UX_CORESTACK_Condition cause : null
2026-06-05 09:02:26,302 [INFO] LogOutputStream:77 - [STDOUT_REDIRECT] 1 : Invalid condition id : UX_CORESTACK_Condition cause : null
2026-06-05 09:02:26,303 [INFO] LogOutputStream:77 - [STDOUT_REDIRECT] 1 : Invalid condition id : UX_CORESTACK_Condition cause : null
2026-06-05 09:02:26,304 [INFO] LogOutputStream:77 - [STDOUT_REDIRECT] 1 : Invalid condition id : UX_CORESTACK_Condition cause : null
2026-06-05 09:02:26,306 [WARN] PackLoader:240 - Cannot read IP mode file for STMicroelectronics.X-CUBE-AZRTOS-WL.2.0.0
2026-06-05 09:02:26,310 [WARN] PackLoader:240 - Cannot read IP mode file for STMicroelectronics.FP-SNS-MOTENV1.5.0.0
2026-06-05 09:02:26,319 [WARN] PackLoader:240 - Cannot read IP mode file for STMicroelectronics.X-CUBE-AZRTOS-H7RS.1.2.0
2026-06-05 09:02:26,325 [WARN] PackLoader:240 - Cannot read IP mode file for wolfSSL.I-CUBE-wolfMQTT.1.19.0
2026-06-05 09:02:26,330 [WARN] PackLoader:240 - Cannot read IP mode file for WES.I-CUBE-Cesium.1.3.0
2026-06-05 09:02:26,333 [WARN] PackLoader:240 - Cannot read IP mode file for STMicroelectronics.X-CUBE-BLE2.3.3.0
2026-06-05 09:02:26,348 [WARN] PackLoader:240 - Cannot read IP mode file for STMicroelectronics.X-CUBE-NFC9.1.0.0
2026-06-05 09:02:26,352 [WARN] PackLoader:240 - Cannot read IP mode file for STMicroelectronics.X-CUBE-BLE1.7.1.0
2026-06-05 09:02:26,356 [WARN] PackLoader:240 - Cannot read IP mode file for STMicroelectronics.X-CUBE-FREERTOS.1.4.0
2026-06-05 09:02:26,360 [WARN] PackLoader:240 - Cannot read IP mode file for STMicroelectronics.X-CUBE-EEPRMA1.5.2.0
2026-06-05 09:02:26,365 [WARN] PackLoader:240 - Cannot read IP mode file for STMicroelectronics.FP-SNS-STAIOTCFT.1.1.0
2026-06-05 09:02:26,392 [WARN] PackLoader:240 - Cannot read IP mode file for STMicroelectronics.X-CUBE-MEMS1.12.0.0
2026-06-05 09:02:26,444 [WARN] PackLoader:240 - Cannot read IP mode file for STMicroelectronics.X-CUBE-MEMS1.11.2.0
2026-06-05 09:02:26,489 [WARN] PackLoader:240 - Cannot read IP mode file for STMicroelectronics.X-CUBE-AZRTOS-G0.1.1.0
2026-06-05 09:02:26,495 [WARN] PackLoader:240 - Cannot read IP mode file for STMicroelectronics.X-CUBE-SAFEA1.1.2.2
2026-06-05 09:02:26,501 [WARN] PackLoader:240 - Cannot read IP mode file for STMicroelectronics.X-CUBE-NFC4.3.0.0
2026-06-05 09:02:26,508 [WARN] PackLoader:240 - Cannot read IP mode file for EmbeddedOffice.I-CUBE-FS-RTOS.1.0.1
2026-06-05 09:02:26,513 [WARN] PackLoader:240 - Cannot read IP mode file for STMicroelectronics.X-CUBE-WB05N.2.0.0
2026-06-05 09:02:26,517 [WARN] PackLoader:240 - Cannot read IP mode file for STMicroelectronics.X-CUBE-TCPP.4.2.0
2026-06-05 09:02:26,522 [WARN] PackLoader:240 - Cannot read IP mode file for RealThread.X-CUBE-RT-Thread_Nano.4.1.1
2026-06-05 09:02:26,525 [WARN] PackLoader:240 - Cannot read IP mode file for STMicroelectronics.FP-ATR-SIGFOX1.3.2.0
2026-06-05 09:02:26,529 [WARN] ConditionMgr:438 - getConditionDescription Invalid condition id : Cortex-A Device cause : null
2026-06-05 09:02:26,534 [WARN] ConditionMgr:1044 - genDependencies : Invalid condition id : Cortex-A Device cause : null
2026-06-05 09:02:26,535 [WARN] ConditionMgr:1044 - genDependencies : Invalid condition id : Cortex-A Device cause : null
2026-06-05 09:02:26,535 [WARN] ConditionMgr:1044 - genDependencies : Invalid condition id : Cortex-A Device cause : null
2026-06-05 09:02:26,539 [WARN] PackLoader:240 - Cannot read IP mode file for STMicroelectronics.X-CUBE-EEPRMA1.5.1.0
2026-06-05 09:02:26,543 [WARN] PackLoader:240 - Cannot read IP mode file for STMicroelectronics.X-CUBE-FREERTOS.1.5.0
2026-06-05 09:02:26,547 [WARN] PackLoader:240 - Cannot read IP mode file for wolfSSL.I-CUBE-wolfSSL.5.7.6
2026-06-05 09:02:26,551 [WARN] PackLoader:240 - Cannot read IP mode file for ITTIA_DB.I-CUBE-ITTIADB.8.9.0
2026-06-05 09:02:26,556 [WARN] PackLoader:240 - Cannot read IP mode file for STMicroelectronics.X-CUBE-NFC6.3.2.0
2026-06-05 09:02:26,565 [WARN] PackLoader:240 - Cannot read IP mode file for STMicroelectronics.X-CUBE-ST67W61.1.0.0
2026-06-05 09:02:26,568 [WARN] PackLoader:240 - Cannot read IP mode file for STMicroelectronics.X-CUBE-AI.10.2.0
2026-06-05 09:02:26,587 [WARN] PackLoader:240 - Cannot read IP mode file for STMicroelectronics.X-CUBE-MEMS1.12.1.0
2026-06-05 09:02:26,639 [WARN] PackLoader:240 - Cannot read IP mode file for SEGGER.I-CUBE-embOS.1.3.1
2026-06-05 09:02:26,657 [WARN] PackLoader:240 - Cannot read IP mode file for STMicroelectronics.X-CUBE-ALGOBUILD.1.4.0
2026-06-05 09:02:26,677 [WARN] PackLoader:240 - Cannot read IP mode file for STMicroelectronics.X-CUBE-MEMS1.11.3.0
2026-06-05 09:02:26,733 [WARN] PackLoader:240 - Cannot read IP mode file for STMicroelectronics.X-CUBE-PM33A1.1.0.0
2026-06-05 09:02:26,743 [WARN] PackLoader:240 - Cannot read IP mode file for STMicroelectronics.X-CUBE-AZRTOS-F4.1.1.0
2026-06-05 09:02:26,747 [WARN] PackLoader:240 - Cannot read IP mode file for Avnet-IotConnect.X-CUBE-IoTC-DA16k-PMOD.1.0.0
2026-06-05 09:02:26,751 [WARN] PackLoader:240 - Cannot read IP mode file for STMicroelectronics.X-CUBE-ISPU.2.1.0
2026-06-05 09:02:26,758 [WARN] PackLoader:240 - Cannot read IP mode file for STMicroelectronics.X-CUBE-IPS.3.2.0
2026-06-05 09:02:26,764 [WARN] PackLoader:240 - Cannot read IP mode file for STMicroelectronics.eDS-WB_DPC_TT-BIDIR.2.1.1
2026-06-05 09:02:26,771 [WARN] PackLoader:240 - Cannot read IP mode file for STMicroelectronics.X-CUBE-NFC12.1.0.0
2026-06-05 09:02:26,780 [WARN] PackLoader:240 - Cannot read IP mode file for STMicroelectronics.X-CUBE-AZRTOS-L5.2.0.0
2026-06-05 09:02:26,784 [WARN] PackLoader:240 - Cannot read IP mode file for STMicroelectronics.X-CUBE-NFC6.3.1.0
2026-06-05 09:02:26,789 [WARN] PackLoader:240 - Cannot read IP mode file for STMicroelectronics.X-CUBE-ALGOBUILD.1.5.0
2026-06-05 09:02:26,795 [WARN] PackLoader:240 - Cannot read IP mode file for STMicroelectronics.X-CUBE-DPower.1.2.0
2026-06-05 09:02:26,799 [WARN] PackLoader:240 - Cannot read IP mode file for STMicroelectronics.eDS-WB_DPC_VIENNA.1.2.0
2026-06-05 09:02:26,802 [WARN] PackLoader:240 - Cannot read IP mode file for STMicroelectronics.eDS-WB_DPC_3PH2L-BIDIR.1.1.1
2026-06-05 09:02:26,804 [ERROR] Engine:466 - C:\Users\hanna\.stm32cubemx\thirdparties\pdsc\STMicroelectronics.X-CUBE-ST67W61.1.3.0.pdsc: PDSC version is not supported
2026-06-05 09:02:26,807 [WARN] PackLoader:240 - Cannot read IP mode file for STMicroelectronics.X-CUBE-FREERTOS.1.3.1
2026-06-05 09:02:26,812 [WARN] PackLoader:240 - Cannot read IP mode file for STMicroelectronics.X-CUBE-FREERTOS.1.3.0
2026-06-05 09:02:26,815 [WARN] PackLoader:240 - Cannot read IP mode file for STMicroelectronics.X-CUBE-NFC7.1.0.1
2026-06-05 09:02:26,819 [WARN] PackLoader:240 - Cannot read IP mode file for STMicroelectronics.X-CUBE-TOUCHGFX.4.26.0
2026-06-05 09:02:26,822 [WARN] PackLoader:240 - Cannot read IP mode file for STMicroelectronics.X-CUBE-TOUCHGFX.4.26.1
2026-06-05 09:02:26,825 [WARN] PackLoader:240 - Cannot read IP mode file for STMicroelectronics.FP-SNS-STAIOTCFT.1.0.0
2026-06-05 09:02:26,828 [WARN] PackLoader:240 - Cannot read IP mode file for STMicroelectronics.X-CUBE-DPower.1.3.0
2026-06-05 09:02:26,835 [WARN] ConditionMgr:438 - getConditionDescription Invalid condition id : LAN8742 Phy interface Condition cause : null
2026-06-05 09:02:26,836 [WARN] PackLoader:240 - Cannot read IP mode file for STMicroelectronics.X-CUBE-AZRTOS-L4.2.0.0
2026-06-05 09:02:26,836 [WARN] ConditionMgr:1044 - genDependencies : Invalid condition id : LAN8742 Phy interface Condition cause : null
2026-06-05 09:02:26,836 [WARN] ConditionMgr:1044 - genDependencies : Invalid condition id : LAN8742 Phy interface Condition cause : null
2026-06-05 09:02:26,836 [WARN] ConditionMgr:1044 - genDependencies : Invalid condition id : LAN8742 Phy interface Condition cause : null
2026-06-05 09:02:26,841 [WARN] PackLoader:240 - Cannot read IP mode file for STMicroelectronics.X-CUBE-SFXS2LP1.4.0.0
2026-06-05 09:02:26,844 [WARN] PackLoader:240 - Cannot read IP mode file for STMicroelectronics.X-CUBE-WB05N.2.1.0
2026-06-05 09:02:26,849 [WARN] PackLoader:240 - Cannot read IP mode file for STMicroelectronics.X-CUBE-ST67W61.1.2.0
2026-06-05 09:02:26,859 [WARN] PackLoader:240 - Cannot read IP mode file for STMicroelectronics.X-CUBE-AZRTOS-H7.3.3.0
2026-06-05 09:02:26,868 [WARN] PackLoader:240 - Cannot read IP mode file for STMicroelectronics.X-CUBE-BLEMGR.4.1.0
2026-06-05 09:02:26,876 [WARN] ConditionMgr:438 - getConditionDescription Invalid condition id : UX DEVICE CLASS RTOS Condition cause : null
2026-06-05 09:02:26,876 [WARN] ConditionMgr:438 - getConditionDescription Invalid condition id : UX DEVICE CLASS RTOS Condition cause : null
2026-06-05 09:02:26,877 [WARN] PackLoader:240 - Cannot read IP mode file for STMicroelectronics.X-CUBE-AZRTOS-WB.2.0.0
2026-06-05 09:02:26,877 [WARN] ConditionMgr:1044 - genDependencies : Invalid condition id : UX DEVICE CLASS RTOS Condition cause : null
2026-06-05 09:02:26,877 [WARN] ConditionMgr:1044 - genDependencies : Invalid condition id : UX DEVICE CLASS RTOS Condition cause : null
2026-06-05 09:02:26,877 [WARN] ConditionMgr:1044 - genDependencies : Invalid condition id : UX DEVICE CLASS RTOS Condition cause : null
2026-06-05 09:02:26,877 [WARN] ConditionMgr:1044 - genDependencies : Invalid condition id : UX DEVICE CLASS RTOS Condition cause : null
2026-06-05 09:02:26,877 [WARN] ConditionMgr:1044 - genDependencies : Invalid condition id : UX DEVICE CLASS RTOS Condition cause : null
2026-06-05 09:02:26,881 [WARN] PackLoader:240 - Cannot read IP mode file for STMicroelectronics.X-CUBE-GNSS1.7.0.1
2026-06-05 09:02:26,884 [WARN] PackLoader:240 - Cannot read IP mode file for STMicroelectronics.X-CUBE-TOUCHGFX.4.25.0
2026-06-05 09:02:26,888 [WARN] PackLoader:240 - Cannot read IP mode file for STMicroelectronics.FP-SNS-STBOX1.2.0.0
2026-06-05 09:02:26,892 [WARN] PackLoader:240 - Cannot read IP mode file for STMicroelectronics.X-CUBE-STSE01.2.0.0
2026-06-05 09:02:26,898 [WARN] PackLoader:240 - Cannot read IP mode file for STMicroelectronics.X-CUBE-SUBG2.5.0.0
2026-06-05 09:02:26,907 [WARN] PackLoader:240 - Cannot read IP mode file for STMicroelectronics.X-CUBE-AZRTOS-H7RS.1.1.0
2026-06-05 09:02:26,913 [WARN] PackLoader:240 - Cannot read IP mode file for Cesanta.I-CUBE-Mongoose.7.13.0
2026-06-05 09:02:26,920 [WARN] PackLoader:240 - Cannot read IP mode file for STMicroelectronics.X-CUBE-AZRTOS-G4.2.0.0
2026-06-05 09:02:26,923 [WARN] PackLoader:240 - Cannot read IP mode file for STMicroelectronics.X-CUBE-NFC7.2.0.0
2026-06-05 09:02:26,928 [WARN] PackLoader:240 - Cannot read IP mode file for STMicroelectronics.X-CUBE-IPS.3.1.0
2026-06-05 09:02:26,933 [WARN] PackLoader:240 - Cannot read IP mode file for STMicroelectronics.X-CUBE-ALS.1.0.2
2026-06-05 09:02:26,936 [WARN] PackLoader:240 - Cannot read IP mode file for STMicroelectronics.X-CUBE-TOUCHGFX.4.24.2
2026-06-05 09:02:26,939 [WARN] PackLoader:240 - Cannot read IP mode file for STMicroelectronics.X-CUBE-STSE01.1.0.0
2026-06-05 09:02:26,944 [WARN] PackLoader:240 - Cannot read IP mode file for wolfSSL.I-CUBE-wolfTPM.3.4.0
2026-06-05 09:02:26,948 [WARN] PackLoader:240 - Cannot read IP mode file for portGmbH.I-Cube-SoM-uGOAL.1.1.0
2026-06-05 09:02:26,956 [WARN] PackLoader:240 - Cannot read IP mode file for STMicroelectronics.X-CUBE-AZRTOS-H7RS.1.0.0
2026-06-05 09:02:26,964 [WARN] PackLoader:240 - Cannot read IP mode file for STMicroelectronics.X-CUBE-TOF1.3.4.2
2026-06-05 09:02:26,971 [WARN] PackLoader:240 - Cannot read IP mode file for STMicroelectronics.X-CUBE-TOF1.3.4.3
2026-06-05 09:02:26,989 [WARN] PackLoader:240 - Cannot read IP mode file for wolfSSL.I-CUBE-wolfSSH.1.4.17
2026-06-05 09:02:26,989 [INFO] ThirdParty:978 - Integrity check success = true
2026-06-05 09:02:26,989 [INFO] IntegrityCheckThread:100 - exiting critical section [integrity check]
2026-06-05 09:02:26,989 [INFO] IntegrityCheckThread:103 - End integrity checks thread
2026-06-05 09:05:41,040 [INFO] Activator:176 - 


2026-06-05 09:05:41,042 [INFO] Activator:177 - !SESSION log4j initialized
2026-06-05 09:05:44,446 [INFO] LogOutputStream:77 - [STDOUT_REDIRECT] 
2026-06-05 09:05:45,064 [INFO] ApplicationProperties:184 - Using Application install path: C:\ST\STM32CubeIDE_1.17.0\STM32CubeIDE\plugins\com.st.stm32cube.common.mx_6.15.0.202507011659
2026-06-05 09:05:45,079 [INFO] DbMcusXml:78 - Set database path to: C:\ST\STM32CubeIDE_1.17.0\STM32CubeIDE\plugins\com.st.stm32cube.common.mx_6.15.0.202507011659\\db\/mcu/
2026-06-05 09:05:45,079 [INFO] ApiDb:274 - Set plugin database path to: C:\ST\STM32CubeIDE_1.17.0\STM32CubeIDE\plugins\com.st.stm32cube.common.mx_6.15.0.202507011659\\db\/plugins/boardmanager/
2026-06-05 09:05:45,079 [WARN] ApiDb:259 - Overriding images path with different value:  => C:\ST\STM32CubeIDE_1.17.0\STM32CubeIDE\plugins\com.st.stm32cube.common.mx_6.15.0.202507011659\\db\/plugins/mcufinder/images/
2026-06-05 09:05:45,083 [INFO] ApiDb:250 - Set database path to: C:\Users\hanna\.stmcufinder\plugins\mcufinder//mcu/
2026-06-05 09:05:45,084 [INFO] DbMcusAds:125 - Set database path to: C:\Users\hanna\.stmcufinder\plugins\mcufinder//mcu/
2026-06-05 09:05:45,087 [INFO] CrossReferenceDbSqlite:203 - Set database path to: C:\Users\hanna\.stmcufinder\plugins\mcufinder//mcu/cs/
2026-06-05 09:05:45,185 [INFO] RulesReader:64 - Compatibility file has been processed (317 Rules)
2026-06-05 09:05:45,253 [INFO] DbMcusXml:78 - Set database path to: C:\ST\STM32CubeIDE_1.17.0\STM32CubeIDE\plugins\com.st.stm32cube.common.mx_6.15.0.202507011659\\db\/mcu/
2026-06-05 09:05:45,253 [INFO] ApiDb:274 - Set plugin database path to: C:\ST\STM32CubeIDE_1.17.0\STM32CubeIDE\plugins\com.st.stm32cube.common.mx_6.15.0.202507011659\\db\/plugins/boardmanager/
2026-06-05 09:05:45,253 [INFO] ApiDb:261 - Set plugin images path to: C:\ST\STM32CubeIDE_1.17.0\STM32CubeIDE\plugins\com.st.stm32cube.common.mx_6.15.0.202507011659\\db\/plugins/mcufinder/images/
2026-06-05 09:05:45,253 [WARN] DbFile:41 - Overriding database path with different value: C:\Users\hanna\.stmcufinder\plugins\mcufinder/ => C:\Users\hanna\.stmcufinder\plugins\mcufinder
2026-06-05 09:05:45,253 [INFO] ApiDb:250 - Set database path to: C:\Users\hanna\.stmcufinder\plugins\mcufinder//mcu/
2026-06-05 09:05:45,253 [WARN] DbFile:41 - Overriding database path with different value: C:\Users\hanna\.stmcufinder\plugins\mcufinder/ => C:\Users\hanna\.stmcufinder\plugins\mcufinder
2026-06-05 09:05:45,253 [INFO] DbMcusAds:125 - Set database path to: C:\Users\hanna\.stmcufinder\plugins\mcufinder//mcu/
2026-06-05 09:05:45,253 [WARN] DbFile:41 - Overriding database path with different value: C:\Users\hanna\.stmcufinder\plugins\mcufinder/ => C:\Users\hanna\.stmcufinder\plugins\mcufinder
2026-06-05 09:05:45,253 [WARN] DbFile:41 - Overriding database path with different value: C:\Users\hanna\.stmcufinder\plugins\mcufinder/ => C:\Users\hanna\.stmcufinder\plugins\mcufinder
2026-06-05 09:05:45,253 [INFO] CrossReferenceDbSqlite:203 - Set database path to: C:\Users\hanna\.stmcufinder\plugins\mcufinder//mcu/cs/
2026-06-05 09:05:45,304 [INFO] MainPanel:274 - HeapMemory: 268435456
2026-06-05 09:05:45,363 [INFO] DbMcusXml:78 - Set database path to: C:\ST\STM32CubeIDE_1.17.0\STM32CubeIDE\plugins\com.st.stm32cube.common.mx_6.15.0.202507011659\\db\/mcu/
2026-06-05 09:05:45,364 [INFO] ApiDb:274 - Set plugin database path to: C:\ST\STM32CubeIDE_1.17.0\STM32CubeIDE\plugins\com.st.stm32cube.common.mx_6.15.0.202507011659\\db\/plugins/boardmanager/
2026-06-05 09:05:45,364 [INFO] ApiDb:261 - Set plugin images path to: C:\ST\STM32CubeIDE_1.17.0\STM32CubeIDE\plugins\com.st.stm32cube.common.mx_6.15.0.202507011659\\db\/plugins/mcufinder/images/
2026-06-05 09:05:45,364 [WARN] DbFile:41 - Overriding database path with different value: C:\Users\hanna\.stmcufinder\plugins\mcufinder/ => C:\Users\hanna\.stmcufinder\plugins\mcufinder
2026-06-05 09:05:45,364 [INFO] ApiDb:250 - Set database path to: C:\Users\hanna\.stmcufinder\plugins\mcufinder//mcu/
2026-06-05 09:05:45,364 [WARN] DbFile:41 - Overriding database path with different value: C:\Users\hanna\.stmcufinder\plugins\mcufinder/ => C:\Users\hanna\.stmcufinder\plugins\mcufinder
2026-06-05 09:05:45,364 [INFO] DbMcusAds:125 - Set database path to: C:\Users\hanna\.stmcufinder\plugins\mcufinder//mcu/
2026-06-05 09:05:45,364 [WARN] DbFile:41 - Overriding database path with different value: C:\Users\hanna\.stmcufinder\plugins\mcufinder/ => C:\Users\hanna\.stmcufinder\plugins\mcufinder
2026-06-05 09:05:45,364 [WARN] DbFile:41 - Overriding database path with different value: C:\Users\hanna\.stmcufinder\plugins\mcufinder/ => C:\Users\hanna\.stmcufinder\plugins\mcufinder
2026-06-05 09:05:45,364 [INFO] CrossReferenceDbSqlite:203 - Set database path to: C:\Users\hanna\.stmcufinder\plugins\mcufinder//mcu/cs/
2026-06-05 09:05:45,390 [INFO] ApplicationProperties:184 - Using Application install path: C:\ST\STM32CubeIDE_1.17.0\STM32CubeIDE\plugins\com.st.stm32cube.common.mx_6.15.0.202507011659
2026-06-05 09:05:45,391 [INFO] PluginManage:196 - Search for loadable plugins [exclusion list=, ]
2026-06-05 09:05:45,391 [INFO] PluginManage:310 - Check plugin analytics
2026-06-05 09:05:45,535 [INFO] AnalyticsPlugin:253 - Accepted Software Licenses: 
2026-06-05 09:05:45,535 [INFO] AnalyticsPlugin:255 - Accepted CMSIS Pack Licenses: 
2026-06-05 09:05:45,535 [INFO] AnalyticsPlugin:257 - Accepted Firmware Licenses: 
2026-06-05 09:05:45,538 [INFO] PluginManage:359 - Loaded plugin analytics (category:tool,tabindex:-1)
2026-06-05 09:05:45,538 [INFO] PluginManage:310 - Check plugin cadmodel
2026-06-05 09:05:45,542 [INFO] CADModel:105 - Init CAD model plugin
2026-06-05 09:05:45,542 [INFO] PluginManage:359 - Loaded plugin cadmodel (category:power,tabindex:5)
2026-06-05 09:05:45,543 [INFO] PluginManage:310 - Check plugin clock
2026-06-05 09:05:45,549 [INFO] PluginManage:359 - Loaded plugin clock (category:base,tabindex:2)
2026-06-05 09:05:45,549 [INFO] PluginManage:310 - Check plugin ddr
2026-06-05 09:05:45,550 [INFO] PluginManage:359 - Loaded plugin ddr (category:tool,tabindex:6)
2026-06-05 09:05:45,550 [INFO] PluginManage:310 - Check plugin filemanager
2026-06-05 09:05:45,659 [INFO] PluginManage:359 - Loaded plugin filemanager (category:base,tabindex:10)
2026-06-05 09:05:45,659 [INFO] PluginManage:310 - Check plugin ipmanager
2026-06-05 09:05:45,664 [INFO] PluginManage:359 - Loaded plugin ipmanager (category:base,tabindex:5)
2026-06-05 09:05:45,665 [INFO] PluginManage:310 - Check plugin lpbam
2026-06-05 09:05:45,671 [INFO] PluginManage:359 - Loaded plugin lpbam (category:base,tabindex:0)
2026-06-05 09:05:45,671 [INFO] PluginManage:310 - Check plugin memorymap
2026-06-05 09:05:45,680 [INFO] PluginManage:359 - Loaded plugin memorymap (category:base,tabindex:4)
2026-06-05 09:05:45,680 [INFO] PluginManage:310 - Check plugin pinoutandconfiguration
2026-06-05 09:05:45,687 [INFO] PluginManage:359 - Loaded plugin pinoutandconfiguration (category:base,tabindex:1)
2026-06-05 09:05:45,688 [INFO] PluginManage:310 - Check plugin pinoutconfig
2026-06-05 09:05:45,766 [WARN] SupportedApi:132 - Cannot load RTOS API schema: s4s-elt-must-match.1: The content of 'definitions' must match (annotation?, (simpleType | complexType)?, (unique | key | keyref)*)). A problem was found starting at: attribute.
2026-06-05 09:05:45,856 [INFO] PluginManage:359 - Loaded plugin pinoutconfig (category:base,tabindex:0)
2026-06-05 09:05:45,857 [INFO] PluginManage:310 - Check plugin power
2026-06-05 09:05:45,861 [INFO] PluginManage:359 - Loaded plugin power (category:power,tabindex:4)
2026-06-05 09:05:45,861 [INFO] PluginManage:310 - Check plugin projectmanager
2026-06-05 09:05:45,874 [INFO] PluginManage:359 - Loaded plugin projectmanager (category:projectmanager,tabindex:4)
2026-06-05 09:05:45,874 [INFO] PluginManage:310 - Check plugin rif
2026-06-05 09:05:45,881 [INFO] PluginManage:359 - Loaded plugin rif (category:base,tabindex:3)
2026-06-05 09:05:45,881 [INFO] PluginManage:310 - Check plugin thirdparty
2026-06-05 09:05:45,985 [INFO] PluginManage:359 - Loaded plugin thirdparty (category:base,tabindex:-1)
2026-06-05 09:05:45,985 [INFO] PluginManage:310 - Check plugin tools
2026-06-05 09:05:45,985 [WARN] IntegrityCheckThread:84 - waiting for thirdparty lock release [integrity check]
2026-06-05 09:05:45,985 [INFO] IntegrityCheckThread:86 - entering critical section [integrity check]
2026-06-05 09:05:45,985 [INFO] ThirdPartyUpdaterWithRetryManager:70 - Updater plugin not ready yet. [1/15]
2026-06-05 09:05:45,987 [INFO] PluginManage:359 - Loaded plugin tools (category:base,tabindex:7)
2026-06-05 09:05:45,988 [INFO] PluginManage:310 - Check plugin tutovideos
2026-06-05 09:05:46,125 [INFO] PluginManage:359 - Loaded plugin tutovideos (category:base,tabindex:-1)
2026-06-05 09:05:46,125 [INFO] PluginManage:310 - Check plugin updater
2026-06-05 09:05:46,139 [INFO] PluginManage:359 - Loaded plugin updater (category:base,tabindex:12)
2026-06-05 09:05:46,140 [INFO] PluginManage:310 - Check plugin userauth
2026-06-05 09:05:46,143 [INFO] UserAuth:118 - Init User Auth plugin
2026-06-05 09:05:46,144 [INFO] PluginManage:359 - Loaded plugin userauth (category:base,tabindex:14)
2026-06-05 09:05:46,145 [INFO] PluginManage:283 - PluginManage : Loaded plugins [18]
2026-06-05 09:05:46,330 [INFO] PinOutPanel:1589 - setPackage(No Configuration,No Configuration)
2026-06-05 09:05:46,395 [INFO] CADModel:165 - CPN selected for project level
2026-06-05 09:05:46,395 [INFO] CADModel:114 - Register for checkConnection events
2026-06-05 09:05:46,409 [INFO] IPUIPlugin:80 - create IPUIPlugin
2026-06-05 09:05:46,409 [INFO] PluginManager:220 - loadIPPluginJar : add adc
2026-06-05 09:05:46,412 [INFO] IPUIPlugin:80 - create IPUIPlugin
2026-06-05 09:05:46,412 [INFO] PluginManager:220 - loadIPPluginJar : add aes
2026-06-05 09:05:46,414 [INFO] IPUIPlugin:80 - create IPUIPlugin
2026-06-05 09:05:46,414 [INFO] PluginManager:220 - loadIPPluginJar : add can
2026-06-05 09:05:46,415 [INFO] IPUIPlugin:80 - create IPUIPlugin
2026-06-05 09:05:46,415 [INFO] PluginManager:220 - loadIPPluginJar : add comp
2026-06-05 09:05:46,416 [INFO] IPUIPlugin:80 - create IPUIPlugin
2026-06-05 09:05:46,417 [INFO] PluginManager:220 - loadIPPluginJar : add cryp
2026-06-05 09:05:46,419 [INFO] IPUIPlugin:80 - create IPUIPlugin
2026-06-05 09:05:46,419 [INFO] PluginManager:220 - loadIPPluginJar : add ddr_ctrl_phy
2026-06-05 09:05:46,421 [INFO] IPUIPlugin:80 - create IPUIPlugin
2026-06-05 09:05:46,421 [INFO] PluginManager:220 - loadIPPluginJar : add dfsdm
2026-06-05 09:05:46,426 [INFO] IPUIPlugin:80 - create IPUIPlugin
2026-06-05 09:05:46,426 [INFO] PluginManager:220 - loadIPPluginJar : add dma
2026-06-05 09:05:46,428 [INFO] IPUIPlugin:80 - create IPUIPlugin
2026-06-05 09:05:46,428 [INFO] PluginManager:220 - loadIPPluginJar : add dma3
2026-06-05 09:05:46,430 [INFO] IPUIPlugin:80 - create IPUIPlugin
2026-06-05 09:05:46,431 [INFO] PluginManager:220 - loadIPPluginJar : add extmemmanager
2026-06-05 09:05:46,432 [INFO] IPUIPlugin:80 - create IPUIPlugin
2026-06-05 09:05:46,432 [INFO] PluginManager:220 - loadIPPluginJar : add fatfs
2026-06-05 09:05:46,436 [INFO] IPUIPlugin:80 - create IPUIPlugin
2026-06-05 09:05:46,436 [INFO] PluginManager:220 - loadIPPluginJar : add fmc
2026-06-05 09:05:46,441 [INFO] IPUIPlugin:80 - create IPUIPlugin
2026-06-05 09:05:46,441 [INFO] PluginManager:220 - loadIPPluginJar : add freertos
2026-06-05 09:05:46,442 [INFO] IPUIPlugin:80 - create IPUIPlugin
2026-06-05 09:05:46,442 [INFO] PluginManager:220 - loadIPPluginJar : add genericplugin
2026-06-05 09:05:46,444 [INFO] IPUIPlugin:80 - create IPUIPlugin
2026-06-05 09:05:46,444 [INFO] PluginManager:220 - loadIPPluginJar : add gfxmmu
2026-06-05 09:05:46,447 [INFO] IPUIPlugin:80 - create IPUIPlugin
2026-06-05 09:05:46,448 [INFO] PluginManager:220 - loadIPPluginJar : add gic
2026-06-05 09:05:46,451 [INFO] IPUIPlugin:80 - create IPUIPlugin
2026-06-05 09:05:46,451 [INFO] PluginManager:220 - loadIPPluginJar : add gpio
2026-06-05 09:05:46,453 [INFO] IPUIPlugin:80 - create IPUIPlugin
2026-06-05 09:05:46,453 [INFO] PluginManager:220 - loadIPPluginJar : add gtzc
2026-06-05 09:05:46,455 [INFO] IPUIPlugin:80 - create IPUIPlugin
2026-06-05 09:05:46,455 [INFO] PluginManager:220 - loadIPPluginJar : add hash
2026-06-05 09:05:46,457 [INFO] IPUIPlugin:80 - create IPUIPlugin
2026-06-05 09:05:46,457 [INFO] PluginManager:220 - loadIPPluginJar : add i2c
2026-06-05 09:05:46,460 [INFO] IPUIPlugin:80 - create IPUIPlugin
2026-06-05 09:05:46,460 [INFO] PluginManager:220 - loadIPPluginJar : add i2s
2026-06-05 09:05:46,462 [INFO] IPUIPlugin:80 - create IPUIPlugin
2026-06-05 09:05:46,462 [INFO] PluginManager:220 - loadIPPluginJar : add i3c
2026-06-05 09:05:46,465 [INFO] IPUIPlugin:80 - create IPUIPlugin
2026-06-05 09:05:46,465 [INFO] PluginManager:220 - loadIPPluginJar : add ipddr
2026-06-05 09:05:46,472 [INFO] IPUIPlugin:80 - create IPUIPlugin
2026-06-05 09:05:46,472 [INFO] PluginManager:220 - loadIPPluginJar : add linkedlist
2026-06-05 09:05:46,474 [INFO] IPUIPlugin:80 - create IPUIPlugin
2026-06-05 09:05:46,474 [INFO] PluginManager:220 - loadIPPluginJar : add lorawan
2026-06-05 09:05:46,475 [INFO] IPUIPlugin:80 - create IPUIPlugin
2026-06-05 09:05:46,475 [INFO] PluginManager:220 - loadIPPluginJar : add ltdc
2026-06-05 09:05:46,479 [INFO] IPUIPlugin:80 - create IPUIPlugin
2026-06-05 09:05:46,479 [INFO] PluginManager:220 - loadIPPluginJar : add mdma
2026-06-05 09:05:46,482 [INFO] IPUIPlugin:80 - create IPUIPlugin
2026-06-05 09:05:46,483 [INFO] PluginManager:220 - loadIPPluginJar : add nvic
2026-06-05 09:05:46,485 [INFO] IPUIPlugin:80 - create IPUIPlugin
2026-06-05 09:05:46,485 [INFO] PluginManager:220 - loadIPPluginJar : add opamp
2026-06-05 09:05:46,487 [INFO] IPUIPlugin:80 - create IPUIPlugin
2026-06-05 09:05:46,488 [INFO] PluginManager:220 - loadIPPluginJar : add openamp
2026-06-05 09:05:46,490 [INFO] IPUIPlugin:80 - create IPUIPlugin
2026-06-05 09:05:46,490 [INFO] PluginManager:220 - loadIPPluginJar : add pdm2pcm
2026-06-05 09:05:46,495 [INFO] IPUIPlugin:80 - create IPUIPlugin
2026-06-05 09:05:46,498 [INFO] PluginManager:220 - loadIPPluginJar : add plateformsettings
2026-06-05 09:05:46,500 [INFO] IPUIPlugin:80 - create IPUIPlugin
2026-06-05 09:05:46,500 [INFO] PluginManager:220 - loadIPPluginJar : add quadspi
2026-06-05 09:05:46,501 [INFO] IPUIPlugin:80 - create IPUIPlugin
2026-06-05 09:05:46,502 [INFO] PluginManager:220 - loadIPPluginJar : add radio
2026-06-05 09:05:46,504 [INFO] IPUIPlugin:80 - create IPUIPlugin
2026-06-05 09:05:46,505 [INFO] PluginManager:220 - loadIPPluginJar : add resmgrutility
2026-06-05 09:05:46,507 [INFO] IPUIPlugin:80 - create IPUIPlugin
2026-06-05 09:05:46,507 [INFO] PluginManager:220 - loadIPPluginJar : add sai
2026-06-05 09:05:46,510 [INFO] IPUIPlugin:80 - create IPUIPlugin
2026-06-05 09:05:46,510 [INFO] PluginManager:220 - loadIPPluginJar : add spi
2026-06-05 09:05:46,514 [INFO] IPUIPlugin:80 - create IPUIPlugin
2026-06-05 09:05:46,515 [INFO] PluginManager:220 - loadIPPluginJar : add stm32_wpan
2026-06-05 09:05:46,516 [INFO] IPUIPlugin:80 - create IPUIPlugin
2026-06-05 09:05:46,516 [INFO] PluginManager:220 - loadIPPluginJar : add tim
2026-06-05 09:05:46,519 [INFO] IPUIPlugin:80 - create IPUIPlugin
2026-06-05 09:05:46,519 [INFO] PluginManager:220 - loadIPPluginJar : add touchsensing
2026-06-05 09:05:46,520 [INFO] IPUIPlugin:80 - create IPUIPlugin
2026-06-05 09:05:46,521 [INFO] PluginManager:220 - loadIPPluginJar : add tracer_emb
2026-06-05 09:05:46,522 [INFO] IPUIPlugin:80 - create IPUIPlugin
2026-06-05 09:05:46,522 [INFO] PluginManager:220 - loadIPPluginJar : add ts
2026-06-05 09:05:46,523 [INFO] IPUIPlugin:80 - create IPUIPlugin
2026-06-05 09:05:46,523 [INFO] PluginManager:220 - loadIPPluginJar : add tsc
2026-06-05 09:05:46,525 [INFO] IPUIPlugin:80 - create IPUIPlugin
2026-06-05 09:05:46,525 [INFO] PluginManager:220 - loadIPPluginJar : add ucpd
2026-06-05 09:05:46,527 [INFO] IPUIPlugin:80 - create IPUIPlugin
2026-06-05 09:05:46,527 [INFO] PluginManager:220 - loadIPPluginJar : add usart
2026-06-05 09:05:46,531 [INFO] IPUIPlugin:80 - create IPUIPlugin
2026-06-05 09:05:46,531 [INFO] PluginManager:220 - loadIPPluginJar : add usbx
2026-06-05 09:05:46,648 [FATAL] Updater:351 - Updater called before beeing initialized
2026-06-05 09:05:46,682 [INFO] RulesReader:64 - Compatibility file has been processed (317 Rules)
2026-06-05 09:05:46,693 [INFO] RulesReader:64 - Compatibility file has been processed (317 Rules)
2026-06-05 09:05:46,702 [INFO] CADModel:165 - CPN selected for project level
2026-06-05 09:05:46,702 [INFO] CADModel:114 - Register for checkConnection events
2026-06-05 09:05:46,703 [FATAL] Updater:351 - Updater called before beeing initialized
2026-06-05 09:05:46,703 [ERROR] CADModel:125 - Updater not yet initialized, retry later 
2026-06-05 09:05:46,802 [FATAL] Updater:351 - Updater called before beeing initialized
2026-06-05 09:05:46,803 [INFO] CADModel:165 - CPN selected for project level
2026-06-05 09:05:46,803 [INFO] CADModel:114 - Register for checkConnection events
2026-06-05 09:05:46,803 [FATAL] Updater:351 - Updater called before beeing initialized
2026-06-05 09:05:46,803 [ERROR] CADModel:125 - Updater not yet initialized, retry later 
2026-06-05 09:05:46,806 [FATAL] Updater:351 - Updater called before beeing initialized
2026-06-05 09:05:46,900 [FATAL] Updater:351 - Updater called before beeing initialized
2026-06-05 09:05:46,903 [INFO] DbMcusAds:53 - JSON generation date=Mon Apr 27 09:14:29 BST 2026 (1777277669577)
2026-06-05 09:05:46,903 [FATAL] Updater:351 - Updater called before beeing initialized
2026-06-05 09:05:46,926 [WARN] DetailPanel:346 - Failed to get advertising image, set to default
2026-06-05 09:05:46,998 [FATAL] Updater:351 - Updater called before beeing initialized
2026-06-05 09:05:47,000 [FATAL] Updater:351 - Updater called before beeing initialized
2026-06-05 09:05:47,000 [FATAL] Updater:351 - Updater called before beeing initialized
2026-06-05 09:05:47,000 [WARN] DetailPanel:346 - Failed to get advertising image, set to default
2026-06-05 09:05:47,001 [FATAL] Updater:351 - Updater called before beeing initialized
2026-06-05 09:05:47,037 [ERROR] Updater:1198 - MainUpdater not yet initialized. External WinMGr cannot be set.
2026-06-05 09:05:47,039 [INFO] Updater:1134 - Updater Version found : 6.15.0
2026-06-05 09:05:47,064 [INFO] ApplicationProperties:184 - Using Application install path: C:\ST\STM32CubeIDE_1.17.0\STM32CubeIDE\plugins\com.st.stm32cube.common.mx_6.15.0.202507011659
2026-06-05 09:05:48,637 [ERROR] LogOutputStream:75 - [STDERR_REDIRECT] Jun 05, 2026 9:05:48 AM java.util.prefs.WindowsPreferences <init>
2026-06-05 09:05:48,638 [ERROR] LogOutputStream:75 - [STDERR_REDIRECT] WARNING: Could not open/create prefs root node Software\JavaSoft\Prefs at root 0xffffffff80000002. Windows RegCreateKeyEx(...) returned error code 5.
2026-06-05 09:05:48,638 [ERROR] LogOutputStream:75 - [STDERR_REDIRECT] 
2026-06-05 09:05:48,960 [INFO] MainUpdater:2872 - connection check result : 10
2026-06-05 09:05:48,961 [INFO] MainUpdater:289 - Updater Check For Update Now.
2026-06-05 09:05:48,961 [INFO] MicroXplorer:498 - Change Database Version : DB.6.0.150
2026-06-05 09:05:48,965 [INFO] McuFinderGlobals:63 - Set McuFinder mode to 2 (CubeIDE integrated)
2026-06-05 09:05:48,966 [INFO] UserAuth:487 - Internet connection configuration mode: 1
2026-06-05 09:05:48,987 [WARN] MainUpdater:1193 - Updater busy. Cannot search thirdparties
2026-06-05 09:05:48,988 [INFO] ThirdPartyUpdaterWithRetryManager:96 - Updater plugin is busy. [1/15]
2026-06-05 09:05:49,000 [INFO] JxBrowserEngine:152 - Initiate JxBrowser Engine with user profile folder
2026-06-05 09:05:49,144 [INFO] CheckServerUpdateThread:120 - End of CheckServer Thread
2026-06-05 09:05:49,653 [INFO] WebApp:169 - Instantiating new browser for Auth
2026-06-05 09:05:50,222 [INFO] WebApp:463 - Apply proxy settings
2026-06-05 09:05:50,222 [INFO] WebApp:548 - Chromium requires no authentication
2026-06-05 09:05:50,228 [INFO] WebApp:491 - Direct internet connection detected
2026-06-05 09:05:50,249 [INFO] WebApp:900 - Register for checkConnection events
2026-06-05 09:05:50,249 [INFO] WebApp:463 - Apply proxy settings
2026-06-05 09:05:50,249 [INFO] WebApp:548 - Chromium requires no authentication
2026-06-05 09:05:50,249 [INFO] WebApp:491 - Direct internet connection detected
2026-06-05 09:05:50,374 [INFO] WebApp:225 - Starting web application
2026-06-05 09:05:50,375 [INFO] WebApp:593 - Web application path used C:\ST\STM32CubeIDE_1.17.0\STM32CubeIDE\plugins\com.st.stm32cube.common.mx_6.15.0.202507011659\db\plugins\mcufinder\reactClient1\index.html
2026-06-05 09:05:50,437 [INFO] UserAuth:487 - Internet connection configuration mode: 1
2026-06-05 09:05:51,123 [INFO] WebApp:191 - Connection restablished
2026-06-05 09:05:52,209 [WARN] PackLoader:240 - Cannot read IP mode file for STMicroelectronics.X-CUBE-AZRTOS-H7.3.5.0
2026-06-05 09:05:52,216 [WARN] PackLoader:240 - Cannot read IP mode file for STMicroelectronics.FP-SNS-MOTENVWB1.1.4.0
2026-06-05 09:05:52,228 [WARN] PackLoader:240 - Cannot read IP mode file for STMicroelectronics.FP-ATR-ASTRA1.2.0.2
2026-06-05 09:05:52,230 [WARN] PackLoader:240 - Cannot read IP mode file for STMicroelectronics.FP-ATR-ASTRA1.2.0.1
2026-06-05 09:05:52,239 [ERROR] Engine:466 - C:\Users\hanna\.stm32cubemx\thirdparties\pdsc\STMicroelectronics.X-CUBE-SMBUS.2.1.1.pdsc: PDSC version is not supported
2026-06-05 09:05:52,243 [WARN] PackLoader:240 - Cannot read IP mode file for STMicroelectronics.X-CUBE-SMBUS.2.1.0
2026-06-05 09:05:52,250 [WARN] PackLoader:240 - Cannot read IP mode file for STMicroelectronics.X-CUBE-WB05N.1.1.0
2026-06-05 09:05:52,255 [WARN] PackLoader:240 - Cannot read IP mode file for STMicroelectronics.X-CUBE-ST60.1.0.0
2026-06-05 09:05:52,270 [WARN] PackLoader:240 - Cannot read IP mode file for STMicroelectronics.X-CUBE-AZRTOS-F7.1.1.0
2026-06-05 09:05:52,275 [WARN] PackLoader:240 - Cannot read IP mode file for STMicroelectronics.FP-SNS-MOTENV1.5.1.0
2026-06-05 09:05:52,279 [WARN] PackLoader:240 - Cannot read IP mode file for STMicroelectronics.FP-SNS-FLIGHT1.5.0.2
2026-06-05 09:05:52,294 [WARN] PackLoader:240 - Cannot read IP mode file for Infineon.AIROC-Wi-Fi-Bluetooth-STM32.1.7.0
2026-06-05 09:05:52,309 [WARN] PackLoader:240 - Cannot read IP mode file for STMicroelectronics.X-CUBE-AZRTOS-H7.3.4.0
2026-06-05 09:05:52,318 [WARN] PackLoader:240 - Cannot read IP mode file for STMicroelectronics.X-CUBE-DISPLAY.3.0.0
2026-06-05 09:05:52,329 [WARN] PackLoader:240 - Cannot read IP mode file for STMicroelectronics.X-CUBE-GNSS1.7.1.1
2026-06-05 09:05:52,333 [WARN] PackLoader:240 - Cannot read IP mode file for STMicroelectronics.FP-SNS-MOTENVWB1.1.5.0
2026-06-05 09:05:52,336 [WARN] PackLoader:240 - Cannot read IP mode file for STMicroelectronics.X-CUBE-BLE1.7.0.0
2026-06-05 09:05:52,345 [WARN] PackLoader:240 - Cannot read IP mode file for STMicroelectronics.X-CUBE-NFC10.1.0.0
2026-06-05 09:05:52,361 [WARN] PackLoader:240 - Cannot read IP mode file for STMicroelectronics.X-CUBE-BLEMGR.4.0.0
2026-06-05 09:05:52,364 [WARN] PackLoader:240 - Cannot read IP mode file for STMicroelectronics.X-CUBE-ST60.1.1.0
2026-06-05 09:05:52,369 [WARN] PackLoader:240 - Cannot read IP mode file for emotas.I-CUBE-CANOPEN.1.3.0
2026-06-05 09:05:52,372 [WARN] PackLoader:240 - Cannot read IP mode file for STMicroelectronics.X-CUBE-GNSS1.7.1.0
2026-06-05 09:05:52,375 [WARN] PackLoader:240 - Cannot read IP mode file for STMicroelectronics.X-CUBE-AI.10.0.0
2026-06-05 09:05:52,379 [WARN] PackLoader:240 - Cannot read IP mode file for STMicroelectronics.FP-SNS-STBOX1.2.1.0
2026-06-05 09:05:52,383 [WARN] PackLoader:240 - Cannot read IP mode file for STMicroelectronics.FP-SNS-SMARTAG2.1.2.0
2026-06-05 09:05:52,386 [WARN] PackLoader:240 - Cannot read IP mode file for STMicroelectronics.FP-SNS-FLIGHT1.5.1.0
2026-06-05 09:05:52,407 [WARN] PackLoader:240 - Cannot read IP mode file for STMicroelectronics.X-CUBE-MEMS1.11.1.0
2026-06-05 09:05:52,498 [INFO] LogOutputStream:77 - [STDOUT_REDIRECT] 1 : Invalid condition id : UX_CORESTACK_Condition cause : null
2026-06-05 09:05:52,499 [INFO] LogOutputStream:77 - [STDOUT_REDIRECT] 1 : Invalid condition id : UX_CORESTACK_Condition cause : null
2026-06-05 09:05:52,499 [INFO] LogOutputStream:77 - [STDOUT_REDIRECT] 1 : Invalid condition id : UX_CORESTACK_Condition cause : null
2026-06-05 09:05:52,500 [INFO] LogOutputStream:77 - [STDOUT_REDIRECT] 1 : Invalid condition id : UX_CORESTACK_Condition cause : null
2026-06-05 09:05:52,500 [INFO] LogOutputStream:77 - [STDOUT_REDIRECT] 1 : Invalid condition id : UX_CORESTACK_Condition cause : null
2026-06-05 09:05:52,501 [WARN] PackLoader:240 - Cannot read IP mode file for STMicroelectronics.X-CUBE-AZRTOS-WL.2.0.0
2026-06-05 09:05:52,507 [WARN] PackLoader:240 - Cannot read IP mode file for STMicroelectronics.FP-SNS-MOTENV1.5.0.0
2026-06-05 09:05:52,518 [WARN] PackLoader:240 - Cannot read IP mode file for STMicroelectronics.X-CUBE-AZRTOS-H7RS.1.2.0
2026-06-05 09:05:52,522 [WARN] PackLoader:240 - Cannot read IP mode file for wolfSSL.I-CUBE-wolfMQTT.1.19.0
2026-06-05 09:05:52,527 [WARN] PackLoader:240 - Cannot read IP mode file for WES.I-CUBE-Cesium.1.3.0
2026-06-05 09:05:52,530 [WARN] PackLoader:240 - Cannot read IP mode file for STMicroelectronics.X-CUBE-BLE2.3.3.0
2026-06-05 09:05:52,555 [WARN] PackLoader:240 - Cannot read IP mode file for STMicroelectronics.X-CUBE-NFC9.1.0.0
2026-06-05 09:05:52,558 [WARN] PackLoader:240 - Cannot read IP mode file for STMicroelectronics.X-CUBE-BLE1.7.1.0
2026-06-05 09:05:52,561 [WARN] PackLoader:240 - Cannot read IP mode file for STMicroelectronics.X-CUBE-FREERTOS.1.4.0
2026-06-05 09:05:52,564 [WARN] PackLoader:240 - Cannot read IP mode file for STMicroelectronics.X-CUBE-EEPRMA1.5.2.0
2026-06-05 09:05:52,569 [WARN] PackLoader:240 - Cannot read IP mode file for STMicroelectronics.FP-SNS-STAIOTCFT.1.1.0
2026-06-05 09:05:52,598 [WARN] PackLoader:240 - Cannot read IP mode file for STMicroelectronics.X-CUBE-MEMS1.12.0.0
2026-06-05 09:05:52,702 [WARN] PackLoader:240 - Cannot read IP mode file for STMicroelectronics.X-CUBE-MEMS1.11.2.0
2026-06-05 09:05:52,755 [WARN] PackLoader:240 - Cannot read IP mode file for STMicroelectronics.X-CUBE-AZRTOS-G0.1.1.0
2026-06-05 09:05:52,760 [WARN] PackLoader:240 - Cannot read IP mode file for STMicroelectronics.X-CUBE-SAFEA1.1.2.2
2026-06-05 09:05:52,763 [WARN] PackLoader:240 - Cannot read IP mode file for STMicroelectronics.X-CUBE-NFC4.3.0.0
2026-06-05 09:05:52,769 [WARN] PackLoader:240 - Cannot read IP mode file for EmbeddedOffice.I-CUBE-FS-RTOS.1.0.1
2026-06-05 09:05:52,771 [WARN] PackLoader:240 - Cannot read IP mode file for STMicroelectronics.X-CUBE-WB05N.2.0.0
2026-06-05 09:05:52,775 [WARN] PackLoader:240 - Cannot read IP mode file for STMicroelectronics.X-CUBE-TCPP.4.2.0
2026-06-05 09:05:52,787 [WARN] PackLoader:240 - Cannot read IP mode file for RealThread.X-CUBE-RT-Thread_Nano.4.1.1
2026-06-05 09:05:52,790 [WARN] PackLoader:240 - Cannot read IP mode file for STMicroelectronics.FP-ATR-SIGFOX1.3.2.0
2026-06-05 09:05:52,793 [WARN] ConditionMgr:438 - getConditionDescription Invalid condition id : Cortex-A Device cause : null
2026-06-05 09:05:52,804 [WARN] ConditionMgr:1044 - genDependencies : Invalid condition id : Cortex-A Device cause : null
2026-06-05 09:05:52,804 [WARN] ConditionMgr:1044 - genDependencies : Invalid condition id : Cortex-A Device cause : null
2026-06-05 09:05:52,804 [WARN] ConditionMgr:1044 - genDependencies : Invalid condition id : Cortex-A Device cause : null
2026-06-05 09:05:52,808 [WARN] PackLoader:240 - Cannot read IP mode file for STMicroelectronics.X-CUBE-EEPRMA1.5.1.0
2026-06-05 09:05:52,811 [WARN] PackLoader:240 - Cannot read IP mode file for STMicroelectronics.X-CUBE-FREERTOS.1.5.0
2026-06-05 09:05:52,813 [WARN] PackLoader:240 - Cannot read IP mode file for wolfSSL.I-CUBE-wolfSSL.5.7.6
2026-06-05 09:05:52,817 [WARN] PackLoader:240 - Cannot read IP mode file for ITTIA_DB.I-CUBE-ITTIADB.8.9.0
2026-06-05 09:05:52,821 [WARN] PackLoader:240 - Cannot read IP mode file for STMicroelectronics.X-CUBE-NFC6.3.2.0
2026-06-05 09:05:52,826 [WARN] PackLoader:240 - Cannot read IP mode file for STMicroelectronics.X-CUBE-ST67W61.1.0.0
2026-06-05 09:05:52,828 [WARN] PackLoader:240 - Cannot read IP mode file for STMicroelectronics.X-CUBE-AI.10.2.0
2026-06-05 09:05:52,850 [WARN] PackLoader:240 - Cannot read IP mode file for STMicroelectronics.X-CUBE-MEMS1.12.1.0
2026-06-05 09:05:52,891 [WARN] PackLoader:240 - Cannot read IP mode file for SEGGER.I-CUBE-embOS.1.3.1
2026-06-05 09:05:52,913 [WARN] PackLoader:240 - Cannot read IP mode file for STMicroelectronics.X-CUBE-ALGOBUILD.1.4.0
2026-06-05 09:05:52,930 [WARN] PackLoader:240 - Cannot read IP mode file for STMicroelectronics.X-CUBE-MEMS1.11.3.0
2026-06-05 09:05:53,020 [WARN] PackLoader:240 - Cannot read IP mode file for STMicroelectronics.X-CUBE-PM33A1.1.0.0
2026-06-05 09:05:53,030 [WARN] PackLoader:240 - Cannot read IP mode file for STMicroelectronics.X-CUBE-AZRTOS-F4.1.1.0
2026-06-05 09:05:53,033 [WARN] PackLoader:240 - Cannot read IP mode file for Avnet-IotConnect.X-CUBE-IoTC-DA16k-PMOD.1.0.0
2026-06-05 09:05:53,036 [WARN] PackLoader:240 - Cannot read IP mode file for STMicroelectronics.X-CUBE-ISPU.2.1.0
2026-06-05 09:05:53,042 [WARN] PackLoader:240 - Cannot read IP mode file for STMicroelectronics.X-CUBE-IPS.3.2.0
2026-06-05 09:05:53,048 [WARN] PackLoader:240 - Cannot read IP mode file for STMicroelectronics.eDS-WB_DPC_TT-BIDIR.2.1.1
2026-06-05 09:05:53,052 [WARN] PackLoader:240 - Cannot read IP mode file for STMicroelectronics.X-CUBE-NFC12.1.0.0
2026-06-05 09:05:53,067 [WARN] PackLoader:240 - Cannot read IP mode file for STMicroelectronics.X-CUBE-AZRTOS-L5.2.0.0
2026-06-05 09:05:53,072 [WARN] PackLoader:240 - Cannot read IP mode file for STMicroelectronics.X-CUBE-NFC6.3.1.0
2026-06-05 09:05:53,076 [WARN] PackLoader:240 - Cannot read IP mode file for STMicroelectronics.X-CUBE-ALGOBUILD.1.5.0
2026-06-05 09:05:53,080 [WARN] PackLoader:240 - Cannot read IP mode file for STMicroelectronics.X-CUBE-DPower.1.2.0
2026-06-05 09:05:53,084 [WARN] PackLoader:240 - Cannot read IP mode file for STMicroelectronics.eDS-WB_DPC_VIENNA.1.2.0
2026-06-05 09:05:53,090 [WARN] PackLoader:240 - Cannot read IP mode file for STMicroelectronics.eDS-WB_DPC_3PH2L-BIDIR.1.1.1
2026-06-05 09:05:53,091 [ERROR] Engine:466 - C:\Users\hanna\.stm32cubemx\thirdparties\pdsc\STMicroelectronics.X-CUBE-ST67W61.1.3.0.pdsc: PDSC version is not supported
2026-06-05 09:05:53,095 [WARN] PackLoader:240 - Cannot read IP mode file for STMicroelectronics.X-CUBE-FREERTOS.1.3.1
2026-06-05 09:05:53,097 [WARN] PackLoader:240 - Cannot read IP mode file for STMicroelectronics.X-CUBE-FREERTOS.1.3.0
2026-06-05 09:05:53,101 [WARN] PackLoader:240 - Cannot read IP mode file for STMicroelectronics.X-CUBE-NFC7.1.0.1
2026-06-05 09:05:53,105 [WARN] PackLoader:240 - Cannot read IP mode file for STMicroelectronics.X-CUBE-TOUCHGFX.4.26.0
2026-06-05 09:05:53,107 [WARN] PackLoader:240 - Cannot read IP mode file for STMicroelectronics.X-CUBE-TOUCHGFX.4.26.1
2026-06-05 09:05:53,110 [WARN] PackLoader:240 - Cannot read IP mode file for STMicroelectronics.FP-SNS-STAIOTCFT.1.0.0
2026-06-05 09:05:53,113 [WARN] PackLoader:240 - Cannot read IP mode file for STMicroelectronics.X-CUBE-DPower.1.3.0
2026-06-05 09:05:53,122 [WARN] ConditionMgr:438 - getConditionDescription Invalid condition id : LAN8742 Phy interface Condition cause : null
2026-06-05 09:05:53,123 [WARN] PackLoader:240 - Cannot read IP mode file for STMicroelectronics.X-CUBE-AZRTOS-L4.2.0.0
2026-06-05 09:05:53,123 [WARN] ConditionMgr:1044 - genDependencies : Invalid condition id : LAN8742 Phy interface Condition cause : null
2026-06-05 09:05:53,123 [WARN] ConditionMgr:1044 - genDependencies : Invalid condition id : LAN8742 Phy interface Condition cause : null
2026-06-05 09:05:53,123 [WARN] ConditionMgr:1044 - genDependencies : Invalid condition id : LAN8742 Phy interface Condition cause : null
2026-06-05 09:05:53,127 [WARN] PackLoader:240 - Cannot read IP mode file for STMicroelectronics.X-CUBE-SFXS2LP1.4.0.0
2026-06-05 09:05:53,131 [WARN] PackLoader:240 - Cannot read IP mode file for STMicroelectronics.X-CUBE-WB05N.2.1.0
2026-06-05 09:05:53,134 [WARN] PackLoader:240 - Cannot read IP mode file for STMicroelectronics.X-CUBE-ST67W61.1.2.0
2026-06-05 09:05:53,146 [WARN] PackLoader:240 - Cannot read IP mode file for STMicroelectronics.X-CUBE-AZRTOS-H7.3.3.0
2026-06-05 09:05:53,154 [WARN] PackLoader:240 - Cannot read IP mode file for STMicroelectronics.X-CUBE-BLEMGR.4.1.0
2026-06-05 09:05:53,166 [WARN] ConditionMgr:438 - getConditionDescription Invalid condition id : UX DEVICE CLASS RTOS Condition cause : null
2026-06-05 09:05:53,166 [WARN] ConditionMgr:438 - getConditionDescription Invalid condition id : UX DEVICE CLASS RTOS Condition cause : null
2026-06-05 09:05:53,167 [WARN] PackLoader:240 - Cannot read IP mode file for STMicroelectronics.X-CUBE-AZRTOS-WB.2.0.0
2026-06-05 09:05:53,168 [WARN] ConditionMgr:1044 - genDependencies : Invalid condition id : UX DEVICE CLASS RTOS Condition cause : null
2026-06-05 09:05:53,168 [WARN] ConditionMgr:1044 - genDependencies : Invalid condition id : UX DEVICE CLASS RTOS Condition cause : null
2026-06-05 09:05:53,168 [WARN] ConditionMgr:1044 - genDependencies : Invalid condition id : UX DEVICE CLASS RTOS Condition cause : null
2026-06-05 09:05:53,168 [WARN] ConditionMgr:1044 - genDependencies : Invalid condition id : UX DEVICE CLASS RTOS Condition cause : null
2026-06-05 09:05:53,168 [WARN] ConditionMgr:1044 - genDependencies : Invalid condition id : UX DEVICE CLASS RTOS Condition cause : null
2026-06-05 09:05:53,171 [WARN] PackLoader:240 - Cannot read IP mode file for STMicroelectronics.X-CUBE-GNSS1.7.0.1
2026-06-05 09:05:53,174 [WARN] PackLoader:240 - Cannot read IP mode file for STMicroelectronics.X-CUBE-TOUCHGFX.4.25.0
2026-06-05 09:05:53,177 [WARN] PackLoader:240 - Cannot read IP mode file for STMicroelectronics.FP-SNS-STBOX1.2.0.0
2026-06-05 09:05:53,181 [WARN] PackLoader:240 - Cannot read IP mode file for STMicroelectronics.X-CUBE-STSE01.2.0.0
2026-06-05 09:05:53,187 [WARN] PackLoader:240 - Cannot read IP mode file for STMicroelectronics.X-CUBE-SUBG2.5.0.0
2026-06-05 09:05:53,196 [WARN] PackLoader:240 - Cannot read IP mode file for STMicroelectronics.X-CUBE-AZRTOS-H7RS.1.1.0
2026-06-05 09:05:53,200 [WARN] PackLoader:240 - Cannot read IP mode file for Cesanta.I-CUBE-Mongoose.7.13.0
2026-06-05 09:05:53,206 [WARN] PackLoader:240 - Cannot read IP mode file for STMicroelectronics.X-CUBE-AZRTOS-G4.2.0.0
2026-06-05 09:05:53,208 [WARN] PackLoader:240 - Cannot read IP mode file for STMicroelectronics.X-CUBE-NFC7.2.0.0
2026-06-05 09:05:53,214 [WARN] PackLoader:240 - Cannot read IP mode file for STMicroelectronics.X-CUBE-IPS.3.1.0
2026-06-05 09:05:53,219 [WARN] PackLoader:240 - Cannot read IP mode file for STMicroelectronics.X-CUBE-ALS.1.0.2
2026-06-05 09:05:53,221 [WARN] PackLoader:240 - Cannot read IP mode file for STMicroelectronics.X-CUBE-TOUCHGFX.4.24.2
2026-06-05 09:05:53,224 [WARN] PackLoader:240 - Cannot read IP mode file for STMicroelectronics.X-CUBE-STSE01.1.0.0
2026-06-05 09:05:53,227 [WARN] PackLoader:240 - Cannot read IP mode file for wolfSSL.I-CUBE-wolfTPM.3.4.0
2026-06-05 09:05:53,231 [WARN] PackLoader:240 - Cannot read IP mode file for portGmbH.I-Cube-SoM-uGOAL.1.1.0
2026-06-05 09:05:53,238 [WARN] PackLoader:240 - Cannot read IP mode file for STMicroelectronics.X-CUBE-AZRTOS-H7RS.1.0.0
2026-06-05 09:05:53,244 [WARN] PackLoader:240 - Cannot read IP mode file for STMicroelectronics.X-CUBE-TOF1.3.4.2
2026-06-05 09:05:53,252 [WARN] PackLoader:240 - Cannot read IP mode file for STMicroelectronics.X-CUBE-TOF1.3.4.3
2026-06-05 09:05:53,259 [WARN] PackLoader:240 - Cannot read IP mode file for wolfSSL.I-CUBE-wolfSSH.1.4.17
2026-06-05 09:05:53,259 [INFO] ThirdParty:978 - Integrity check success = true
2026-06-05 09:05:53,259 [INFO] IntegrityCheckThread:100 - exiting critical section [integrity check]
2026-06-05 09:05:53,260 [INFO] IntegrityCheckThread:103 - End integrity checks thread
2026-06-05 09:07:26,299 [INFO] Activator:176 - 


2026-06-05 09:07:26,299 [INFO] Activator:177 - !SESSION log4j initialized
2026-06-05 09:07:30,329 [INFO] LogOutputStream:77 - [STDOUT_REDIRECT] 
2026-06-05 09:07:31,196 [INFO] ApplicationProperties:184 - Using Application install path: C:\ST\STM32CubeIDE_1.17.0\STM32CubeIDE\plugins\com.st.stm32cube.common.mx_6.15.0.202507011659
2026-06-05 09:07:31,225 [INFO] DbMcusXml:78 - Set database path to: C:\ST\STM32CubeIDE_1.17.0\STM32CubeIDE\plugins\com.st.stm32cube.common.mx_6.15.0.202507011659\\db\/mcu/
2026-06-05 09:07:31,226 [INFO] ApiDb:274 - Set plugin database path to: C:\ST\STM32CubeIDE_1.17.0\STM32CubeIDE\plugins\com.st.stm32cube.common.mx_6.15.0.202507011659\\db\/plugins/boardmanager/
2026-06-05 09:07:31,227 [WARN] ApiDb:259 - Overriding images path with different value:  => C:\ST\STM32CubeIDE_1.17.0\STM32CubeIDE\plugins\com.st.stm32cube.common.mx_6.15.0.202507011659\\db\/plugins/mcufinder/images/
2026-06-05 09:07:31,233 [INFO] ApiDb:250 - Set database path to: C:\Users\hanna\.stmcufinder\plugins\mcufinder//mcu/
2026-06-05 09:07:31,234 [INFO] DbMcusAds:125 - Set database path to: C:\Users\hanna\.stmcufinder\plugins\mcufinder//mcu/
2026-06-05 09:07:31,237 [INFO] CrossReferenceDbSqlite:203 - Set database path to: C:\Users\hanna\.stmcufinder\plugins\mcufinder//mcu/cs/
2026-06-05 09:07:31,334 [INFO] RulesReader:64 - Compatibility file has been processed (317 Rules)
2026-06-05 09:07:31,396 [INFO] DbMcusXml:78 - Set database path to: C:\ST\STM32CubeIDE_1.17.0\STM32CubeIDE\plugins\com.st.stm32cube.common.mx_6.15.0.202507011659\\db\/mcu/
2026-06-05 09:07:31,397 [INFO] ApiDb:274 - Set plugin database path to: C:\ST\STM32CubeIDE_1.17.0\STM32CubeIDE\plugins\com.st.stm32cube.common.mx_6.15.0.202507011659\\db\/plugins/boardmanager/
2026-06-05 09:07:31,397 [INFO] ApiDb:261 - Set plugin images path to: C:\ST\STM32CubeIDE_1.17.0\STM32CubeIDE\plugins\com.st.stm32cube.common.mx_6.15.0.202507011659\\db\/plugins/mcufinder/images/
2026-06-05 09:07:31,397 [WARN] DbFile:41 - Overriding database path with different value: C:\Users\hanna\.stmcufinder\plugins\mcufinder/ => C:\Users\hanna\.stmcufinder\plugins\mcufinder
2026-06-05 09:07:31,397 [INFO] ApiDb:250 - Set database path to: C:\Users\hanna\.stmcufinder\plugins\mcufinder//mcu/
2026-06-05 09:07:31,397 [WARN] DbFile:41 - Overriding database path with different value: C:\Users\hanna\.stmcufinder\plugins\mcufinder/ => C:\Users\hanna\.stmcufinder\plugins\mcufinder
2026-06-05 09:07:31,397 [INFO] DbMcusAds:125 - Set database path to: C:\Users\hanna\.stmcufinder\plugins\mcufinder//mcu/
2026-06-05 09:07:31,397 [WARN] DbFile:41 - Overriding database path with different value: C:\Users\hanna\.stmcufinder\plugins\mcufinder/ => C:\Users\hanna\.stmcufinder\plugins\mcufinder
2026-06-05 09:07:31,397 [WARN] DbFile:41 - Overriding database path with different value: C:\Users\hanna\.stmcufinder\plugins\mcufinder/ => C:\Users\hanna\.stmcufinder\plugins\mcufinder
2026-06-05 09:07:31,397 [INFO] CrossReferenceDbSqlite:203 - Set database path to: C:\Users\hanna\.stmcufinder\plugins\mcufinder//mcu/cs/
2026-06-05 09:07:31,455 [INFO] MainPanel:274 - HeapMemory: 268435456
2026-06-05 09:07:31,542 [INFO] DbMcusXml:78 - Set database path to: C:\ST\STM32CubeIDE_1.17.0\STM32CubeIDE\plugins\com.st.stm32cube.common.mx_6.15.0.202507011659\\db\/mcu/
2026-06-05 09:07:31,542 [INFO] ApiDb:274 - Set plugin database path to: C:\ST\STM32CubeIDE_1.17.0\STM32CubeIDE\plugins\com.st.stm32cube.common.mx_6.15.0.202507011659\\db\/plugins/boardmanager/
2026-06-05 09:07:31,542 [INFO] ApiDb:261 - Set plugin images path to: C:\ST\STM32CubeIDE_1.17.0\STM32CubeIDE\plugins\com.st.stm32cube.common.mx_6.15.0.202507011659\\db\/plugins/mcufinder/images/
2026-06-05 09:07:31,543 [WARN] DbFile:41 - Overriding database path with different value: C:\Users\hanna\.stmcufinder\plugins\mcufinder/ => C:\Users\hanna\.stmcufinder\plugins\mcufinder
2026-06-05 09:07:31,543 [INFO] ApiDb:250 - Set database path to: C:\Users\hanna\.stmcufinder\plugins\mcufinder//mcu/
2026-06-05 09:07:31,543 [WARN] DbFile:41 - Overriding database path with different value: C:\Users\hanna\.stmcufinder\plugins\mcufinder/ => C:\Users\hanna\.stmcufinder\plugins\mcufinder
2026-06-05 09:07:31,543 [INFO] DbMcusAds:125 - Set database path to: C:\Users\hanna\.stmcufinder\plugins\mcufinder//mcu/
2026-06-05 09:07:31,543 [WARN] DbFile:41 - Overriding database path with different value: C:\Users\hanna\.stmcufinder\plugins\mcufinder/ => C:\Users\hanna\.stmcufinder\plugins\mcufinder
2026-06-05 09:07:31,543 [WARN] DbFile:41 - Overriding database path with different value: C:\Users\hanna\.stmcufinder\plugins\mcufinder/ => C:\Users\hanna\.stmcufinder\plugins\mcufinder
2026-06-05 09:07:31,543 [INFO] CrossReferenceDbSqlite:203 - Set database path to: C:\Users\hanna\.stmcufinder\plugins\mcufinder//mcu/cs/
2026-06-05 09:07:31,559 [INFO] ApplicationProperties:184 - Using Application install path: C:\ST\STM32CubeIDE_1.17.0\STM32CubeIDE\plugins\com.st.stm32cube.common.mx_6.15.0.202507011659
2026-06-05 09:07:31,561 [INFO] PluginManage:196 - Search for loadable plugins [exclusion list=, ]
2026-06-05 09:07:31,562 [INFO] PluginManage:310 - Check plugin analytics
2026-06-05 09:07:31,719 [INFO] AnalyticsPlugin:253 - Accepted Software Licenses: 
2026-06-05 09:07:31,719 [INFO] AnalyticsPlugin:255 - Accepted CMSIS Pack Licenses: 
2026-06-05 09:07:31,719 [INFO] AnalyticsPlugin:257 - Accepted Firmware Licenses: 
2026-06-05 09:07:31,723 [INFO] PluginManage:359 - Loaded plugin analytics (category:tool,tabindex:-1)
2026-06-05 09:07:31,723 [INFO] PluginManage:310 - Check plugin cadmodel
2026-06-05 09:07:31,725 [INFO] CADModel:105 - Init CAD model plugin
2026-06-05 09:07:31,726 [INFO] PluginManage:359 - Loaded plugin cadmodel (category:power,tabindex:5)
2026-06-05 09:07:31,726 [INFO] PluginManage:310 - Check plugin clock
2026-06-05 09:07:31,732 [INFO] PluginManage:359 - Loaded plugin clock (category:base,tabindex:2)
2026-06-05 09:07:31,732 [INFO] PluginManage:310 - Check plugin ddr
2026-06-05 09:07:31,733 [INFO] PluginManage:359 - Loaded plugin ddr (category:tool,tabindex:6)
2026-06-05 09:07:31,734 [INFO] PluginManage:310 - Check plugin filemanager
2026-06-05 09:07:31,877 [INFO] PluginManage:359 - Loaded plugin filemanager (category:base,tabindex:10)
2026-06-05 09:07:31,878 [INFO] PluginManage:310 - Check plugin ipmanager
2026-06-05 09:07:31,883 [INFO] PluginManage:359 - Loaded plugin ipmanager (category:base,tabindex:5)
2026-06-05 09:07:31,883 [INFO] PluginManage:310 - Check plugin lpbam
2026-06-05 09:07:31,890 [INFO] PluginManage:359 - Loaded plugin lpbam (category:base,tabindex:0)
2026-06-05 09:07:31,890 [INFO] PluginManage:310 - Check plugin memorymap
2026-06-05 09:07:31,900 [INFO] PluginManage:359 - Loaded plugin memorymap (category:base,tabindex:4)
2026-06-05 09:07:31,900 [INFO] PluginManage:310 - Check plugin pinoutandconfiguration
2026-06-05 09:07:31,906 [INFO] PluginManage:359 - Loaded plugin pinoutandconfiguration (category:base,tabindex:1)
2026-06-05 09:07:31,907 [INFO] PluginManage:310 - Check plugin pinoutconfig
2026-06-05 09:07:31,999 [WARN] SupportedApi:132 - Cannot load RTOS API schema: s4s-elt-must-match.1: The content of 'definitions' must match (annotation?, (simpleType | complexType)?, (unique | key | keyref)*)). A problem was found starting at: attribute.
2026-06-05 09:07:32,166 [INFO] PluginManage:359 - Loaded plugin pinoutconfig (category:base,tabindex:0)
2026-06-05 09:07:32,166 [INFO] PluginManage:310 - Check plugin power
2026-06-05 09:07:32,176 [INFO] PluginManage:359 - Loaded plugin power (category:power,tabindex:4)
2026-06-05 09:07:32,176 [INFO] PluginManage:310 - Check plugin projectmanager
2026-06-05 09:07:32,197 [INFO] PluginManage:359 - Loaded plugin projectmanager (category:projectmanager,tabindex:4)
2026-06-05 09:07:32,197 [INFO] PluginManage:310 - Check plugin rif
2026-06-05 09:07:32,208 [INFO] PluginManage:359 - Loaded plugin rif (category:base,tabindex:3)
2026-06-05 09:07:32,209 [INFO] PluginManage:310 - Check plugin thirdparty
2026-06-05 09:07:32,356 [INFO] PluginManage:359 - Loaded plugin thirdparty (category:base,tabindex:-1)
2026-06-05 09:07:32,356 [WARN] IntegrityCheckThread:84 - waiting for thirdparty lock release [integrity check]
2026-06-05 09:07:32,357 [INFO] IntegrityCheckThread:86 - entering critical section [integrity check]
2026-06-05 09:07:32,357 [INFO] PluginManage:310 - Check plugin tools
2026-06-05 09:07:32,357 [INFO] ThirdPartyUpdaterWithRetryManager:70 - Updater plugin not ready yet. [1/15]
2026-06-05 09:07:32,360 [INFO] PluginManage:359 - Loaded plugin tools (category:base,tabindex:7)
2026-06-05 09:07:32,360 [INFO] PluginManage:310 - Check plugin tutovideos
2026-06-05 09:07:32,531 [INFO] PluginManage:359 - Loaded plugin tutovideos (category:base,tabindex:-1)
2026-06-05 09:07:32,532 [INFO] PluginManage:310 - Check plugin updater
2026-06-05 09:07:32,551 [INFO] PluginManage:359 - Loaded plugin updater (category:base,tabindex:12)
2026-06-05 09:07:32,551 [INFO] PluginManage:310 - Check plugin userauth
2026-06-05 09:07:32,555 [INFO] UserAuth:118 - Init User Auth plugin
2026-06-05 09:07:32,556 [INFO] PluginManage:359 - Loaded plugin userauth (category:base,tabindex:14)
2026-06-05 09:07:32,556 [INFO] PluginManage:283 - PluginManage : Loaded plugins [18]
2026-06-05 09:07:32,746 [INFO] PinOutPanel:1589 - setPackage(No Configuration,No Configuration)
2026-06-05 09:07:32,829 [INFO] CADModel:165 - CPN selected for project level
2026-06-05 09:07:32,830 [INFO] CADModel:114 - Register for checkConnection events
2026-06-05 09:07:32,845 [INFO] IPUIPlugin:80 - create IPUIPlugin
2026-06-05 09:07:32,846 [INFO] PluginManager:220 - loadIPPluginJar : add adc
2026-06-05 09:07:32,848 [INFO] IPUIPlugin:80 - create IPUIPlugin
2026-06-05 09:07:32,848 [INFO] PluginManager:220 - loadIPPluginJar : add aes
2026-06-05 09:07:32,850 [INFO] IPUIPlugin:80 - create IPUIPlugin
2026-06-05 09:07:32,851 [INFO] PluginManager:220 - loadIPPluginJar : add can
2026-06-05 09:07:32,852 [INFO] IPUIPlugin:80 - create IPUIPlugin
2026-06-05 09:07:32,853 [INFO] PluginManager:220 - loadIPPluginJar : add comp
2026-06-05 09:07:32,855 [INFO] IPUIPlugin:80 - create IPUIPlugin
2026-06-05 09:07:32,855 [INFO] PluginManager:220 - loadIPPluginJar : add cryp
2026-06-05 09:07:32,859 [INFO] IPUIPlugin:80 - create IPUIPlugin
2026-06-05 09:07:32,859 [INFO] PluginManager:220 - loadIPPluginJar : add ddr_ctrl_phy
2026-06-05 09:07:32,861 [INFO] IPUIPlugin:80 - create IPUIPlugin
2026-06-05 09:07:32,861 [INFO] PluginManager:220 - loadIPPluginJar : add dfsdm
2026-06-05 09:07:32,866 [INFO] IPUIPlugin:80 - create IPUIPlugin
2026-06-05 09:07:32,867 [INFO] PluginManager:220 - loadIPPluginJar : add dma
2026-06-05 09:07:32,870 [INFO] IPUIPlugin:80 - create IPUIPlugin
2026-06-05 09:07:32,870 [INFO] PluginManager:220 - loadIPPluginJar : add dma3
2026-06-05 09:07:32,872 [INFO] IPUIPlugin:80 - create IPUIPlugin
2026-06-05 09:07:32,872 [INFO] PluginManager:220 - loadIPPluginJar : add extmemmanager
2026-06-05 09:07:32,874 [INFO] IPUIPlugin:80 - create IPUIPlugin
2026-06-05 09:07:32,874 [INFO] PluginManager:220 - loadIPPluginJar : add fatfs
2026-06-05 09:07:32,878 [INFO] IPUIPlugin:80 - create IPUIPlugin
2026-06-05 09:07:32,878 [INFO] PluginManager:220 - loadIPPluginJar : add fmc
2026-06-05 09:07:32,883 [INFO] IPUIPlugin:80 - create IPUIPlugin
2026-06-05 09:07:32,883 [INFO] PluginManager:220 - loadIPPluginJar : add freertos
2026-06-05 09:07:32,885 [INFO] IPUIPlugin:80 - create IPUIPlugin
2026-06-05 09:07:32,885 [INFO] PluginManager:220 - loadIPPluginJar : add genericplugin
2026-06-05 09:07:32,886 [INFO] IPUIPlugin:80 - create IPUIPlugin
2026-06-05 09:07:32,886 [INFO] PluginManager:220 - loadIPPluginJar : add gfxmmu
2026-06-05 09:07:32,890 [INFO] IPUIPlugin:80 - create IPUIPlugin
2026-06-05 09:07:32,890 [INFO] PluginManager:220 - loadIPPluginJar : add gic
2026-06-05 09:07:32,895 [INFO] IPUIPlugin:80 - create IPUIPlugin
2026-06-05 09:07:32,895 [INFO] PluginManager:220 - loadIPPluginJar : add gpio
2026-06-05 09:07:32,897 [INFO] IPUIPlugin:80 - create IPUIPlugin
2026-06-05 09:07:32,898 [INFO] PluginManager:220 - loadIPPluginJar : add gtzc
2026-06-05 09:07:32,900 [INFO] IPUIPlugin:80 - create IPUIPlugin
2026-06-05 09:07:32,900 [INFO] PluginManager:220 - loadIPPluginJar : add hash
2026-06-05 09:07:32,903 [INFO] IPUIPlugin:80 - create IPUIPlugin
2026-06-05 09:07:32,903 [INFO] PluginManager:220 - loadIPPluginJar : add i2c
2026-06-05 09:07:32,905 [INFO] IPUIPlugin:80 - create IPUIPlugin
2026-06-05 09:07:32,906 [INFO] PluginManager:220 - loadIPPluginJar : add i2s
2026-06-05 09:07:32,909 [INFO] IPUIPlugin:80 - create IPUIPlugin
2026-06-05 09:07:32,909 [INFO] PluginManager:220 - loadIPPluginJar : add i3c
2026-06-05 09:07:32,912 [INFO] IPUIPlugin:80 - create IPUIPlugin
2026-06-05 09:07:32,913 [INFO] PluginManager:220 - loadIPPluginJar : add ipddr
2026-06-05 09:07:32,920 [INFO] IPUIPlugin:80 - create IPUIPlugin
2026-06-05 09:07:32,920 [INFO] PluginManager:220 - loadIPPluginJar : add linkedlist
2026-06-05 09:07:32,923 [INFO] IPUIPlugin:80 - create IPUIPlugin
2026-06-05 09:07:32,923 [INFO] PluginManager:220 - loadIPPluginJar : add lorawan
2026-06-05 09:07:32,925 [INFO] IPUIPlugin:80 - create IPUIPlugin
2026-06-05 09:07:32,925 [INFO] PluginManager:220 - loadIPPluginJar : add ltdc
2026-06-05 09:07:32,932 [INFO] IPUIPlugin:80 - create IPUIPlugin
2026-06-05 09:07:32,932 [INFO] PluginManager:220 - loadIPPluginJar : add mdma
2026-06-05 09:07:32,935 [INFO] IPUIPlugin:80 - create IPUIPlugin
2026-06-05 09:07:32,936 [INFO] PluginManager:220 - loadIPPluginJar : add nvic
2026-06-05 09:07:32,939 [INFO] IPUIPlugin:80 - create IPUIPlugin
2026-06-05 09:07:32,939 [INFO] PluginManager:220 - loadIPPluginJar : add opamp
2026-06-05 09:07:32,944 [INFO] IPUIPlugin:80 - create IPUIPlugin
2026-06-05 09:07:32,945 [INFO] PluginManager:220 - loadIPPluginJar : add openamp
2026-06-05 09:07:32,948 [INFO] IPUIPlugin:80 - create IPUIPlugin
2026-06-05 09:07:32,948 [INFO] PluginManager:220 - loadIPPluginJar : add pdm2pcm
2026-06-05 09:07:32,954 [INFO] IPUIPlugin:80 - create IPUIPlugin
2026-06-05 09:07:32,956 [INFO] PluginManager:220 - loadIPPluginJar : add plateformsettings
2026-06-05 09:07:32,958 [INFO] IPUIPlugin:80 - create IPUIPlugin
2026-06-05 09:07:32,958 [INFO] PluginManager:220 - loadIPPluginJar : add quadspi
2026-06-05 09:07:32,961 [INFO] IPUIPlugin:80 - create IPUIPlugin
2026-06-05 09:07:32,962 [INFO] PluginManager:220 - loadIPPluginJar : add radio
2026-06-05 09:07:32,964 [INFO] IPUIPlugin:80 - create IPUIPlugin
2026-06-05 09:07:32,965 [INFO] PluginManager:220 - loadIPPluginJar : add resmgrutility
2026-06-05 09:07:32,969 [INFO] IPUIPlugin:80 - create IPUIPlugin
2026-06-05 09:07:32,969 [INFO] PluginManager:220 - loadIPPluginJar : add sai
2026-06-05 09:07:32,972 [INFO] IPUIPlugin:80 - create IPUIPlugin
2026-06-05 09:07:32,972 [INFO] PluginManager:220 - loadIPPluginJar : add spi
2026-06-05 09:07:32,978 [INFO] IPUIPlugin:80 - create IPUIPlugin
2026-06-05 09:07:32,979 [INFO] PluginManager:220 - loadIPPluginJar : add stm32_wpan
2026-06-05 09:07:32,980 [INFO] IPUIPlugin:80 - create IPUIPlugin
2026-06-05 09:07:32,980 [INFO] PluginManager:220 - loadIPPluginJar : add tim
2026-06-05 09:07:32,985 [INFO] IPUIPlugin:80 - create IPUIPlugin
2026-06-05 09:07:32,985 [INFO] PluginManager:220 - loadIPPluginJar : add touchsensing
2026-06-05 09:07:32,987 [INFO] IPUIPlugin:80 - create IPUIPlugin
2026-06-05 09:07:32,987 [INFO] PluginManager:220 - loadIPPluginJar : add tracer_emb
2026-06-05 09:07:32,988 [INFO] IPUIPlugin:80 - create IPUIPlugin
2026-06-05 09:07:32,988 [INFO] PluginManager:220 - loadIPPluginJar : add ts
2026-06-05 09:07:32,990 [INFO] IPUIPlugin:80 - create IPUIPlugin
2026-06-05 09:07:32,990 [INFO] PluginManager:220 - loadIPPluginJar : add tsc
2026-06-05 09:07:32,992 [INFO] IPUIPlugin:80 - create IPUIPlugin
2026-06-05 09:07:32,992 [INFO] PluginManager:220 - loadIPPluginJar : add ucpd
2026-06-05 09:07:32,995 [INFO] IPUIPlugin:80 - create IPUIPlugin
2026-06-05 09:07:32,995 [INFO] PluginManager:220 - loadIPPluginJar : add usart
2026-06-05 09:07:32,998 [INFO] IPUIPlugin:80 - create IPUIPlugin
2026-06-05 09:07:32,998 [INFO] PluginManager:220 - loadIPPluginJar : add usbx
2026-06-05 09:07:33,113 [FATAL] Updater:351 - Updater called before beeing initialized
2026-06-05 09:07:33,148 [INFO] RulesReader:64 - Compatibility file has been processed (317 Rules)
2026-06-05 09:07:33,154 [INFO] RulesReader:64 - Compatibility file has been processed (317 Rules)
2026-06-05 09:07:33,162 [INFO] CADModel:165 - CPN selected for project level
2026-06-05 09:07:33,162 [INFO] CADModel:114 - Register for checkConnection events
2026-06-05 09:07:33,162 [FATAL] Updater:351 - Updater called before beeing initialized
2026-06-05 09:07:33,162 [ERROR] CADModel:125 - Updater not yet initialized, retry later 
2026-06-05 09:07:33,269 [FATAL] Updater:351 - Updater called before beeing initialized
2026-06-05 09:07:33,270 [INFO] CADModel:165 - CPN selected for project level
2026-06-05 09:07:33,271 [INFO] CADModel:114 - Register for checkConnection events
2026-06-05 09:07:33,271 [FATAL] Updater:351 - Updater called before beeing initialized
2026-06-05 09:07:33,271 [ERROR] CADModel:125 - Updater not yet initialized, retry later 
2026-06-05 09:07:33,274 [FATAL] Updater:351 - Updater called before beeing initialized
2026-06-05 09:07:33,361 [FATAL] Updater:351 - Updater called before beeing initialized
2026-06-05 09:07:33,364 [INFO] DbMcusAds:53 - JSON generation date=Mon Apr 27 09:14:29 BST 2026 (1777277669577)
2026-06-05 09:07:33,364 [FATAL] Updater:351 - Updater called before beeing initialized
2026-06-05 09:07:33,388 [WARN] DetailPanel:346 - Failed to get advertising image, set to default
2026-06-05 09:07:33,454 [FATAL] Updater:351 - Updater called before beeing initialized
2026-06-05 09:07:33,456 [FATAL] Updater:351 - Updater called before beeing initialized
2026-06-05 09:07:33,456 [FATAL] Updater:351 - Updater called before beeing initialized
2026-06-05 09:07:33,456 [WARN] DetailPanel:346 - Failed to get advertising image, set to default
2026-06-05 09:07:33,457 [FATAL] Updater:351 - Updater called before beeing initialized
2026-06-05 09:07:33,488 [ERROR] Updater:1198 - MainUpdater not yet initialized. External WinMGr cannot be set.
2026-06-05 09:07:33,491 [INFO] Updater:1134 - Updater Version found : 6.15.0
2026-06-05 09:07:33,506 [INFO] ApplicationProperties:184 - Using Application install path: C:\ST\STM32CubeIDE_1.17.0\STM32CubeIDE\plugins\com.st.stm32cube.common.mx_6.15.0.202507011659
2026-06-05 09:07:35,075 [ERROR] LogOutputStream:75 - [STDERR_REDIRECT] Jun 05, 2026 9:07:35 AM java.util.prefs.WindowsPreferences <init>
2026-06-05 09:07:35,077 [ERROR] LogOutputStream:75 - [STDERR_REDIRECT] WARNING: Could not open/create prefs root node Software\JavaSoft\Prefs at root 0xffffffff80000002. Windows RegCreateKeyEx(...) returned error code 5.
2026-06-05 09:07:35,077 [ERROR] LogOutputStream:75 - [STDERR_REDIRECT] 
2026-06-05 09:07:35,336 [INFO] MainUpdater:2872 - connection check result : 10
2026-06-05 09:07:35,336 [INFO] MainUpdater:289 - Updater Check For Update Now.
2026-06-05 09:07:35,336 [INFO] MicroXplorer:498 - Change Database Version : DB.6.0.150
2026-06-05 09:07:35,341 [INFO] McuFinderGlobals:63 - Set McuFinder mode to 2 (CubeIDE integrated)
2026-06-05 09:07:35,343 [INFO] UserAuth:487 - Internet connection configuration mode: 1
2026-06-05 09:07:35,358 [WARN] MainUpdater:1193 - Updater busy. Cannot search thirdparties
2026-06-05 09:07:35,358 [INFO] ThirdPartyUpdaterWithRetryManager:96 - Updater plugin is busy. [1/15]
2026-06-05 09:07:35,361 [INFO] JxBrowserEngine:152 - Initiate JxBrowser Engine with user profile folder
2026-06-05 09:07:35,501 [INFO] CheckServerUpdateThread:120 - End of CheckServer Thread
2026-06-05 09:07:35,944 [INFO] WebApp:169 - Instantiating new browser for Auth
2026-06-05 09:07:36,486 [INFO] WebApp:463 - Apply proxy settings
2026-06-05 09:07:36,486 [INFO] WebApp:548 - Chromium requires no authentication
2026-06-05 09:07:36,492 [INFO] WebApp:491 - Direct internet connection detected
2026-06-05 09:07:36,509 [INFO] WebApp:900 - Register for checkConnection events
2026-06-05 09:07:36,509 [INFO] WebApp:463 - Apply proxy settings
2026-06-05 09:07:36,509 [INFO] WebApp:548 - Chromium requires no authentication
2026-06-05 09:07:36,510 [INFO] WebApp:491 - Direct internet connection detected
2026-06-05 09:07:36,628 [INFO] WebApp:225 - Starting web application
2026-06-05 09:07:36,629 [INFO] WebApp:593 - Web application path used C:\ST\STM32CubeIDE_1.17.0\STM32CubeIDE\plugins\com.st.stm32cube.common.mx_6.15.0.202507011659\db\plugins\mcufinder\reactClient1\index.html
2026-06-05 09:07:36,723 [INFO] UserAuth:487 - Internet connection configuration mode: 1
2026-06-05 09:07:36,764 [INFO] WebApp:191 - Connection restablished
2026-06-05 09:07:38,636 [WARN] PackLoader:240 - Cannot read IP mode file for STMicroelectronics.X-CUBE-AZRTOS-H7.3.5.0
2026-06-05 09:07:38,646 [WARN] PackLoader:240 - Cannot read IP mode file for STMicroelectronics.FP-SNS-MOTENVWB1.1.4.0
2026-06-05 09:07:38,650 [WARN] PackLoader:240 - Cannot read IP mode file for STMicroelectronics.FP-ATR-ASTRA1.2.0.2
2026-06-05 09:07:38,653 [WARN] PackLoader:240 - Cannot read IP mode file for STMicroelectronics.FP-ATR-ASTRA1.2.0.1
2026-06-05 09:07:38,659 [ERROR] Engine:466 - C:\Users\hanna\.stm32cubemx\thirdparties\pdsc\STMicroelectronics.X-CUBE-SMBUS.2.1.1.pdsc: PDSC version is not supported
2026-06-05 09:07:38,662 [WARN] PackLoader:240 - Cannot read IP mode file for STMicroelectronics.X-CUBE-SMBUS.2.1.0
2026-06-05 09:07:38,669 [WARN] PackLoader:240 - Cannot read IP mode file for STMicroelectronics.X-CUBE-WB05N.1.1.0
2026-06-05 09:07:38,673 [WARN] PackLoader:240 - Cannot read IP mode file for STMicroelectronics.X-CUBE-ST60.1.0.0
2026-06-05 09:07:38,687 [WARN] PackLoader:240 - Cannot read IP mode file for STMicroelectronics.X-CUBE-AZRTOS-F7.1.1.0
2026-06-05 09:07:38,692 [WARN] PackLoader:240 - Cannot read IP mode file for STMicroelectronics.FP-SNS-MOTENV1.5.1.0
2026-06-05 09:07:38,696 [WARN] PackLoader:240 - Cannot read IP mode file for STMicroelectronics.FP-SNS-FLIGHT1.5.0.2
2026-06-05 09:07:38,710 [WARN] PackLoader:240 - Cannot read IP mode file for Infineon.AIROC-Wi-Fi-Bluetooth-STM32.1.7.0
2026-06-05 09:07:38,725 [WARN] PackLoader:240 - Cannot read IP mode file for STMicroelectronics.X-CUBE-AZRTOS-H7.3.4.0
2026-06-05 09:07:38,731 [WARN] PackLoader:240 - Cannot read IP mode file for STMicroelectronics.X-CUBE-DISPLAY.3.0.0
2026-06-05 09:07:38,736 [WARN] PackLoader:240 - Cannot read IP mode file for STMicroelectronics.X-CUBE-GNSS1.7.1.1
2026-06-05 09:07:38,739 [WARN] PackLoader:240 - Cannot read IP mode file for STMicroelectronics.FP-SNS-MOTENVWB1.1.5.0
2026-06-05 09:07:38,742 [WARN] PackLoader:240 - Cannot read IP mode file for STMicroelectronics.X-CUBE-BLE1.7.0.0
2026-06-05 09:07:38,746 [WARN] PackLoader:240 - Cannot read IP mode file for STMicroelectronics.X-CUBE-NFC10.1.0.0
2026-06-05 09:07:38,757 [WARN] PackLoader:240 - Cannot read IP mode file for STMicroelectronics.X-CUBE-BLEMGR.4.0.0
2026-06-05 09:07:38,761 [WARN] PackLoader:240 - Cannot read IP mode file for STMicroelectronics.X-CUBE-ST60.1.1.0
2026-06-05 09:07:38,765 [WARN] PackLoader:240 - Cannot read IP mode file for emotas.I-CUBE-CANOPEN.1.3.0
2026-06-05 09:07:38,768 [WARN] PackLoader:240 - Cannot read IP mode file for STMicroelectronics.X-CUBE-GNSS1.7.1.0
2026-06-05 09:07:38,771 [WARN] PackLoader:240 - Cannot read IP mode file for STMicroelectronics.X-CUBE-AI.10.0.0
2026-06-05 09:07:38,775 [WARN] PackLoader:240 - Cannot read IP mode file for STMicroelectronics.FP-SNS-STBOX1.2.1.0
2026-06-05 09:07:38,779 [WARN] PackLoader:240 - Cannot read IP mode file for STMicroelectronics.FP-SNS-SMARTAG2.1.2.0
2026-06-05 09:07:38,781 [WARN] PackLoader:240 - Cannot read IP mode file for STMicroelectronics.FP-SNS-FLIGHT1.5.1.0
2026-06-05 09:07:38,801 [WARN] PackLoader:240 - Cannot read IP mode file for STMicroelectronics.X-CUBE-MEMS1.11.1.0
2026-06-05 09:07:38,878 [INFO] LogOutputStream:77 - [STDOUT_REDIRECT] 1 : Invalid condition id : UX_CORESTACK_Condition cause : null
2026-06-05 09:07:38,879 [INFO] LogOutputStream:77 - [STDOUT_REDIRECT] 1 : Invalid condition id : UX_CORESTACK_Condition cause : null
2026-06-05 09:07:38,879 [INFO] LogOutputStream:77 - [STDOUT_REDIRECT] 1 : Invalid condition id : UX_CORESTACK_Condition cause : null
2026-06-05 09:07:38,881 [INFO] LogOutputStream:77 - [STDOUT_REDIRECT] 1 : Invalid condition id : UX_CORESTACK_Condition cause : null
2026-06-05 09:07:38,881 [INFO] LogOutputStream:77 - [STDOUT_REDIRECT] 1 : Invalid condition id : UX_CORESTACK_Condition cause : null
2026-06-05 09:07:38,882 [WARN] PackLoader:240 - Cannot read IP mode file for STMicroelectronics.X-CUBE-AZRTOS-WL.2.0.0
2026-06-05 09:07:38,885 [WARN] PackLoader:240 - Cannot read IP mode file for STMicroelectronics.FP-SNS-MOTENV1.5.0.0
2026-06-05 09:07:38,895 [WARN] PackLoader:240 - Cannot read IP mode file for STMicroelectronics.X-CUBE-AZRTOS-H7RS.1.2.0
2026-06-05 09:07:38,899 [WARN] PackLoader:240 - Cannot read IP mode file for wolfSSL.I-CUBE-wolfMQTT.1.19.0
2026-06-05 09:07:38,905 [WARN] PackLoader:240 - Cannot read IP mode file for WES.I-CUBE-Cesium.1.3.0
2026-06-05 09:07:38,909 [WARN] PackLoader:240 - Cannot read IP mode file for STMicroelectronics.X-CUBE-BLE2.3.3.0
2026-06-05 09:07:38,933 [WARN] PackLoader:240 - Cannot read IP mode file for STMicroelectronics.X-CUBE-NFC9.1.0.0
2026-06-05 09:07:38,937 [WARN] PackLoader:240 - Cannot read IP mode file for STMicroelectronics.X-CUBE-BLE1.7.1.0
2026-06-05 09:07:38,940 [WARN] PackLoader:240 - Cannot read IP mode file for STMicroelectronics.X-CUBE-FREERTOS.1.4.0
2026-06-05 09:07:38,956 [WARN] PackLoader:240 - Cannot read IP mode file for STMicroelectronics.X-CUBE-EEPRMA1.5.2.0
2026-06-05 09:07:38,961 [WARN] PackLoader:240 - Cannot read IP mode file for STMicroelectronics.FP-SNS-STAIOTCFT.1.1.0
2026-06-05 09:07:38,987 [WARN] PackLoader:240 - Cannot read IP mode file for STMicroelectronics.X-CUBE-MEMS1.12.0.0
2026-06-05 09:07:39,100 [WARN] PackLoader:240 - Cannot read IP mode file for STMicroelectronics.X-CUBE-MEMS1.11.2.0
2026-06-05 09:07:39,149 [WARN] PackLoader:240 - Cannot read IP mode file for STMicroelectronics.X-CUBE-AZRTOS-G0.1.1.0
2026-06-05 09:07:39,154 [WARN] PackLoader:240 - Cannot read IP mode file for STMicroelectronics.X-CUBE-SAFEA1.1.2.2
2026-06-05 09:07:39,157 [WARN] PackLoader:240 - Cannot read IP mode file for STMicroelectronics.X-CUBE-NFC4.3.0.0
2026-06-05 09:07:39,161 [WARN] PackLoader:240 - Cannot read IP mode file for EmbeddedOffice.I-CUBE-FS-RTOS.1.0.1
2026-06-05 09:07:39,166 [WARN] PackLoader:240 - Cannot read IP mode file for STMicroelectronics.X-CUBE-WB05N.2.0.0
2026-06-05 09:07:39,170 [WARN] PackLoader:240 - Cannot read IP mode file for STMicroelectronics.X-CUBE-TCPP.4.2.0
2026-06-05 09:07:39,173 [WARN] PackLoader:240 - Cannot read IP mode file for RealThread.X-CUBE-RT-Thread_Nano.4.1.1
2026-06-05 09:07:39,176 [WARN] PackLoader:240 - Cannot read IP mode file for STMicroelectronics.FP-ATR-SIGFOX1.3.2.0
2026-06-05 09:07:39,178 [WARN] ConditionMgr:438 - getConditionDescription Invalid condition id : Cortex-A Device cause : null
2026-06-05 09:07:39,185 [WARN] ConditionMgr:1044 - genDependencies : Invalid condition id : Cortex-A Device cause : null
2026-06-05 09:07:39,185 [WARN] ConditionMgr:1044 - genDependencies : Invalid condition id : Cortex-A Device cause : null
2026-06-05 09:07:39,186 [WARN] ConditionMgr:1044 - genDependencies : Invalid condition id : Cortex-A Device cause : null
2026-06-05 09:07:39,188 [WARN] PackLoader:240 - Cannot read IP mode file for STMicroelectronics.X-CUBE-EEPRMA1.5.1.0
2026-06-05 09:07:39,191 [WARN] PackLoader:240 - Cannot read IP mode file for STMicroelectronics.X-CUBE-FREERTOS.1.5.0
2026-06-05 09:07:39,194 [WARN] PackLoader:240 - Cannot read IP mode file for wolfSSL.I-CUBE-wolfSSL.5.7.6
2026-06-05 09:07:39,198 [WARN] PackLoader:240 - Cannot read IP mode file for ITTIA_DB.I-CUBE-ITTIADB.8.9.0
2026-06-05 09:07:39,207 [WARN] PackLoader:240 - Cannot read IP mode file for STMicroelectronics.X-CUBE-NFC6.3.2.0
2026-06-05 09:07:39,243 [WARN] PackLoader:240 - Cannot read IP mode file for STMicroelectronics.X-CUBE-ST67W61.1.0.0
2026-06-05 09:07:39,249 [WARN] PackLoader:240 - Cannot read IP mode file for STMicroelectronics.X-CUBE-AI.10.2.0
2026-06-05 09:07:39,268 [WARN] PackLoader:240 - Cannot read IP mode file for STMicroelectronics.X-CUBE-MEMS1.12.1.0
2026-06-05 09:07:39,313 [WARN] PackLoader:240 - Cannot read IP mode file for SEGGER.I-CUBE-embOS.1.3.1
2026-06-05 09:07:39,327 [WARN] PackLoader:240 - Cannot read IP mode file for STMicroelectronics.X-CUBE-ALGOBUILD.1.4.0
2026-06-05 09:07:39,345 [WARN] PackLoader:240 - Cannot read IP mode file for STMicroelectronics.X-CUBE-MEMS1.11.3.0
2026-06-05 09:07:39,440 [WARN] PackLoader:240 - Cannot read IP mode file for STMicroelectronics.X-CUBE-PM33A1.1.0.0
2026-06-05 09:07:39,450 [WARN] PackLoader:240 - Cannot read IP mode file for STMicroelectronics.X-CUBE-AZRTOS-F4.1.1.0
2026-06-05 09:07:39,454 [WARN] PackLoader:240 - Cannot read IP mode file for Avnet-IotConnect.X-CUBE-IoTC-DA16k-PMOD.1.0.0
2026-06-05 09:07:39,457 [WARN] PackLoader:240 - Cannot read IP mode file for STMicroelectronics.X-CUBE-ISPU.2.1.0
2026-06-05 09:07:39,465 [WARN] PackLoader:240 - Cannot read IP mode file for STMicroelectronics.X-CUBE-IPS.3.2.0
2026-06-05 09:07:39,470 [WARN] PackLoader:240 - Cannot read IP mode file for STMicroelectronics.eDS-WB_DPC_TT-BIDIR.2.1.1
2026-06-05 09:07:39,474 [WARN] PackLoader:240 - Cannot read IP mode file for STMicroelectronics.X-CUBE-NFC12.1.0.0
2026-06-05 09:07:39,482 [WARN] PackLoader:240 - Cannot read IP mode file for STMicroelectronics.X-CUBE-AZRTOS-L5.2.0.0
2026-06-05 09:07:39,487 [WARN] PackLoader:240 - Cannot read IP mode file for STMicroelectronics.X-CUBE-NFC6.3.1.0
2026-06-05 09:07:39,491 [WARN] PackLoader:240 - Cannot read IP mode file for STMicroelectronics.X-CUBE-ALGOBUILD.1.5.0
2026-06-05 09:07:39,494 [WARN] PackLoader:240 - Cannot read IP mode file for STMicroelectronics.X-CUBE-DPower.1.2.0
2026-06-05 09:07:39,497 [WARN] PackLoader:240 - Cannot read IP mode file for STMicroelectronics.eDS-WB_DPC_VIENNA.1.2.0
2026-06-05 09:07:39,500 [WARN] PackLoader:240 - Cannot read IP mode file for STMicroelectronics.eDS-WB_DPC_3PH2L-BIDIR.1.1.1
2026-06-05 09:07:39,501 [ERROR] Engine:466 - C:\Users\hanna\.stm32cubemx\thirdparties\pdsc\STMicroelectronics.X-CUBE-ST67W61.1.3.0.pdsc: PDSC version is not supported
2026-06-05 09:07:39,504 [WARN] PackLoader:240 - Cannot read IP mode file for STMicroelectronics.X-CUBE-FREERTOS.1.3.1
2026-06-05 09:07:39,507 [WARN] PackLoader:240 - Cannot read IP mode file for STMicroelectronics.X-CUBE-FREERTOS.1.3.0
2026-06-05 09:07:39,509 [WARN] PackLoader:240 - Cannot read IP mode file for STMicroelectronics.X-CUBE-NFC7.1.0.1
2026-06-05 09:07:39,513 [WARN] PackLoader:240 - Cannot read IP mode file for STMicroelectronics.X-CUBE-TOUCHGFX.4.26.0
2026-06-05 09:07:39,515 [WARN] PackLoader:240 - Cannot read IP mode file for STMicroelectronics.X-CUBE-TOUCHGFX.4.26.1
2026-06-05 09:07:39,517 [WARN] PackLoader:240 - Cannot read IP mode file for STMicroelectronics.FP-SNS-STAIOTCFT.1.0.0
2026-06-05 09:07:39,520 [WARN] PackLoader:240 - Cannot read IP mode file for STMicroelectronics.X-CUBE-DPower.1.3.0
2026-06-05 09:07:39,527 [WARN] ConditionMgr:438 - getConditionDescription Invalid condition id : LAN8742 Phy interface Condition cause : null
2026-06-05 09:07:39,527 [WARN] PackLoader:240 - Cannot read IP mode file for STMicroelectronics.X-CUBE-AZRTOS-L4.2.0.0
2026-06-05 09:07:39,528 [WARN] ConditionMgr:1044 - genDependencies : Invalid condition id : LAN8742 Phy interface Condition cause : null
2026-06-05 09:07:39,528 [WARN] ConditionMgr:1044 - genDependencies : Invalid condition id : LAN8742 Phy interface Condition cause : null
2026-06-05 09:07:39,528 [WARN] ConditionMgr:1044 - genDependencies : Invalid condition id : LAN8742 Phy interface Condition cause : null
2026-06-05 09:07:39,533 [WARN] PackLoader:240 - Cannot read IP mode file for STMicroelectronics.X-CUBE-SFXS2LP1.4.0.0
2026-06-05 09:07:39,536 [WARN] PackLoader:240 - Cannot read IP mode file for STMicroelectronics.X-CUBE-WB05N.2.1.0
2026-06-05 09:07:39,543 [WARN] PackLoader:240 - Cannot read IP mode file for STMicroelectronics.X-CUBE-ST67W61.1.2.0
2026-06-05 09:07:39,551 [WARN] PackLoader:240 - Cannot read IP mode file for STMicroelectronics.X-CUBE-AZRTOS-H7.3.3.0
2026-06-05 09:07:39,556 [WARN] PackLoader:240 - Cannot read IP mode file for STMicroelectronics.X-CUBE-BLEMGR.4.1.0
2026-06-05 09:07:39,563 [WARN] ConditionMgr:438 - getConditionDescription Invalid condition id : UX DEVICE CLASS RTOS Condition cause : null
2026-06-05 09:07:39,563 [WARN] ConditionMgr:438 - getConditionDescription Invalid condition id : UX DEVICE CLASS RTOS Condition cause : null
2026-06-05 09:07:39,564 [WARN] PackLoader:240 - Cannot read IP mode file for STMicroelectronics.X-CUBE-AZRTOS-WB.2.0.0
2026-06-05 09:07:39,564 [WARN] ConditionMgr:1044 - genDependencies : Invalid condition id : UX DEVICE CLASS RTOS Condition cause : null
2026-06-05 09:07:39,564 [WARN] ConditionMgr:1044 - genDependencies : Invalid condition id : UX DEVICE CLASS RTOS Condition cause : null
2026-06-05 09:07:39,564 [WARN] ConditionMgr:1044 - genDependencies : Invalid condition id : UX DEVICE CLASS RTOS Condition cause : null
2026-06-05 09:07:39,564 [WARN] ConditionMgr:1044 - genDependencies : Invalid condition id : UX DEVICE CLASS RTOS Condition cause : null
2026-06-05 09:07:39,564 [WARN] ConditionMgr:1044 - genDependencies : Invalid condition id : UX DEVICE CLASS RTOS Condition cause : null
2026-06-05 09:07:39,567 [WARN] PackLoader:240 - Cannot read IP mode file for STMicroelectronics.X-CUBE-GNSS1.7.0.1
2026-06-05 09:07:39,570 [WARN] PackLoader:240 - Cannot read IP mode file for STMicroelectronics.X-CUBE-TOUCHGFX.4.25.0
2026-06-05 09:07:39,574 [WARN] PackLoader:240 - Cannot read IP mode file for STMicroelectronics.FP-SNS-STBOX1.2.0.0
2026-06-05 09:07:39,578 [WARN] PackLoader:240 - Cannot read IP mode file for STMicroelectronics.X-CUBE-STSE01.2.0.0
2026-06-05 09:07:39,583 [WARN] PackLoader:240 - Cannot read IP mode file for STMicroelectronics.X-CUBE-SUBG2.5.0.0
2026-06-05 09:07:39,592 [WARN] PackLoader:240 - Cannot read IP mode file for STMicroelectronics.X-CUBE-AZRTOS-H7RS.1.1.0
2026-06-05 09:07:39,596 [WARN] PackLoader:240 - Cannot read IP mode file for Cesanta.I-CUBE-Mongoose.7.13.0
2026-06-05 09:07:39,603 [WARN] PackLoader:240 - Cannot read IP mode file for STMicroelectronics.X-CUBE-AZRTOS-G4.2.0.0
2026-06-05 09:07:39,606 [WARN] PackLoader:240 - Cannot read IP mode file for STMicroelectronics.X-CUBE-NFC7.2.0.0
2026-06-05 09:07:39,611 [WARN] PackLoader:240 - Cannot read IP mode file for STMicroelectronics.X-CUBE-IPS.3.1.0
2026-06-05 09:07:39,615 [WARN] PackLoader:240 - Cannot read IP mode file for STMicroelectronics.X-CUBE-ALS.1.0.2
2026-06-05 09:07:39,617 [WARN] PackLoader:240 - Cannot read IP mode file for STMicroelectronics.X-CUBE-TOUCHGFX.4.24.2
2026-06-05 09:07:39,620 [WARN] PackLoader:240 - Cannot read IP mode file for STMicroelectronics.X-CUBE-STSE01.1.0.0
2026-06-05 09:07:39,623 [WARN] PackLoader:240 - Cannot read IP mode file for wolfSSL.I-CUBE-wolfTPM.3.4.0
2026-06-05 09:07:39,626 [WARN] PackLoader:240 - Cannot read IP mode file for portGmbH.I-Cube-SoM-uGOAL.1.1.0
2026-06-05 09:07:39,635 [WARN] PackLoader:240 - Cannot read IP mode file for STMicroelectronics.X-CUBE-AZRTOS-H7RS.1.0.0
2026-06-05 09:07:39,641 [WARN] PackLoader:240 - Cannot read IP mode file for STMicroelectronics.X-CUBE-TOF1.3.4.2
2026-06-05 09:07:39,649 [WARN] PackLoader:240 - Cannot read IP mode file for STMicroelectronics.X-CUBE-TOF1.3.4.3
2026-06-05 09:07:39,662 [WARN] PackLoader:240 - Cannot read IP mode file for wolfSSL.I-CUBE-wolfSSH.1.4.17
2026-06-05 09:07:39,663 [INFO] ThirdParty:978 - Integrity check success = true
2026-06-05 09:07:39,663 [INFO] IntegrityCheckThread:100 - exiting critical section [integrity check]
2026-06-05 09:07:39,663 [INFO] IntegrityCheckThread:103 - End integrity checks thread
2026-06-05 09:10:11,918 [ERROR] LogOutputStream:75 - [STDERR_REDIRECT] 
2026-06-05 09:10:29,635 [INFO] Activator:176 - 


2026-06-05 09:10:29,637 [INFO] Activator:177 - !SESSION log4j initialized
2026-06-05 09:10:32,480 [INFO] LogOutputStream:77 - [STDOUT_REDIRECT] 
2026-06-05 09:10:33,116 [INFO] ApplicationProperties:184 - Using Application install path: C:\ST\STM32CubeIDE_1.17.0\STM32CubeIDE\plugins\com.st.stm32cube.common.mx_6.15.0.202507011659
2026-06-05 09:10:33,127 [INFO] DbMcusXml:78 - Set database path to: C:\ST\STM32CubeIDE_1.17.0\STM32CubeIDE\plugins\com.st.stm32cube.common.mx_6.15.0.202507011659\\db\/mcu/
2026-06-05 09:10:33,127 [INFO] ApiDb:274 - Set plugin database path to: C:\ST\STM32CubeIDE_1.17.0\STM32CubeIDE\plugins\com.st.stm32cube.common.mx_6.15.0.202507011659\\db\/plugins/boardmanager/
2026-06-05 09:10:33,127 [WARN] ApiDb:259 - Overriding images path with different value:  => C:\ST\STM32CubeIDE_1.17.0\STM32CubeIDE\plugins\com.st.stm32cube.common.mx_6.15.0.202507011659\\db\/plugins/mcufinder/images/
2026-06-05 09:10:33,131 [INFO] ApiDb:250 - Set database path to: C:\Users\hanna\.stmcufinder\plugins\mcufinder//mcu/
2026-06-05 09:10:33,132 [INFO] DbMcusAds:125 - Set database path to: C:\Users\hanna\.stmcufinder\plugins\mcufinder//mcu/
2026-06-05 09:10:33,133 [INFO] CrossReferenceDbSqlite:203 - Set database path to: C:\Users\hanna\.stmcufinder\plugins\mcufinder//mcu/cs/
2026-06-05 09:10:33,231 [INFO] RulesReader:64 - Compatibility file has been processed (317 Rules)
2026-06-05 09:10:33,290 [INFO] DbMcusXml:78 - Set database path to: C:\ST\STM32CubeIDE_1.17.0\STM32CubeIDE\plugins\com.st.stm32cube.common.mx_6.15.0.202507011659\\db\/mcu/
2026-06-05 09:10:33,290 [INFO] ApiDb:274 - Set plugin database path to: C:\ST\STM32CubeIDE_1.17.0\STM32CubeIDE\plugins\com.st.stm32cube.common.mx_6.15.0.202507011659\\db\/plugins/boardmanager/
2026-06-05 09:10:33,290 [INFO] ApiDb:261 - Set plugin images path to: C:\ST\STM32CubeIDE_1.17.0\STM32CubeIDE\plugins\com.st.stm32cube.common.mx_6.15.0.202507011659\\db\/plugins/mcufinder/images/
2026-06-05 09:10:33,290 [WARN] DbFile:41 - Overriding database path with different value: C:\Users\hanna\.stmcufinder\plugins\mcufinder/ => C:\Users\hanna\.stmcufinder\plugins\mcufinder
2026-06-05 09:10:33,291 [INFO] ApiDb:250 - Set database path to: C:\Users\hanna\.stmcufinder\plugins\mcufinder//mcu/
2026-06-05 09:10:33,291 [WARN] DbFile:41 - Overriding database path with different value: C:\Users\hanna\.stmcufinder\plugins\mcufinder/ => C:\Users\hanna\.stmcufinder\plugins\mcufinder
2026-06-05 09:10:33,291 [INFO] DbMcusAds:125 - Set database path to: C:\Users\hanna\.stmcufinder\plugins\mcufinder//mcu/
2026-06-05 09:10:33,291 [WARN] DbFile:41 - Overriding database path with different value: C:\Users\hanna\.stmcufinder\plugins\mcufinder/ => C:\Users\hanna\.stmcufinder\plugins\mcufinder
2026-06-05 09:10:33,291 [WARN] DbFile:41 - Overriding database path with different value: C:\Users\hanna\.stmcufinder\plugins\mcufinder/ => C:\Users\hanna\.stmcufinder\plugins\mcufinder
2026-06-05 09:10:33,291 [INFO] CrossReferenceDbSqlite:203 - Set database path to: C:\Users\hanna\.stmcufinder\plugins\mcufinder//mcu/cs/
2026-06-05 09:10:33,340 [INFO] MainPanel:274 - HeapMemory: 268435456
2026-06-05 09:10:33,400 [INFO] DbMcusXml:78 - Set database path to: C:\ST\STM32CubeIDE_1.17.0\STM32CubeIDE\plugins\com.st.stm32cube.common.mx_6.15.0.202507011659\\db\/mcu/
2026-06-05 09:10:33,400 [INFO] ApiDb:274 - Set plugin database path to: C:\ST\STM32CubeIDE_1.17.0\STM32CubeIDE\plugins\com.st.stm32cube.common.mx_6.15.0.202507011659\\db\/plugins/boardmanager/
2026-06-05 09:10:33,400 [INFO] ApiDb:261 - Set plugin images path to: C:\ST\STM32CubeIDE_1.17.0\STM32CubeIDE\plugins\com.st.stm32cube.common.mx_6.15.0.202507011659\\db\/plugins/mcufinder/images/
2026-06-05 09:10:33,401 [WARN] DbFile:41 - Overriding database path with different value: C:\Users\hanna\.stmcufinder\plugins\mcufinder/ => C:\Users\hanna\.stmcufinder\plugins\mcufinder
2026-06-05 09:10:33,401 [INFO] ApiDb:250 - Set database path to: C:\Users\hanna\.stmcufinder\plugins\mcufinder//mcu/
2026-06-05 09:10:33,401 [WARN] DbFile:41 - Overriding database path with different value: C:\Users\hanna\.stmcufinder\plugins\mcufinder/ => C:\Users\hanna\.stmcufinder\plugins\mcufinder
2026-06-05 09:10:33,401 [INFO] DbMcusAds:125 - Set database path to: C:\Users\hanna\.stmcufinder\plugins\mcufinder//mcu/
2026-06-05 09:10:33,401 [WARN] DbFile:41 - Overriding database path with different value: C:\Users\hanna\.stmcufinder\plugins\mcufinder/ => C:\Users\hanna\.stmcufinder\plugins\mcufinder
2026-06-05 09:10:33,402 [WARN] DbFile:41 - Overriding database path with different value: C:\Users\hanna\.stmcufinder\plugins\mcufinder/ => C:\Users\hanna\.stmcufinder\plugins\mcufinder
2026-06-05 09:10:33,402 [INFO] CrossReferenceDbSqlite:203 - Set database path to: C:\Users\hanna\.stmcufinder\plugins\mcufinder//mcu/cs/
2026-06-05 09:10:33,422 [INFO] ApplicationProperties:184 - Using Application install path: C:\ST\STM32CubeIDE_1.17.0\STM32CubeIDE\plugins\com.st.stm32cube.common.mx_6.15.0.202507011659
2026-06-05 09:10:33,423 [INFO] PluginManage:196 - Search for loadable plugins [exclusion list=, ]
2026-06-05 09:10:33,424 [INFO] PluginManage:310 - Check plugin analytics
2026-06-05 09:10:33,547 [INFO] AnalyticsPlugin:253 - Accepted Software Licenses: 
2026-06-05 09:10:33,547 [INFO] AnalyticsPlugin:255 - Accepted CMSIS Pack Licenses: 
2026-06-05 09:10:33,547 [INFO] AnalyticsPlugin:257 - Accepted Firmware Licenses: 
2026-06-05 09:10:33,549 [INFO] PluginManage:359 - Loaded plugin analytics (category:tool,tabindex:-1)
2026-06-05 09:10:33,549 [INFO] PluginManage:310 - Check plugin cadmodel
2026-06-05 09:10:33,552 [INFO] CADModel:105 - Init CAD model plugin
2026-06-05 09:10:33,552 [INFO] PluginManage:359 - Loaded plugin cadmodel (category:power,tabindex:5)
2026-06-05 09:10:33,552 [INFO] PluginManage:310 - Check plugin clock
2026-06-05 09:10:33,559 [INFO] PluginManage:359 - Loaded plugin clock (category:base,tabindex:2)
2026-06-05 09:10:33,559 [INFO] PluginManage:310 - Check plugin ddr
2026-06-05 09:10:33,560 [INFO] PluginManage:359 - Loaded plugin ddr (category:tool,tabindex:6)
2026-06-05 09:10:33,560 [INFO] PluginManage:310 - Check plugin filemanager
2026-06-05 09:10:33,667 [INFO] PluginManage:359 - Loaded plugin filemanager (category:base,tabindex:10)
2026-06-05 09:10:33,668 [INFO] PluginManage:310 - Check plugin ipmanager
2026-06-05 09:10:33,673 [INFO] PluginManage:359 - Loaded plugin ipmanager (category:base,tabindex:5)
2026-06-05 09:10:33,673 [INFO] PluginManage:310 - Check plugin lpbam
2026-06-05 09:10:33,679 [INFO] PluginManage:359 - Loaded plugin lpbam (category:base,tabindex:0)
2026-06-05 09:10:33,679 [INFO] PluginManage:310 - Check plugin memorymap
2026-06-05 09:10:33,687 [INFO] PluginManage:359 - Loaded plugin memorymap (category:base,tabindex:4)
2026-06-05 09:10:33,687 [INFO] PluginManage:310 - Check plugin pinoutandconfiguration
2026-06-05 09:10:33,693 [INFO] PluginManage:359 - Loaded plugin pinoutandconfiguration (category:base,tabindex:1)
2026-06-05 09:10:33,693 [INFO] PluginManage:310 - Check plugin pinoutconfig
2026-06-05 09:10:33,764 [WARN] SupportedApi:132 - Cannot load RTOS API schema: s4s-elt-must-match.1: The content of 'definitions' must match (annotation?, (simpleType | complexType)?, (unique | key | keyref)*)). A problem was found starting at: attribute.
2026-06-05 09:10:33,842 [INFO] PluginManage:359 - Loaded plugin pinoutconfig (category:base,tabindex:0)
2026-06-05 09:10:33,843 [INFO] PluginManage:310 - Check plugin power
2026-06-05 09:10:33,848 [INFO] PluginManage:359 - Loaded plugin power (category:power,tabindex:4)
2026-06-05 09:10:33,849 [INFO] PluginManage:310 - Check plugin projectmanager
2026-06-05 09:10:33,860 [INFO] PluginManage:359 - Loaded plugin projectmanager (category:projectmanager,tabindex:4)
2026-06-05 09:10:33,860 [INFO] PluginManage:310 - Check plugin rif
2026-06-05 09:10:33,869 [INFO] PluginManage:359 - Loaded plugin rif (category:base,tabindex:3)
2026-06-05 09:10:33,869 [INFO] PluginManage:310 - Check plugin thirdparty
2026-06-05 09:10:33,954 [INFO] PluginManage:359 - Loaded plugin thirdparty (category:base,tabindex:-1)
2026-06-05 09:10:33,954 [WARN] IntegrityCheckThread:84 - waiting for thirdparty lock release [integrity check]
2026-06-05 09:10:33,954 [INFO] IntegrityCheckThread:86 - entering critical section [integrity check]
2026-06-05 09:10:33,955 [INFO] PluginManage:310 - Check plugin tools
2026-06-05 09:10:33,955 [INFO] ThirdPartyUpdaterWithRetryManager:70 - Updater plugin not ready yet. [1/15]
2026-06-05 09:10:33,957 [INFO] PluginManage:359 - Loaded plugin tools (category:base,tabindex:7)
2026-06-05 09:10:33,957 [INFO] PluginManage:310 - Check plugin tutovideos
2026-06-05 09:10:34,079 [INFO] PluginManage:359 - Loaded plugin tutovideos (category:base,tabindex:-1)
2026-06-05 09:10:34,079 [INFO] PluginManage:310 - Check plugin updater
2026-06-05 09:10:34,098 [INFO] PluginManage:359 - Loaded plugin updater (category:base,tabindex:12)
2026-06-05 09:10:34,098 [INFO] PluginManage:310 - Check plugin userauth
2026-06-05 09:10:34,102 [INFO] UserAuth:118 - Init User Auth plugin
2026-06-05 09:10:34,103 [INFO] PluginManage:359 - Loaded plugin userauth (category:base,tabindex:14)
2026-06-05 09:10:34,103 [INFO] PluginManage:283 - PluginManage : Loaded plugins [18]
2026-06-05 09:10:34,253 [INFO] PinOutPanel:1589 - setPackage(No Configuration,No Configuration)
2026-06-05 09:10:34,317 [INFO] CADModel:165 - CPN selected for project level
2026-06-05 09:10:34,317 [INFO] CADModel:114 - Register for checkConnection events
2026-06-05 09:10:34,332 [INFO] IPUIPlugin:80 - create IPUIPlugin
2026-06-05 09:10:34,333 [INFO] PluginManager:220 - loadIPPluginJar : add adc
2026-06-05 09:10:34,336 [INFO] IPUIPlugin:80 - create IPUIPlugin
2026-06-05 09:10:34,336 [INFO] PluginManager:220 - loadIPPluginJar : add aes
2026-06-05 09:10:34,338 [INFO] IPUIPlugin:80 - create IPUIPlugin
2026-06-05 09:10:34,338 [INFO] PluginManager:220 - loadIPPluginJar : add can
2026-06-05 09:10:34,339 [INFO] IPUIPlugin:80 - create IPUIPlugin
2026-06-05 09:10:34,340 [INFO] PluginManager:220 - loadIPPluginJar : add comp
2026-06-05 09:10:34,342 [INFO] IPUIPlugin:80 - create IPUIPlugin
2026-06-05 09:10:34,342 [INFO] PluginManager:220 - loadIPPluginJar : add cryp
2026-06-05 09:10:34,344 [INFO] IPUIPlugin:80 - create IPUIPlugin
2026-06-05 09:10:34,344 [INFO] PluginManager:220 - loadIPPluginJar : add ddr_ctrl_phy
2026-06-05 09:10:34,346 [INFO] IPUIPlugin:80 - create IPUIPlugin
2026-06-05 09:10:34,347 [INFO] PluginManager:220 - loadIPPluginJar : add dfsdm
2026-06-05 09:10:34,351 [INFO] IPUIPlugin:80 - create IPUIPlugin
2026-06-05 09:10:34,351 [INFO] PluginManager:220 - loadIPPluginJar : add dma
2026-06-05 09:10:34,355 [INFO] IPUIPlugin:80 - create IPUIPlugin
2026-06-05 09:10:34,355 [INFO] PluginManager:220 - loadIPPluginJar : add dma3
2026-06-05 09:10:34,357 [INFO] IPUIPlugin:80 - create IPUIPlugin
2026-06-05 09:10:34,357 [INFO] PluginManager:220 - loadIPPluginJar : add extmemmanager
2026-06-05 09:10:34,358 [INFO] IPUIPlugin:80 - create IPUIPlugin
2026-06-05 09:10:34,358 [INFO] PluginManager:220 - loadIPPluginJar : add fatfs
2026-06-05 09:10:34,362 [INFO] IPUIPlugin:80 - create IPUIPlugin
2026-06-05 09:10:34,362 [INFO] PluginManager:220 - loadIPPluginJar : add fmc
2026-06-05 09:10:34,366 [INFO] IPUIPlugin:80 - create IPUIPlugin
2026-06-05 09:10:34,366 [INFO] PluginManager:220 - loadIPPluginJar : add freertos
2026-06-05 09:10:34,367 [INFO] IPUIPlugin:80 - create IPUIPlugin
2026-06-05 09:10:34,367 [INFO] PluginManager:220 - loadIPPluginJar : add genericplugin
2026-06-05 09:10:34,369 [INFO] IPUIPlugin:80 - create IPUIPlugin
2026-06-05 09:10:34,369 [INFO] PluginManager:220 - loadIPPluginJar : add gfxmmu
2026-06-05 09:10:34,372 [INFO] IPUIPlugin:80 - create IPUIPlugin
2026-06-05 09:10:34,372 [INFO] PluginManager:220 - loadIPPluginJar : add gic
2026-06-05 09:10:34,375 [INFO] IPUIPlugin:80 - create IPUIPlugin
2026-06-05 09:10:34,375 [INFO] PluginManager:220 - loadIPPluginJar : add gpio
2026-06-05 09:10:34,378 [INFO] IPUIPlugin:80 - create IPUIPlugin
2026-06-05 09:10:34,378 [INFO] PluginManager:220 - loadIPPluginJar : add gtzc
2026-06-05 09:10:34,380 [INFO] IPUIPlugin:80 - create IPUIPlugin
2026-06-05 09:10:34,380 [INFO] PluginManager:220 - loadIPPluginJar : add hash
2026-06-05 09:10:34,381 [INFO] IPUIPlugin:80 - create IPUIPlugin
2026-06-05 09:10:34,381 [INFO] PluginManager:220 - loadIPPluginJar : add i2c
2026-06-05 09:10:34,383 [INFO] IPUIPlugin:80 - create IPUIPlugin
2026-06-05 09:10:34,383 [INFO] PluginManager:220 - loadIPPluginJar : add i2s
2026-06-05 09:10:34,385 [INFO] IPUIPlugin:80 - create IPUIPlugin
2026-06-05 09:10:34,385 [INFO] PluginManager:220 - loadIPPluginJar : add i3c
2026-06-05 09:10:34,387 [INFO] IPUIPlugin:80 - create IPUIPlugin
2026-06-05 09:10:34,387 [INFO] PluginManager:220 - loadIPPluginJar : add ipddr
2026-06-05 09:10:34,392 [INFO] IPUIPlugin:80 - create IPUIPlugin
2026-06-05 09:10:34,392 [INFO] PluginManager:220 - loadIPPluginJar : add linkedlist
2026-06-05 09:10:34,394 [INFO] IPUIPlugin:80 - create IPUIPlugin
2026-06-05 09:10:34,394 [INFO] PluginManager:220 - loadIPPluginJar : add lorawan
2026-06-05 09:10:34,395 [INFO] IPUIPlugin:80 - create IPUIPlugin
2026-06-05 09:10:34,395 [INFO] PluginManager:220 - loadIPPluginJar : add ltdc
2026-06-05 09:10:34,398 [INFO] IPUIPlugin:80 - create IPUIPlugin
2026-06-05 09:10:34,398 [INFO] PluginManager:220 - loadIPPluginJar : add mdma
2026-06-05 09:10:34,400 [INFO] IPUIPlugin:80 - create IPUIPlugin
2026-06-05 09:10:34,400 [INFO] PluginManager:220 - loadIPPluginJar : add nvic
2026-06-05 09:10:34,402 [INFO] IPUIPlugin:80 - create IPUIPlugin
2026-06-05 09:10:34,402 [INFO] PluginManager:220 - loadIPPluginJar : add opamp
2026-06-05 09:10:34,404 [INFO] IPUIPlugin:80 - create IPUIPlugin
2026-06-05 09:10:34,405 [INFO] PluginManager:220 - loadIPPluginJar : add openamp
2026-06-05 09:10:34,406 [INFO] IPUIPlugin:80 - create IPUIPlugin
2026-06-05 09:10:34,406 [INFO] PluginManager:220 - loadIPPluginJar : add pdm2pcm
2026-06-05 09:10:34,410 [INFO] IPUIPlugin:80 - create IPUIPlugin
2026-06-05 09:10:34,412 [INFO] PluginManager:220 - loadIPPluginJar : add plateformsettings
2026-06-05 09:10:34,415 [INFO] IPUIPlugin:80 - create IPUIPlugin
2026-06-05 09:10:34,415 [INFO] PluginManager:220 - loadIPPluginJar : add quadspi
2026-06-05 09:10:34,416 [INFO] IPUIPlugin:80 - create IPUIPlugin
2026-06-05 09:10:34,418 [INFO] PluginManager:220 - loadIPPluginJar : add radio
2026-06-05 09:10:34,420 [INFO] IPUIPlugin:80 - create IPUIPlugin
2026-06-05 09:10:34,421 [INFO] PluginManager:220 - loadIPPluginJar : add resmgrutility
2026-06-05 09:10:34,423 [INFO] IPUIPlugin:80 - create IPUIPlugin
2026-06-05 09:10:34,423 [INFO] PluginManager:220 - loadIPPluginJar : add sai
2026-06-05 09:10:34,425 [INFO] IPUIPlugin:80 - create IPUIPlugin
2026-06-05 09:10:34,425 [INFO] PluginManager:220 - loadIPPluginJar : add spi
2026-06-05 09:10:34,430 [INFO] IPUIPlugin:80 - create IPUIPlugin
2026-06-05 09:10:34,430 [INFO] PluginManager:220 - loadIPPluginJar : add stm32_wpan
2026-06-05 09:10:34,431 [INFO] IPUIPlugin:80 - create IPUIPlugin
2026-06-05 09:10:34,431 [INFO] PluginManager:220 - loadIPPluginJar : add tim
2026-06-05 09:10:34,434 [INFO] IPUIPlugin:80 - create IPUIPlugin
2026-06-05 09:10:34,434 [INFO] PluginManager:220 - loadIPPluginJar : add touchsensing
2026-06-05 09:10:34,435 [INFO] IPUIPlugin:80 - create IPUIPlugin
2026-06-05 09:10:34,435 [INFO] PluginManager:220 - loadIPPluginJar : add tracer_emb
2026-06-05 09:10:34,437 [INFO] IPUIPlugin:80 - create IPUIPlugin
2026-06-05 09:10:34,437 [INFO] PluginManager:220 - loadIPPluginJar : add ts
2026-06-05 09:10:34,438 [INFO] IPUIPlugin:80 - create IPUIPlugin
2026-06-05 09:10:34,438 [INFO] PluginManager:220 - loadIPPluginJar : add tsc
2026-06-05 09:10:34,440 [INFO] IPUIPlugin:80 - create IPUIPlugin
2026-06-05 09:10:34,440 [INFO] PluginManager:220 - loadIPPluginJar : add ucpd
2026-06-05 09:10:34,442 [INFO] IPUIPlugin:80 - create IPUIPlugin
2026-06-05 09:10:34,442 [INFO] PluginManager:220 - loadIPPluginJar : add usart
2026-06-05 09:10:34,444 [INFO] IPUIPlugin:80 - create IPUIPlugin
2026-06-05 09:10:34,445 [INFO] PluginManager:220 - loadIPPluginJar : add usbx
2026-06-05 09:10:34,565 [FATAL] Updater:351 - Updater called before beeing initialized
2026-06-05 09:10:34,594 [INFO] RulesReader:64 - Compatibility file has been processed (317 Rules)
2026-06-05 09:10:34,602 [INFO] RulesReader:64 - Compatibility file has been processed (317 Rules)
2026-06-05 09:10:34,609 [INFO] CADModel:165 - CPN selected for project level
2026-06-05 09:10:34,609 [INFO] CADModel:114 - Register for checkConnection events
2026-06-05 09:10:34,609 [FATAL] Updater:351 - Updater called before beeing initialized
2026-06-05 09:10:34,609 [ERROR] CADModel:125 - Updater not yet initialized, retry later 
2026-06-05 09:10:34,702 [FATAL] Updater:351 - Updater called before beeing initialized
2026-06-05 09:10:34,703 [INFO] CADModel:165 - CPN selected for project level
2026-06-05 09:10:34,703 [INFO] CADModel:114 - Register for checkConnection events
2026-06-05 09:10:34,703 [FATAL] Updater:351 - Updater called before beeing initialized
2026-06-05 09:10:34,703 [ERROR] CADModel:125 - Updater not yet initialized, retry later 
2026-06-05 09:10:34,705 [FATAL] Updater:351 - Updater called before beeing initialized
2026-06-05 09:10:34,794 [FATAL] Updater:351 - Updater called before beeing initialized
2026-06-05 09:10:34,797 [INFO] DbMcusAds:53 - JSON generation date=Mon Apr 27 09:14:29 BST 2026 (1777277669577)
2026-06-05 09:10:34,797 [FATAL] Updater:351 - Updater called before beeing initialized
2026-06-05 09:10:34,817 [WARN] DetailPanel:346 - Failed to get advertising image, set to default
2026-06-05 09:10:34,875 [FATAL] Updater:351 - Updater called before beeing initialized
2026-06-05 09:10:34,876 [FATAL] Updater:351 - Updater called before beeing initialized
2026-06-05 09:10:34,876 [FATAL] Updater:351 - Updater called before beeing initialized
2026-06-05 09:10:34,876 [WARN] DetailPanel:346 - Failed to get advertising image, set to default
2026-06-05 09:10:34,877 [FATAL] Updater:351 - Updater called before beeing initialized
2026-06-05 09:10:34,911 [ERROR] Updater:1198 - MainUpdater not yet initialized. External WinMGr cannot be set.
2026-06-05 09:10:34,912 [INFO] Updater:1134 - Updater Version found : 6.15.0
2026-06-05 09:10:34,926 [INFO] ApplicationProperties:184 - Using Application install path: C:\ST\STM32CubeIDE_1.17.0\STM32CubeIDE\plugins\com.st.stm32cube.common.mx_6.15.0.202507011659
2026-06-05 09:10:36,508 [ERROR] LogOutputStream:75 - [STDERR_REDIRECT] Jun 05, 2026 9:10:36 AM java.util.prefs.WindowsPreferences <init>
2026-06-05 09:10:36,511 [ERROR] LogOutputStream:75 - [STDERR_REDIRECT] WARNING: Could not open/create prefs root node Software\JavaSoft\Prefs at root 0xffffffff80000002. Windows RegCreateKeyEx(...) returned error code 5.
2026-06-05 09:10:36,511 [ERROR] LogOutputStream:75 - [STDERR_REDIRECT] 
2026-06-05 09:10:36,730 [INFO] MainUpdater:2872 - connection check result : 10
2026-06-05 09:10:36,731 [INFO] MainUpdater:289 - Updater Check For Update Now.
2026-06-05 09:10:36,731 [INFO] MicroXplorer:498 - Change Database Version : DB.6.0.150
2026-06-05 09:10:36,736 [INFO] McuFinderGlobals:63 - Set McuFinder mode to 2 (CubeIDE integrated)
2026-06-05 09:10:36,737 [INFO] UserAuth:487 - Internet connection configuration mode: 1
2026-06-05 09:10:36,759 [INFO] JxBrowserEngine:152 - Initiate JxBrowser Engine with user profile folder
2026-06-05 09:10:36,896 [INFO] CheckServerUpdateThread:120 - End of CheckServer Thread
2026-06-05 09:10:37,160 [WARN] PackLoader:240 - Cannot read IP mode file for STMicroelectronics.X-CUBE-AZRTOS-H7.3.5.0
2026-06-05 09:10:37,169 [WARN] PackLoader:240 - Cannot read IP mode file for STMicroelectronics.FP-SNS-MOTENVWB1.1.4.0
2026-06-05 09:10:37,187 [WARN] PackLoader:240 - Cannot read IP mode file for STMicroelectronics.FP-ATR-ASTRA1.2.0.2
2026-06-05 09:10:37,192 [WARN] PackLoader:240 - Cannot read IP mode file for STMicroelectronics.FP-ATR-ASTRA1.2.0.1
2026-06-05 09:10:37,197 [ERROR] Engine:466 - C:\Users\hanna\.stm32cubemx\thirdparties\pdsc\STMicroelectronics.X-CUBE-SMBUS.2.1.1.pdsc: PDSC version is not supported
2026-06-05 09:10:37,201 [WARN] PackLoader:240 - Cannot read IP mode file for STMicroelectronics.X-CUBE-SMBUS.2.1.0
2026-06-05 09:10:37,208 [WARN] PackLoader:240 - Cannot read IP mode file for STMicroelectronics.X-CUBE-WB05N.1.1.0
2026-06-05 09:10:37,213 [WARN] PackLoader:240 - Cannot read IP mode file for STMicroelectronics.X-CUBE-ST60.1.0.0
2026-06-05 09:10:37,227 [WARN] PackLoader:240 - Cannot read IP mode file for STMicroelectronics.X-CUBE-AZRTOS-F7.1.1.0
2026-06-05 09:10:37,233 [WARN] PackLoader:240 - Cannot read IP mode file for STMicroelectronics.FP-SNS-MOTENV1.5.1.0
2026-06-05 09:10:37,237 [WARN] PackLoader:240 - Cannot read IP mode file for STMicroelectronics.FP-SNS-FLIGHT1.5.0.2
2026-06-05 09:10:37,252 [WARN] PackLoader:240 - Cannot read IP mode file for Infineon.AIROC-Wi-Fi-Bluetooth-STM32.1.7.0
2026-06-05 09:10:37,266 [WARN] PackLoader:240 - Cannot read IP mode file for STMicroelectronics.X-CUBE-AZRTOS-H7.3.4.0
2026-06-05 09:10:37,271 [WARN] PackLoader:240 - Cannot read IP mode file for STMicroelectronics.X-CUBE-DISPLAY.3.0.0
2026-06-05 09:10:37,278 [WARN] PackLoader:240 - Cannot read IP mode file for STMicroelectronics.X-CUBE-GNSS1.7.1.1
2026-06-05 09:10:37,289 [WARN] PackLoader:240 - Cannot read IP mode file for STMicroelectronics.FP-SNS-MOTENVWB1.1.5.0
2026-06-05 09:10:37,293 [WARN] PackLoader:240 - Cannot read IP mode file for STMicroelectronics.X-CUBE-BLE1.7.0.0
2026-06-05 09:10:37,300 [WARN] PackLoader:240 - Cannot read IP mode file for STMicroelectronics.X-CUBE-NFC10.1.0.0
2026-06-05 09:10:37,309 [WARN] PackLoader:240 - Cannot read IP mode file for STMicroelectronics.X-CUBE-BLEMGR.4.0.0
2026-06-05 09:10:37,315 [WARN] PackLoader:240 - Cannot read IP mode file for STMicroelectronics.X-CUBE-ST60.1.1.0
2026-06-05 09:10:37,323 [WARN] PackLoader:240 - Cannot read IP mode file for emotas.I-CUBE-CANOPEN.1.3.0
2026-06-05 09:10:37,327 [WARN] PackLoader:240 - Cannot read IP mode file for STMicroelectronics.X-CUBE-GNSS1.7.1.0
2026-06-05 09:10:37,332 [WARN] PackLoader:240 - Cannot read IP mode file for STMicroelectronics.X-CUBE-AI.10.0.0
2026-06-05 09:10:37,338 [WARN] PackLoader:240 - Cannot read IP mode file for STMicroelectronics.FP-SNS-STBOX1.2.1.0
2026-06-05 09:10:37,343 [WARN] PackLoader:240 - Cannot read IP mode file for STMicroelectronics.FP-SNS-SMARTAG2.1.2.0
2026-06-05 09:10:37,347 [WARN] PackLoader:240 - Cannot read IP mode file for STMicroelectronics.FP-SNS-FLIGHT1.5.1.0
2026-06-05 09:10:37,383 [WARN] PackLoader:240 - Cannot read IP mode file for STMicroelectronics.X-CUBE-MEMS1.11.1.0
2026-06-05 09:10:37,451 [INFO] LogOutputStream:77 - [STDOUT_REDIRECT] 1 : Invalid condition id : UX_CORESTACK_Condition cause : null
2026-06-05 09:10:37,451 [INFO] LogOutputStream:77 - [STDOUT_REDIRECT] 1 : Invalid condition id : UX_CORESTACK_Condition cause : null
2026-06-05 09:10:37,453 [INFO] LogOutputStream:77 - [STDOUT_REDIRECT] 1 : Invalid condition id : UX_CORESTACK_Condition cause : null
2026-06-05 09:10:37,454 [INFO] LogOutputStream:77 - [STDOUT_REDIRECT] 1 : Invalid condition id : UX_CORESTACK_Condition cause : null
2026-06-05 09:10:37,455 [INFO] LogOutputStream:77 - [STDOUT_REDIRECT] 1 : Invalid condition id : UX_CORESTACK_Condition cause : null
2026-06-05 09:10:37,456 [WARN] PackLoader:240 - Cannot read IP mode file for STMicroelectronics.X-CUBE-AZRTOS-WL.2.0.0
2026-06-05 09:10:37,459 [WARN] PackLoader:240 - Cannot read IP mode file for STMicroelectronics.FP-SNS-MOTENV1.5.0.0
2026-06-05 09:10:37,468 [WARN] PackLoader:240 - Cannot read IP mode file for STMicroelectronics.X-CUBE-AZRTOS-H7RS.1.2.0
2026-06-05 09:10:37,472 [WARN] PackLoader:240 - Cannot read IP mode file for wolfSSL.I-CUBE-wolfMQTT.1.19.0
2026-06-05 09:10:37,479 [WARN] PackLoader:240 - Cannot read IP mode file for WES.I-CUBE-Cesium.1.3.0
2026-06-05 09:10:37,482 [WARN] PackLoader:240 - Cannot read IP mode file for STMicroelectronics.X-CUBE-BLE2.3.3.0
2026-06-05 09:10:37,504 [WARN] PackLoader:240 - Cannot read IP mode file for STMicroelectronics.X-CUBE-NFC9.1.0.0
2026-06-05 09:10:37,508 [WARN] PackLoader:240 - Cannot read IP mode file for STMicroelectronics.X-CUBE-BLE1.7.1.0
2026-06-05 09:10:37,511 [WARN] PackLoader:240 - Cannot read IP mode file for STMicroelectronics.X-CUBE-FREERTOS.1.4.0
2026-06-05 09:10:37,515 [WARN] PackLoader:240 - Cannot read IP mode file for STMicroelectronics.X-CUBE-EEPRMA1.5.2.0
2026-06-05 09:10:37,519 [WARN] PackLoader:240 - Cannot read IP mode file for STMicroelectronics.FP-SNS-STAIOTCFT.1.1.0
2026-06-05 09:10:37,551 [WARN] PackLoader:240 - Cannot read IP mode file for STMicroelectronics.X-CUBE-MEMS1.12.0.0
2026-06-05 09:10:37,620 [INFO] WebApp:169 - Instantiating new browser for Auth
2026-06-05 09:10:37,628 [WARN] PackLoader:240 - Cannot read IP mode file for STMicroelectronics.X-CUBE-MEMS1.11.2.0
2026-06-05 09:10:37,706 [WARN] PackLoader:240 - Cannot read IP mode file for STMicroelectronics.X-CUBE-AZRTOS-G0.1.1.0
2026-06-05 09:10:37,712 [WARN] PackLoader:240 - Cannot read IP mode file for STMicroelectronics.X-CUBE-SAFEA1.1.2.2
2026-06-05 09:10:37,717 [WARN] PackLoader:240 - Cannot read IP mode file for STMicroelectronics.X-CUBE-NFC4.3.0.0
2026-06-05 09:10:37,729 [WARN] PackLoader:240 - Cannot read IP mode file for EmbeddedOffice.I-CUBE-FS-RTOS.1.0.1
2026-06-05 09:10:37,735 [WARN] PackLoader:240 - Cannot read IP mode file for STMicroelectronics.X-CUBE-WB05N.2.0.0
2026-06-05 09:10:37,740 [WARN] PackLoader:240 - Cannot read IP mode file for STMicroelectronics.X-CUBE-TCPP.4.2.0
2026-06-05 09:10:37,748 [WARN] PackLoader:240 - Cannot read IP mode file for RealThread.X-CUBE-RT-Thread_Nano.4.1.1
2026-06-05 09:10:37,753 [WARN] PackLoader:240 - Cannot read IP mode file for STMicroelectronics.FP-ATR-SIGFOX1.3.2.0
2026-06-05 09:10:37,758 [WARN] ConditionMgr:438 - getConditionDescription Invalid condition id : Cortex-A Device cause : null
2026-06-05 09:10:37,767 [WARN] ConditionMgr:1044 - genDependencies : Invalid condition id : Cortex-A Device cause : null
2026-06-05 09:10:37,768 [WARN] ConditionMgr:1044 - genDependencies : Invalid condition id : Cortex-A Device cause : null
2026-06-05 09:10:37,768 [WARN] ConditionMgr:1044 - genDependencies : Invalid condition id : Cortex-A Device cause : null
2026-06-05 09:10:37,771 [WARN] PackLoader:240 - Cannot read IP mode file for STMicroelectronics.X-CUBE-EEPRMA1.5.1.0
2026-06-05 09:10:37,775 [WARN] PackLoader:240 - Cannot read IP mode file for STMicroelectronics.X-CUBE-FREERTOS.1.5.0
2026-06-05 09:10:37,780 [WARN] PackLoader:240 - Cannot read IP mode file for wolfSSL.I-CUBE-wolfSSL.5.7.6
2026-06-05 09:10:37,786 [WARN] PackLoader:240 - Cannot read IP mode file for ITTIA_DB.I-CUBE-ITTIADB.8.9.0
2026-06-05 09:10:37,791 [WARN] PackLoader:240 - Cannot read IP mode file for STMicroelectronics.X-CUBE-NFC6.3.2.0
2026-06-05 09:10:37,803 [WARN] PackLoader:240 - Cannot read IP mode file for STMicroelectronics.X-CUBE-ST67W61.1.0.0
2026-06-05 09:10:37,807 [WARN] PackLoader:240 - Cannot read IP mode file for STMicroelectronics.X-CUBE-AI.10.2.0
2026-06-05 09:10:37,832 [WARN] PackLoader:240 - Cannot read IP mode file for STMicroelectronics.X-CUBE-MEMS1.12.1.0
2026-06-05 09:10:37,883 [WARN] PackLoader:240 - Cannot read IP mode file for SEGGER.I-CUBE-embOS.1.3.1
2026-06-05 09:10:37,898 [WARN] PackLoader:240 - Cannot read IP mode file for STMicroelectronics.X-CUBE-ALGOBUILD.1.4.0
2026-06-05 09:10:37,937 [WARN] PackLoader:240 - Cannot read IP mode file for STMicroelectronics.X-CUBE-MEMS1.11.3.0
2026-06-05 09:10:38,024 [WARN] PackLoader:240 - Cannot read IP mode file for STMicroelectronics.X-CUBE-PM33A1.1.0.0
2026-06-05 09:10:38,031 [WARN] PackLoader:240 - Cannot read IP mode file for STMicroelectronics.X-CUBE-AZRTOS-F4.1.1.0
2026-06-05 09:10:38,034 [WARN] PackLoader:240 - Cannot read IP mode file for Avnet-IotConnect.X-CUBE-IoTC-DA16k-PMOD.1.0.0
2026-06-05 09:10:38,038 [WARN] PackLoader:240 - Cannot read IP mode file for STMicroelectronics.X-CUBE-ISPU.2.1.0
2026-06-05 09:10:38,044 [WARN] PackLoader:240 - Cannot read IP mode file for STMicroelectronics.X-CUBE-IPS.3.2.0
2026-06-05 09:10:38,050 [WARN] PackLoader:240 - Cannot read IP mode file for STMicroelectronics.eDS-WB_DPC_TT-BIDIR.2.1.1
2026-06-05 09:10:38,058 [WARN] PackLoader:240 - Cannot read IP mode file for STMicroelectronics.X-CUBE-NFC12.1.0.0
2026-06-05 09:10:38,067 [WARN] PackLoader:240 - Cannot read IP mode file for STMicroelectronics.X-CUBE-AZRTOS-L5.2.0.0
2026-06-05 09:10:38,072 [WARN] PackLoader:240 - Cannot read IP mode file for STMicroelectronics.X-CUBE-NFC6.3.1.0
2026-06-05 09:10:38,076 [WARN] PackLoader:240 - Cannot read IP mode file for STMicroelectronics.X-CUBE-ALGOBUILD.1.5.0
2026-06-05 09:10:38,080 [WARN] PackLoader:240 - Cannot read IP mode file for STMicroelectronics.X-CUBE-DPower.1.2.0
2026-06-05 09:10:38,082 [WARN] PackLoader:240 - Cannot read IP mode file for STMicroelectronics.eDS-WB_DPC_VIENNA.1.2.0
2026-06-05 09:10:38,085 [WARN] PackLoader:240 - Cannot read IP mode file for STMicroelectronics.eDS-WB_DPC_3PH2L-BIDIR.1.1.1
2026-06-05 09:10:38,087 [ERROR] Engine:466 - C:\Users\hanna\.stm32cubemx\thirdparties\pdsc\STMicroelectronics.X-CUBE-ST67W61.1.3.0.pdsc: PDSC version is not supported
2026-06-05 09:10:38,090 [WARN] PackLoader:240 - Cannot read IP mode file for STMicroelectronics.X-CUBE-FREERTOS.1.3.1
2026-06-05 09:10:38,092 [WARN] PackLoader:240 - Cannot read IP mode file for STMicroelectronics.X-CUBE-FREERTOS.1.3.0
2026-06-05 09:10:38,096 [WARN] PackLoader:240 - Cannot read IP mode file for STMicroelectronics.X-CUBE-NFC7.1.0.1
2026-06-05 09:10:38,099 [WARN] PackLoader:240 - Cannot read IP mode file for STMicroelectronics.X-CUBE-TOUCHGFX.4.26.0
2026-06-05 09:10:38,101 [WARN] PackLoader:240 - Cannot read IP mode file for STMicroelectronics.X-CUBE-TOUCHGFX.4.26.1
2026-06-05 09:10:38,104 [WARN] PackLoader:240 - Cannot read IP mode file for STMicroelectronics.FP-SNS-STAIOTCFT.1.0.0
2026-06-05 09:10:38,107 [WARN] PackLoader:240 - Cannot read IP mode file for STMicroelectronics.X-CUBE-DPower.1.3.0
2026-06-05 09:10:38,114 [WARN] ConditionMgr:438 - getConditionDescription Invalid condition id : LAN8742 Phy interface Condition cause : null
2026-06-05 09:10:38,115 [WARN] PackLoader:240 - Cannot read IP mode file for STMicroelectronics.X-CUBE-AZRTOS-L4.2.0.0
2026-06-05 09:10:38,115 [WARN] ConditionMgr:1044 - genDependencies : Invalid condition id : LAN8742 Phy interface Condition cause : null
2026-06-05 09:10:38,116 [WARN] ConditionMgr:1044 - genDependencies : Invalid condition id : LAN8742 Phy interface Condition cause : null
2026-06-05 09:10:38,116 [WARN] ConditionMgr:1044 - genDependencies : Invalid condition id : LAN8742 Phy interface Condition cause : null
2026-06-05 09:10:38,120 [WARN] PackLoader:240 - Cannot read IP mode file for STMicroelectronics.X-CUBE-SFXS2LP1.4.0.0
2026-06-05 09:10:38,124 [WARN] PackLoader:240 - Cannot read IP mode file for STMicroelectronics.X-CUBE-WB05N.2.1.0
2026-06-05 09:10:38,127 [WARN] PackLoader:240 - Cannot read IP mode file for STMicroelectronics.X-CUBE-ST67W61.1.2.0
2026-06-05 09:10:38,135 [WARN] PackLoader:240 - Cannot read IP mode file for STMicroelectronics.X-CUBE-AZRTOS-H7.3.3.0
2026-06-05 09:10:38,140 [WARN] PackLoader:240 - Cannot read IP mode file for STMicroelectronics.X-CUBE-BLEMGR.4.1.0
2026-06-05 09:10:38,147 [WARN] ConditionMgr:438 - getConditionDescription Invalid condition id : UX DEVICE CLASS RTOS Condition cause : null
2026-06-05 09:10:38,147 [WARN] ConditionMgr:438 - getConditionDescription Invalid condition id : UX DEVICE CLASS RTOS Condition cause : null
2026-06-05 09:10:38,148 [WARN] PackLoader:240 - Cannot read IP mode file for STMicroelectronics.X-CUBE-AZRTOS-WB.2.0.0
2026-06-05 09:10:38,148 [WARN] ConditionMgr:1044 - genDependencies : Invalid condition id : UX DEVICE CLASS RTOS Condition cause : null
2026-06-05 09:10:38,148 [WARN] ConditionMgr:1044 - genDependencies : Invalid condition id : UX DEVICE CLASS RTOS Condition cause : null
2026-06-05 09:10:38,148 [WARN] ConditionMgr:1044 - genDependencies : Invalid condition id : UX DEVICE CLASS RTOS Condition cause : null
2026-06-05 09:10:38,148 [WARN] ConditionMgr:1044 - genDependencies : Invalid condition id : UX DEVICE CLASS RTOS Condition cause : null
2026-06-05 09:10:38,148 [WARN] ConditionMgr:1044 - genDependencies : Invalid condition id : UX DEVICE CLASS RTOS Condition cause : null
2026-06-05 09:10:38,151 [WARN] PackLoader:240 - Cannot read IP mode file for STMicroelectronics.X-CUBE-GNSS1.7.0.1
2026-06-05 09:10:38,154 [WARN] PackLoader:240 - Cannot read IP mode file for STMicroelectronics.X-CUBE-TOUCHGFX.4.25.0
2026-06-05 09:10:38,157 [WARN] PackLoader:240 - Cannot read IP mode file for STMicroelectronics.FP-SNS-STBOX1.2.0.0
2026-06-05 09:10:38,161 [WARN] PackLoader:240 - Cannot read IP mode file for STMicroelectronics.X-CUBE-STSE01.2.0.0
2026-06-05 09:10:38,166 [WARN] PackLoader:240 - Cannot read IP mode file for STMicroelectronics.X-CUBE-SUBG2.5.0.0
2026-06-05 09:10:38,174 [WARN] PackLoader:240 - Cannot read IP mode file for STMicroelectronics.X-CUBE-AZRTOS-H7RS.1.1.0
2026-06-05 09:10:38,178 [WARN] PackLoader:240 - Cannot read IP mode file for Cesanta.I-CUBE-Mongoose.7.13.0
2026-06-05 09:10:38,183 [WARN] PackLoader:240 - Cannot read IP mode file for STMicroelectronics.X-CUBE-AZRTOS-G4.2.0.0
2026-06-05 09:10:38,186 [WARN] PackLoader:240 - Cannot read IP mode file for STMicroelectronics.X-CUBE-NFC7.2.0.0
2026-06-05 09:10:38,191 [WARN] PackLoader:240 - Cannot read IP mode file for STMicroelectronics.X-CUBE-IPS.3.1.0
2026-06-05 09:10:38,195 [WARN] PackLoader:240 - Cannot read IP mode file for STMicroelectronics.X-CUBE-ALS.1.0.2
2026-06-05 09:10:38,196 [WARN] PackLoader:240 - Cannot read IP mode file for STMicroelectronics.X-CUBE-TOUCHGFX.4.24.2
2026-06-05 09:10:38,199 [WARN] PackLoader:240 - Cannot read IP mode file for STMicroelectronics.X-CUBE-STSE01.1.0.0
2026-06-05 09:10:38,202 [WARN] PackLoader:240 - Cannot read IP mode file for wolfSSL.I-CUBE-wolfTPM.3.4.0
2026-06-05 09:10:38,205 [WARN] PackLoader:240 - Cannot read IP mode file for portGmbH.I-Cube-SoM-uGOAL.1.1.0
2026-06-05 09:10:38,216 [WARN] PackLoader:240 - Cannot read IP mode file for STMicroelectronics.X-CUBE-AZRTOS-H7RS.1.0.0
2026-06-05 09:10:38,221 [WARN] PackLoader:240 - Cannot read IP mode file for STMicroelectronics.X-CUBE-TOF1.3.4.2
2026-06-05 09:10:38,228 [WARN] PackLoader:240 - Cannot read IP mode file for STMicroelectronics.X-CUBE-TOF1.3.4.3
2026-06-05 09:10:38,240 [WARN] PackLoader:240 - Cannot read IP mode file for wolfSSL.I-CUBE-wolfSSH.1.4.17
2026-06-05 09:10:38,240 [INFO] ThirdParty:978 - Integrity check success = true
2026-06-05 09:10:38,241 [INFO] IntegrityCheckThread:100 - exiting critical section [integrity check]
2026-06-05 09:10:38,241 [INFO] IntegrityCheckThread:103 - End integrity checks thread
2026-06-05 09:10:38,398 [INFO] WebApp:463 - Apply proxy settings
2026-06-05 09:10:38,398 [INFO] WebApp:548 - Chromium requires no authentication
2026-06-05 09:10:38,404 [INFO] WebApp:491 - Direct internet connection detected
2026-06-05 09:10:38,418 [INFO] WebApp:900 - Register for checkConnection events
2026-06-05 09:10:38,418 [INFO] WebApp:463 - Apply proxy settings
2026-06-05 09:10:38,418 [INFO] WebApp:548 - Chromium requires no authentication
2026-06-05 09:10:38,419 [INFO] WebApp:491 - Direct internet connection detected
2026-06-05 09:10:38,547 [INFO] WebApp:225 - Starting web application
2026-06-05 09:10:38,547 [INFO] WebApp:593 - Web application path used C:\ST\STM32CubeIDE_1.17.0\STM32CubeIDE\plugins\com.st.stm32cube.common.mx_6.15.0.202507011659\db\plugins\mcufinder\reactClient1\index.html
2026-06-05 09:10:38,610 [INFO] UserAuth:487 - Internet connection configuration mode: 1
2026-06-05 09:10:38,662 [INFO] WebApp:191 - Connection restablished
2026-06-05 09:11:47,475 [ERROR] LogOutputStream:75 - [STDERR_REDIRECT] 
2026-06-05 09:11:47,475 [ERROR] LogOutputStream:75 - [STDERR_REDIRECT] 
2026-06-05 09:11:52,278 [INFO] Activator:176 - 


2026-06-05 09:11:52,278 [INFO] Activator:177 - !SESSION log4j initialized
2026-06-05 09:11:55,132 [INFO] LogOutputStream:77 - [STDOUT_REDIRECT] 
2026-06-05 09:11:55,889 [INFO] ApplicationProperties:184 - Using Application install path: C:\ST\STM32CubeIDE_1.17.0\STM32CubeIDE\plugins\com.st.stm32cube.common.mx_6.15.0.202507011659
2026-06-05 09:11:55,906 [INFO] DbMcusXml:78 - Set database path to: C:\ST\STM32CubeIDE_1.17.0\STM32CubeIDE\plugins\com.st.stm32cube.common.mx_6.15.0.202507011659\\db\/mcu/
2026-06-05 09:11:55,906 [INFO] ApiDb:274 - Set plugin database path to: C:\ST\STM32CubeIDE_1.17.0\STM32CubeIDE\plugins\com.st.stm32cube.common.mx_6.15.0.202507011659\\db\/plugins/boardmanager/
2026-06-05 09:11:55,907 [WARN] ApiDb:259 - Overriding images path with different value:  => C:\ST\STM32CubeIDE_1.17.0\STM32CubeIDE\plugins\com.st.stm32cube.common.mx_6.15.0.202507011659\\db\/plugins/mcufinder/images/
2026-06-05 09:11:55,912 [INFO] ApiDb:250 - Set database path to: C:\Users\hanna\.stmcufinder\plugins\mcufinder//mcu/
2026-06-05 09:11:55,913 [INFO] DbMcusAds:125 - Set database path to: C:\Users\hanna\.stmcufinder\plugins\mcufinder//mcu/
2026-06-05 09:11:55,915 [INFO] CrossReferenceDbSqlite:203 - Set database path to: C:\Users\hanna\.stmcufinder\plugins\mcufinder//mcu/cs/
2026-06-05 09:11:56,008 [INFO] RulesReader:64 - Compatibility file has been processed (317 Rules)
2026-06-05 09:11:56,084 [INFO] DbMcusXml:78 - Set database path to: C:\ST\STM32CubeIDE_1.17.0\STM32CubeIDE\plugins\com.st.stm32cube.common.mx_6.15.0.202507011659\\db\/mcu/
2026-06-05 09:11:56,084 [INFO] ApiDb:274 - Set plugin database path to: C:\ST\STM32CubeIDE_1.17.0\STM32CubeIDE\plugins\com.st.stm32cube.common.mx_6.15.0.202507011659\\db\/plugins/boardmanager/
2026-06-05 09:11:56,084 [INFO] ApiDb:261 - Set plugin images path to: C:\ST\STM32CubeIDE_1.17.0\STM32CubeIDE\plugins\com.st.stm32cube.common.mx_6.15.0.202507011659\\db\/plugins/mcufinder/images/
2026-06-05 09:11:56,084 [WARN] DbFile:41 - Overriding database path with different value: C:\Users\hanna\.stmcufinder\plugins\mcufinder/ => C:\Users\hanna\.stmcufinder\plugins\mcufinder
2026-06-05 09:11:56,084 [INFO] ApiDb:250 - Set database path to: C:\Users\hanna\.stmcufinder\plugins\mcufinder//mcu/
2026-06-05 09:11:56,085 [WARN] DbFile:41 - Overriding database path with different value: C:\Users\hanna\.stmcufinder\plugins\mcufinder/ => C:\Users\hanna\.stmcufinder\plugins\mcufinder
2026-06-05 09:11:56,085 [INFO] DbMcusAds:125 - Set database path to: C:\Users\hanna\.stmcufinder\plugins\mcufinder//mcu/
2026-06-05 09:11:56,085 [WARN] DbFile:41 - Overriding database path with different value: C:\Users\hanna\.stmcufinder\plugins\mcufinder/ => C:\Users\hanna\.stmcufinder\plugins\mcufinder
2026-06-05 09:11:56,085 [WARN] DbFile:41 - Overriding database path with different value: C:\Users\hanna\.stmcufinder\plugins\mcufinder/ => C:\Users\hanna\.stmcufinder\plugins\mcufinder
2026-06-05 09:11:56,085 [INFO] CrossReferenceDbSqlite:203 - Set database path to: C:\Users\hanna\.stmcufinder\plugins\mcufinder//mcu/cs/
2026-06-05 09:11:56,140 [INFO] MainPanel:274 - HeapMemory: 268435456
2026-06-05 09:11:56,193 [INFO] DbMcusXml:78 - Set database path to: C:\ST\STM32CubeIDE_1.17.0\STM32CubeIDE\plugins\com.st.stm32cube.common.mx_6.15.0.202507011659\\db\/mcu/
2026-06-05 09:11:56,194 [INFO] ApiDb:274 - Set plugin database path to: C:\ST\STM32CubeIDE_1.17.0\STM32CubeIDE\plugins\com.st.stm32cube.common.mx_6.15.0.202507011659\\db\/plugins/boardmanager/
2026-06-05 09:11:56,194 [INFO] ApiDb:261 - Set plugin images path to: C:\ST\STM32CubeIDE_1.17.0\STM32CubeIDE\plugins\com.st.stm32cube.common.mx_6.15.0.202507011659\\db\/plugins/mcufinder/images/
2026-06-05 09:11:56,194 [WARN] DbFile:41 - Overriding database path with different value: C:\Users\hanna\.stmcufinder\plugins\mcufinder/ => C:\Users\hanna\.stmcufinder\plugins\mcufinder
2026-06-05 09:11:56,194 [INFO] ApiDb:250 - Set database path to: C:\Users\hanna\.stmcufinder\plugins\mcufinder//mcu/
2026-06-05 09:11:56,194 [WARN] DbFile:41 - Overriding database path with different value: C:\Users\hanna\.stmcufinder\plugins\mcufinder/ => C:\Users\hanna\.stmcufinder\plugins\mcufinder
2026-06-05 09:11:56,194 [INFO] DbMcusAds:125 - Set database path to: C:\Users\hanna\.stmcufinder\plugins\mcufinder//mcu/
2026-06-05 09:11:56,194 [WARN] DbFile:41 - Overriding database path with different value: C:\Users\hanna\.stmcufinder\plugins\mcufinder/ => C:\Users\hanna\.stmcufinder\plugins\mcufinder
2026-06-05 09:11:56,194 [WARN] DbFile:41 - Overriding database path with different value: C:\Users\hanna\.stmcufinder\plugins\mcufinder/ => C:\Users\hanna\.stmcufinder\plugins\mcufinder
2026-06-05 09:11:56,194 [INFO] CrossReferenceDbSqlite:203 - Set database path to: C:\Users\hanna\.stmcufinder\plugins\mcufinder//mcu/cs/
2026-06-05 09:11:56,221 [INFO] ApplicationProperties:184 - Using Application install path: C:\ST\STM32CubeIDE_1.17.0\STM32CubeIDE\plugins\com.st.stm32cube.common.mx_6.15.0.202507011659
2026-06-05 09:11:56,222 [INFO] PluginManage:196 - Search for loadable plugins [exclusion list=, ]
2026-06-05 09:11:56,223 [INFO] PluginManage:310 - Check plugin analytics
2026-06-05 09:11:56,354 [INFO] AnalyticsPlugin:253 - Accepted Software Licenses: 
2026-06-05 09:11:56,354 [INFO] AnalyticsPlugin:255 - Accepted CMSIS Pack Licenses: 
2026-06-05 09:11:56,354 [INFO] AnalyticsPlugin:257 - Accepted Firmware Licenses: 
2026-06-05 09:11:56,363 [INFO] PluginManage:359 - Loaded plugin analytics (category:tool,tabindex:-1)
2026-06-05 09:11:56,363 [INFO] PluginManage:310 - Check plugin cadmodel
2026-06-05 09:11:56,368 [INFO] CADModel:105 - Init CAD model plugin
2026-06-05 09:11:56,368 [INFO] PluginManage:359 - Loaded plugin cadmodel (category:power,tabindex:5)
2026-06-05 09:11:56,368 [INFO] PluginManage:310 - Check plugin clock
2026-06-05 09:11:56,378 [INFO] PluginManage:359 - Loaded plugin clock (category:base,tabindex:2)
2026-06-05 09:11:56,378 [INFO] PluginManage:310 - Check plugin ddr
2026-06-05 09:11:56,380 [INFO] PluginManage:359 - Loaded plugin ddr (category:tool,tabindex:6)
2026-06-05 09:11:56,381 [INFO] PluginManage:310 - Check plugin filemanager
2026-06-05 09:11:56,496 [INFO] PluginManage:359 - Loaded plugin filemanager (category:base,tabindex:10)
2026-06-05 09:11:56,496 [INFO] PluginManage:310 - Check plugin ipmanager
2026-06-05 09:11:56,502 [INFO] PluginManage:359 - Loaded plugin ipmanager (category:base,tabindex:5)
2026-06-05 09:11:56,502 [INFO] PluginManage:310 - Check plugin lpbam
2026-06-05 09:11:56,510 [INFO] PluginManage:359 - Loaded plugin lpbam (category:base,tabindex:0)
2026-06-05 09:11:56,511 [INFO] PluginManage:310 - Check plugin memorymap
2026-06-05 09:11:56,522 [INFO] PluginManage:359 - Loaded plugin memorymap (category:base,tabindex:4)
2026-06-05 09:11:56,522 [INFO] PluginManage:310 - Check plugin pinoutandconfiguration
2026-06-05 09:11:56,531 [INFO] PluginManage:359 - Loaded plugin pinoutandconfiguration (category:base,tabindex:1)
2026-06-05 09:11:56,532 [INFO] PluginManage:310 - Check plugin pinoutconfig
2026-06-05 09:11:56,628 [WARN] SupportedApi:132 - Cannot load RTOS API schema: s4s-elt-must-match.1: The content of 'definitions' must match (annotation?, (simpleType | complexType)?, (unique | key | keyref)*)). A problem was found starting at: attribute.
2026-06-05 09:11:56,729 [INFO] PluginManage:359 - Loaded plugin pinoutconfig (category:base,tabindex:0)
2026-06-05 09:11:56,729 [INFO] PluginManage:310 - Check plugin power
2026-06-05 09:11:56,735 [INFO] PluginManage:359 - Loaded plugin power (category:power,tabindex:4)
2026-06-05 09:11:56,736 [INFO] PluginManage:310 - Check plugin projectmanager
2026-06-05 09:11:56,750 [INFO] PluginManage:359 - Loaded plugin projectmanager (category:projectmanager,tabindex:4)
2026-06-05 09:11:56,750 [INFO] PluginManage:310 - Check plugin rif
2026-06-05 09:11:56,757 [INFO] PluginManage:359 - Loaded plugin rif (category:base,tabindex:3)
2026-06-05 09:11:56,758 [INFO] PluginManage:310 - Check plugin thirdparty
2026-06-05 09:11:56,853 [INFO] PluginManage:359 - Loaded plugin thirdparty (category:base,tabindex:-1)
2026-06-05 09:11:56,854 [INFO] PluginManage:310 - Check plugin tools
2026-06-05 09:11:56,854 [WARN] IntegrityCheckThread:84 - waiting for thirdparty lock release [integrity check]
2026-06-05 09:11:56,854 [INFO] IntegrityCheckThread:86 - entering critical section [integrity check]
2026-06-05 09:11:56,854 [INFO] ThirdPartyUpdaterWithRetryManager:70 - Updater plugin not ready yet. [1/15]
2026-06-05 09:11:56,855 [INFO] PluginManage:359 - Loaded plugin tools (category:base,tabindex:7)
2026-06-05 09:11:56,856 [INFO] PluginManage:310 - Check plugin tutovideos
2026-06-05 09:11:56,976 [INFO] PluginManage:359 - Loaded plugin tutovideos (category:base,tabindex:-1)
2026-06-05 09:11:56,976 [INFO] PluginManage:310 - Check plugin updater
2026-06-05 09:11:56,991 [INFO] PluginManage:359 - Loaded plugin updater (category:base,tabindex:12)
2026-06-05 09:11:56,991 [INFO] PluginManage:310 - Check plugin userauth
2026-06-05 09:11:56,994 [INFO] UserAuth:118 - Init User Auth plugin
2026-06-05 09:11:56,995 [INFO] PluginManage:359 - Loaded plugin userauth (category:base,tabindex:14)
2026-06-05 09:11:56,996 [INFO] PluginManage:283 - PluginManage : Loaded plugins [18]
2026-06-05 09:11:57,180 [INFO] PinOutPanel:1589 - setPackage(No Configuration,No Configuration)
2026-06-05 09:11:57,271 [INFO] CADModel:165 - CPN selected for project level
2026-06-05 09:11:57,271 [INFO] CADModel:114 - Register for checkConnection events
2026-06-05 09:11:57,289 [INFO] IPUIPlugin:80 - create IPUIPlugin
2026-06-05 09:11:57,289 [INFO] PluginManager:220 - loadIPPluginJar : add adc
2026-06-05 09:11:57,291 [INFO] IPUIPlugin:80 - create IPUIPlugin
2026-06-05 09:11:57,291 [INFO] PluginManager:220 - loadIPPluginJar : add aes
2026-06-05 09:11:57,293 [INFO] IPUIPlugin:80 - create IPUIPlugin
2026-06-05 09:11:57,293 [INFO] PluginManager:220 - loadIPPluginJar : add can
2026-06-05 09:11:57,294 [INFO] IPUIPlugin:80 - create IPUIPlugin
2026-06-05 09:11:57,294 [INFO] PluginManager:220 - loadIPPluginJar : add comp
2026-06-05 09:11:57,296 [INFO] IPUIPlugin:80 - create IPUIPlugin
2026-06-05 09:11:57,296 [INFO] PluginManager:220 - loadIPPluginJar : add cryp
2026-06-05 09:11:57,298 [INFO] IPUIPlugin:80 - create IPUIPlugin
2026-06-05 09:11:57,298 [INFO] PluginManager:220 - loadIPPluginJar : add ddr_ctrl_phy
2026-06-05 09:11:57,300 [INFO] IPUIPlugin:80 - create IPUIPlugin
2026-06-05 09:11:57,300 [INFO] PluginManager:220 - loadIPPluginJar : add dfsdm
2026-06-05 09:11:57,304 [INFO] IPUIPlugin:80 - create IPUIPlugin
2026-06-05 09:11:57,304 [INFO] PluginManager:220 - loadIPPluginJar : add dma
2026-06-05 09:11:57,306 [INFO] IPUIPlugin:80 - create IPUIPlugin
2026-06-05 09:11:57,306 [INFO] PluginManager:220 - loadIPPluginJar : add dma3
2026-06-05 09:11:57,308 [INFO] IPUIPlugin:80 - create IPUIPlugin
2026-06-05 09:11:57,308 [INFO] PluginManager:220 - loadIPPluginJar : add extmemmanager
2026-06-05 09:11:57,309 [INFO] IPUIPlugin:80 - create IPUIPlugin
2026-06-05 09:11:57,309 [INFO] PluginManager:220 - loadIPPluginJar : add fatfs
2026-06-05 09:11:57,312 [INFO] IPUIPlugin:80 - create IPUIPlugin
2026-06-05 09:11:57,312 [INFO] PluginManager:220 - loadIPPluginJar : add fmc
2026-06-05 09:11:57,318 [INFO] IPUIPlugin:80 - create IPUIPlugin
2026-06-05 09:11:57,319 [INFO] PluginManager:220 - loadIPPluginJar : add freertos
2026-06-05 09:11:57,321 [INFO] IPUIPlugin:80 - create IPUIPlugin
2026-06-05 09:11:57,321 [INFO] PluginManager:220 - loadIPPluginJar : add genericplugin
2026-06-05 09:11:57,324 [INFO] IPUIPlugin:80 - create IPUIPlugin
2026-06-05 09:11:57,324 [INFO] PluginManager:220 - loadIPPluginJar : add gfxmmu
2026-06-05 09:11:57,331 [INFO] IPUIPlugin:80 - create IPUIPlugin
2026-06-05 09:11:57,331 [INFO] PluginManager:220 - loadIPPluginJar : add gic
2026-06-05 09:11:57,337 [INFO] IPUIPlugin:80 - create IPUIPlugin
2026-06-05 09:11:57,337 [INFO] PluginManager:220 - loadIPPluginJar : add gpio
2026-06-05 09:11:57,340 [INFO] IPUIPlugin:80 - create IPUIPlugin
2026-06-05 09:11:57,340 [INFO] PluginManager:220 - loadIPPluginJar : add gtzc
2026-06-05 09:11:57,342 [INFO] IPUIPlugin:80 - create IPUIPlugin
2026-06-05 09:11:57,342 [INFO] PluginManager:220 - loadIPPluginJar : add hash
2026-06-05 09:11:57,344 [INFO] IPUIPlugin:80 - create IPUIPlugin
2026-06-05 09:11:57,345 [INFO] PluginManager:220 - loadIPPluginJar : add i2c
2026-06-05 09:11:57,347 [INFO] IPUIPlugin:80 - create IPUIPlugin
2026-06-05 09:11:57,347 [INFO] PluginManager:220 - loadIPPluginJar : add i2s
2026-06-05 09:11:57,348 [INFO] IPUIPlugin:80 - create IPUIPlugin
2026-06-05 09:11:57,349 [INFO] PluginManager:220 - loadIPPluginJar : add i3c
2026-06-05 09:11:57,351 [INFO] IPUIPlugin:80 - create IPUIPlugin
2026-06-05 09:11:57,351 [INFO] PluginManager:220 - loadIPPluginJar : add ipddr
2026-06-05 09:11:57,355 [INFO] IPUIPlugin:80 - create IPUIPlugin
2026-06-05 09:11:57,356 [INFO] PluginManager:220 - loadIPPluginJar : add linkedlist
2026-06-05 09:11:57,359 [INFO] IPUIPlugin:80 - create IPUIPlugin
2026-06-05 09:11:57,359 [INFO] PluginManager:220 - loadIPPluginJar : add lorawan
2026-06-05 09:11:57,360 [INFO] IPUIPlugin:80 - create IPUIPlugin
2026-06-05 09:11:57,360 [INFO] PluginManager:220 - loadIPPluginJar : add ltdc
2026-06-05 09:11:57,363 [INFO] IPUIPlugin:80 - create IPUIPlugin
2026-06-05 09:11:57,363 [INFO] PluginManager:220 - loadIPPluginJar : add mdma
2026-06-05 09:11:57,365 [INFO] IPUIPlugin:80 - create IPUIPlugin
2026-06-05 09:11:57,366 [INFO] PluginManager:220 - loadIPPluginJar : add nvic
2026-06-05 09:11:57,367 [INFO] IPUIPlugin:80 - create IPUIPlugin
2026-06-05 09:11:57,367 [INFO] PluginManager:220 - loadIPPluginJar : add opamp
2026-06-05 09:11:57,370 [INFO] IPUIPlugin:80 - create IPUIPlugin
2026-06-05 09:11:57,370 [INFO] PluginManager:220 - loadIPPluginJar : add openamp
2026-06-05 09:11:57,373 [INFO] IPUIPlugin:80 - create IPUIPlugin
2026-06-05 09:11:57,373 [INFO] PluginManager:220 - loadIPPluginJar : add pdm2pcm
2026-06-05 09:11:57,378 [INFO] IPUIPlugin:80 - create IPUIPlugin
2026-06-05 09:11:57,380 [INFO] PluginManager:220 - loadIPPluginJar : add plateformsettings
2026-06-05 09:11:57,381 [INFO] IPUIPlugin:80 - create IPUIPlugin
2026-06-05 09:11:57,381 [INFO] PluginManager:220 - loadIPPluginJar : add quadspi
2026-06-05 09:11:57,382 [INFO] IPUIPlugin:80 - create IPUIPlugin
2026-06-05 09:11:57,383 [INFO] PluginManager:220 - loadIPPluginJar : add radio
2026-06-05 09:11:57,385 [INFO] IPUIPlugin:80 - create IPUIPlugin
2026-06-05 09:11:57,385 [INFO] PluginManager:220 - loadIPPluginJar : add resmgrutility
2026-06-05 09:11:57,387 [INFO] IPUIPlugin:80 - create IPUIPlugin
2026-06-05 09:11:57,387 [INFO] PluginManager:220 - loadIPPluginJar : add sai
2026-06-05 09:11:57,388 [INFO] IPUIPlugin:80 - create IPUIPlugin
2026-06-05 09:11:57,388 [INFO] PluginManager:220 - loadIPPluginJar : add spi
2026-06-05 09:11:57,392 [INFO] IPUIPlugin:80 - create IPUIPlugin
2026-06-05 09:11:57,393 [INFO] PluginManager:220 - loadIPPluginJar : add stm32_wpan
2026-06-05 09:11:57,393 [INFO] IPUIPlugin:80 - create IPUIPlugin
2026-06-05 09:11:57,394 [INFO] PluginManager:220 - loadIPPluginJar : add tim
2026-06-05 09:11:57,396 [INFO] IPUIPlugin:80 - create IPUIPlugin
2026-06-05 09:11:57,396 [INFO] PluginManager:220 - loadIPPluginJar : add touchsensing
2026-06-05 09:11:57,398 [INFO] IPUIPlugin:80 - create IPUIPlugin
2026-06-05 09:11:57,398 [INFO] PluginManager:220 - loadIPPluginJar : add tracer_emb
2026-06-05 09:11:57,399 [INFO] IPUIPlugin:80 - create IPUIPlugin
2026-06-05 09:11:57,399 [INFO] PluginManager:220 - loadIPPluginJar : add ts
2026-06-05 09:11:57,400 [INFO] IPUIPlugin:80 - create IPUIPlugin
2026-06-05 09:11:57,400 [INFO] PluginManager:220 - loadIPPluginJar : add tsc
2026-06-05 09:11:57,401 [INFO] IPUIPlugin:80 - create IPUIPlugin
2026-06-05 09:11:57,401 [INFO] PluginManager:220 - loadIPPluginJar : add ucpd
2026-06-05 09:11:57,404 [INFO] IPUIPlugin:80 - create IPUIPlugin
2026-06-05 09:11:57,404 [INFO] PluginManager:220 - loadIPPluginJar : add usart
2026-06-05 09:11:57,406 [INFO] IPUIPlugin:80 - create IPUIPlugin
2026-06-05 09:11:57,406 [INFO] PluginManager:220 - loadIPPluginJar : add usbx
2026-06-05 09:11:57,526 [FATAL] Updater:351 - Updater called before beeing initialized
2026-06-05 09:11:57,585 [INFO] RulesReader:64 - Compatibility file has been processed (317 Rules)
2026-06-05 09:11:57,591 [INFO] RulesReader:64 - Compatibility file has been processed (317 Rules)
2026-06-05 09:11:57,600 [INFO] CADModel:165 - CPN selected for project level
2026-06-05 09:11:57,600 [INFO] CADModel:114 - Register for checkConnection events
2026-06-05 09:11:57,600 [FATAL] Updater:351 - Updater called before beeing initialized
2026-06-05 09:11:57,600 [ERROR] CADModel:125 - Updater not yet initialized, retry later 
2026-06-05 09:11:57,728 [FATAL] Updater:351 - Updater called before beeing initialized
2026-06-05 09:11:57,729 [INFO] CADModel:165 - CPN selected for project level
2026-06-05 09:11:57,729 [INFO] CADModel:114 - Register for checkConnection events
2026-06-05 09:11:57,730 [FATAL] Updater:351 - Updater called before beeing initialized
2026-06-05 09:11:57,730 [ERROR] CADModel:125 - Updater not yet initialized, retry later 
2026-06-05 09:11:57,735 [FATAL] Updater:351 - Updater called before beeing initialized
2026-06-05 09:11:57,836 [FATAL] Updater:351 - Updater called before beeing initialized
2026-06-05 09:11:57,839 [INFO] DbMcusAds:53 - JSON generation date=Mon Apr 27 09:14:29 BST 2026 (1777277669577)
2026-06-05 09:11:57,840 [FATAL] Updater:351 - Updater called before beeing initialized
2026-06-05 09:11:57,861 [WARN] DetailPanel:346 - Failed to get advertising image, set to default
2026-06-05 09:11:57,974 [FATAL] Updater:351 - Updater called before beeing initialized
2026-06-05 09:11:57,976 [FATAL] Updater:351 - Updater called before beeing initialized
2026-06-05 09:11:57,976 [FATAL] Updater:351 - Updater called before beeing initialized
2026-06-05 09:11:57,976 [WARN] DetailPanel:346 - Failed to get advertising image, set to default
2026-06-05 09:11:57,977 [FATAL] Updater:351 - Updater called before beeing initialized
2026-06-05 09:11:58,016 [ERROR] Updater:1198 - MainUpdater not yet initialized. External WinMGr cannot be set.
2026-06-05 09:11:58,017 [INFO] Updater:1134 - Updater Version found : 6.15.0
2026-06-05 09:11:58,032 [INFO] ApplicationProperties:184 - Using Application install path: C:\ST\STM32CubeIDE_1.17.0\STM32CubeIDE\plugins\com.st.stm32cube.common.mx_6.15.0.202507011659
2026-06-05 09:11:59,624 [ERROR] LogOutputStream:75 - [STDERR_REDIRECT] Jun 05, 2026 9:11:59 AM java.util.prefs.WindowsPreferences <init>
2026-06-05 09:11:59,630 [ERROR] LogOutputStream:75 - [STDERR_REDIRECT] WARNING: Could not open/create prefs root node Software\JavaSoft\Prefs at root 0xffffffff80000002. Windows RegCreateKeyEx(...) returned error code 5.
2026-06-05 09:11:59,632 [ERROR] LogOutputStream:75 - [STDERR_REDIRECT] 
2026-06-05 09:11:59,856 [INFO] ThirdPartyUpdaterWithRetryManager:70 - Updater plugin not ready yet. [2/15]
2026-06-05 09:12:00,004 [INFO] MainUpdater:2872 - connection check result : 10
2026-06-05 09:12:00,005 [INFO] MainUpdater:289 - Updater Check For Update Now.
2026-06-05 09:12:00,005 [INFO] MicroXplorer:498 - Change Database Version : DB.6.0.150
2026-06-05 09:12:00,011 [INFO] McuFinderGlobals:63 - Set McuFinder mode to 2 (CubeIDE integrated)
2026-06-05 09:12:00,012 [INFO] UserAuth:487 - Internet connection configuration mode: 1
2026-06-05 09:12:00,030 [INFO] JxBrowserEngine:152 - Initiate JxBrowser Engine with user profile folder
2026-06-05 09:12:00,169 [INFO] CheckServerUpdateThread:120 - End of CheckServer Thread
2026-06-05 09:12:00,913 [INFO] WebApp:169 - Instantiating new browser for Auth
2026-06-05 09:12:01,696 [INFO] WebApp:463 - Apply proxy settings
2026-06-05 09:12:01,696 [INFO] WebApp:548 - Chromium requires no authentication
2026-06-05 09:12:01,703 [INFO] WebApp:491 - Direct internet connection detected
2026-06-05 09:12:01,727 [INFO] WebApp:900 - Register for checkConnection events
2026-06-05 09:12:01,727 [INFO] WebApp:463 - Apply proxy settings
2026-06-05 09:12:01,727 [INFO] WebApp:548 - Chromium requires no authentication
2026-06-05 09:12:01,728 [INFO] WebApp:491 - Direct internet connection detected
2026-06-05 09:12:01,929 [INFO] WebApp:225 - Starting web application
2026-06-05 09:12:01,930 [INFO] WebApp:593 - Web application path used C:\ST\STM32CubeIDE_1.17.0\STM32CubeIDE\plugins\com.st.stm32cube.common.mx_6.15.0.202507011659\db\plugins\mcufinder\reactClient1\index.html
2026-06-05 09:12:01,963 [INFO] WebApp:191 - Connection restablished
2026-06-05 09:12:02,008 [INFO] UserAuth:487 - Internet connection configuration mode: 1
2026-06-05 09:12:03,093 [WARN] PackLoader:240 - Cannot read IP mode file for STMicroelectronics.X-CUBE-AZRTOS-H7.3.5.0
2026-06-05 09:12:03,103 [WARN] PackLoader:240 - Cannot read IP mode file for STMicroelectronics.FP-SNS-MOTENVWB1.1.4.0
2026-06-05 09:12:03,108 [WARN] PackLoader:240 - Cannot read IP mode file for STMicroelectronics.FP-ATR-ASTRA1.2.0.2
2026-06-05 09:12:03,113 [WARN] PackLoader:240 - Cannot read IP mode file for STMicroelectronics.FP-ATR-ASTRA1.2.0.1
2026-06-05 09:12:03,122 [ERROR] Engine:466 - C:\Users\hanna\.stm32cubemx\thirdparties\pdsc\STMicroelectronics.X-CUBE-SMBUS.2.1.1.pdsc: PDSC version is not supported
2026-06-05 09:12:03,125 [WARN] PackLoader:240 - Cannot read IP mode file for STMicroelectronics.X-CUBE-SMBUS.2.1.0
2026-06-05 09:12:03,132 [WARN] PackLoader:240 - Cannot read IP mode file for STMicroelectronics.X-CUBE-WB05N.1.1.0
2026-06-05 09:12:03,137 [WARN] PackLoader:240 - Cannot read IP mode file for STMicroelectronics.X-CUBE-ST60.1.0.0
2026-06-05 09:12:03,151 [WARN] PackLoader:240 - Cannot read IP mode file for STMicroelectronics.X-CUBE-AZRTOS-F7.1.1.0
2026-06-05 09:12:03,157 [WARN] PackLoader:240 - Cannot read IP mode file for STMicroelectronics.FP-SNS-MOTENV1.5.1.0
2026-06-05 09:12:03,161 [WARN] PackLoader:240 - Cannot read IP mode file for STMicroelectronics.FP-SNS-FLIGHT1.5.0.2
2026-06-05 09:12:03,177 [WARN] PackLoader:240 - Cannot read IP mode file for Infineon.AIROC-Wi-Fi-Bluetooth-STM32.1.7.0
2026-06-05 09:12:03,195 [WARN] PackLoader:240 - Cannot read IP mode file for STMicroelectronics.X-CUBE-AZRTOS-H7.3.4.0
2026-06-05 09:12:03,203 [WARN] PackLoader:240 - Cannot read IP mode file for STMicroelectronics.X-CUBE-DISPLAY.3.0.0
2026-06-05 09:12:03,211 [WARN] PackLoader:240 - Cannot read IP mode file for STMicroelectronics.X-CUBE-GNSS1.7.1.1
2026-06-05 09:12:03,214 [WARN] PackLoader:240 - Cannot read IP mode file for STMicroelectronics.FP-SNS-MOTENVWB1.1.5.0
2026-06-05 09:12:03,218 [WARN] PackLoader:240 - Cannot read IP mode file for STMicroelectronics.X-CUBE-BLE1.7.0.0
2026-06-05 09:12:03,223 [WARN] PackLoader:240 - Cannot read IP mode file for STMicroelectronics.X-CUBE-NFC10.1.0.0
2026-06-05 09:12:03,237 [WARN] PackLoader:240 - Cannot read IP mode file for STMicroelectronics.X-CUBE-BLEMGR.4.0.0
2026-06-05 09:12:03,242 [WARN] PackLoader:240 - Cannot read IP mode file for STMicroelectronics.X-CUBE-ST60.1.1.0
2026-06-05 09:12:03,247 [WARN] PackLoader:240 - Cannot read IP mode file for emotas.I-CUBE-CANOPEN.1.3.0
2026-06-05 09:12:03,251 [WARN] PackLoader:240 - Cannot read IP mode file for STMicroelectronics.X-CUBE-GNSS1.7.1.0
2026-06-05 09:12:03,256 [WARN] PackLoader:240 - Cannot read IP mode file for STMicroelectronics.X-CUBE-AI.10.0.0
2026-06-05 09:12:03,262 [WARN] PackLoader:240 - Cannot read IP mode file for STMicroelectronics.FP-SNS-STBOX1.2.1.0
2026-06-05 09:12:03,266 [WARN] PackLoader:240 - Cannot read IP mode file for STMicroelectronics.FP-SNS-SMARTAG2.1.2.0
2026-06-05 09:12:03,269 [WARN] PackLoader:240 - Cannot read IP mode file for STMicroelectronics.FP-SNS-FLIGHT1.5.1.0
2026-06-05 09:12:03,293 [WARN] PackLoader:240 - Cannot read IP mode file for STMicroelectronics.X-CUBE-MEMS1.11.1.0
2026-06-05 09:12:03,374 [INFO] LogOutputStream:77 - [STDOUT_REDIRECT] 1 : Invalid condition id : UX_CORESTACK_Condition cause : null
2026-06-05 09:12:03,374 [INFO] LogOutputStream:77 - [STDOUT_REDIRECT] 1 : Invalid condition id : UX_CORESTACK_Condition cause : null
2026-06-05 09:12:03,376 [INFO] LogOutputStream:77 - [STDOUT_REDIRECT] 1 : Invalid condition id : UX_CORESTACK_Condition cause : null
2026-06-05 09:12:03,377 [INFO] LogOutputStream:77 - [STDOUT_REDIRECT] 1 : Invalid condition id : UX_CORESTACK_Condition cause : null
2026-06-05 09:12:03,378 [INFO] LogOutputStream:77 - [STDOUT_REDIRECT] 1 : Invalid condition id : UX_CORESTACK_Condition cause : null
2026-06-05 09:12:03,379 [WARN] PackLoader:240 - Cannot read IP mode file for STMicroelectronics.X-CUBE-AZRTOS-WL.2.0.0
2026-06-05 09:12:03,383 [WARN] PackLoader:240 - Cannot read IP mode file for STMicroelectronics.FP-SNS-MOTENV1.5.0.0
2026-06-05 09:12:03,398 [WARN] PackLoader:240 - Cannot read IP mode file for STMicroelectronics.X-CUBE-AZRTOS-H7RS.1.2.0
2026-06-05 09:12:03,407 [WARN] PackLoader:240 - Cannot read IP mode file for wolfSSL.I-CUBE-wolfMQTT.1.19.0
2026-06-05 09:12:03,418 [WARN] PackLoader:240 - Cannot read IP mode file for WES.I-CUBE-Cesium.1.3.0
2026-06-05 09:12:03,424 [WARN] PackLoader:240 - Cannot read IP mode file for STMicroelectronics.X-CUBE-BLE2.3.3.0
2026-06-05 09:12:03,467 [WARN] PackLoader:240 - Cannot read IP mode file for STMicroelectronics.X-CUBE-NFC9.1.0.0
2026-06-05 09:12:03,471 [WARN] PackLoader:240 - Cannot read IP mode file for STMicroelectronics.X-CUBE-BLE1.7.1.0
2026-06-05 09:12:03,476 [WARN] PackLoader:240 - Cannot read IP mode file for STMicroelectronics.X-CUBE-FREERTOS.1.4.0
2026-06-05 09:12:03,482 [WARN] PackLoader:240 - Cannot read IP mode file for STMicroelectronics.X-CUBE-EEPRMA1.5.2.0
2026-06-05 09:12:03,487 [WARN] PackLoader:240 - Cannot read IP mode file for STMicroelectronics.FP-SNS-STAIOTCFT.1.1.0
2026-06-05 09:12:03,512 [WARN] PackLoader:240 - Cannot read IP mode file for STMicroelectronics.X-CUBE-MEMS1.12.0.0
2026-06-05 09:12:03,578 [WARN] PackLoader:240 - Cannot read IP mode file for STMicroelectronics.X-CUBE-MEMS1.11.2.0
2026-06-05 09:12:03,624 [WARN] PackLoader:240 - Cannot read IP mode file for STMicroelectronics.X-CUBE-AZRTOS-G0.1.1.0
2026-06-05 09:12:03,629 [WARN] PackLoader:240 - Cannot read IP mode file for STMicroelectronics.X-CUBE-SAFEA1.1.2.2
2026-06-05 09:12:03,633 [WARN] PackLoader:240 - Cannot read IP mode file for STMicroelectronics.X-CUBE-NFC4.3.0.0
2026-06-05 09:12:03,639 [WARN] PackLoader:240 - Cannot read IP mode file for EmbeddedOffice.I-CUBE-FS-RTOS.1.0.1
2026-06-05 09:12:03,643 [WARN] PackLoader:240 - Cannot read IP mode file for STMicroelectronics.X-CUBE-WB05N.2.0.0
2026-06-05 09:12:03,648 [WARN] PackLoader:240 - Cannot read IP mode file for STMicroelectronics.X-CUBE-TCPP.4.2.0
2026-06-05 09:12:03,652 [WARN] PackLoader:240 - Cannot read IP mode file for RealThread.X-CUBE-RT-Thread_Nano.4.1.1
2026-06-05 09:12:03,655 [WARN] PackLoader:240 - Cannot read IP mode file for STMicroelectronics.FP-ATR-SIGFOX1.3.2.0
2026-06-05 09:12:03,658 [WARN] ConditionMgr:438 - getConditionDescription Invalid condition id : Cortex-A Device cause : null
2026-06-05 09:12:03,665 [WARN] ConditionMgr:1044 - genDependencies : Invalid condition id : Cortex-A Device cause : null
2026-06-05 09:12:03,665 [WARN] ConditionMgr:1044 - genDependencies : Invalid condition id : Cortex-A Device cause : null
2026-06-05 09:12:03,665 [WARN] ConditionMgr:1044 - genDependencies : Invalid condition id : Cortex-A Device cause : null
2026-06-05 09:12:03,668 [WARN] PackLoader:240 - Cannot read IP mode file for STMicroelectronics.X-CUBE-EEPRMA1.5.1.0
2026-06-05 09:12:03,672 [WARN] PackLoader:240 - Cannot read IP mode file for STMicroelectronics.X-CUBE-FREERTOS.1.5.0
2026-06-05 09:12:03,674 [WARN] PackLoader:240 - Cannot read IP mode file for wolfSSL.I-CUBE-wolfSSL.5.7.6
2026-06-05 09:12:03,679 [WARN] PackLoader:240 - Cannot read IP mode file for ITTIA_DB.I-CUBE-ITTIADB.8.9.0
2026-06-05 09:12:03,683 [WARN] PackLoader:240 - Cannot read IP mode file for STMicroelectronics.X-CUBE-NFC6.3.2.0
2026-06-05 09:12:03,688 [WARN] PackLoader:240 - Cannot read IP mode file for STMicroelectronics.X-CUBE-ST67W61.1.0.0
2026-06-05 09:12:03,692 [WARN] PackLoader:240 - Cannot read IP mode file for STMicroelectronics.X-CUBE-AI.10.2.0
2026-06-05 09:12:03,716 [WARN] PackLoader:240 - Cannot read IP mode file for STMicroelectronics.X-CUBE-MEMS1.12.1.0
2026-06-05 09:12:03,764 [WARN] PackLoader:240 - Cannot read IP mode file for SEGGER.I-CUBE-embOS.1.3.1
2026-06-05 09:12:03,786 [WARN] PackLoader:240 - Cannot read IP mode file for STMicroelectronics.X-CUBE-ALGOBUILD.1.4.0
2026-06-05 09:12:03,815 [WARN] PackLoader:240 - Cannot read IP mode file for STMicroelectronics.X-CUBE-MEMS1.11.3.0
2026-06-05 09:12:03,913 [WARN] PackLoader:240 - Cannot read IP mode file for STMicroelectronics.X-CUBE-PM33A1.1.0.0
2026-06-05 09:12:03,922 [WARN] PackLoader:240 - Cannot read IP mode file for STMicroelectronics.X-CUBE-AZRTOS-F4.1.1.0
2026-06-05 09:12:03,926 [WARN] PackLoader:240 - Cannot read IP mode file for Avnet-IotConnect.X-CUBE-IoTC-DA16k-PMOD.1.0.0
2026-06-05 09:12:03,929 [WARN] PackLoader:240 - Cannot read IP mode file for STMicroelectronics.X-CUBE-ISPU.2.1.0
2026-06-05 09:12:03,935 [WARN] PackLoader:240 - Cannot read IP mode file for STMicroelectronics.X-CUBE-IPS.3.2.0
2026-06-05 09:12:03,941 [WARN] PackLoader:240 - Cannot read IP mode file for STMicroelectronics.eDS-WB_DPC_TT-BIDIR.2.1.1
2026-06-05 09:12:03,945 [WARN] PackLoader:240 - Cannot read IP mode file for STMicroelectronics.X-CUBE-NFC12.1.0.0
2026-06-05 09:12:03,957 [WARN] PackLoader:240 - Cannot read IP mode file for STMicroelectronics.X-CUBE-AZRTOS-L5.2.0.0
2026-06-05 09:12:03,963 [WARN] PackLoader:240 - Cannot read IP mode file for STMicroelectronics.X-CUBE-NFC6.3.1.0
2026-06-05 09:12:03,968 [WARN] PackLoader:240 - Cannot read IP mode file for STMicroelectronics.X-CUBE-ALGOBUILD.1.5.0
2026-06-05 09:12:03,972 [WARN] PackLoader:240 - Cannot read IP mode file for STMicroelectronics.X-CUBE-DPower.1.2.0
2026-06-05 09:12:03,975 [WARN] PackLoader:240 - Cannot read IP mode file for STMicroelectronics.eDS-WB_DPC_VIENNA.1.2.0
2026-06-05 09:12:03,980 [WARN] PackLoader:240 - Cannot read IP mode file for STMicroelectronics.eDS-WB_DPC_3PH2L-BIDIR.1.1.1
2026-06-05 09:12:03,982 [ERROR] Engine:466 - C:\Users\hanna\.stm32cubemx\thirdparties\pdsc\STMicroelectronics.X-CUBE-ST67W61.1.3.0.pdsc: PDSC version is not supported
2026-06-05 09:12:03,986 [WARN] PackLoader:240 - Cannot read IP mode file for STMicroelectronics.X-CUBE-FREERTOS.1.3.1
2026-06-05 09:12:03,989 [WARN] PackLoader:240 - Cannot read IP mode file for STMicroelectronics.X-CUBE-FREERTOS.1.3.0
2026-06-05 09:12:03,992 [WARN] PackLoader:240 - Cannot read IP mode file for STMicroelectronics.X-CUBE-NFC7.1.0.1
2026-06-05 09:12:03,997 [WARN] PackLoader:240 - Cannot read IP mode file for STMicroelectronics.X-CUBE-TOUCHGFX.4.26.0
2026-06-05 09:12:03,998 [WARN] PackLoader:240 - Cannot read IP mode file for STMicroelectronics.X-CUBE-TOUCHGFX.4.26.1
2026-06-05 09:12:04,001 [WARN] PackLoader:240 - Cannot read IP mode file for STMicroelectronics.FP-SNS-STAIOTCFT.1.0.0
2026-06-05 09:12:04,005 [WARN] PackLoader:240 - Cannot read IP mode file for STMicroelectronics.X-CUBE-DPower.1.3.0
2026-06-05 09:12:04,013 [WARN] ConditionMgr:438 - getConditionDescription Invalid condition id : LAN8742 Phy interface Condition cause : null
2026-06-05 09:12:04,013 [WARN] PackLoader:240 - Cannot read IP mode file for STMicroelectronics.X-CUBE-AZRTOS-L4.2.0.0
2026-06-05 09:12:04,014 [WARN] ConditionMgr:1044 - genDependencies : Invalid condition id : LAN8742 Phy interface Condition cause : null
2026-06-05 09:12:04,014 [WARN] ConditionMgr:1044 - genDependencies : Invalid condition id : LAN8742 Phy interface Condition cause : null
2026-06-05 09:12:04,014 [WARN] ConditionMgr:1044 - genDependencies : Invalid condition id : LAN8742 Phy interface Condition cause : null
2026-06-05 09:12:04,019 [WARN] PackLoader:240 - Cannot read IP mode file for STMicroelectronics.X-CUBE-SFXS2LP1.4.0.0
2026-06-05 09:12:04,025 [WARN] PackLoader:240 - Cannot read IP mode file for STMicroelectronics.X-CUBE-WB05N.2.1.0
2026-06-05 09:12:04,027 [WARN] PackLoader:240 - Cannot read IP mode file for STMicroelectronics.X-CUBE-ST67W61.1.2.0
2026-06-05 09:12:04,035 [WARN] PackLoader:240 - Cannot read IP mode file for STMicroelectronics.X-CUBE-AZRTOS-H7.3.3.0
2026-06-05 09:12:04,041 [WARN] PackLoader:240 - Cannot read IP mode file for STMicroelectronics.X-CUBE-BLEMGR.4.1.0
2026-06-05 09:12:04,047 [WARN] ConditionMgr:438 - getConditionDescription Invalid condition id : UX DEVICE CLASS RTOS Condition cause : null
2026-06-05 09:12:04,048 [WARN] ConditionMgr:438 - getConditionDescription Invalid condition id : UX DEVICE CLASS RTOS Condition cause : null
2026-06-05 09:12:04,048 [WARN] PackLoader:240 - Cannot read IP mode file for STMicroelectronics.X-CUBE-AZRTOS-WB.2.0.0
2026-06-05 09:12:04,049 [WARN] ConditionMgr:1044 - genDependencies : Invalid condition id : UX DEVICE CLASS RTOS Condition cause : null
2026-06-05 09:12:04,049 [WARN] ConditionMgr:1044 - genDependencies : Invalid condition id : UX DEVICE CLASS RTOS Condition cause : null
2026-06-05 09:12:04,049 [WARN] ConditionMgr:1044 - genDependencies : Invalid condition id : UX DEVICE CLASS RTOS Condition cause : null
2026-06-05 09:12:04,049 [WARN] ConditionMgr:1044 - genDependencies : Invalid condition id : UX DEVICE CLASS RTOS Condition cause : null
2026-06-05 09:12:04,049 [WARN] ConditionMgr:1044 - genDependencies : Invalid condition id : UX DEVICE CLASS RTOS Condition cause : null
2026-06-05 09:12:04,052 [WARN] PackLoader:240 - Cannot read IP mode file for STMicroelectronics.X-CUBE-GNSS1.7.0.1
2026-06-05 09:12:04,055 [WARN] PackLoader:240 - Cannot read IP mode file for STMicroelectronics.X-CUBE-TOUCHGFX.4.25.0
2026-06-05 09:12:04,058 [WARN] PackLoader:240 - Cannot read IP mode file for STMicroelectronics.FP-SNS-STBOX1.2.0.0
2026-06-05 09:12:04,062 [WARN] PackLoader:240 - Cannot read IP mode file for STMicroelectronics.X-CUBE-STSE01.2.0.0
2026-06-05 09:12:04,068 [WARN] PackLoader:240 - Cannot read IP mode file for STMicroelectronics.X-CUBE-SUBG2.5.0.0
2026-06-05 09:12:04,078 [WARN] PackLoader:240 - Cannot read IP mode file for STMicroelectronics.X-CUBE-AZRTOS-H7RS.1.1.0
2026-06-05 09:12:04,082 [WARN] PackLoader:240 - Cannot read IP mode file for Cesanta.I-CUBE-Mongoose.7.13.0
2026-06-05 09:12:04,088 [WARN] PackLoader:240 - Cannot read IP mode file for STMicroelectronics.X-CUBE-AZRTOS-G4.2.0.0
2026-06-05 09:12:04,091 [WARN] PackLoader:240 - Cannot read IP mode file for STMicroelectronics.X-CUBE-NFC7.2.0.0
2026-06-05 09:12:04,096 [WARN] PackLoader:240 - Cannot read IP mode file for STMicroelectronics.X-CUBE-IPS.3.1.0
2026-06-05 09:12:04,101 [WARN] PackLoader:240 - Cannot read IP mode file for STMicroelectronics.X-CUBE-ALS.1.0.2
2026-06-05 09:12:04,103 [WARN] PackLoader:240 - Cannot read IP mode file for STMicroelectronics.X-CUBE-TOUCHGFX.4.24.2
2026-06-05 09:12:04,105 [WARN] PackLoader:240 - Cannot read IP mode file for STMicroelectronics.X-CUBE-STSE01.1.0.0
2026-06-05 09:12:04,109 [WARN] PackLoader:240 - Cannot read IP mode file for wolfSSL.I-CUBE-wolfTPM.3.4.0
2026-06-05 09:12:04,114 [WARN] PackLoader:240 - Cannot read IP mode file for portGmbH.I-Cube-SoM-uGOAL.1.1.0
2026-06-05 09:12:04,123 [WARN] PackLoader:240 - Cannot read IP mode file for STMicroelectronics.X-CUBE-AZRTOS-H7RS.1.0.0
2026-06-05 09:12:04,135 [WARN] PackLoader:240 - Cannot read IP mode file for STMicroelectronics.X-CUBE-TOF1.3.4.2
2026-06-05 09:12:04,144 [WARN] PackLoader:240 - Cannot read IP mode file for STMicroelectronics.X-CUBE-TOF1.3.4.3
2026-06-05 09:12:04,153 [WARN] PackLoader:240 - Cannot read IP mode file for wolfSSL.I-CUBE-wolfSSH.1.4.17
2026-06-05 09:12:04,154 [INFO] ThirdParty:978 - Integrity check success = true
2026-06-05 09:12:04,154 [INFO] IntegrityCheckThread:100 - exiting critical section [integrity check]
2026-06-05 09:12:04,154 [INFO] IntegrityCheckThread:103 - End integrity checks thread
2026-06-05 09:14:07,095 [ERROR] LogOutputStream:75 - [STDERR_REDIRECT] 
