2026-05-19 10:50:00,073 [INFO] Activator:176 - 


2026-05-19 10:50:00,074 [INFO] Activator:177 - !SESSION log4j initialized
2026-05-19 10:50:02,607 [INFO] LogOutputStream:77 - [STDOUT_REDIRECT] 
2026-05-19 10:50:04,101 [INFO] ApplicationProperties:184 - Using Application install path: C:\ST\STM32CubeIDE_1.17.0\STM32CubeIDE\plugins\com.st.stm32cube.common.mx_6.15.0.202507011659
2026-05-19 10:50:04,116 [INFO] DbMcusXml:78 - Set database path to: C:\ST\STM32CubeIDE_1.17.0\STM32CubeIDE\plugins\com.st.stm32cube.common.mx_6.15.0.202507011659\\db\/mcu/
2026-05-19 10:50:04,116 [INFO] ApiDb:274 - Set plugin database path to: C:\ST\STM32CubeIDE_1.17.0\STM32CubeIDE\plugins\com.st.stm32cube.common.mx_6.15.0.202507011659\\db\/plugins/boardmanager/
2026-05-19 10:50:04,117 [WARN] ApiDb:259 - Overriding images path with different value:  => C:\ST\STM32CubeIDE_1.17.0\STM32CubeIDE\plugins\com.st.stm32cube.common.mx_6.15.0.202507011659\\db\/plugins/mcufinder/images/
2026-05-19 10:50:04,123 [INFO] ApiDb:250 - Set database path to: C:\Users\hanna\.stmcufinder\plugins\mcufinder//mcu/
2026-05-19 10:50:04,124 [INFO] DbMcusAds:125 - Set database path to: C:\Users\hanna\.stmcufinder\plugins\mcufinder//mcu/
2026-05-19 10:50:04,125 [INFO] CrossReferenceDbSqlite:203 - Set database path to: C:\Users\hanna\.stmcufinder\plugins\mcufinder//mcu/cs/
2026-05-19 10:50:04,221 [INFO] RulesReader:64 - Compatibility file has been processed (317 Rules)
2026-05-19 10:50:04,292 [INFO] DbMcusXml:78 - Set database path to: C:\ST\STM32CubeIDE_1.17.0\STM32CubeIDE\plugins\com.st.stm32cube.common.mx_6.15.0.202507011659\\db\/mcu/
2026-05-19 10:50:04,292 [INFO] ApiDb:274 - Set plugin database path to: C:\ST\STM32CubeIDE_1.17.0\STM32CubeIDE\plugins\com.st.stm32cube.common.mx_6.15.0.202507011659\\db\/plugins/boardmanager/
2026-05-19 10:50:04,292 [INFO] ApiDb:261 - Set plugin images path to: C:\ST\STM32CubeIDE_1.17.0\STM32CubeIDE\plugins\com.st.stm32cube.common.mx_6.15.0.202507011659\\db\/plugins/mcufinder/images/
2026-05-19 10:50:04,293 [WARN] DbFile:41 - Overriding database path with different value: C:\Users\hanna\.stmcufinder\plugins\mcufinder/ => C:\Users\hanna\.stmcufinder\plugins\mcufinder
2026-05-19 10:50:04,293 [INFO] ApiDb:250 - Set database path to: C:\Users\hanna\.stmcufinder\plugins\mcufinder//mcu/
2026-05-19 10:50:04,293 [WARN] DbFile:41 - Overriding database path with different value: C:\Users\hanna\.stmcufinder\plugins\mcufinder/ => C:\Users\hanna\.stmcufinder\plugins\mcufinder
2026-05-19 10:50:04,293 [INFO] DbMcusAds:125 - Set database path to: C:\Users\hanna\.stmcufinder\plugins\mcufinder//mcu/
2026-05-19 10:50:04,293 [WARN] DbFile:41 - Overriding database path with different value: C:\Users\hanna\.stmcufinder\plugins\mcufinder/ => C:\Users\hanna\.stmcufinder\plugins\mcufinder
2026-05-19 10:50:04,293 [WARN] DbFile:41 - Overriding database path with different value: C:\Users\hanna\.stmcufinder\plugins\mcufinder/ => C:\Users\hanna\.stmcufinder\plugins\mcufinder
2026-05-19 10:50:04,293 [INFO] CrossReferenceDbSqlite:203 - Set database path to: C:\Users\hanna\.stmcufinder\plugins\mcufinder//mcu/cs/
2026-05-19 10:50:04,360 [INFO] MainPanel:274 - HeapMemory: 268435456
2026-05-19 10:50:04,493 [INFO] DbMcusXml:78 - Set database path to: C:\ST\STM32CubeIDE_1.17.0\STM32CubeIDE\plugins\com.st.stm32cube.common.mx_6.15.0.202507011659\\db\/mcu/
2026-05-19 10:50:04,495 [INFO] ApiDb:274 - Set plugin database path to: C:\ST\STM32CubeIDE_1.17.0\STM32CubeIDE\plugins\com.st.stm32cube.common.mx_6.15.0.202507011659\\db\/plugins/boardmanager/
2026-05-19 10:50:04,495 [INFO] ApiDb:261 - Set plugin images path to: C:\ST\STM32CubeIDE_1.17.0\STM32CubeIDE\plugins\com.st.stm32cube.common.mx_6.15.0.202507011659\\db\/plugins/mcufinder/images/
2026-05-19 10:50:04,495 [WARN] DbFile:41 - Overriding database path with different value: C:\Users\hanna\.stmcufinder\plugins\mcufinder/ => C:\Users\hanna\.stmcufinder\plugins\mcufinder
2026-05-19 10:50:04,495 [INFO] ApiDb:250 - Set database path to: C:\Users\hanna\.stmcufinder\plugins\mcufinder//mcu/
2026-05-19 10:50:04,496 [WARN] DbFile:41 - Overriding database path with different value: C:\Users\hanna\.stmcufinder\plugins\mcufinder/ => C:\Users\hanna\.stmcufinder\plugins\mcufinder
2026-05-19 10:50:04,496 [INFO] DbMcusAds:125 - Set database path to: C:\Users\hanna\.stmcufinder\plugins\mcufinder//mcu/
2026-05-19 10:50:04,496 [WARN] DbFile:41 - Overriding database path with different value: C:\Users\hanna\.stmcufinder\plugins\mcufinder/ => C:\Users\hanna\.stmcufinder\plugins\mcufinder
2026-05-19 10:50:04,496 [WARN] DbFile:41 - Overriding database path with different value: C:\Users\hanna\.stmcufinder\plugins\mcufinder/ => C:\Users\hanna\.stmcufinder\plugins\mcufinder
2026-05-19 10:50:04,496 [INFO] CrossReferenceDbSqlite:203 - Set database path to: C:\Users\hanna\.stmcufinder\plugins\mcufinder//mcu/cs/
2026-05-19 10:50:04,513 [INFO] ApplicationProperties:184 - Using Application install path: C:\ST\STM32CubeIDE_1.17.0\STM32CubeIDE\plugins\com.st.stm32cube.common.mx_6.15.0.202507011659
2026-05-19 10:50:04,515 [INFO] PluginManage:196 - Search for loadable plugins [exclusion list=, ]
2026-05-19 10:50:04,516 [INFO] PluginManage:310 - Check plugin analytics
2026-05-19 10:50:04,653 [INFO] AnalyticsPlugin:253 - Accepted Software Licenses: 
2026-05-19 10:50:04,653 [INFO] AnalyticsPlugin:255 - Accepted CMSIS Pack Licenses: 
2026-05-19 10:50:04,653 [INFO] AnalyticsPlugin:257 - Accepted Firmware Licenses: 
2026-05-19 10:50:04,655 [INFO] PluginManage:359 - Loaded plugin analytics (category:tool,tabindex:-1)
2026-05-19 10:50:04,655 [INFO] PluginManage:310 - Check plugin cadmodel
2026-05-19 10:50:04,658 [INFO] CADModel:105 - Init CAD model plugin
2026-05-19 10:50:04,659 [INFO] PluginManage:359 - Loaded plugin cadmodel (category:power,tabindex:5)
2026-05-19 10:50:04,659 [INFO] PluginManage:310 - Check plugin clock
2026-05-19 10:50:04,664 [INFO] PluginManage:359 - Loaded plugin clock (category:base,tabindex:2)
2026-05-19 10:50:04,664 [INFO] PluginManage:310 - Check plugin ddr
2026-05-19 10:50:04,667 [INFO] PluginManage:359 - Loaded plugin ddr (category:tool,tabindex:6)
2026-05-19 10:50:04,667 [INFO] PluginManage:310 - Check plugin filemanager
2026-05-19 10:50:04,797 [INFO] PluginManage:359 - Loaded plugin filemanager (category:base,tabindex:10)
2026-05-19 10:50:04,797 [INFO] PluginManage:310 - Check plugin ipmanager
2026-05-19 10:50:04,803 [INFO] PluginManage:359 - Loaded plugin ipmanager (category:base,tabindex:5)
2026-05-19 10:50:04,804 [INFO] PluginManage:310 - Check plugin lpbam
2026-05-19 10:50:04,810 [INFO] PluginManage:359 - Loaded plugin lpbam (category:base,tabindex:0)
2026-05-19 10:50:04,810 [INFO] PluginManage:310 - Check plugin memorymap
2026-05-19 10:50:04,822 [INFO] PluginManage:359 - Loaded plugin memorymap (category:base,tabindex:4)
2026-05-19 10:50:04,822 [INFO] PluginManage:310 - Check plugin pinoutandconfiguration
2026-05-19 10:50:04,828 [INFO] PluginManage:359 - Loaded plugin pinoutandconfiguration (category:base,tabindex:1)
2026-05-19 10:50:04,828 [INFO] PluginManage:310 - Check plugin pinoutconfig
2026-05-19 10:50:04,898 [WARN] SupportedApi:132 - Cannot load RTOS API schema: s4s-elt-must-match.1: The content of 'definitions' must match (annotation?, (simpleType | complexType)?, (unique | key | keyref)*)). A problem was found starting at: attribute.
2026-05-19 10:50:05,014 [INFO] PluginManage:359 - Loaded plugin pinoutconfig (category:base,tabindex:0)
2026-05-19 10:50:05,014 [INFO] PluginManage:310 - Check plugin power
2026-05-19 10:50:05,021 [INFO] PluginManage:359 - Loaded plugin power (category:power,tabindex:4)
2026-05-19 10:50:05,021 [INFO] PluginManage:310 - Check plugin projectmanager
2026-05-19 10:50:05,034 [INFO] PluginManage:359 - Loaded plugin projectmanager (category:projectmanager,tabindex:4)
2026-05-19 10:50:05,034 [INFO] PluginManage:310 - Check plugin rif
2026-05-19 10:50:05,043 [INFO] PluginManage:359 - Loaded plugin rif (category:base,tabindex:3)
2026-05-19 10:50:05,043 [INFO] PluginManage:310 - Check plugin thirdparty
2026-05-19 10:50:05,159 [INFO] PluginManage:359 - Loaded plugin thirdparty (category:base,tabindex:-1)
2026-05-19 10:50:05,159 [INFO] PluginManage:310 - Check plugin tools
2026-05-19 10:50:05,159 [WARN] IntegrityCheckThread:84 - waiting for thirdparty lock release [integrity check]
2026-05-19 10:50:05,159 [INFO] IntegrityCheckThread:86 - entering critical section [integrity check]
2026-05-19 10:50:05,159 [INFO] ThirdPartyUpdaterWithRetryManager:70 - Updater plugin not ready yet. [1/15]
2026-05-19 10:50:05,161 [INFO] PluginManage:359 - Loaded plugin tools (category:base,tabindex:7)
2026-05-19 10:50:05,161 [INFO] PluginManage:310 - Check plugin tutovideos
2026-05-19 10:50:05,353 [INFO] PluginManage:359 - Loaded plugin tutovideos (category:base,tabindex:-1)
2026-05-19 10:50:05,353 [INFO] PluginManage:310 - Check plugin updater
2026-05-19 10:50:05,368 [INFO] PluginManage:359 - Loaded plugin updater (category:base,tabindex:12)
2026-05-19 10:50:05,368 [INFO] PluginManage:310 - Check plugin userauth
2026-05-19 10:50:05,373 [INFO] UserAuth:118 - Init User Auth plugin
2026-05-19 10:50:05,374 [INFO] PluginManage:359 - Loaded plugin userauth (category:base,tabindex:14)
2026-05-19 10:50:05,374 [INFO] PluginManage:283 - PluginManage : Loaded plugins [18]
2026-05-19 10:50:05,559 [INFO] PinOutPanel:1589 - setPackage(No Configuration,No Configuration)
2026-05-19 10:50:05,627 [INFO] CADModel:165 - CPN selected for project level
2026-05-19 10:50:05,627 [INFO] CADModel:114 - Register for checkConnection events
2026-05-19 10:50:05,641 [INFO] IPUIPlugin:80 - create IPUIPlugin
2026-05-19 10:50:05,641 [INFO] PluginManager:220 - loadIPPluginJar : add adc
2026-05-19 10:50:05,644 [INFO] IPUIPlugin:80 - create IPUIPlugin
2026-05-19 10:50:05,644 [INFO] PluginManager:220 - loadIPPluginJar : add aes
2026-05-19 10:50:05,646 [INFO] IPUIPlugin:80 - create IPUIPlugin
2026-05-19 10:50:05,646 [INFO] PluginManager:220 - loadIPPluginJar : add can
2026-05-19 10:50:05,647 [INFO] IPUIPlugin:80 - create IPUIPlugin
2026-05-19 10:50:05,647 [INFO] PluginManager:220 - loadIPPluginJar : add comp
2026-05-19 10:50:05,649 [INFO] IPUIPlugin:80 - create IPUIPlugin
2026-05-19 10:50:05,650 [INFO] PluginManager:220 - loadIPPluginJar : add cryp
2026-05-19 10:50:05,653 [INFO] IPUIPlugin:80 - create IPUIPlugin
2026-05-19 10:50:05,653 [INFO] PluginManager:220 - loadIPPluginJar : add ddr_ctrl_phy
2026-05-19 10:50:05,654 [INFO] IPUIPlugin:80 - create IPUIPlugin
2026-05-19 10:50:05,654 [INFO] PluginManager:220 - loadIPPluginJar : add dfsdm
2026-05-19 10:50:05,659 [INFO] IPUIPlugin:80 - create IPUIPlugin
2026-05-19 10:50:05,659 [INFO] PluginManager:220 - loadIPPluginJar : add dma
2026-05-19 10:50:05,661 [INFO] IPUIPlugin:80 - create IPUIPlugin
2026-05-19 10:50:05,661 [INFO] PluginManager:220 - loadIPPluginJar : add dma3
2026-05-19 10:50:05,663 [INFO] IPUIPlugin:80 - create IPUIPlugin
2026-05-19 10:50:05,663 [INFO] PluginManager:220 - loadIPPluginJar : add extmemmanager
2026-05-19 10:50:05,664 [INFO] IPUIPlugin:80 - create IPUIPlugin
2026-05-19 10:50:05,664 [INFO] PluginManager:220 - loadIPPluginJar : add fatfs
2026-05-19 10:50:05,667 [INFO] IPUIPlugin:80 - create IPUIPlugin
2026-05-19 10:50:05,667 [INFO] PluginManager:220 - loadIPPluginJar : add fmc
2026-05-19 10:50:05,671 [INFO] IPUIPlugin:80 - create IPUIPlugin
2026-05-19 10:50:05,671 [INFO] PluginManager:220 - loadIPPluginJar : add freertos
2026-05-19 10:50:05,672 [INFO] IPUIPlugin:80 - create IPUIPlugin
2026-05-19 10:50:05,673 [INFO] PluginManager:220 - loadIPPluginJar : add genericplugin
2026-05-19 10:50:05,674 [INFO] IPUIPlugin:80 - create IPUIPlugin
2026-05-19 10:50:05,674 [INFO] PluginManager:220 - loadIPPluginJar : add gfxmmu
2026-05-19 10:50:05,677 [INFO] IPUIPlugin:80 - create IPUIPlugin
2026-05-19 10:50:05,677 [INFO] PluginManager:220 - loadIPPluginJar : add gic
2026-05-19 10:50:05,680 [INFO] IPUIPlugin:80 - create IPUIPlugin
2026-05-19 10:50:05,680 [INFO] PluginManager:220 - loadIPPluginJar : add gpio
2026-05-19 10:50:05,682 [INFO] IPUIPlugin:80 - create IPUIPlugin
2026-05-19 10:50:05,682 [INFO] PluginManager:220 - loadIPPluginJar : add gtzc
2026-05-19 10:50:05,683 [INFO] IPUIPlugin:80 - create IPUIPlugin
2026-05-19 10:50:05,684 [INFO] PluginManager:220 - loadIPPluginJar : add hash
2026-05-19 10:50:05,686 [INFO] IPUIPlugin:80 - create IPUIPlugin
2026-05-19 10:50:05,686 [INFO] PluginManager:220 - loadIPPluginJar : add i2c
2026-05-19 10:50:05,687 [INFO] IPUIPlugin:80 - create IPUIPlugin
2026-05-19 10:50:05,687 [INFO] PluginManager:220 - loadIPPluginJar : add i2s
2026-05-19 10:50:05,689 [INFO] IPUIPlugin:80 - create IPUIPlugin
2026-05-19 10:50:05,689 [INFO] PluginManager:220 - loadIPPluginJar : add i3c
2026-05-19 10:50:05,693 [INFO] IPUIPlugin:80 - create IPUIPlugin
2026-05-19 10:50:05,693 [INFO] PluginManager:220 - loadIPPluginJar : add ipddr
2026-05-19 10:50:05,698 [INFO] IPUIPlugin:80 - create IPUIPlugin
2026-05-19 10:50:05,698 [INFO] PluginManager:220 - loadIPPluginJar : add linkedlist
2026-05-19 10:50:05,700 [INFO] IPUIPlugin:80 - create IPUIPlugin
2026-05-19 10:50:05,700 [INFO] PluginManager:220 - loadIPPluginJar : add lorawan
2026-05-19 10:50:05,701 [INFO] IPUIPlugin:80 - create IPUIPlugin
2026-05-19 10:50:05,701 [INFO] PluginManager:220 - loadIPPluginJar : add ltdc
2026-05-19 10:50:05,705 [INFO] IPUIPlugin:80 - create IPUIPlugin
2026-05-19 10:50:05,705 [INFO] PluginManager:220 - loadIPPluginJar : add mdma
2026-05-19 10:50:05,707 [INFO] IPUIPlugin:80 - create IPUIPlugin
2026-05-19 10:50:05,707 [INFO] PluginManager:220 - loadIPPluginJar : add nvic
2026-05-19 10:50:05,709 [INFO] IPUIPlugin:80 - create IPUIPlugin
2026-05-19 10:50:05,709 [INFO] PluginManager:220 - loadIPPluginJar : add opamp
2026-05-19 10:50:05,711 [INFO] IPUIPlugin:80 - create IPUIPlugin
2026-05-19 10:50:05,711 [INFO] PluginManager:220 - loadIPPluginJar : add openamp
2026-05-19 10:50:05,714 [INFO] IPUIPlugin:80 - create IPUIPlugin
2026-05-19 10:50:05,714 [INFO] PluginManager:220 - loadIPPluginJar : add pdm2pcm
2026-05-19 10:50:05,718 [INFO] IPUIPlugin:80 - create IPUIPlugin
2026-05-19 10:50:05,720 [INFO] PluginManager:220 - loadIPPluginJar : add plateformsettings
2026-05-19 10:50:05,721 [INFO] IPUIPlugin:80 - create IPUIPlugin
2026-05-19 10:50:05,721 [INFO] PluginManager:220 - loadIPPluginJar : add quadspi
2026-05-19 10:50:05,723 [INFO] IPUIPlugin:80 - create IPUIPlugin
2026-05-19 10:50:05,724 [INFO] PluginManager:220 - loadIPPluginJar : add radio
2026-05-19 10:50:05,727 [INFO] IPUIPlugin:80 - create IPUIPlugin
2026-05-19 10:50:05,727 [INFO] PluginManager:220 - loadIPPluginJar : add resmgrutility
2026-05-19 10:50:05,730 [INFO] IPUIPlugin:80 - create IPUIPlugin
2026-05-19 10:50:05,730 [INFO] PluginManager:220 - loadIPPluginJar : add sai
2026-05-19 10:50:05,731 [INFO] IPUIPlugin:80 - create IPUIPlugin
2026-05-19 10:50:05,731 [INFO] PluginManager:220 - loadIPPluginJar : add spi
2026-05-19 10:50:05,736 [INFO] IPUIPlugin:80 - create IPUIPlugin
2026-05-19 10:50:05,736 [INFO] PluginManager:220 - loadIPPluginJar : add stm32_wpan
2026-05-19 10:50:05,738 [INFO] IPUIPlugin:80 - create IPUIPlugin
2026-05-19 10:50:05,738 [INFO] PluginManager:220 - loadIPPluginJar : add tim
2026-05-19 10:50:05,740 [INFO] IPUIPlugin:80 - create IPUIPlugin
2026-05-19 10:50:05,740 [INFO] PluginManager:220 - loadIPPluginJar : add touchsensing
2026-05-19 10:50:05,742 [INFO] IPUIPlugin:80 - create IPUIPlugin
2026-05-19 10:50:05,742 [INFO] PluginManager:220 - loadIPPluginJar : add tracer_emb
2026-05-19 10:50:05,743 [INFO] IPUIPlugin:80 - create IPUIPlugin
2026-05-19 10:50:05,743 [INFO] PluginManager:220 - loadIPPluginJar : add ts
2026-05-19 10:50:05,744 [INFO] IPUIPlugin:80 - create IPUIPlugin
2026-05-19 10:50:05,744 [INFO] PluginManager:220 - loadIPPluginJar : add tsc
2026-05-19 10:50:05,745 [INFO] IPUIPlugin:80 - create IPUIPlugin
2026-05-19 10:50:05,746 [INFO] PluginManager:220 - loadIPPluginJar : add ucpd
2026-05-19 10:50:05,747 [INFO] IPUIPlugin:80 - create IPUIPlugin
2026-05-19 10:50:05,747 [INFO] PluginManager:220 - loadIPPluginJar : add usart
2026-05-19 10:50:05,750 [INFO] IPUIPlugin:80 - create IPUIPlugin
2026-05-19 10:50:05,750 [INFO] PluginManager:220 - loadIPPluginJar : add usbx
2026-05-19 10:50:05,861 [FATAL] Updater:351 - Updater called before beeing initialized
2026-05-19 10:50:05,913 [INFO] RulesReader:64 - Compatibility file has been processed (317 Rules)
2026-05-19 10:50:05,930 [INFO] RulesReader:64 - Compatibility file has been processed (317 Rules)
2026-05-19 10:50:05,942 [INFO] CADModel:165 - CPN selected for project level
2026-05-19 10:50:05,942 [INFO] CADModel:114 - Register for checkConnection events
2026-05-19 10:50:05,942 [FATAL] Updater:351 - Updater called before beeing initialized
2026-05-19 10:50:05,942 [ERROR] CADModel:125 - Updater not yet initialized, retry later 
2026-05-19 10:50:06,054 [FATAL] Updater:351 - Updater called before beeing initialized
2026-05-19 10:50:06,056 [INFO] CADModel:165 - CPN selected for project level
2026-05-19 10:50:06,056 [INFO] CADModel:114 - Register for checkConnection events
2026-05-19 10:50:06,056 [FATAL] Updater:351 - Updater called before beeing initialized
2026-05-19 10:50:06,056 [ERROR] CADModel:125 - Updater not yet initialized, retry later 
2026-05-19 10:50:06,059 [FATAL] Updater:351 - Updater called before beeing initialized
2026-05-19 10:50:06,144 [FATAL] Updater:351 - Updater called before beeing initialized
2026-05-19 10:50:06,148 [INFO] DbMcusAds:53 - JSON generation date=Mon Apr 27 09:14:29 BST 2026 (1777277669577)
2026-05-19 10:50:06,148 [FATAL] Updater:351 - Updater called before beeing initialized
2026-05-19 10:50:06,174 [WARN] DetailPanel:346 - Failed to get advertising image, set to default
2026-05-19 10:50:06,239 [FATAL] Updater:351 - Updater called before beeing initialized
2026-05-19 10:50:06,240 [FATAL] Updater:351 - Updater called before beeing initialized
2026-05-19 10:50:06,240 [FATAL] Updater:351 - Updater called before beeing initialized
2026-05-19 10:50:06,241 [WARN] DetailPanel:346 - Failed to get advertising image, set to default
2026-05-19 10:50:06,241 [FATAL] Updater:351 - Updater called before beeing initialized
2026-05-19 10:50:06,274 [ERROR] Updater:1198 - MainUpdater not yet initialized. External WinMGr cannot be set.
2026-05-19 10:50:06,276 [INFO] Updater:1134 - Updater Version found : 6.15.0
2026-05-19 10:50:06,289 [INFO] ApplicationProperties:184 - Using Application install path: C:\ST\STM32CubeIDE_1.17.0\STM32CubeIDE\plugins\com.st.stm32cube.common.mx_6.15.0.202507011659
2026-05-19 10:50:07,870 [ERROR] LogOutputStream:75 - [STDERR_REDIRECT] May 19, 2026 10:50:07 AM java.util.prefs.WindowsPreferences <init>
2026-05-19 10:50:07,873 [ERROR] LogOutputStream:75 - [STDERR_REDIRECT] WARNING: Could not open/create prefs root node Software\JavaSoft\Prefs at root 0xffffffff80000002. Windows RegCreateKeyEx(...) returned error code 5.
2026-05-19 10:50:07,874 [ERROR] LogOutputStream:75 - [STDERR_REDIRECT] 
2026-05-19 10:50:08,161 [INFO] ThirdPartyUpdaterWithRetryManager:70 - Updater plugin not ready yet. [2/15]
2026-05-19 10:50:08,177 [INFO] MainUpdater:2872 - connection check result : 10
2026-05-19 10:50:08,178 [INFO] MainUpdater:289 - Updater Check For Update Now.
2026-05-19 10:50:08,179 [INFO] MicroXplorer:498 - Change Database Version : DB.6.0.150
2026-05-19 10:50:08,194 [INFO] McuFinderGlobals:63 - Set McuFinder mode to 2 (CubeIDE integrated)
2026-05-19 10:50:08,195 [INFO] UserAuth:487 - Internet connection configuration mode: 1
2026-05-19 10:50:08,225 [INFO] JxBrowserEngine:152 - Initiate JxBrowser Engine with user profile folder
2026-05-19 10:50:08,348 [INFO] CheckServerUpdateThread:120 - End of CheckServer Thread
2026-05-19 10:50:09,140 [INFO] WebApp:169 - Instantiating new browser for Auth
2026-05-19 10:50:09,940 [INFO] WebApp:463 - Apply proxy settings
2026-05-19 10:50:09,941 [INFO] WebApp:548 - Chromium requires no authentication
2026-05-19 10:50:09,960 [INFO] WebApp:491 - Direct internet connection detected
2026-05-19 10:50:09,987 [INFO] WebApp:900 - Register for checkConnection events
2026-05-19 10:50:09,988 [INFO] WebApp:463 - Apply proxy settings
2026-05-19 10:50:09,988 [INFO] WebApp:548 - Chromium requires no authentication
2026-05-19 10:50:09,988 [INFO] WebApp:491 - Direct internet connection detected
2026-05-19 10:50:10,166 [INFO] WebApp:191 - Connection restablished
2026-05-19 10:50:10,190 [INFO] WebApp:225 - Starting web application
2026-05-19 10:50:10,191 [INFO] WebApp:593 - Web application path used C:\ST\STM32CubeIDE_1.17.0\STM32CubeIDE\plugins\com.st.stm32cube.common.mx_6.15.0.202507011659\db\plugins\mcufinder\reactClient1\index.html
2026-05-19 10:50:10,279 [INFO] UserAuth:487 - Internet connection configuration mode: 1
2026-05-19 10:50:11,494 [WARN] PackLoader:240 - Cannot read IP mode file for STMicroelectronics.X-CUBE-AZRTOS-H7.3.5.0
2026-05-19 10:50:11,502 [WARN] PackLoader:240 - Cannot read IP mode file for STMicroelectronics.FP-SNS-MOTENVWB1.1.4.0
2026-05-19 10:50:11,508 [WARN] PackLoader:240 - Cannot read IP mode file for STMicroelectronics.FP-ATR-ASTRA1.2.0.2
2026-05-19 10:50:11,511 [WARN] PackLoader:240 - Cannot read IP mode file for STMicroelectronics.FP-ATR-ASTRA1.2.0.1
2026-05-19 10:50:11,519 [WARN] PackLoader:240 - Cannot read IP mode file for STMicroelectronics.X-CUBE-SMBUS.2.1.0
2026-05-19 10:50:11,526 [WARN] PackLoader:240 - Cannot read IP mode file for STMicroelectronics.X-CUBE-WB05N.1.1.0
2026-05-19 10:50:11,532 [WARN] PackLoader:240 - Cannot read IP mode file for STMicroelectronics.X-CUBE-ST60.1.0.0
2026-05-19 10:50:11,546 [WARN] PackLoader:240 - Cannot read IP mode file for STMicroelectronics.X-CUBE-AZRTOS-F7.1.1.0
2026-05-19 10:50:11,552 [WARN] PackLoader:240 - Cannot read IP mode file for STMicroelectronics.FP-SNS-MOTENV1.5.1.0
2026-05-19 10:50:11,557 [WARN] PackLoader:240 - Cannot read IP mode file for STMicroelectronics.FP-SNS-FLIGHT1.5.0.2
2026-05-19 10:50:11,571 [WARN] PackLoader:240 - Cannot read IP mode file for Infineon.AIROC-Wi-Fi-Bluetooth-STM32.1.7.0
2026-05-19 10:50:11,593 [WARN] PackLoader:240 - Cannot read IP mode file for STMicroelectronics.X-CUBE-AZRTOS-H7.3.4.0
2026-05-19 10:50:11,600 [WARN] PackLoader:240 - Cannot read IP mode file for STMicroelectronics.X-CUBE-DISPLAY.3.0.0
2026-05-19 10:50:11,607 [WARN] PackLoader:240 - Cannot read IP mode file for STMicroelectronics.X-CUBE-GNSS1.7.1.1
2026-05-19 10:50:11,610 [WARN] PackLoader:240 - Cannot read IP mode file for STMicroelectronics.FP-SNS-MOTENVWB1.1.5.0
2026-05-19 10:50:11,614 [WARN] PackLoader:240 - Cannot read IP mode file for STMicroelectronics.X-CUBE-BLE1.7.0.0
2026-05-19 10:50:11,619 [WARN] PackLoader:240 - Cannot read IP mode file for STMicroelectronics.X-CUBE-NFC10.1.0.0
2026-05-19 10:50:11,625 [WARN] PackLoader:240 - Cannot read IP mode file for STMicroelectronics.X-CUBE-BLEMGR.4.0.0
2026-05-19 10:50:11,629 [WARN] PackLoader:240 - Cannot read IP mode file for STMicroelectronics.X-CUBE-ST60.1.1.0
2026-05-19 10:50:11,633 [WARN] PackLoader:240 - Cannot read IP mode file for emotas.I-CUBE-CANOPEN.1.3.0
2026-05-19 10:50:11,636 [WARN] PackLoader:240 - Cannot read IP mode file for STMicroelectronics.X-CUBE-GNSS1.7.1.0
2026-05-19 10:50:11,640 [WARN] PackLoader:240 - Cannot read IP mode file for STMicroelectronics.X-CUBE-AI.10.0.0
2026-05-19 10:50:11,644 [WARN] PackLoader:240 - Cannot read IP mode file for STMicroelectronics.FP-SNS-STBOX1.2.1.0
2026-05-19 10:50:11,649 [WARN] PackLoader:240 - Cannot read IP mode file for STMicroelectronics.FP-SNS-SMARTAG2.1.2.0
2026-05-19 10:50:11,651 [WARN] PackLoader:240 - Cannot read IP mode file for STMicroelectronics.FP-SNS-FLIGHT1.5.1.0
2026-05-19 10:50:11,673 [WARN] PackLoader:240 - Cannot read IP mode file for STMicroelectronics.X-CUBE-MEMS1.11.1.0
2026-05-19 10:50:11,752 [INFO] LogOutputStream:77 - [STDOUT_REDIRECT] 1 : Invalid condition id : UX_CORESTACK_Condition cause : null
2026-05-19 10:50:11,752 [INFO] LogOutputStream:77 - [STDOUT_REDIRECT] 1 : Invalid condition id : UX_CORESTACK_Condition cause : null
2026-05-19 10:50:11,753 [INFO] LogOutputStream:77 - [STDOUT_REDIRECT] 1 : Invalid condition id : UX_CORESTACK_Condition cause : null
2026-05-19 10:50:11,754 [INFO] LogOutputStream:77 - [STDOUT_REDIRECT] 1 : Invalid condition id : UX_CORESTACK_Condition cause : null
2026-05-19 10:50:11,755 [INFO] LogOutputStream:77 - [STDOUT_REDIRECT] 1 : Invalid condition id : UX_CORESTACK_Condition cause : null
2026-05-19 10:50:11,759 [WARN] PackLoader:240 - Cannot read IP mode file for STMicroelectronics.X-CUBE-AZRTOS-WL.2.0.0
2026-05-19 10:50:11,765 [WARN] PackLoader:240 - Cannot read IP mode file for STMicroelectronics.FP-SNS-MOTENV1.5.0.0
2026-05-19 10:50:11,795 [WARN] PackLoader:240 - Cannot read IP mode file for STMicroelectronics.X-CUBE-AZRTOS-H7RS.1.2.0
2026-05-19 10:50:11,806 [WARN] PackLoader:240 - Cannot read IP mode file for wolfSSL.I-CUBE-wolfMQTT.1.19.0
2026-05-19 10:50:11,815 [WARN] PackLoader:240 - Cannot read IP mode file for WES.I-CUBE-Cesium.1.3.0
2026-05-19 10:50:11,820 [WARN] PackLoader:240 - Cannot read IP mode file for STMicroelectronics.X-CUBE-BLE2.3.3.0
2026-05-19 10:50:11,838 [WARN] PackLoader:240 - Cannot read IP mode file for STMicroelectronics.X-CUBE-NFC9.1.0.0
2026-05-19 10:50:11,845 [WARN] PackLoader:240 - Cannot read IP mode file for STMicroelectronics.X-CUBE-BLE1.7.1.0
2026-05-19 10:50:11,849 [WARN] PackLoader:240 - Cannot read IP mode file for STMicroelectronics.X-CUBE-FREERTOS.1.4.0
2026-05-19 10:50:11,854 [WARN] PackLoader:240 - Cannot read IP mode file for STMicroelectronics.X-CUBE-EEPRMA1.5.2.0
2026-05-19 10:50:11,859 [WARN] PackLoader:240 - Cannot read IP mode file for STMicroelectronics.FP-SNS-STAIOTCFT.1.1.0
2026-05-19 10:50:11,880 [WARN] PackLoader:240 - Cannot read IP mode file for STMicroelectronics.X-CUBE-MEMS1.12.0.0
2026-05-19 10:50:11,941 [WARN] PackLoader:240 - Cannot read IP mode file for STMicroelectronics.X-CUBE-MEMS1.11.2.0
2026-05-19 10:50:11,997 [WARN] PackLoader:240 - Cannot read IP mode file for STMicroelectronics.X-CUBE-AZRTOS-G0.1.1.0
2026-05-19 10:50:12,003 [WARN] PackLoader:240 - Cannot read IP mode file for STMicroelectronics.X-CUBE-SAFEA1.1.2.2
2026-05-19 10:50:12,007 [WARN] PackLoader:240 - Cannot read IP mode file for STMicroelectronics.X-CUBE-NFC4.3.0.0
2026-05-19 10:50:12,011 [WARN] PackLoader:240 - Cannot read IP mode file for EmbeddedOffice.I-CUBE-FS-RTOS.1.0.1
2026-05-19 10:50:12,016 [WARN] PackLoader:240 - Cannot read IP mode file for STMicroelectronics.X-CUBE-WB05N.2.0.0
2026-05-19 10:50:12,020 [WARN] PackLoader:240 - Cannot read IP mode file for STMicroelectronics.X-CUBE-TCPP.4.2.0
2026-05-19 10:50:12,024 [WARN] PackLoader:240 - Cannot read IP mode file for RealThread.X-CUBE-RT-Thread_Nano.4.1.1
2026-05-19 10:50:12,028 [WARN] PackLoader:240 - Cannot read IP mode file for STMicroelectronics.FP-ATR-SIGFOX1.3.2.0
2026-05-19 10:50:12,031 [WARN] ConditionMgr:438 - getConditionDescription Invalid condition id : Cortex-A Device cause : null
2026-05-19 10:50:12,037 [WARN] ConditionMgr:1044 - genDependencies : Invalid condition id : Cortex-A Device cause : null
2026-05-19 10:50:12,037 [WARN] ConditionMgr:1044 - genDependencies : Invalid condition id : Cortex-A Device cause : null
2026-05-19 10:50:12,037 [WARN] ConditionMgr:1044 - genDependencies : Invalid condition id : Cortex-A Device cause : null
2026-05-19 10:50:12,042 [WARN] PackLoader:240 - Cannot read IP mode file for STMicroelectronics.X-CUBE-EEPRMA1.5.1.0
2026-05-19 10:50:12,045 [WARN] PackLoader:240 - Cannot read IP mode file for STMicroelectronics.X-CUBE-FREERTOS.1.5.0
2026-05-19 10:50:12,048 [WARN] PackLoader:240 - Cannot read IP mode file for wolfSSL.I-CUBE-wolfSSL.5.7.6
2026-05-19 10:50:12,052 [WARN] PackLoader:240 - Cannot read IP mode file for ITTIA_DB.I-CUBE-ITTIADB.8.9.0
2026-05-19 10:50:12,056 [WARN] PackLoader:240 - Cannot read IP mode file for STMicroelectronics.X-CUBE-NFC6.3.2.0
2026-05-19 10:50:12,061 [WARN] PackLoader:240 - Cannot read IP mode file for STMicroelectronics.X-CUBE-ST67W61.1.0.0
2026-05-19 10:50:12,065 [WARN] PackLoader:240 - Cannot read IP mode file for STMicroelectronics.X-CUBE-AI.10.2.0
2026-05-19 10:50:12,081 [WARN] PackLoader:240 - Cannot read IP mode file for STMicroelectronics.X-CUBE-MEMS1.12.1.0
2026-05-19 10:50:12,160 [WARN] PackLoader:240 - Cannot read IP mode file for SEGGER.I-CUBE-embOS.1.3.1
2026-05-19 10:50:12,177 [WARN] PackLoader:240 - Cannot read IP mode file for STMicroelectronics.X-CUBE-ALGOBUILD.1.4.0
2026-05-19 10:50:12,197 [WARN] PackLoader:240 - Cannot read IP mode file for STMicroelectronics.X-CUBE-MEMS1.11.3.0
2026-05-19 10:50:12,247 [WARN] PackLoader:240 - Cannot read IP mode file for STMicroelectronics.X-CUBE-PM33A1.1.0.0
2026-05-19 10:50:12,256 [WARN] PackLoader:240 - Cannot read IP mode file for STMicroelectronics.X-CUBE-AZRTOS-F4.1.1.0
2026-05-19 10:50:12,259 [WARN] PackLoader:240 - Cannot read IP mode file for Avnet-IotConnect.X-CUBE-IoTC-DA16k-PMOD.1.0.0
2026-05-19 10:50:12,263 [WARN] PackLoader:240 - Cannot read IP mode file for STMicroelectronics.X-CUBE-ISPU.2.1.0
2026-05-19 10:50:12,269 [WARN] PackLoader:240 - Cannot read IP mode file for STMicroelectronics.X-CUBE-IPS.3.2.0
2026-05-19 10:50:12,274 [WARN] PackLoader:240 - Cannot read IP mode file for STMicroelectronics.eDS-WB_DPC_TT-BIDIR.2.1.1
2026-05-19 10:50:12,281 [WARN] PackLoader:240 - Cannot read IP mode file for STMicroelectronics.X-CUBE-NFC12.1.0.0
2026-05-19 10:50:12,289 [WARN] PackLoader:240 - Cannot read IP mode file for STMicroelectronics.X-CUBE-AZRTOS-L5.2.0.0
2026-05-19 10:50:12,293 [WARN] PackLoader:240 - Cannot read IP mode file for STMicroelectronics.X-CUBE-NFC6.3.1.0
2026-05-19 10:50:12,297 [WARN] PackLoader:240 - Cannot read IP mode file for STMicroelectronics.X-CUBE-DPower.1.2.0
2026-05-19 10:50:12,300 [WARN] PackLoader:240 - Cannot read IP mode file for STMicroelectronics.eDS-WB_DPC_VIENNA.1.2.0
2026-05-19 10:50:12,303 [WARN] PackLoader:240 - Cannot read IP mode file for STMicroelectronics.eDS-WB_DPC_3PH2L-BIDIR.1.1.1
2026-05-19 10:50:12,306 [ERROR] Engine:466 - C:\Users\hanna\.stm32cubemx\thirdparties\pdsc\STMicroelectronics.X-CUBE-ST67W61.1.3.0.pdsc: PDSC version is not supported
2026-05-19 10:50:12,310 [WARN] PackLoader:240 - Cannot read IP mode file for STMicroelectronics.X-CUBE-FREERTOS.1.3.1
2026-05-19 10:50:12,313 [WARN] PackLoader:240 - Cannot read IP mode file for STMicroelectronics.X-CUBE-FREERTOS.1.3.0
2026-05-19 10:50:12,316 [WARN] PackLoader:240 - Cannot read IP mode file for STMicroelectronics.X-CUBE-NFC7.1.0.1
2026-05-19 10:50:12,321 [WARN] PackLoader:240 - Cannot read IP mode file for STMicroelectronics.X-CUBE-TOUCHGFX.4.26.0
2026-05-19 10:50:12,324 [WARN] PackLoader:240 - Cannot read IP mode file for STMicroelectronics.X-CUBE-TOUCHGFX.4.26.1
2026-05-19 10:50:12,327 [WARN] PackLoader:240 - Cannot read IP mode file for STMicroelectronics.FP-SNS-STAIOTCFT.1.0.0
2026-05-19 10:50:12,330 [WARN] PackLoader:240 - Cannot read IP mode file for STMicroelectronics.X-CUBE-DPower.1.3.0
2026-05-19 10:50:12,341 [WARN] ConditionMgr:438 - getConditionDescription Invalid condition id : LAN8742 Phy interface Condition cause : null
2026-05-19 10:50:12,341 [WARN] PackLoader:240 - Cannot read IP mode file for STMicroelectronics.X-CUBE-AZRTOS-L4.2.0.0
2026-05-19 10:50:12,342 [WARN] ConditionMgr:1044 - genDependencies : Invalid condition id : LAN8742 Phy interface Condition cause : null
2026-05-19 10:50:12,342 [WARN] ConditionMgr:1044 - genDependencies : Invalid condition id : LAN8742 Phy interface Condition cause : null
2026-05-19 10:50:12,342 [WARN] ConditionMgr:1044 - genDependencies : Invalid condition id : LAN8742 Phy interface Condition cause : null
2026-05-19 10:50:12,347 [WARN] PackLoader:240 - Cannot read IP mode file for STMicroelectronics.X-CUBE-SFXS2LP1.4.0.0
2026-05-19 10:50:12,350 [WARN] PackLoader:240 - Cannot read IP mode file for STMicroelectronics.X-CUBE-WB05N.2.1.0
2026-05-19 10:50:12,354 [WARN] PackLoader:240 - Cannot read IP mode file for STMicroelectronics.X-CUBE-ST67W61.1.2.0
2026-05-19 10:50:12,362 [WARN] PackLoader:240 - Cannot read IP mode file for STMicroelectronics.X-CUBE-AZRTOS-H7.3.3.0
2026-05-19 10:50:12,369 [WARN] PackLoader:240 - Cannot read IP mode file for STMicroelectronics.X-CUBE-BLEMGR.4.1.0
2026-05-19 10:50:12,376 [WARN] ConditionMgr:438 - getConditionDescription Invalid condition id : UX DEVICE CLASS RTOS Condition cause : null
2026-05-19 10:50:12,376 [WARN] ConditionMgr:438 - getConditionDescription Invalid condition id : UX DEVICE CLASS RTOS Condition cause : null
2026-05-19 10:50:12,376 [WARN] PackLoader:240 - Cannot read IP mode file for STMicroelectronics.X-CUBE-AZRTOS-WB.2.0.0
2026-05-19 10:50:12,377 [WARN] ConditionMgr:1044 - genDependencies : Invalid condition id : UX DEVICE CLASS RTOS Condition cause : null
2026-05-19 10:50:12,377 [WARN] ConditionMgr:1044 - genDependencies : Invalid condition id : UX DEVICE CLASS RTOS Condition cause : null
2026-05-19 10:50:12,377 [WARN] ConditionMgr:1044 - genDependencies : Invalid condition id : UX DEVICE CLASS RTOS Condition cause : null
2026-05-19 10:50:12,377 [WARN] ConditionMgr:1044 - genDependencies : Invalid condition id : UX DEVICE CLASS RTOS Condition cause : null
2026-05-19 10:50:12,377 [WARN] ConditionMgr:1044 - genDependencies : Invalid condition id : UX DEVICE CLASS RTOS Condition cause : null
2026-05-19 10:50:12,381 [WARN] PackLoader:240 - Cannot read IP mode file for STMicroelectronics.X-CUBE-GNSS1.7.0.1
2026-05-19 10:50:12,384 [WARN] PackLoader:240 - Cannot read IP mode file for STMicroelectronics.X-CUBE-TOUCHGFX.4.25.0
2026-05-19 10:50:12,387 [WARN] PackLoader:240 - Cannot read IP mode file for STMicroelectronics.FP-SNS-STBOX1.2.0.0
2026-05-19 10:50:12,392 [WARN] PackLoader:240 - Cannot read IP mode file for STMicroelectronics.X-CUBE-STSE01.2.0.0
2026-05-19 10:50:12,397 [WARN] PackLoader:240 - Cannot read IP mode file for STMicroelectronics.X-CUBE-SUBG2.5.0.0
2026-05-19 10:50:12,408 [WARN] PackLoader:240 - Cannot read IP mode file for STMicroelectronics.X-CUBE-AZRTOS-H7RS.1.1.0
2026-05-19 10:50:12,412 [WARN] PackLoader:240 - Cannot read IP mode file for Cesanta.I-CUBE-Mongoose.7.13.0
2026-05-19 10:50:12,419 [WARN] PackLoader:240 - Cannot read IP mode file for STMicroelectronics.X-CUBE-AZRTOS-G4.2.0.0
2026-05-19 10:50:12,422 [WARN] PackLoader:240 - Cannot read IP mode file for STMicroelectronics.X-CUBE-NFC7.2.0.0
2026-05-19 10:50:12,431 [WARN] PackLoader:240 - Cannot read IP mode file for STMicroelectronics.X-CUBE-IPS.3.1.0
2026-05-19 10:50:12,438 [WARN] PackLoader:240 - Cannot read IP mode file for STMicroelectronics.X-CUBE-ALS.1.0.2
2026-05-19 10:50:12,441 [WARN] PackLoader:240 - Cannot read IP mode file for STMicroelectronics.X-CUBE-TOUCHGFX.4.24.2
2026-05-19 10:50:12,447 [WARN] PackLoader:240 - Cannot read IP mode file for STMicroelectronics.X-CUBE-STSE01.1.0.0
2026-05-19 10:50:12,452 [WARN] PackLoader:240 - Cannot read IP mode file for wolfSSL.I-CUBE-wolfTPM.3.4.0
2026-05-19 10:50:12,457 [WARN] PackLoader:240 - Cannot read IP mode file for portGmbH.I-Cube-SoM-uGOAL.1.1.0
2026-05-19 10:50:12,474 [WARN] PackLoader:240 - Cannot read IP mode file for STMicroelectronics.X-CUBE-AZRTOS-H7RS.1.0.0
2026-05-19 10:50:12,484 [WARN] PackLoader:240 - Cannot read IP mode file for STMicroelectronics.X-CUBE-TOF1.3.4.2
2026-05-19 10:50:12,494 [WARN] PackLoader:240 - Cannot read IP mode file for STMicroelectronics.X-CUBE-TOF1.3.4.3
2026-05-19 10:50:12,499 [WARN] PackLoader:240 - Cannot read IP mode file for wolfSSL.I-CUBE-wolfSSH.1.4.17
2026-05-19 10:50:12,500 [INFO] ThirdParty:978 - Integrity check success = true
2026-05-19 10:50:12,500 [INFO] IntegrityCheckThread:100 - exiting critical section [integrity check]
2026-05-19 10:50:12,500 [INFO] IntegrityCheckThread:103 - End integrity checks thread
2026-05-19 10:53:18,294 [INFO] McuFinderGlobals:63 - Set McuFinder mode to 2 (CubeIDE integrated)
2026-05-19 10:53:23,498 [INFO] MainUpdater:2872 - connection check result : 10
2026-05-19 10:53:23,500 [INFO] MainUpdater:2872 - connection check result : 10
2026-05-19 10:53:23,553 [INFO] MicroXplorer:468 - Change Database Path : 
2026-05-19 10:53:23,554 [INFO] MicroXplorer:498 - Change Database Version : DB.6.0.150
2026-05-19 10:53:23,559 [WARN] ThirdParty:871 - waiting for thirdparty lock release [close project]
2026-05-19 10:53:23,560 [INFO] ThirdParty:873 - entering critical section [close project]
2026-05-19 10:53:23,561 [INFO] ThirdParty:883 - exiting critical section [close project]
2026-05-19 10:53:23,563 [INFO] PinOutPanel:1589 - setPackage(No Configuration,No Configuration)
2026-05-19 10:53:23,565 [INFO] UtilMem:75 - Begin LoadConfig() Used Memory: 820119528 Bytes (1073741824)
2026-05-19 10:53:23,567 [INFO] MicroXplorer:468 - Change Database Path : 
2026-05-19 10:53:23,567 [INFO] MicroXplorer:498 - Change Database Version : DB.6.0.150
2026-05-19 10:53:23,567 [INFO] OpenFileManager:355 - Change cursor
2026-05-19 10:53:23,615 [INFO] Mcu:2029 - Initializing MCU STM32H7A3Z(G-I)TxQ STM32H7A3ZITxQ STM32H7A3ZIT6Q
2026-05-19 10:53:26,409 [INFO] Context:786 - Trying to add GPIOservice into a context  which must be forbidden
2026-05-19 10:53:27,122 [INFO] ApiDbMcu:532 - Load IP Config File for NUCLEO-H7A3ZI-Q
2026-05-19 10:53:27,228 [INFO] ImportTextPane:234 - (OptionalMessage_ERROR) Pin16 (VP_RIF_VS_RIF1) cannot be retrieved for this MCU
2026-05-19 10:53:27,238 [INFO] ImportTextPane:234 - (OptionalMessage_ERROR) Unable to find key (Mcu.IP7) in loaded IOC file
2026-05-19 10:53:27,238 [INFO] ImportTextPane:234 - (OptionalMessage_ERROR) Unknown IP (dummy)
2026-05-19 10:53:27,322 [INFO] RtosManager:558 - Registered RTOS mode: class=CMSIS, group=RTOS, mode=CMSIS_V1, owner=FREERTOS
2026-05-19 10:53:27,322 [INFO] RtosManager:558 - Registered RTOS mode: class=CMSIS, group=RTOS2, mode=CMSIS_V2, owner=FREERTOS
2026-05-19 10:53:27,322 [INFO] RtosManager:558 - Registered RTOS mode: class=RTOS, group=Core, mode=CMSIS_V1, owner=FREERTOS
2026-05-19 10:53:27,322 [INFO] RtosManager:558 - Registered RTOS mode: class=RTOS, group=Core, mode=CMSIS_V2, owner=FREERTOS
2026-05-19 10:53:27,322 [WARN] ModelIntegratedComponent:184 - Missing modes for component STMicroelectronics:FreeRTOS:0.0.1:STMicroelectronics:RTOS:FreeRTOS:Core:::10.2.0:
2026-05-19 10:53:27,330 [WARN] ModelIntegratedComponent:63 - No mode defined for component null
2026-05-19 10:53:27,330 [WARN] ModelIntegratedComponent:63 - No mode defined for component null
2026-05-19 10:53:27,330 [WARN] ModelIntegratedComponent:63 - No mode defined for component null
2026-05-19 10:53:27,330 [WARN] ModelIntegratedComponent:63 - No mode defined for component null
2026-05-19 10:53:27,330 [WARN] ModelIntegratedComponent:63 - No mode defined for component null
2026-05-19 10:53:27,330 [WARN] ModelIntegratedComponent:63 - No mode defined for component null
2026-05-19 10:53:27,330 [WARN] ModelIntegratedComponent:63 - No mode defined for component null
2026-05-19 10:53:27,330 [WARN] ModelIntegratedComponent:63 - No mode defined for component null
2026-05-19 10:53:27,330 [WARN] ModelIntegratedComponent:63 - No mode defined for component null
2026-05-19 10:53:27,330 [WARN] ModelIntegratedComponent:63 - No mode defined for component null
2026-05-19 10:53:27,330 [WARN] ModelIntegratedComponent:63 - No mode defined for component null
2026-05-19 10:53:27,330 [WARN] ModelIntegratedComponent:63 - No mode defined for component null
2026-05-19 10:53:27,330 [WARN] ModelIntegratedComponent:63 - No mode defined for component null
2026-05-19 10:53:27,330 [WARN] ModelIntegratedComponent:63 - No mode defined for component null
2026-05-19 10:53:27,330 [WARN] ModelIntegratedComponent:63 - No mode defined for component null
2026-05-19 10:53:27,330 [WARN] ModelIntegratedComponent:63 - No mode defined for component null
2026-05-19 10:53:27,330 [WARN] ModelIntegratedComponent:63 - No mode defined for component null
2026-05-19 10:53:27,332 [WARN] ModelIntegratedComponent:63 - No mode defined for component null
2026-05-19 10:53:27,332 [WARN] ModelIntegratedComponent:63 - No mode defined for component null
2026-05-19 10:53:27,332 [WARN] ModelIntegratedComponent:63 - No mode defined for component null
2026-05-19 10:53:27,332 [WARN] ModelIntegratedComponent:63 - No mode defined for component null
2026-05-19 10:53:27,332 [WARN] ModelIntegratedComponent:63 - No mode defined for component null
2026-05-19 10:53:27,332 [WARN] ModelIntegratedComponent:63 - No mode defined for component null
2026-05-19 10:53:27,332 [WARN] ModelIntegratedComponent:63 - No mode defined for component null
2026-05-19 10:53:27,332 [WARN] ModelIntegratedComponent:63 - No mode defined for component null
2026-05-19 10:53:27,332 [WARN] ModelIntegratedComponent:63 - No mode defined for component null
2026-05-19 10:53:27,332 [WARN] ModelIntegratedComponent:63 - No mode defined for component null
2026-05-19 10:53:27,332 [WARN] ModelIntegratedComponent:63 - No mode defined for component null
2026-05-19 10:53:27,332 [WARN] ModelIntegratedComponent:63 - No mode defined for component null
2026-05-19 10:53:27,332 [WARN] ModelIntegratedComponent:63 - No mode defined for component null
2026-05-19 10:53:27,332 [WARN] ModelIntegratedComponent:63 - No mode defined for component null
2026-05-19 10:53:27,332 [WARN] ModelIntegratedComponent:63 - No mode defined for component null
2026-05-19 10:53:27,332 [WARN] ModelIntegratedComponent:63 - No mode defined for component null
2026-05-19 10:53:27,332 [WARN] ModelIntegratedComponent:63 - No mode defined for component null
2026-05-19 10:53:27,332 [WARN] ModelIntegratedComponent:63 - No mode defined for component null
2026-05-19 10:53:27,332 [WARN] ModelPack:524 - Component already loaded: STMicroelectronics:HAL Drivers:0.0.0:STMicroelectronics:Device:STMicro_Driver:XSPI:HAL::0.0.1:HAL_XSPI
2026-05-19 10:53:27,383 [WARN] ModelIntegratedComponent:182 - Modes not found for component STMicroelectronics:USB_DEVICE:1.0.0:STMicroelectronics:USB::USB Device:Audio FS::1.0:USB_DEVICE_1_0_RESTRICTED_FS
2026-05-19 10:53:27,383 [WARN] ModelIntegratedComponent:188 - Modes not found for component STMicroelectronics:USB_DEVICE:1.0.0:STMicroelectronics:USB::USB Device:Audio FS::1.0:USB_DEVICE_1_0_RESTRICTED_FS
2026-05-19 10:53:27,383 [WARN] ModelIntegratedComponent:182 - Modes not found for component STMicroelectronics:USB_DEVICE:1.0.0:STMicroelectronics:USB::USB Device:CDC FS::1.0:USB_DEVICE_1_0_RESTRICTED_FS
2026-05-19 10:53:27,383 [WARN] ModelIntegratedComponent:188 - Modes not found for component STMicroelectronics:USB_DEVICE:1.0.0:STMicroelectronics:USB::USB Device:CDC FS::1.0:USB_DEVICE_1_0_RESTRICTED_FS
2026-05-19 10:53:27,383 [WARN] ModelIntegratedComponent:182 - Modes not found for component STMicroelectronics:USB_DEVICE:1.0.0:STMicroelectronics:USB::USB Device:DFU FS::1.0:USB_DEVICE_1_0_RESTRICTED_FS
2026-05-19 10:53:27,383 [WARN] ModelIntegratedComponent:188 - Modes not found for component STMicroelectronics:USB_DEVICE:1.0.0:STMicroelectronics:USB::USB Device:DFU FS::1.0:USB_DEVICE_1_0_RESTRICTED_FS
2026-05-19 10:53:27,383 [WARN] ModelIntegratedComponent:182 - Modes not found for component STMicroelectronics:USB_DEVICE:1.0.0:STMicroelectronics:USB::USB Device:HID FS::1.0:USB_DEVICE_1_0_RESTRICTED_FS
2026-05-19 10:53:27,383 [WARN] ModelIntegratedComponent:188 - Modes not found for component STMicroelectronics:USB_DEVICE:1.0.0:STMicroelectronics:USB::USB Device:HID FS::1.0:USB_DEVICE_1_0_RESTRICTED_FS
2026-05-19 10:53:27,383 [WARN] ModelIntegratedComponent:182 - Modes not found for component STMicroelectronics:USB_DEVICE:1.0.0:STMicroelectronics:USB::USB Device:Custom HID FS::1.0:USB_DEVICE_1_0_RESTRICTED_FS
2026-05-19 10:53:27,383 [WARN] ModelIntegratedComponent:188 - Modes not found for component STMicroelectronics:USB_DEVICE:1.0.0:STMicroelectronics:USB::USB Device:Custom HID FS::1.0:USB_DEVICE_1_0_RESTRICTED_FS
2026-05-19 10:53:27,383 [WARN] ModelIntegratedComponent:182 - Modes not found for component STMicroelectronics:USB_DEVICE:1.0.0:STMicroelectronics:USB::USB Device:MSC FS::1.0:USB_DEVICE_1_0_RESTRICTED_FS
2026-05-19 10:53:27,383 [WARN] ModelIntegratedComponent:188 - Modes not found for component STMicroelectronics:USB_DEVICE:1.0.0:STMicroelectronics:USB::USB Device:MSC FS::1.0:USB_DEVICE_1_0_RESTRICTED_FS
2026-05-19 10:53:27,446 [WARN] ModelIntegratedComponent:182 - Modes not found for component STMicroelectronics:USB_HOST:1.0.0:STMicroelectronics:USB::USB Host:Audio FS::1.0:USB_HOST_1_0_RESTRICTED_FS
2026-05-19 10:53:27,446 [WARN] ModelIntegratedComponent:188 - Modes not found for component STMicroelectronics:USB_HOST:1.0.0:STMicroelectronics:USB::USB Host:Audio FS::1.0:USB_HOST_1_0_RESTRICTED_FS
2026-05-19 10:53:27,446 [WARN] ModelIntegratedComponent:182 - Modes not found for component STMicroelectronics:USB_HOST:1.0.0:STMicroelectronics:USB::USB Host:CDC FS::1.0:USB_HOST_1_0_RESTRICTED_FS
2026-05-19 10:53:27,446 [WARN] ModelIntegratedComponent:188 - Modes not found for component STMicroelectronics:USB_HOST:1.0.0:STMicroelectronics:USB::USB Host:CDC FS::1.0:USB_HOST_1_0_RESTRICTED_FS
2026-05-19 10:53:27,446 [WARN] ModelIntegratedComponent:182 - Modes not found for component STMicroelectronics:USB_HOST:1.0.0:STMicroelectronics:USB::USB Host:MSC FS::1.0:USB_HOST_1_0_RESTRICTED_FS
2026-05-19 10:53:27,446 [WARN] ModelIntegratedComponent:188 - Modes not found for component STMicroelectronics:USB_HOST:1.0.0:STMicroelectronics:USB::USB Host:MSC FS::1.0:USB_HOST_1_0_RESTRICTED_FS
2026-05-19 10:53:27,446 [WARN] ModelIntegratedComponent:182 - Modes not found for component STMicroelectronics:USB_HOST:1.0.0:STMicroelectronics:USB::USB Host:HID FS::1.0:USB_HOST_1_0_RESTRICTED_FS
2026-05-19 10:53:27,446 [WARN] ModelIntegratedComponent:188 - Modes not found for component STMicroelectronics:USB_HOST:1.0.0:STMicroelectronics:USB::USB Host:HID FS::1.0:USB_HOST_1_0_RESTRICTED_FS
2026-05-19 10:53:27,446 [WARN] ModelIntegratedComponent:182 - Modes not found for component STMicroelectronics:USB_HOST:1.0.0:STMicroelectronics:USB::USB Host:MTP FS::1.0:USB_HOST_1_0_RESTRICTED_FS
2026-05-19 10:53:27,446 [WARN] ModelIntegratedComponent:188 - Modes not found for component STMicroelectronics:USB_HOST:1.0.0:STMicroelectronics:USB::USB Host:MTP FS::1.0:USB_HOST_1_0_RESTRICTED_FS
2026-05-19 10:53:27,541 [INFO] ThirdPartyModel:298 - Start build external matchings
2026-05-19 10:53:28,551 [INFO] ThirdPartyModel:316 - End build external matchings
2026-05-19 10:53:28,581 [INFO] RtosManager:1018 - Current active RTOS is FREERTOS [Cortex-M7NS]
2026-05-19 10:53:29,180 [INFO] ApiDb:581 - Connected to CubeFinder SQLite database (C:\Users\hanna\.stmcufinder\plugins\mcufinder\mcu\cube-finder-db.db)
2026-05-19 10:53:29,260 [INFO] ApiDb:668 - CubeFinder database Data Model version=2.1
2026-05-19 10:53:29,260 [INFO] ApiDb:669 - CubeFinder database Configuration version=3.0.42
2026-05-19 10:53:29,260 [INFO] ApiDb:670 - CubeFinder database generation date=2026-05-06 (1778060171)
2026-05-19 10:53:29,260 [INFO] ApiDb:671 - CubeFinder database FW Pack versions=[FP-ATR-ASTRA1_V2.0.0, FP-SNS-FLIGHT1_V5.1.0, FP-SNS-MOTENV1_V5.1.0, FP-SNS-MOTENVWB1_V1.5.0, FP-SNS-SMARTAG2_V1.2.0, FP-SNS-STBOX1_V2.1.0, STM32Cube_FW_C0_V1.4.0, STM32Cube_FW_F4_V1.28.3, STM32Cube_FW_F7_V1.17.4, STM32Cube_FW_G0_V1.6.3, STM32Cube_FW_G4_V1.6.2, STM32Cube_FW_H5_V1.6.0, STM32Cube_FW_H7RS_V1.3.0, STM32Cube_FW_H7_V1.13.0, STM32Cube_FW_L0_V1.12.2, STM32Cube_FW_L4_V1.18.2, STM32Cube_FW_L5_V1.6.0, STM32Cube_FW_N6_V1.3.0, STM32Cube_FW_U0_V1.3.0, STM32Cube_FW_U3_V1.3.0, STM32Cube_FW_U5_V1.8.0, STM32Cube_FW_WB0_V1.4.0, STM32Cube_FW_WBA_V1.9.0, STM32Cube_FW_WB_V1.24.0, STM32Cube_FW_WL3_V1.4.0, STM32Cube_FW_WL_V1.5.0, X-CUBE-ALGOBUILD_V1.4.0, X-CUBE-ALS_V1.0.2, X-CUBE-AZRTOS-F4_V1.1.0, X-CUBE-AZRTOS-F7_V1.1.0, X-CUBE-AZRTOS-G0_V1.1.0, X-CUBE-AZRTOS-G4_V2.0.0, X-CUBE-AZRTOS-H7RS_V1.1.0, X-CUBE-AZRTOS-H7_V3.5.0, X-CUBE-AZRTOS-L4_V2.0.0, X-CUBE-AZRTOS-L5_V2.0.0, X-CUBE-AZRTOS-WB_V2.0.0, X-CUBE-AZRTOS-WL_V2.0.0, X-CUBE-BLE1_V7.1.0, X-CUBE-BLE2_V3.3.0, X-CUBE-BLEMGR_V4.1.0, X-CUBE-EEPRMA1_V5.2.0, X-CUBE-FREERTOS_V1.5.0, X-CUBE-GNSS1_V6.0.0, X-CUBE-MEMS1_V12.0.0, X-CUBE-NFC4_V3.0.0, X-CUBE-NFC7_V2.0.0, X-CUBE-SFXS2LP1_V4.0.0, X-CUBE-ST67W61_V1.2.0, X-CUBE-SUBG2_V5.0.0, X-CUBE-TOF1_V3.4.3]
2026-05-19 10:53:29,363 [INFO] DbBoardsSqlite:226 - include board P-NUCLEO-WB55-NUCLEO as a kit item of type 'Nucleo-64'
2026-05-19 10:53:29,363 [INFO] DbBoardsSqlite:226 - include board P-NUCLEO-WB55-USBDONGLE as a kit item of type 'Nucleo USB Dongle'
2026-05-19 10:53:29,364 [INFO] DbBoardsSqlite:226 - include board STEVAL-IDP005V1 as a kit item of type 'Evaluation Board'
2026-05-19 10:53:29,364 [INFO] DbBoardsSqlite:226 - include board STEVAL-IDP005V2 as a kit item of type 'Evaluation Board'
2026-05-19 10:53:29,747 [INFO] ApiDb:240 - Found 880 in-development CPN: [B-G473E-ZEST1S, B-WB1M-WPAN1, B-WBA5M-WPAN, B-WL5M-SUBG1, NUCLEO-C031C6, NUCLEO-C051C8, NUCLEO-C071RB, NUCLEO-C092RC, NUCLEO-H503RB, NUCLEO-H533RE, NUCLEO-H563ZI, NUCLEO-H7S3L8, NUCLEO-N657X0-Q, NUCLEO-U031R8, NUCLEO-U083RC, NUCLEO-U385RG-Q, NUCLEO-U545RE-Q, NUCLEO-U5A5ZJ-Q, NUCLEO-WB05KZ, NUCLEO-WB07CC, NUCLEO-WB09KE, NUCLEO-WBA52CG, NUCLEO-WBA55CG, NUCLEO-WL33CC1, NUCLEO-WL33CC2, STEVAL-PROTEUS1, STEVAL-SMARTAG2, STEVAL-STWINBX1, STM320518-EVAL, STM32C0116-DK, STM32C011D6Y3TR, STM32C011D6Y6TR, STM32C011F4P3, STM32C011F4P6, STM32C011F4U3, STM32C011F4U6TR, STM32C011F6P3, STM32C011F6P6, STM32C011F6U3, STM32C011F6U6TR, STM32C011J4M3, STM32C011J4M6, STM32C011J6M3, STM32C011J6M6, STM32C0316-DK, STM32C031C4T3, STM32C031C4T6, STM32C031C4U3, STM32C031C4U6, STM32C031C6T3, STM32C031C6T6, STM32C031C6U3, STM32C031C6U6, STM32C031F4P3, STM32C031F4P6, STM32C031F6P3, STM32C031F6P6, STM32C031G4U3, STM32C031G4U6, STM32C031G6U3, STM32C031G6U6, STM32C031K4T3, STM32C031K4T6, STM32C031K4U3, STM32C031K4U6, STM32C031K6T3, STM32C031K6T6, STM32C031K6U3, STM32C031K6U6, STM32C051C6T6, STM32C051C6U6, STM32C051C8T6, STM32C051C8U6, STM32C051D8Y6TR, STM32C051F6P6, STM32C051F8P6, STM32C051G6U6, STM32C051G8U6, STM32C051K6T6, STM32C051K6U6, STM32C051K8T6, STM32C071C8T6, STM32C071C8T6N, STM32C071C8U6, STM32C071C8U6N, STM32C071CBT6, STM32C071CBT6N, STM32C071CBU6, STM32C071CBU6N, STM32C071F8P6, STM32C071F8P6N, STM32C071FBP6, STM32C071FBP6N, STM32C071FBY6TR, STM32C071G8U6, STM32C071G8U6N, STM32C071GBU6, STM32C071GBU6N, STM32C071K8T6, STM32C071K8T6N, STM32C071K8U6, STM32C071K8U6N, STM32C071KBT6, STM32C071KBT6N, STM32C071KBU6, STM32C071KBU6N, STM32C071R8T6, STM32C071R8T6N, STM32C071RBI6N, STM32C071RBT6, STM32C071RBT6N, STM32C091CBT6, STM32C091CBU6, STM32C091CCT6, STM32C091CCU6, STM32C091ECY6TR, STM32C091FBP6, STM32C091FCP6, STM32C091GBU6, STM32C091GCU6, STM32C091KBT6, STM32C091KBU6, STM32C091KCT6, STM32C091KCU6, STM32C091RBT6, STM32C091RCI6, STM32C091RCT6, STM32C092CBT6, STM32C092CBU6, STM32C092CCT6, STM32C092CCU6, STM32C092ECY6TR, STM32C092FBP6, STM32C092FCP6, STM32C092GBU6, STM32C092GCU6, STM32C092KBT6, STM32C092KBU6, STM32C092KCT6, STM32C092KCU6, STM32C092RBT6, STM32C092RCI6, STM32C092RCT6, STM32G071K8TXN, STM32G071K8UXN, STM32G081GBU6N, STM32G081KBT6N, STM32G081KBUXN, STM32G0B1CCT6N, STM32G0B1KCT6, STM32G0B1NEY6TR, STM32G0B1RCT6N, STM32G0C1CCT6, STM32G0C1CCT6N, STM32G0C1CCU6N, STM32G0C1CET6N, STM32G0C1CEU6N, STM32G0C1KCT6, STM32G0C1NEY6TR, STM32G0C1RCI6N, STM32G0C1RCT6N, STM32G0C1REI6N, STM32G0C1RET6N, STM32G0C1VCI6, STM32G0C1VEI6, STM32G411C6T3, STM32G411C6T6, STM32G411C6U3, STM32G411C6U6, STM32G411C8T3, STM32G411C8T6, STM32G411C8U3, STM32G411C8U6, STM32G411CBT3, STM32G411CBT6, STM32G411CBU3, STM32G411CBU6, STM32G411K6T3, STM32G411K6T6, STM32G411K6U3, STM32G411K6U6, STM32G411K8T3, STM32G411K8T6, STM32G411K8U3, STM32G411K8U6, STM32G411KBT3, STM32G411KBT6, STM32G411KBU3, STM32G411KBU6, STM32G411M6T3, STM32G411M6T6, STM32G411M8T3, STM32G411M8T6, STM32G411MBT3, STM32G411MBT6, STM32G411R6T3, STM32G411R6T6, STM32G411R8T3, STM32G411R8T6, STM32G411RBT3, STM32G411RBT6, STM32G414CBT3, STM32G414CBT6, STM32G414CBU3, STM32G414CBU6, STM32G414CCT3, STM32G414CCT6, STM32G414CCU3, STM32G414CCU6, STM32G414MBT3, STM32G414MBT6, STM32G414MCT3, STM32G414MCT6, STM32G414RBT3, STM32G414RBT6, STM32G414RCT3, STM32G414RCT6, STM32G414VBT3, STM32G414VBT6, STM32G414VCT3, STM32G414VCT6, STM32G431CBT3Z, STM32G431RBT3Z, STM32G471CCT6, STM32G471CCU6, STM32G471CET3, STM32G471CET6, STM32G471CEU3, STM32G471CEU6, STM32G471MCT6, STM32G471MET3, STM32G471MET6, STM32G471MEY6TR, STM32G471QCT6, STM32G471QET3, STM32G471RCT6, STM32G471RET3, STM32G471RET6, STM32G471VCH6, STM32G471VCI6, STM32G471VCT6, STM32G471VEH3, STM32G471VEH6, STM32G471VEI3, STM32G471VEI6, STM32G471VET3, STM32G471VET6, STM32G473QET3Z, STM32G473RET3Z, STM32G474CCT6, STM32G491RET3Z, STM32H503CBT6, STM32H503CBU6, STM32H503EBY6TR, STM32H503KBU6, STM32H503RBT6, STM32H523CCT6, STM32H523CCU6, STM32H523CET6, STM32H523CEU6, STM32H523HEY6TR, STM32H523RCT6, STM32H523RET6, STM32H523VCI6, STM32H523VCT6, STM32H523VEI6, STM32H523VET6, STM32H523ZCJ6, STM32H523ZCT6, STM32H523ZEJ6, STM32H523ZET6, STM32H533CET6, STM32H533CEU6, STM32H533HEY6TR, STM32H533RET6, STM32H533VEI6, STM32H533VET6, STM32H533ZEJ6, STM32H533ZET6, STM32H562AGI6, STM32H562AII6, STM32H562IGK6, STM32H562IGT6, STM32H562IIK6, STM32H562IIT6, STM32H562RGT6, STM32H562RGV6, STM32H562RIT6, STM32H562RIV6, STM32H562VGT6, STM32H562VIT6, STM32H562ZGT6, STM32H562ZIT6, STM32H563AGI6, STM32H563AII3Q, STM32H563AII6, STM32H563IGK6, STM32H563IGT6, STM32H563IIK3Q, STM32H563IIK6, STM32H563IIT3Q, STM32H563IIT6, STM32H563MIY3QTR, STM32H563RGT6, STM32H563RGV6, STM32H563RIT6, STM32H563RIV6, STM32H563VGT6, STM32H563VIT3Q, STM32H563VIT6, STM32H563ZGT6, STM32H563ZIT3Q, STM32H563ZIT6, STM32H573AII3Q, STM32H573AII6, STM32H573I-DK, STM32H573IIK3Q, STM32H573IIK6, STM32H573IIT3Q, STM32H573IIT6, STM32H573MIY3QTR, STM32H573RIT6, STM32H573RIV6, STM32H573VIT3Q, STM32H573VIT6, STM32H573ZIT3Q, STM32H573ZIT6, STM32H7R3A8I6, STM32H7R3I8K6, STM32H7R3I8T6, STM32H7R3L8H6, STM32H7R3L8H6H, STM32H7R3R8V6, STM32H7R3V8H6, STM32H7R3V8T6, STM32H7R3V8Y6TR, STM32H7R3Z8J6, STM32H7R3Z8T6, STM32H7R7A8I6, STM32H7R7I8K6, STM32H7R7I8T6, STM32H7R7L8H6, STM32H7R7L8H6H, STM32H7R7Z8J6, STM32H7S3A8I6, STM32H7S3I8K6, STM32H7S3I8T6, STM32H7S3L8H6, STM32H7S3L8H6H, STM32H7S3R8V6, STM32H7S3V8H6, STM32H7S3V8T6, STM32H7S3V8Y6TR, STM32H7S3Z8J6, STM32H7S3Z8T6, STM32H7S78-DK, STM32H7S7A8I6, STM32H7S7I8K6, STM32H7S7I8T6, STM32H7S7L8H6, STM32H7S7L8H6H, STM32H7S7Z8J6, STM32L4R5QGI6STR, STM32MP131AAE3, STM32MP131AAF3, STM32MP131AAG3, STM32MP131CAE3, STM32MP131CAF3, STM32MP131CAG3, STM32MP131DAE7, STM32MP131DAF7, STM32MP131DAG7, STM32MP131FAE7, STM32MP131FAF7, STM32MP131FAG7, STM32MP133AAE3, STM32MP133AAF3, STM32MP133AAG3, STM32MP133CAE3, STM32MP133CAF3, STM32MP133CAG3, STM32MP133DAE7, STM32MP133DAF7, STM32MP133DAG7, STM32MP133FAE7, STM32MP133FAF7, STM32MP133FAG7, STM32MP135AAE3, STM32MP135AAF3, STM32MP135AAG3, STM32MP135CAE3, STM32MP135CAF3, STM32MP135CAG3, STM32MP135DAE7, STM32MP135DAF7, STM32MP135DAG7, STM32MP135F-DK, STM32MP135FAE7, STM32MP135FAF7, STM32MP135FAF7T, STM32MP135FAF7U, STM32MP135FAG7, STM32MP211AAL3, STM32MP211AAM3, STM32MP211AAN3, STM32MP211AAO3, STM32MP211CAL3, STM32MP211CAM3, STM32MP211CAN3, STM32MP211CAO3, STM32MP211DAL3, STM32MP211DAM3, STM32MP211DAN3, STM32MP211DAO3, STM32MP211FAL3, STM32MP211FAM3, STM32MP211FAN3, STM32MP211FAO3, STM32MP213AAL3, STM32MP213AAM3, STM32MP213AAN3, STM32MP213AAO3, STM32MP213CAL3, STM32MP213CAM3, STM32MP213CAN3, STM32MP213CAO3, STM32MP213DAL3, STM32MP213DAM3, STM32MP213DAN3, STM32MP213DAO3, STM32MP213FAL3, STM32MP213FAM3, STM32MP213FAN3, STM32MP213FAO3, STM32MP215AAL3, STM32MP215AAM3, STM32MP215AAN3, STM32MP215AAO3, STM32MP215CAL3, STM32MP215CAM3, STM32MP215CAN3, STM32MP215CAO3, STM32MP215DAL3, STM32MP215DAM3, STM32MP215DAN3, STM32MP215DAO3, STM32MP215F-DK, STM32MP215FAL3, STM32MP215FAM3, STM32MP215FAN3, STM32MP215FAO3, STM32MP231AAJ3, STM32MP231AAK3, STM32MP231AAL3, STM32MP231CAJ3, STM32MP231CAK3, STM32MP231CAL3, STM32MP231DAJ3, STM32MP231DAK3, STM32MP231DAL3, STM32MP231FAJ3, STM32MP231FAK3, STM32MP231FAL3, STM32MP233AAJ3, STM32MP233AAK3, STM32MP233AAL3, STM32MP233CAJ3, STM32MP233CAK3, STM32MP233CAL3, STM32MP233DAJ3, STM32MP233DAK3, STM32MP233DAL3, STM32MP233FAJ3, STM32MP233FAK3, STM32MP233FAL3, STM32MP235AAJ3, STM32MP235AAK3, STM32MP235AAL3, STM32MP235CAJ3, STM32MP235CAK3, STM32MP235CAL3, STM32MP235DAJ3, STM32MP235DAK3, STM32MP235DAL3, STM32MP235FAJ3, STM32MP235FAK3, STM32MP235FAL3, STM32MP251AAI3, STM32MP251AAK3, STM32MP251AAL3, STM32MP251CAI3, STM32MP251CAK3, STM32MP251CAL3, STM32MP251DAI3, STM32MP251DAK3, STM32MP251DAL3, STM32MP251FAI3, STM32MP251FAK3, STM32MP251FAL3, STM32MP253AAI3, STM32MP253AAK3, STM32MP253AAL3, STM32MP253CAI3, STM32MP253CAK3, STM32MP253CAL3, STM32MP253DAI3, STM32MP253DAK3, STM32MP253DAL3, STM32MP253FAI3, STM32MP253FAK3, STM32MP253FAL3, STM32MP255AAI3, STM32MP255AAK3, STM32MP255AAL3, STM32MP255CAI3, STM32MP255CAK3, STM32MP255CAL3, STM32MP255DAI3, STM32MP255DAK3, STM32MP255DAL3, STM32MP255FAI3, STM32MP255FAK3, STM32MP255FAL3, STM32MP257AAI3, STM32MP257AAK3, STM32MP257AAL3, STM32MP257CAI3, STM32MP257CAK3, STM32MP257CAL3, STM32MP257DAI3, STM32MP257DAK3, STM32MP257DAL3, STM32MP257F-DK, STM32MP257F-EV1, STM32MP257FAI3, STM32MP257FAK3, STM32MP257FAL3, STM32N645A0H3Q, STM32N645B0H3Q, STM32N645I0H3Q, STM32N645L0H3Q, STM32N645X0H3Q, STM32N645Z0H3Q, STM32N647A0H3Q, STM32N647B0H3Q, STM32N647I0H3Q, STM32N647L0H3Q, STM32N647X0H3Q, STM32N647Z0H3Q, STM32N655A0H3Q, STM32N655B0H3Q, STM32N655I0H3Q, STM32N655L0H3Q, STM32N655X0H3Q, STM32N655Z0H3Q, STM32N6570-DK, STM32N657A0H3Q, STM32N657B0H3Q, STM32N657I0H3Q, STM32N657L0H3Q, STM32N657X0H3Q, STM32N657Z0H3Q, STM32U031C6T6, STM32U031C6U6, STM32U031C8T6, STM32U031C8U6, STM32U031F4P6, STM32U031F6P6, STM32U031F8P6, STM32U031G6Y6TR, STM32U031G8Y6TR, STM32U031K4U6, STM32U031K6U6, STM32U031K8U6, STM32U031R6I6, STM32U031R6T6, STM32U031R8I6, STM32U031R8T6, STM32U073C8T6, STM32U073C8U6, STM32U073CBT6, STM32U073CBU6, STM32U073CCT6, STM32U073CCU6, STM32U073H8Y6TR, STM32U073HBY6TR, STM32U073HCY6TR, STM32U073K8U6, STM32U073KBU6, STM32U073KCU6, STM32U073M8I6, STM32U073M8T6, STM32U073MBI6, STM32U073MBT6, STM32U073MCI6, STM32U073MCT6, STM32U073R8I6, STM32U073R8T6, STM32U073RBI6, STM32U073RBT6, STM32U073RCI6, STM32U073RCT6, STM32U083C-DK, STM32U083CCT6, STM32U083CCU6, STM32U083HCY6TR, STM32U083KCU6, STM32U083MCI6, STM32U083MCT6, STM32U083RCI6, STM32U083RCT6, STM32U375CET6, STM32U375CET6Q, STM32U375CEU6, STM32U375CEU6Q, STM32U375CEY6QTR, STM32U375CGT6, STM32U375CGT6Q, STM32U375CGU6, STM32U375CGU6Q, STM32U375CGY6QTR, STM32U375KEU6, STM32U375KGU6, STM32U375REI6, STM32U375REI6Q, STM32U375RET6, STM32U375RET6Q, STM32U375REY6GTR, STM32U375REY6QTR, STM32U375RGI6, STM32U375RGI6Q, STM32U375RGT6, STM32U375RGT6Q, STM32U375RGY6GTR, STM32U375RGY6QTR, STM32U375VEI6, STM32U375VEI6Q, STM32U375VET6, STM32U375VET6Q, STM32U375VGI6, STM32U375VGI6Q, STM32U375VGT6, STM32U375VGT6Q, STM32U385CGT6, STM32U385CGT6Q, STM32U385CGU6, STM32U385CGU6Q, STM32U385CGY6QTR, STM32U385KGU6, STM32U385RGI6, STM32U385RGI6Q, STM32U385RGT6, STM32U385RGT6Q, STM32U385RGY6GTR, STM32U385RGY6QTR, STM32U385VGI6, STM32U385VGI6Q, STM32U385VGT6, STM32U385VGT6Q, STM32U535CBT6, STM32U535CBT6Q, STM32U535CBU6, STM32U535CBU6Q, STM32U535CCT6, STM32U535CCT6Q, STM32U535CCU6, STM32U535CCU6Q, STM32U535CET6, STM32U535CET6Q, STM32U535CEU6, STM32U535CEU6Q, STM32U535JEY6QTR, STM32U535NCY6QTR, STM32U535NEY6QTR, STM32U535RBI6, STM32U535RBI6Q, STM32U535RBT6, STM32U535RBT6Q, STM32U535RCI6, STM32U535RCI6Q, STM32U535RCT6, STM32U535RCT6Q, STM32U535REI6, STM32U535REI6Q, STM32U535RET6, STM32U535RET6Q, STM32U535VCI6, STM32U535VCI6Q, STM32U535VCT6, STM32U535VCT6Q, STM32U535VEI6, STM32U535VEI6Q, STM32U535VET6, STM32U535VET6Q, STM32U545CET6, STM32U545CET6Q, STM32U545CEU6, STM32U545CEU6Q, STM32U545JEY6QTR, STM32U545NEY6QTR, STM32U545REI6, STM32U545REI6Q, STM32U545RET6, STM32U545RET6Q, STM32U545VEI6, STM32U545VEI6Q, STM32U545VET6, STM32U545VET6Q, STM32U595AIH6, STM32U595AIH6Q, STM32U595AJH6, STM32U595AJH6Q, STM32U595QII6, STM32U595QII6Q, STM32U595QJI6, STM32U595QJI6Q, STM32U595RIT6, STM32U595RIT6Q, STM32U595RJT6, STM32U595RJT6Q, STM32U595VIT6, STM32U595VIT6Q, STM32U595VJT6, STM32U595VJT6Q, STM32U595ZIT6, STM32U595ZIT6Q, STM32U595ZIY6QTR, STM32U595ZJT6, STM32U595ZJT6Q, STM32U595ZJY6QTR, STM32U599BJY6QTR, STM32U599NIH6Q, STM32U599NJH6Q, STM32U599VIT6Q, STM32U599VJT6, STM32U599VJT6Q, STM32U599ZIT6Q, STM32U599ZIY6QTR, STM32U599ZJT6Q, STM32U599ZJY6QTR, STM32U5A5AJH6, STM32U5A5AJH6Q, STM32U5A5QII3Q , STM32U5A5QJI6, STM32U5A5QJI6Q, STM32U5A5RJT6, STM32U5A5RJT6Q, STM32U5A5VJT6, STM32U5A5VJT6Q, STM32U5A5ZJT6, STM32U5A5ZJT6Q, STM32U5A5ZJY6QTR, STM32U5A9BJY6QTR, STM32U5A9J-DK, STM32U5A9NJH6Q, STM32U5A9VJT6Q, STM32U5A9ZJT6Q, STM32U5A9ZJY6QTR, STM32U5F7VIT6, STM32U5F7VIT6Q, STM32U5F7VJT6, STM32U5F7VJT6Q, STM32U5F9BJY6QTR, STM32U5F9NJH6Q, STM32U5F9VIT6Q, STM32U5F9VJT6Q, STM32U5F9ZIJ6QTR, STM32U5F9ZIT6Q, STM32U5F9ZJJ6QTR, STM32U5F9ZJT6Q, STM32U5G7VJT6, STM32U5G7VJT6Q, STM32U5G9BJY6QTR, STM32U5G9J-DK1, STM32U5G9J-DK2, STM32U5G9NJH6Q, STM32U5G9VJT6Q, STM32U5G9ZJJ6QTR, STM32U5G9ZJT6Q, STM32WB05KZV6TR, STM32WB05KZV7TR, STM32WB05TZF6TR, STM32WB05TZF7TR, STM32WB06CCF6TR, STM32WB06CCF7TR, STM32WB06CCV6TR, STM32WB06CCV7TR, STM32WB06KCV6TR, STM32WB06KCV7TR, STM32WB07CCF6TR, STM32WB07CCF7TR, STM32WB07CCV6TR, STM32WB07CCV7TR, STM32WB07KCV6TR, STM32WB07KCV7TR, STM32WB09KEV6TR, STM32WB09KEV7TR, STM32WB09TEF6TR, STM32WB09TEF7TR, STM32WB1MMCH6, STM32WBA50KGU6, STM32WBA50KGU6TR, STM32WBA52CEU6, STM32WBA52CEU6TR, STM32WBA52CEU7, STM32WBA52CEU7TR, STM32WBA52CGU6, STM32WBA52CGU6TR, STM32WBA52CGU6U, STM32WBA52CGU7, STM32WBA52CGU7TR, STM32WBA52KEU6, STM32WBA52KEU6TR, STM32WBA52KGU6, STM32WBA52KGU6TR, STM32WBA54CEU6, STM32WBA54CEU6TR, STM32WBA54CEU7, STM32WBA54CEU7TR, STM32WBA54CGU6, STM32WBA54CGU6TR, STM32WBA54CGU7, STM32WBA54CGU7TR, STM32WBA54KEU6, STM32WBA54KEU6TR, STM32WBA54KEU7, STM32WBA54KEU7TR, STM32WBA54KGU6, STM32WBA54KGU6TR, STM32WBA54KGU7, STM32WBA54KGU7TR, STM32WBA55CEU6, STM32WBA55CEU6TR, STM32WBA55CEU7, STM32WBA55CEU7TR, STM32WBA55CGU6, STM32WBA55CGU6TR, STM32WBA55CGU6U, STM32WBA55CGU7, STM32WBA55CGU7TR, STM32WBA55G-DK1, STM32WBA55HEF6, STM32WBA55HEF7, STM32WBA55HGF6, STM32WBA55HGF7, STM32WBA55UEI6, STM32WBA55UEI6TR, STM32WBA55UEI7, STM32WBA55UEI7TR, STM32WBA55UGI6, STM32WBA55UGI6TR, STM32WBA55UGI7, STM32WBA55UGI7TR, STM32WBA5MMGH6TR, STM32WBA62MGF6, STM32WBA62MIF6, STM32WBA65MGF7, STM32WBA65MIF6, STM32WBA65MIF7, STM32WL30K8V6, STM32WL30KBV6, STM32WL31C8V6, STM32WL31CBV6, STM32WL31K8V6, STM32WL31KBV6, STM32WL33C8V6, STM32WL33C8V6X, STM32WL33CBV6, STM32WL33CBV6X, STM32WL33CCV6, STM32WL33CCV6A, STM32WL33CCV6X, STM32WL33K8V7, STM32WL33K8V7X, STM32WL33KBV7 , STM32WL33KBV7X, STM32WL33KCV7, STM32WL33KCV7X, STM32WL5MOCH6, STM32WL5MOCH6TR]
2026-05-19 10:53:29,751 [INFO] ApiDb:668 - CubeFinder database Data Model version=2.1
2026-05-19 10:53:29,752 [INFO] ApiDb:669 - CubeFinder database Configuration version=3.0.42
2026-05-19 10:53:29,752 [INFO] ApiDb:670 - CubeFinder database generation date=2026-05-06 (1778060171)
2026-05-19 10:53:29,752 [INFO] ApiDb:671 - CubeFinder database FW Pack versions=[FP-ATR-ASTRA1_V2.0.0, FP-SNS-FLIGHT1_V5.1.0, FP-SNS-MOTENV1_V5.1.0, FP-SNS-MOTENVWB1_V1.5.0, FP-SNS-SMARTAG2_V1.2.0, FP-SNS-STBOX1_V2.1.0, STM32Cube_FW_C0_V1.4.0, STM32Cube_FW_F4_V1.28.3, STM32Cube_FW_F7_V1.17.4, STM32Cube_FW_G0_V1.6.3, STM32Cube_FW_G4_V1.6.2, STM32Cube_FW_H5_V1.6.0, STM32Cube_FW_H7RS_V1.3.0, STM32Cube_FW_H7_V1.13.0, STM32Cube_FW_L0_V1.12.2, STM32Cube_FW_L4_V1.18.2, STM32Cube_FW_L5_V1.6.0, STM32Cube_FW_N6_V1.3.0, STM32Cube_FW_U0_V1.3.0, STM32Cube_FW_U3_V1.3.0, STM32Cube_FW_U5_V1.8.0, STM32Cube_FW_WB0_V1.4.0, STM32Cube_FW_WBA_V1.9.0, STM32Cube_FW_WB_V1.24.0, STM32Cube_FW_WL3_V1.4.0, STM32Cube_FW_WL_V1.5.0, X-CUBE-ALGOBUILD_V1.4.0, X-CUBE-ALS_V1.0.2, X-CUBE-AZRTOS-F4_V1.1.0, X-CUBE-AZRTOS-F7_V1.1.0, X-CUBE-AZRTOS-G0_V1.1.0, X-CUBE-AZRTOS-G4_V2.0.0, X-CUBE-AZRTOS-H7RS_V1.1.0, X-CUBE-AZRTOS-H7_V3.5.0, X-CUBE-AZRTOS-L4_V2.0.0, X-CUBE-AZRTOS-L5_V2.0.0, X-CUBE-AZRTOS-WB_V2.0.0, X-CUBE-AZRTOS-WL_V2.0.0, X-CUBE-BLE1_V7.1.0, X-CUBE-BLE2_V3.3.0, X-CUBE-BLEMGR_V4.1.0, X-CUBE-EEPRMA1_V5.2.0, X-CUBE-FREERTOS_V1.5.0, X-CUBE-GNSS1_V6.0.0, X-CUBE-MEMS1_V12.0.0, X-CUBE-NFC4_V3.0.0, X-CUBE-NFC7_V2.0.0, X-CUBE-SFXS2LP1_V4.0.0, X-CUBE-ST67W61_V1.2.0, X-CUBE-SUBG2_V5.0.0, X-CUBE-TOF1_V3.4.3]
2026-05-19 10:53:31,535 [INFO] ApiDb:240 - Found 880 in-development CPN: [B-G473E-ZEST1S, B-WB1M-WPAN1, B-WBA5M-WPAN, B-WL5M-SUBG1, NUCLEO-C031C6, NUCLEO-C051C8, NUCLEO-C071RB, NUCLEO-C092RC, NUCLEO-H503RB, NUCLEO-H533RE, NUCLEO-H563ZI, NUCLEO-H7S3L8, NUCLEO-N657X0-Q, NUCLEO-U031R8, NUCLEO-U083RC, NUCLEO-U385RG-Q, NUCLEO-U545RE-Q, NUCLEO-U5A5ZJ-Q, NUCLEO-WB05KZ, NUCLEO-WB07CC, NUCLEO-WB09KE, NUCLEO-WBA52CG, NUCLEO-WBA55CG, NUCLEO-WL33CC1, NUCLEO-WL33CC2, STEVAL-PROTEUS1, STEVAL-SMARTAG2, STEVAL-STWINBX1, STM320518-EVAL, STM32C0116-DK, STM32C011D6Y3TR, STM32C011D6Y6TR, STM32C011F4P3, STM32C011F4P6, STM32C011F4U3, STM32C011F4U6TR, STM32C011F6P3, STM32C011F6P6, STM32C011F6U3, STM32C011F6U6TR, STM32C011J4M3, STM32C011J4M6, STM32C011J6M3, STM32C011J6M6, STM32C0316-DK, STM32C031C4T3, STM32C031C4T6, STM32C031C4U3, STM32C031C4U6, STM32C031C6T3, STM32C031C6T6, STM32C031C6U3, STM32C031C6U6, STM32C031F4P3, STM32C031F4P6, STM32C031F6P3, STM32C031F6P6, STM32C031G4U3, STM32C031G4U6, STM32C031G6U3, STM32C031G6U6, STM32C031K4T3, STM32C031K4T6, STM32C031K4U3, STM32C031K4U6, STM32C031K6T3, STM32C031K6T6, STM32C031K6U3, STM32C031K6U6, STM32C051C6T6, STM32C051C6U6, STM32C051C8T6, STM32C051C8U6, STM32C051D8Y6TR, STM32C051F6P6, STM32C051F8P6, STM32C051G6U6, STM32C051G8U6, STM32C051K6T6, STM32C051K6U6, STM32C051K8T6, STM32C071C8T6, STM32C071C8T6N, STM32C071C8U6, STM32C071C8U6N, STM32C071CBT6, STM32C071CBT6N, STM32C071CBU6, STM32C071CBU6N, STM32C071F8P6, STM32C071F8P6N, STM32C071FBP6, STM32C071FBP6N, STM32C071FBY6TR, STM32C071G8U6, STM32C071G8U6N, STM32C071GBU6, STM32C071GBU6N, STM32C071K8T6, STM32C071K8T6N, STM32C071K8U6, STM32C071K8U6N, STM32C071KBT6, STM32C071KBT6N, STM32C071KBU6, STM32C071KBU6N, STM32C071R8T6, STM32C071R8T6N, STM32C071RBI6N, STM32C071RBT6, STM32C071RBT6N, STM32C091CBT6, STM32C091CBU6, STM32C091CCT6, STM32C091CCU6, STM32C091ECY6TR, STM32C091FBP6, STM32C091FCP6, STM32C091GBU6, STM32C091GCU6, STM32C091KBT6, STM32C091KBU6, STM32C091KCT6, STM32C091KCU6, STM32C091RBT6, STM32C091RCI6, STM32C091RCT6, STM32C092CBT6, STM32C092CBU6, STM32C092CCT6, STM32C092CCU6, STM32C092ECY6TR, STM32C092FBP6, STM32C092FCP6, STM32C092GBU6, STM32C092GCU6, STM32C092KBT6, STM32C092KBU6, STM32C092KCT6, STM32C092KCU6, STM32C092RBT6, STM32C092RCI6, STM32C092RCT6, STM32G071K8TXN, STM32G071K8UXN, STM32G081GBU6N, STM32G081KBT6N, STM32G081KBUXN, STM32G0B1CCT6N, STM32G0B1KCT6, STM32G0B1NEY6TR, STM32G0B1RCT6N, STM32G0C1CCT6, STM32G0C1CCT6N, STM32G0C1CCU6N, STM32G0C1CET6N, STM32G0C1CEU6N, STM32G0C1KCT6, STM32G0C1NEY6TR, STM32G0C1RCI6N, STM32G0C1RCT6N, STM32G0C1REI6N, STM32G0C1RET6N, STM32G0C1VCI6, STM32G0C1VEI6, STM32G411C6T3, STM32G411C6T6, STM32G411C6U3, STM32G411C6U6, STM32G411C8T3, STM32G411C8T6, STM32G411C8U3, STM32G411C8U6, STM32G411CBT3, STM32G411CBT6, STM32G411CBU3, STM32G411CBU6, STM32G411K6T3, STM32G411K6T6, STM32G411K6U3, STM32G411K6U6, STM32G411K8T3, STM32G411K8T6, STM32G411K8U3, STM32G411K8U6, STM32G411KBT3, STM32G411KBT6, STM32G411KBU3, STM32G411KBU6, STM32G411M6T3, STM32G411M6T6, STM32G411M8T3, STM32G411M8T6, STM32G411MBT3, STM32G411MBT6, STM32G411R6T3, STM32G411R6T6, STM32G411R8T3, STM32G411R8T6, STM32G411RBT3, STM32G411RBT6, STM32G414CBT3, STM32G414CBT6, STM32G414CBU3, STM32G414CBU6, STM32G414CCT3, STM32G414CCT6, STM32G414CCU3, STM32G414CCU6, STM32G414MBT3, STM32G414MBT6, STM32G414MCT3, STM32G414MCT6, STM32G414RBT3, STM32G414RBT6, STM32G414RCT3, STM32G414RCT6, STM32G414VBT3, STM32G414VBT6, STM32G414VCT3, STM32G414VCT6, STM32G431CBT3Z, STM32G431RBT3Z, STM32G471CCT6, STM32G471CCU6, STM32G471CET3, STM32G471CET6, STM32G471CEU3, STM32G471CEU6, STM32G471MCT6, STM32G471MET3, STM32G471MET6, STM32G471MEY6TR, STM32G471QCT6, STM32G471QET3, STM32G471RCT6, STM32G471RET3, STM32G471RET6, STM32G471VCH6, STM32G471VCI6, STM32G471VCT6, STM32G471VEH3, STM32G471VEH6, STM32G471VEI3, STM32G471VEI6, STM32G471VET3, STM32G471VET6, STM32G473QET3Z, STM32G473RET3Z, STM32G474CCT6, STM32G491RET3Z, STM32H503CBT6, STM32H503CBU6, STM32H503EBY6TR, STM32H503KBU6, STM32H503RBT6, STM32H523CCT6, STM32H523CCU6, STM32H523CET6, STM32H523CEU6, STM32H523HEY6TR, STM32H523RCT6, STM32H523RET6, STM32H523VCI6, STM32H523VCT6, STM32H523VEI6, STM32H523VET6, STM32H523ZCJ6, STM32H523ZCT6, STM32H523ZEJ6, STM32H523ZET6, STM32H533CET6, STM32H533CEU6, STM32H533HEY6TR, STM32H533RET6, STM32H533VEI6, STM32H533VET6, STM32H533ZEJ6, STM32H533ZET6, STM32H562AGI6, STM32H562AII6, STM32H562IGK6, STM32H562IGT6, STM32H562IIK6, STM32H562IIT6, STM32H562RGT6, STM32H562RGV6, STM32H562RIT6, STM32H562RIV6, STM32H562VGT6, STM32H562VIT6, STM32H562ZGT6, STM32H562ZIT6, STM32H563AGI6, STM32H563AII3Q, STM32H563AII6, STM32H563IGK6, STM32H563IGT6, STM32H563IIK3Q, STM32H563IIK6, STM32H563IIT3Q, STM32H563IIT6, STM32H563MIY3QTR, STM32H563RGT6, STM32H563RGV6, STM32H563RIT6, STM32H563RIV6, STM32H563VGT6, STM32H563VIT3Q, STM32H563VIT6, STM32H563ZGT6, STM32H563ZIT3Q, STM32H563ZIT6, STM32H573AII3Q, STM32H573AII6, STM32H573I-DK, STM32H573IIK3Q, STM32H573IIK6, STM32H573IIT3Q, STM32H573IIT6, STM32H573MIY3QTR, STM32H573RIT6, STM32H573RIV6, STM32H573VIT3Q, STM32H573VIT6, STM32H573ZIT3Q, STM32H573ZIT6, STM32H7R3A8I6, STM32H7R3I8K6, STM32H7R3I8T6, STM32H7R3L8H6, STM32H7R3L8H6H, STM32H7R3R8V6, STM32H7R3V8H6, STM32H7R3V8T6, STM32H7R3V8Y6TR, STM32H7R3Z8J6, STM32H7R3Z8T6, STM32H7R7A8I6, STM32H7R7I8K6, STM32H7R7I8T6, STM32H7R7L8H6, STM32H7R7L8H6H, STM32H7R7Z8J6, STM32H7S3A8I6, STM32H7S3I8K6, STM32H7S3I8T6, STM32H7S3L8H6, STM32H7S3L8H6H, STM32H7S3R8V6, STM32H7S3V8H6, STM32H7S3V8T6, STM32H7S3V8Y6TR, STM32H7S3Z8J6, STM32H7S3Z8T6, STM32H7S78-DK, STM32H7S7A8I6, STM32H7S7I8K6, STM32H7S7I8T6, STM32H7S7L8H6, STM32H7S7L8H6H, STM32H7S7Z8J6, STM32L4R5QGI6STR, STM32MP131AAE3, STM32MP131AAF3, STM32MP131AAG3, STM32MP131CAE3, STM32MP131CAF3, STM32MP131CAG3, STM32MP131DAE7, STM32MP131DAF7, STM32MP131DAG7, STM32MP131FAE7, STM32MP131FAF7, STM32MP131FAG7, STM32MP133AAE3, STM32MP133AAF3, STM32MP133AAG3, STM32MP133CAE3, STM32MP133CAF3, STM32MP133CAG3, STM32MP133DAE7, STM32MP133DAF7, STM32MP133DAG7, STM32MP133FAE7, STM32MP133FAF7, STM32MP133FAG7, STM32MP135AAE3, STM32MP135AAF3, STM32MP135AAG3, STM32MP135CAE3, STM32MP135CAF3, STM32MP135CAG3, STM32MP135DAE7, STM32MP135DAF7, STM32MP135DAG7, STM32MP135F-DK, STM32MP135FAE7, STM32MP135FAF7, STM32MP135FAF7T, STM32MP135FAF7U, STM32MP135FAG7, STM32MP211AAL3, STM32MP211AAM3, STM32MP211AAN3, STM32MP211AAO3, STM32MP211CAL3, STM32MP211CAM3, STM32MP211CAN3, STM32MP211CAO3, STM32MP211DAL3, STM32MP211DAM3, STM32MP211DAN3, STM32MP211DAO3, STM32MP211FAL3, STM32MP211FAM3, STM32MP211FAN3, STM32MP211FAO3, STM32MP213AAL3, STM32MP213AAM3, STM32MP213AAN3, STM32MP213AAO3, STM32MP213CAL3, STM32MP213CAM3, STM32MP213CAN3, STM32MP213CAO3, STM32MP213DAL3, STM32MP213DAM3, STM32MP213DAN3, STM32MP213DAO3, STM32MP213FAL3, STM32MP213FAM3, STM32MP213FAN3, STM32MP213FAO3, STM32MP215AAL3, STM32MP215AAM3, STM32MP215AAN3, STM32MP215AAO3, STM32MP215CAL3, STM32MP215CAM3, STM32MP215CAN3, STM32MP215CAO3, STM32MP215DAL3, STM32MP215DAM3, STM32MP215DAN3, STM32MP215DAO3, STM32MP215F-DK, STM32MP215FAL3, STM32MP215FAM3, STM32MP215FAN3, STM32MP215FAO3, STM32MP231AAJ3, STM32MP231AAK3, STM32MP231AAL3, STM32MP231CAJ3, STM32MP231CAK3, STM32MP231CAL3, STM32MP231DAJ3, STM32MP231DAK3, STM32MP231DAL3, STM32MP231FAJ3, STM32MP231FAK3, STM32MP231FAL3, STM32MP233AAJ3, STM32MP233AAK3, STM32MP233AAL3, STM32MP233CAJ3, STM32MP233CAK3, STM32MP233CAL3, STM32MP233DAJ3, STM32MP233DAK3, STM32MP233DAL3, STM32MP233FAJ3, STM32MP233FAK3, STM32MP233FAL3, STM32MP235AAJ3, STM32MP235AAK3, STM32MP235AAL3, STM32MP235CAJ3, STM32MP235CAK3, STM32MP235CAL3, STM32MP235DAJ3, STM32MP235DAK3, STM32MP235DAL3, STM32MP235FAJ3, STM32MP235FAK3, STM32MP235FAL3, STM32MP251AAI3, STM32MP251AAK3, STM32MP251AAL3, STM32MP251CAI3, STM32MP251CAK3, STM32MP251CAL3, STM32MP251DAI3, STM32MP251DAK3, STM32MP251DAL3, STM32MP251FAI3, STM32MP251FAK3, STM32MP251FAL3, STM32MP253AAI3, STM32MP253AAK3, STM32MP253AAL3, STM32MP253CAI3, STM32MP253CAK3, STM32MP253CAL3, STM32MP253DAI3, STM32MP253DAK3, STM32MP253DAL3, STM32MP253FAI3, STM32MP253FAK3, STM32MP253FAL3, STM32MP255AAI3, STM32MP255AAK3, STM32MP255AAL3, STM32MP255CAI3, STM32MP255CAK3, STM32MP255CAL3, STM32MP255DAI3, STM32MP255DAK3, STM32MP255DAL3, STM32MP255FAI3, STM32MP255FAK3, STM32MP255FAL3, STM32MP257AAI3, STM32MP257AAK3, STM32MP257AAL3, STM32MP257CAI3, STM32MP257CAK3, STM32MP257CAL3, STM32MP257DAI3, STM32MP257DAK3, STM32MP257DAL3, STM32MP257F-DK, STM32MP257F-EV1, STM32MP257FAI3, STM32MP257FAK3, STM32MP257FAL3, STM32N645A0H3Q, STM32N645B0H3Q, STM32N645I0H3Q, STM32N645L0H3Q, STM32N645X0H3Q, STM32N645Z0H3Q, STM32N647A0H3Q, STM32N647B0H3Q, STM32N647I0H3Q, STM32N647L0H3Q, STM32N647X0H3Q, STM32N647Z0H3Q, STM32N655A0H3Q, STM32N655B0H3Q, STM32N655I0H3Q, STM32N655L0H3Q, STM32N655X0H3Q, STM32N655Z0H3Q, STM32N6570-DK, STM32N657A0H3Q, STM32N657B0H3Q, STM32N657I0H3Q, STM32N657L0H3Q, STM32N657X0H3Q, STM32N657Z0H3Q, STM32U031C6T6, STM32U031C6U6, STM32U031C8T6, STM32U031C8U6, STM32U031F4P6, STM32U031F6P6, STM32U031F8P6, STM32U031G6Y6TR, STM32U031G8Y6TR, STM32U031K4U6, STM32U031K6U6, STM32U031K8U6, STM32U031R6I6, STM32U031R6T6, STM32U031R8I6, STM32U031R8T6, STM32U073C8T6, STM32U073C8U6, STM32U073CBT6, STM32U073CBU6, STM32U073CCT6, STM32U073CCU6, STM32U073H8Y6TR, STM32U073HBY6TR, STM32U073HCY6TR, STM32U073K8U6, STM32U073KBU6, STM32U073KCU6, STM32U073M8I6, STM32U073M8T6, STM32U073MBI6, STM32U073MBT6, STM32U073MCI6, STM32U073MCT6, STM32U073R8I6, STM32U073R8T6, STM32U073RBI6, STM32U073RBT6, STM32U073RCI6, STM32U073RCT6, STM32U083C-DK, STM32U083CCT6, STM32U083CCU6, STM32U083HCY6TR, STM32U083KCU6, STM32U083MCI6, STM32U083MCT6, STM32U083RCI6, STM32U083RCT6, STM32U375CET6, STM32U375CET6Q, STM32U375CEU6, STM32U375CEU6Q, STM32U375CEY6QTR, STM32U375CGT6, STM32U375CGT6Q, STM32U375CGU6, STM32U375CGU6Q, STM32U375CGY6QTR, STM32U375KEU6, STM32U375KGU6, STM32U375REI6, STM32U375REI6Q, STM32U375RET6, STM32U375RET6Q, STM32U375REY6GTR, STM32U375REY6QTR, STM32U375RGI6, STM32U375RGI6Q, STM32U375RGT6, STM32U375RGT6Q, STM32U375RGY6GTR, STM32U375RGY6QTR, STM32U375VEI6, STM32U375VEI6Q, STM32U375VET6, STM32U375VET6Q, STM32U375VGI6, STM32U375VGI6Q, STM32U375VGT6, STM32U375VGT6Q, STM32U385CGT6, STM32U385CGT6Q, STM32U385CGU6, STM32U385CGU6Q, STM32U385CGY6QTR, STM32U385KGU6, STM32U385RGI6, STM32U385RGI6Q, STM32U385RGT6, STM32U385RGT6Q, STM32U385RGY6GTR, STM32U385RGY6QTR, STM32U385VGI6, STM32U385VGI6Q, STM32U385VGT6, STM32U385VGT6Q, STM32U535CBT6, STM32U535CBT6Q, STM32U535CBU6, STM32U535CBU6Q, STM32U535CCT6, STM32U535CCT6Q, STM32U535CCU6, STM32U535CCU6Q, STM32U535CET6, STM32U535CET6Q, STM32U535CEU6, STM32U535CEU6Q, STM32U535JEY6QTR, STM32U535NCY6QTR, STM32U535NEY6QTR, STM32U535RBI6, STM32U535RBI6Q, STM32U535RBT6, STM32U535RBT6Q, STM32U535RCI6, STM32U535RCI6Q, STM32U535RCT6, STM32U535RCT6Q, STM32U535REI6, STM32U535REI6Q, STM32U535RET6, STM32U535RET6Q, STM32U535VCI6, STM32U535VCI6Q, STM32U535VCT6, STM32U535VCT6Q, STM32U535VEI6, STM32U535VEI6Q, STM32U535VET6, STM32U535VET6Q, STM32U545CET6, STM32U545CET6Q, STM32U545CEU6, STM32U545CEU6Q, STM32U545JEY6QTR, STM32U545NEY6QTR, STM32U545REI6, STM32U545REI6Q, STM32U545RET6, STM32U545RET6Q, STM32U545VEI6, STM32U545VEI6Q, STM32U545VET6, STM32U545VET6Q, STM32U595AIH6, STM32U595AIH6Q, STM32U595AJH6, STM32U595AJH6Q, STM32U595QII6, STM32U595QII6Q, STM32U595QJI6, STM32U595QJI6Q, STM32U595RIT6, STM32U595RIT6Q, STM32U595RJT6, STM32U595RJT6Q, STM32U595VIT6, STM32U595VIT6Q, STM32U595VJT6, STM32U595VJT6Q, STM32U595ZIT6, STM32U595ZIT6Q, STM32U595ZIY6QTR, STM32U595ZJT6, STM32U595ZJT6Q, STM32U595ZJY6QTR, STM32U599BJY6QTR, STM32U599NIH6Q, STM32U599NJH6Q, STM32U599VIT6Q, STM32U599VJT6, STM32U599VJT6Q, STM32U599ZIT6Q, STM32U599ZIY6QTR, STM32U599ZJT6Q, STM32U599ZJY6QTR, STM32U5A5AJH6, STM32U5A5AJH6Q, STM32U5A5QII3Q , STM32U5A5QJI6, STM32U5A5QJI6Q, STM32U5A5RJT6, STM32U5A5RJT6Q, STM32U5A5VJT6, STM32U5A5VJT6Q, STM32U5A5ZJT6, STM32U5A5ZJT6Q, STM32U5A5ZJY6QTR, STM32U5A9BJY6QTR, STM32U5A9J-DK, STM32U5A9NJH6Q, STM32U5A9VJT6Q, STM32U5A9ZJT6Q, STM32U5A9ZJY6QTR, STM32U5F7VIT6, STM32U5F7VIT6Q, STM32U5F7VJT6, STM32U5F7VJT6Q, STM32U5F9BJY6QTR, STM32U5F9NJH6Q, STM32U5F9VIT6Q, STM32U5F9VJT6Q, STM32U5F9ZIJ6QTR, STM32U5F9ZIT6Q, STM32U5F9ZJJ6QTR, STM32U5F9ZJT6Q, STM32U5G7VJT6, STM32U5G7VJT6Q, STM32U5G9BJY6QTR, STM32U5G9J-DK1, STM32U5G9J-DK2, STM32U5G9NJH6Q, STM32U5G9VJT6Q, STM32U5G9ZJJ6QTR, STM32U5G9ZJT6Q, STM32WB05KZV6TR, STM32WB05KZV7TR, STM32WB05TZF6TR, STM32WB05TZF7TR, STM32WB06CCF6TR, STM32WB06CCF7TR, STM32WB06CCV6TR, STM32WB06CCV7TR, STM32WB06KCV6TR, STM32WB06KCV7TR, STM32WB07CCF6TR, STM32WB07CCF7TR, STM32WB07CCV6TR, STM32WB07CCV7TR, STM32WB07KCV6TR, STM32WB07KCV7TR, STM32WB09KEV6TR, STM32WB09KEV7TR, STM32WB09TEF6TR, STM32WB09TEF7TR, STM32WB1MMCH6, STM32WBA50KGU6, STM32WBA50KGU6TR, STM32WBA52CEU6, STM32WBA52CEU6TR, STM32WBA52CEU7, STM32WBA52CEU7TR, STM32WBA52CGU6, STM32WBA52CGU6TR, STM32WBA52CGU6U, STM32WBA52CGU7, STM32WBA52CGU7TR, STM32WBA52KEU6, STM32WBA52KEU6TR, STM32WBA52KGU6, STM32WBA52KGU6TR, STM32WBA54CEU6, STM32WBA54CEU6TR, STM32WBA54CEU7, STM32WBA54CEU7TR, STM32WBA54CGU6, STM32WBA54CGU6TR, STM32WBA54CGU7, STM32WBA54CGU7TR, STM32WBA54KEU6, STM32WBA54KEU6TR, STM32WBA54KEU7, STM32WBA54KEU7TR, STM32WBA54KGU6, STM32WBA54KGU6TR, STM32WBA54KGU7, STM32WBA54KGU7TR, STM32WBA55CEU6, STM32WBA55CEU6TR, STM32WBA55CEU7, STM32WBA55CEU7TR, STM32WBA55CGU6, STM32WBA55CGU6TR, STM32WBA55CGU6U, STM32WBA55CGU7, STM32WBA55CGU7TR, STM32WBA55G-DK1, STM32WBA55HEF6, STM32WBA55HEF7, STM32WBA55HGF6, STM32WBA55HGF7, STM32WBA55UEI6, STM32WBA55UEI6TR, STM32WBA55UEI7, STM32WBA55UEI7TR, STM32WBA55UGI6, STM32WBA55UGI6TR, STM32WBA55UGI7, STM32WBA55UGI7TR, STM32WBA5MMGH6TR, STM32WBA62MGF6, STM32WBA62MIF6, STM32WBA65MGF7, STM32WBA65MIF6, STM32WBA65MIF7, STM32WL30K8V6, STM32WL30KBV6, STM32WL31C8V6, STM32WL31CBV6, STM32WL31K8V6, STM32WL31KBV6, STM32WL33C8V6, STM32WL33C8V6X, STM32WL33CBV6, STM32WL33CBV6X, STM32WL33CCV6, STM32WL33CCV6A, STM32WL33CCV6X, STM32WL33K8V7, STM32WL33K8V7X, STM32WL33KBV7 , STM32WL33KBV7X, STM32WL33KCV7, STM32WL33KCV7X, STM32WL5MOCH6, STM32WL5MOCH6TR]
2026-05-19 10:53:31,539 [INFO] DbMcus:218 - Found 5086 MCUs, 4968 are supported
2026-05-19 10:53:31,540 [INFO] ApiDb:423 - Load user favorites file C:\Users\hanna/.stm32cubeide/favorites.mcus.txt: 0 item(s)
2026-05-19 10:53:31,540 [INFO] ApiDb:427 - User favorites MCUs=[]
2026-05-19 10:53:31,540 [INFO] DbMcus:224 - Set 0 / 0 favorites MCUs
2026-05-19 10:53:32,036 [INFO] BoardInfo:889 - No configuration file found for board NUCLEO-H5E5ZJ
2026-05-19 10:53:32,037 [INFO] DbBoards:161 - Board is not supported: NUCLEO-H5E5ZJ
2026-05-19 10:53:32,090 [INFO] BoardInfo:889 - No configuration file found for board NUCLEO-U3C5ZI-Q
2026-05-19 10:53:32,090 [INFO] DbBoards:161 - Board is not supported: NUCLEO-U3C5ZI-Q
2026-05-19 10:53:32,104 [INFO] BoardInfo:889 - No configuration file found for board NUCLEO-WBA25CE1
2026-05-19 10:53:32,105 [INFO] DbBoards:161 - Board is not supported: NUCLEO-WBA25CE1
2026-05-19 10:53:32,115 [INFO] BoardInfo:889 - No configuration file found for board NUCLEO-WL3RKB1
2026-05-19 10:53:32,116 [INFO] DbBoards:161 - Board is not supported: NUCLEO-WL3RKB1
2026-05-19 10:53:32,117 [INFO] BoardInfo:889 - No configuration file found for board NUCLEO-WL3RKB2
2026-05-19 10:53:32,118 [INFO] DbBoards:161 - Board is not supported: NUCLEO-WL3RKB2
2026-05-19 10:53:32,124 [INFO] BoardInfo:889 - No configuration file found for board P-NUCLEO-WB55
2026-05-19 10:53:32,125 [INFO] DbBoards:161 - Kit is not supported: P-NUCLEO-WB55
2026-05-19 10:53:32,130 [INFO] BoardInfo:889 - No configuration file found for board STEVAL-BFA001V1B
2026-05-19 10:53:32,131 [INFO] DbBoards:161 - Kit is not supported: STEVAL-BFA001V1B
2026-05-19 10:53:32,132 [INFO] BoardInfo:889 - No configuration file found for board STEVAL-BFA001V2B
2026-05-19 10:53:32,133 [INFO] DbBoards:161 - Kit is not supported: STEVAL-BFA001V2B
2026-05-19 10:53:32,232 [INFO] BoardInfo:889 - No configuration file found for board STM32H5F5J-DK
2026-05-19 10:53:32,232 [INFO] DbBoards:161 - Board is not supported: STM32H5F5J-DK
2026-05-19 10:53:32,306 [INFO] DbBoards:168 - Found 218 boards, 209 are supported
2026-05-19 10:53:32,306 [INFO] DbBoards:169 - Found 218 boards, 43 of them is supported for  Bsp
2026-05-19 10:53:32,309 [INFO] ApiDb:423 - Load user favorites file C:\Users\hanna/.stm32cubeide/favorites.boards.txt: 1 item(s)
2026-05-19 10:53:32,309 [INFO] ApiDb:427 - User favorites Boards=[NUCLEO-H7A3ZI-Q]
2026-05-19 10:53:32,309 [INFO] DbBoards:198 - Set 1 / 1 favorites Boards
2026-05-19 10:53:32,389 [INFO] UtilMem:75 - End LoadConfig() Used Memory: 915837680 Bytes (1073741824)
2026-05-19 10:53:32,518 [WARN] ThirdParty:833 - waiting for thirdparty lock release [change project]
2026-05-19 10:53:32,518 [INFO] ThirdParty:835 - entering critical section [change project]
2026-05-19 10:53:32,518 [INFO] ThirdParty:1030 - CMSIS Pack Vendor :STMicroelectronics X-CUBE-AZRTOS-H7 3.5.0
2026-05-19 10:53:32,518 [INFO] ThirdParty:1030 - CMSIS Pack Vendor :STMicroelectronics X-CUBE-PM33A1 1.0.0
2026-05-19 10:53:32,518 [INFO] ThirdParty:1030 - CMSIS Pack Vendor :STMicroelectronics USBPD 4.1
2026-05-19 10:53:32,518 [INFO] ThirdParty:1030 - CMSIS Pack Vendor :STMicroelectronics USB_HOST 2.0.0
2026-05-19 10:53:32,518 [INFO] ThirdParty:1030 - CMSIS Pack Vendor :STMicroelectronics FP-SNS-MOTENVWB1 1.4.0
2026-05-19 10:53:32,518 [INFO] ThirdParty:1030 - CMSIS Pack Vendor :STMicroelectronics X-CUBE-AZRTOS-F4 1.1.0
2026-05-19 10:53:32,518 [INFO] ThirdParty:1030 - CMSIS Pack Vendor :STMicroelectronics LIBJPEG 8.0.0
2026-05-19 10:53:32,518 [INFO] ThirdParty:1030 - CMSIS Pack Vendor :STMicroelectronics FP-ATR-ASTRA1 2.0.2
2026-05-19 10:53:32,518 [INFO] ThirdParty:1030 - CMSIS Pack Vendor :STMicroelectronics FP-ATR-ASTRA1 2.0.1
2026-05-19 10:53:32,518 [INFO] ThirdParty:1030 - CMSIS Pack Vendor :Avnet-IotConnect X-CUBE-IoTC-DA16k-PMOD 1.0.0
2026-05-19 10:53:32,518 [INFO] ThirdParty:1030 - CMSIS Pack Vendor :STMicroelectronics X-CUBE-SMBUS 2.1.0
2026-05-19 10:53:32,518 [INFO] ThirdParty:1030 - CMSIS Pack Vendor :STMicroelectronics X-CUBE-WB05N 1.1.0
2026-05-19 10:53:32,518 [INFO] ThirdParty:1030 - CMSIS Pack Vendor :STMicroelectronics X-CUBE-ISPU 2.1.0
2026-05-19 10:53:32,518 [INFO] ThirdParty:1030 - CMSIS Pack Vendor :STMicroelectronics X-CUBE-IPS 3.2.0
2026-05-19 10:53:32,518 [INFO] ThirdParty:1030 - CMSIS Pack Vendor :STMicroelectronics eDS-WB_DPC_TT-BIDIR 2.1.1
2026-05-19 10:53:32,518 [INFO] ThirdParty:1030 - CMSIS Pack Vendor :STMicroelectronics X-CUBE-ST60 1.0.0
2026-05-19 10:53:32,518 [INFO] ThirdParty:1030 - CMSIS Pack Vendor :STMicroelectronics X-CUBE-NFC12 1.0.0
2026-05-19 10:53:32,518 [INFO] ThirdParty:1030 - CMSIS Pack Vendor :STMicroelectronics X-CUBE-AZRTOS-F7 1.1.0
2026-05-19 10:53:32,518 [INFO] ThirdParty:1030 - CMSIS Pack Vendor :STMicroelectronics X-CUBE-AZRTOS-L5 2.0.0
2026-05-19 10:53:32,518 [INFO] ThirdParty:1030 - CMSIS Pack Vendor :STMicroelectronics USB_DEVICE 2.0.0
2026-05-19 10:53:32,518 [INFO] ThirdParty:1030 - CMSIS Pack Vendor :STMicroelectronics X-CUBE-NFC6 3.1.0
2026-05-19 10:53:32,518 [INFO] ThirdParty:1030 - CMSIS Pack Vendor :STMicroelectronics FP-SNS-MOTENV1 5.1.0
2026-05-19 10:53:32,518 [INFO] ThirdParty:1030 - CMSIS Pack Vendor :STMicroelectronics FreeRTOS 0.0.1
2026-05-19 10:53:32,518 [INFO] ThirdParty:1030 - CMSIS Pack Vendor :STMicroelectronics X-CUBE-DPower 1.2.0
2026-05-19 10:53:32,518 [INFO] ThirdParty:1030 - CMSIS Pack Vendor :STMicroelectronics eDS-WB_DPC_VIENNA 1.2.0
2026-05-19 10:53:32,518 [INFO] ThirdParty:1030 - CMSIS Pack Vendor :STMicroelectronics FP-SNS-FLIGHT1 5.0.2
2026-05-19 10:53:32,518 [INFO] ThirdParty:1030 - CMSIS Pack Vendor :STMicroelectronics eDS-WB_DPC_3PH2L-BIDIR 1.1.1
2026-05-19 10:53:32,518 [INFO] ThirdParty:1030 - CMSIS Pack Vendor :Infineon AIROC-Wi-Fi-Bluetooth-STM32 1.7.0
2026-05-19 10:53:32,519 [INFO] ThirdParty:1030 - CMSIS Pack Vendor :STMicroelectronics PDM2PCM 3.3.0
2026-05-19 10:53:32,519 [INFO] ThirdParty:1030 - CMSIS Pack Vendor :STMicroelectronics X-CUBE-AZRTOS-H7 3.4.0
2026-05-19 10:53:32,519 [INFO] ThirdParty:1030 - CMSIS Pack Vendor :STMicroelectronics X-CUBE-DISPLAY 3.0.0
2026-05-19 10:53:32,519 [INFO] ThirdParty:1030 - CMSIS Pack Vendor :STMicroelectronics X-CUBE-GNSS1 7.1.1
2026-05-19 10:53:32,519 [INFO] ThirdParty:1030 - CMSIS Pack Vendor :STMicroelectronics FP-SNS-MOTENVWB1 1.5.0
2026-05-19 10:53:32,519 [INFO] ThirdParty:1030 - CMSIS Pack Vendor :STMicroelectronics X-CUBE-BLE1 7.0.0
2026-05-19 10:53:32,519 [INFO] ThirdParty:1030 - CMSIS Pack Vendor :STMicroelectronics X-CUBE-NFC10 1.0.0
2026-05-19 10:53:32,519 [INFO] ThirdParty:1030 - CMSIS Pack Vendor :STMicroelectronics X-CUBE-BLEMGR 4.0.0
2026-05-19 10:53:32,519 [INFO] ThirdParty:1030 - CMSIS Pack Vendor :STMicroelectronics X-CUBE-FREERTOS 1.3.1
2026-05-19 10:53:32,519 [INFO] ThirdParty:1030 - CMSIS Pack Vendor :STMicroelectronics HAL Drivers 0.0.0
2026-05-19 10:53:32,519 [INFO] ThirdParty:1030 - CMSIS Pack Vendor :STMicroelectronics X-CUBE-ST60 1.1.0
2026-05-19 10:53:32,519 [INFO] ThirdParty:1030 - CMSIS Pack Vendor :emotas I-CUBE-CANOPEN 1.3.0
2026-05-19 10:53:32,519 [INFO] ThirdParty:1030 - CMSIS Pack Vendor :STMicroelectronics X-CUBE-FREERTOS 1.3.0
2026-05-19 10:53:32,519 [INFO] ThirdParty:1030 - CMSIS Pack Vendor :STMicroelectronics X-CUBE-NFC7 1.0.1
2026-05-19 10:53:32,519 [INFO] ThirdParty:1030 - CMSIS Pack Vendor :STMicroelectronics MBEDTLS 2.14.1
2026-05-19 10:53:32,519 [INFO] ThirdParty:1030 - CMSIS Pack Vendor :STMicroelectronics X-CUBE-GNSS1 7.1.0
2026-05-19 10:53:32,519 [INFO] ThirdParty:1030 - CMSIS Pack Vendor :STMicroelectronics X-CUBE-TOUCHGFX 4.26.0
2026-05-19 10:53:32,519 [INFO] ThirdParty:1030 - CMSIS Pack Vendor :STMicroelectronics X-CUBE-TOUCHGFX 4.26.1
2026-05-19 10:53:32,519 [INFO] ThirdParty:1030 - CMSIS Pack Vendor :STMicroelectronics X-CUBE-AI 10.0.0
2026-05-19 10:53:32,519 [INFO] ThirdParty:1030 - CMSIS Pack Vendor :STMicroelectronics FP-SNS-STBOX1 2.1.0
2026-05-19 10:53:32,519 [INFO] ThirdParty:1030 - CMSIS Pack Vendor :STMicroelectronics FP-SNS-STAIOTCFT 1.0.0
2026-05-19 10:53:32,519 [INFO] ThirdParty:1030 - CMSIS Pack Vendor :STMicroelectronics FP-SNS-SMARTAG2 1.2.0
2026-05-19 10:53:32,519 [INFO] ThirdParty:1030 - CMSIS Pack Vendor :STMicroelectronics FP-SNS-FLIGHT1 5.1.0
2026-05-19 10:53:32,519 [INFO] ThirdParty:1030 - CMSIS Pack Vendor :STMicroelectronics X-CUBE-MEMS1 11.1.0
2026-05-19 10:53:32,519 [INFO] ThirdParty:1030 - CMSIS Pack Vendor :STMicroelectronics X-CUBE-AZRTOS-WL 2.0.0
2026-05-19 10:53:32,519 [INFO] ThirdParty:1030 - CMSIS Pack Vendor :STMicroelectronics X-CUBE-DPower 1.3.0
2026-05-19 10:53:32,519 [INFO] ThirdParty:1030 - CMSIS Pack Vendor :STMicroelectronics FP-SNS-MOTENV1 5.0.0
2026-05-19 10:53:32,519 [INFO] ThirdParty:1030 - CMSIS Pack Vendor :STMicroelectronics USB_DEVICE 1.0.0
2026-05-19 10:53:32,519 [INFO] ThirdParty:1030 - CMSIS Pack Vendor :STMicroelectronics X-CUBE-AZRTOS-H7RS 1.2.0
2026-05-19 10:53:32,519 [INFO] ThirdParty:1030 - CMSIS Pack Vendor :wolfSSL I-CUBE-wolfMQTT 1.19.0
2026-05-19 10:53:32,519 [INFO] ThirdParty:1030 - CMSIS Pack Vendor :STMicroelectronics X-CUBE-AZRTOS-L4 2.0.0
2026-05-19 10:53:32,519 [INFO] ThirdParty:1030 - CMSIS Pack Vendor :STMicroelectronics ThreadX 0.0.2
2026-05-19 10:53:32,520 [INFO] ThirdParty:1030 - CMSIS Pack Vendor :WES I-CUBE-Cesium 1.3.0
2026-05-19 10:53:32,520 [INFO] ThirdParty:1030 - CMSIS Pack Vendor :STMicroelectronics lwIP 2.1.2
2026-05-19 10:53:32,520 [INFO] ThirdParty:1030 - CMSIS Pack Vendor :STMicroelectronics X-CUBE-SFXS2LP1 4.0.0
2026-05-19 10:53:32,520 [INFO] ThirdParty:1030 - CMSIS Pack Vendor :STMicroelectronics X-CUBE-BLE2 3.3.0
2026-05-19 10:53:32,520 [INFO] ThirdParty:1030 - CMSIS Pack Vendor :Avnet-IOTCONNECT X-CUBE-iotc-st67-sdk 1.0.0
2026-05-19 10:53:32,520 [INFO] ThirdParty:1030 - CMSIS Pack Vendor :STMicroelectronics PDM2PCM 3.2.0
2026-05-19 10:53:32,520 [INFO] ThirdParty:1030 - CMSIS Pack Vendor :STMicroelectronics X-CUBE-WB05N 2.1.0
2026-05-19 10:53:32,520 [INFO] ThirdParty:1030 - CMSIS Pack Vendor :STMicroelectronics X-CUBE-ST67W61 1.2.0
2026-05-19 10:53:32,520 [INFO] ThirdParty:1030 - CMSIS Pack Vendor :STMicroelectronics X-CUBE-AZRTOS-H7 3.3.0
2026-05-19 10:53:32,520 [INFO] ThirdParty:1030 - CMSIS Pack Vendor :STMicroelectronics X-CUBE-NFC9 1.0.0
2026-05-19 10:53:32,520 [INFO] ThirdParty:1030 - CMSIS Pack Vendor :STMicroelectronics X-CUBE-BLE1 7.1.0
2026-05-19 10:53:32,520 [INFO] ThirdParty:1030 - CMSIS Pack Vendor :STMicroelectronics USB_DEVICE 3.0.0
2026-05-19 10:53:32,520 [INFO] ThirdParty:1030 - CMSIS Pack Vendor :STMicroelectronics X-CUBE-FREERTOS 1.4.0
2026-05-19 10:53:32,520 [INFO] ThirdParty:1030 - CMSIS Pack Vendor :STMicroelectronics X-CUBE-EEPRMA1 5.2.0
2026-05-19 10:53:32,520 [INFO] ThirdParty:1030 - CMSIS Pack Vendor :STMicroelectronics X-CUBE-BLEMGR 4.1.0
2026-05-19 10:53:32,520 [INFO] ThirdParty:1030 - CMSIS Pack Vendor :STMicroelectronics X-CUBE-AZRTOS-WB 2.0.0
2026-05-19 10:53:32,520 [INFO] ThirdParty:1030 - CMSIS Pack Vendor :STMicroelectronics X-CUBE-GNSS1 7.0.1
2026-05-19 10:53:32,520 [INFO] ThirdParty:1030 - CMSIS Pack Vendor :STMicroelectronics X-CUBE-TOUCHGFX 4.25.0
2026-05-19 10:53:32,520 [INFO] ThirdParty:1030 - CMSIS Pack Vendor :STMicroelectronics FP-SNS-STBOX1 2.0.0
2026-05-19 10:53:32,520 [INFO] ThirdParty:1030 - CMSIS Pack Vendor :STMicroelectronics FP-SNS-STAIOTCFT 1.1.0
2026-05-19 10:53:32,520 [INFO] ThirdParty:1030 - CMSIS Pack Vendor :STMicroelectronics X-CUBE-MEMS1 12.0.0
2026-05-19 10:53:32,520 [INFO] ThirdParty:1030 - CMSIS Pack Vendor :STMicroelectronics X-CUBE-STSE01 2.0.0
2026-05-19 10:53:32,520 [INFO] ThirdParty:1030 - CMSIS Pack Vendor :STMicroelectronics X-CUBE-MEMS1 11.2.0
2026-05-19 10:53:32,520 [INFO] ThirdParty:1030 - CMSIS Pack Vendor :STMicroelectronics X-CUBE-AZRTOS-G0 1.1.0
2026-05-19 10:53:32,520 [INFO] ThirdParty:1030 - CMSIS Pack Vendor :STMicroelectronics X-CUBE-SAFEA1 1.2.2
2026-05-19 10:53:32,520 [INFO] ThirdParty:1030 - CMSIS Pack Vendor :STMicroelectronics X-CUBE-NFC4 3.0.0
2026-05-19 10:53:32,520 [INFO] ThirdParty:1030 - CMSIS Pack Vendor :STMicroelectronics X-CUBE-SUBG2 5.0.0
2026-05-19 10:53:32,520 [INFO] ThirdParty:1030 - CMSIS Pack Vendor :STMicroelectronics X-CUBE-AZRTOS-H7RS 1.1.0
2026-05-19 10:53:32,520 [INFO] ThirdParty:1030 - CMSIS Pack Vendor :STMicroelectronics STM32_WPAN 1.0.0
2026-05-19 10:53:32,520 [INFO] ThirdParty:1030 - CMSIS Pack Vendor :EmbeddedOffice I-CUBE-FS-RTOS 1.0.1
2026-05-19 10:53:32,520 [INFO] ThirdParty:1030 - CMSIS Pack Vendor :STMicroelectronics lwIP 2.0.3
2026-05-19 10:53:32,520 [INFO] ThirdParty:1030 - CMSIS Pack Vendor :Cesanta I-CUBE-Mongoose 7.13.0
2026-05-19 10:53:32,520 [INFO] ThirdParty:1030 - CMSIS Pack Vendor :STMicroelectronics USB_HOST 1.0.0
2026-05-19 10:53:32,520 [INFO] ThirdParty:1030 - CMSIS Pack Vendor :STMicroelectronics X-CUBE-AZRTOS-G4 2.0.0
2026-05-19 10:53:32,520 [INFO] ThirdParty:1030 - CMSIS Pack Vendor :STMicroelectronics X-CUBE-WB05N 2.0.0
2026-05-19 10:53:32,520 [INFO] ThirdParty:1030 - CMSIS Pack Vendor :STMicroelectronics PDM2PCM 3.1.0
2026-05-19 10:53:32,520 [INFO] ThirdParty:1030 - CMSIS Pack Vendor :STMicroelectronics X-CUBE-NFC7 2.0.0
2026-05-19 10:53:32,520 [INFO] ThirdParty:1030 - CMSIS Pack Vendor :STMicroelectronics X-CUBE-TCPP 4.2.0
2026-05-19 10:53:32,520 [INFO] ThirdParty:1030 - CMSIS Pack Vendor :RealThread X-CUBE-RT-Thread_Nano 4.1.1
2026-05-19 10:53:32,520 [INFO] ThirdParty:1030 - CMSIS Pack Vendor :STMicroelectronics FP-ATR-SIGFOX1 3.2.0
2026-05-19 10:53:32,520 [INFO] ThirdParty:1030 - CMSIS Pack Vendor :quantropi X-CUBE-qispace-sdk-base 1.9.3
2026-05-19 10:53:32,520 [INFO] ThirdParty:1030 - CMSIS Pack Vendor :STMicroelectronics X-CUBE-EEPRMA1 5.1.0
2026-05-19 10:53:32,520 [INFO] ThirdParty:1030 - CMSIS Pack Vendor :STMicroelectronics X-CUBE-FREERTOS 1.5.0
2026-05-19 10:53:32,520 [INFO] ThirdParty:1030 - CMSIS Pack Vendor :STMicroelectronics MBEDTLS 2.16.2
2026-05-19 10:53:32,520 [INFO] ThirdParty:1030 - CMSIS Pack Vendor :STMicroelectronics X-CUBE-IPS 3.1.0
2026-05-19 10:53:32,520 [INFO] ThirdParty:1030 - CMSIS Pack Vendor :STMicroelectronics X-CUBE-ALS 1.0.2
2026-05-19 10:53:32,520 [INFO] ThirdParty:1030 - CMSIS Pack Vendor :wolfSSL I-CUBE-wolfSSL 5.7.6
2026-05-19 10:53:32,520 [INFO] ThirdParty:1030 - CMSIS Pack Vendor :ITTIA_DB I-CUBE-ITTIADB 8.9.0
2026-05-19 10:53:32,520 [INFO] ThirdParty:1030 - CMSIS Pack Vendor :STMicroelectronics X-CUBE-TOUCHGFX 4.24.2
2026-05-19 10:53:32,520 [INFO] ThirdParty:1030 - CMSIS Pack Vendor :STMicroelectronics X-CUBE-STSE01 1.0.0
2026-05-19 10:53:32,520 [INFO] ThirdParty:1030 - CMSIS Pack Vendor :wolfSSL I-CUBE-wolfTPM 3.4.0
2026-05-19 10:53:32,520 [INFO] ThirdParty:1030 - CMSIS Pack Vendor :portGmbH I-Cube-SoM-uGOAL 1.1.0
2026-05-19 10:53:32,520 [INFO] ThirdParty:1030 - CMSIS Pack Vendor :STMicroelectronics X-CUBE-NFC6 3.2.0
2026-05-19 10:53:32,520 [INFO] ThirdParty:1030 - CMSIS Pack Vendor :STMicroelectronics X-CUBE-ST67W61 1.0.0
2026-05-19 10:53:32,520 [INFO] ThirdParty:1030 - CMSIS Pack Vendor :STMicroelectronics X-CUBE-AI 10.2.0
2026-05-19 10:53:32,521 [INFO] ThirdParty:1030 - CMSIS Pack Vendor :STMicroelectronics ThreadX 1.0.0
2026-05-19 10:53:32,521 [INFO] ThirdParty:1030 - CMSIS Pack Vendor :STMicroelectronics X-CUBE-MEMS1 12.1.0
2026-05-19 10:53:32,521 [INFO] ThirdParty:1030 - CMSIS Pack Vendor :SEGGER I-CUBE-embOS 1.3.1
2026-05-19 10:53:32,521 [INFO] ThirdParty:1030 - CMSIS Pack Vendor :STMicroelectronics X-CUBE-ALGOBUILD 1.4.0
2026-05-19 10:53:32,521 [INFO] ThirdParty:1030 - CMSIS Pack Vendor :STMicroelectronics X-CUBE-MEMS1 11.3.0
2026-05-19 10:53:32,521 [INFO] ThirdParty:1030 - CMSIS Pack Vendor :STMicroelectronics X-CUBE-AZRTOS-H7RS 1.0.0
2026-05-19 10:53:32,521 [INFO] ThirdParty:1030 - CMSIS Pack Vendor :STMicroelectronics X-CUBE-TOF1 3.4.2
2026-05-19 10:53:32,521 [INFO] ThirdParty:1030 - CMSIS Pack Vendor :STMicroelectronics X-CUBE-TOF1 3.4.3
2026-05-19 10:53:32,521 [INFO] ThirdParty:1030 - CMSIS Pack Vendor :wolfSSL I-CUBE-wolfSSH 1.4.17
2026-05-19 10:53:32,521 [INFO] ThirdParty:841 - exiting critical section [change project]
2026-05-19 10:53:33,018 [INFO] PinOutPanel:1589 - setPackage(No Configuration,No Configuration)
2026-05-19 10:53:33,020 [INFO] PinOutPanel:1589 - setPackage(STM32H7A3ZITxQ,LQFP144)
2026-05-19 10:53:33,503 [INFO] UtilMem:75 - Before build in PCC Used Memory: 775948288 Bytes (1073741824)
2026-05-19 10:53:34,281 [INFO] UtilMem:75 - After build in PCC Used Memory: 988807168 Bytes (1073741824)
2026-05-19 10:53:34,299 [INFO] ApiDbMcu:532 - Load IP Config File for FREERTOS
2026-05-19 10:53:34,337 [INFO] IPUIPlugin:80 - create IPUIPlugin
2026-05-19 10:53:34,337 [INFO] IPUIPlugin:80 - create IPUIPlugin
2026-05-19 10:53:34,337 [INFO] IPUIPlugin:80 - create IPUIPlugin
2026-05-19 10:53:34,337 [INFO] IPUIPlugin:80 - create IPUIPlugin
2026-05-19 10:53:34,337 [INFO] IPUIPlugin:80 - create IPUIPlugin
2026-05-19 10:53:34,337 [INFO] IPUIPlugin:80 - create IPUIPlugin
2026-05-19 10:53:34,337 [INFO] IPUIPlugin:80 - create IPUIPlugin
2026-05-19 10:53:34,337 [INFO] IPUIPlugin:80 - create IPUIPlugin
2026-05-19 10:53:34,337 [INFO] IPUIPlugin:80 - create IPUIPlugin
2026-05-19 10:53:34,338 [INFO] IPUIPlugin:80 - create IPUIPlugin
2026-05-19 10:53:34,338 [INFO] IPUIPlugin:80 - create IPUIPlugin
2026-05-19 10:53:34,339 [INFO] IPUIPlugin:80 - create IPUIPlugin
2026-05-19 10:53:34,339 [INFO] IPUIPlugin:80 - create IPUIPlugin
2026-05-19 10:53:34,339 [INFO] IPUIPlugin:80 - create IPUIPlugin
2026-05-19 10:53:34,339 [INFO] IPUIPlugin:80 - create IPUIPlugin
2026-05-19 10:53:34,339 [INFO] IPUIPlugin:80 - create IPUIPlugin
2026-05-19 10:53:34,339 [INFO] IPUIPlugin:80 - create IPUIPlugin
2026-05-19 10:53:34,339 [INFO] IPUIPlugin:80 - create IPUIPlugin
2026-05-19 10:53:34,339 [INFO] IPUIPlugin:80 - create IPUIPlugin
2026-05-19 10:53:34,339 [INFO] IPUIPlugin:80 - create IPUIPlugin
2026-05-19 10:53:34,339 [INFO] IPUIPlugin:80 - create IPUIPlugin
2026-05-19 10:53:34,339 [INFO] IPUIPlugin:80 - create IPUIPlugin
2026-05-19 10:53:34,339 [INFO] IPUIPlugin:80 - create IPUIPlugin
2026-05-19 10:53:34,340 [INFO] IPUIPlugin:80 - create IPUIPlugin
2026-05-19 10:53:34,340 [INFO] IPUIPlugin:80 - create IPUIPlugin
2026-05-19 10:53:34,340 [INFO] IPUIPlugin:80 - create IPUIPlugin
2026-05-19 10:53:34,340 [INFO] IPUIPlugin:80 - create IPUIPlugin
2026-05-19 10:53:34,340 [INFO] IPUIPlugin:80 - create IPUIPlugin
2026-05-19 10:53:34,340 [INFO] IPUIPlugin:80 - create IPUIPlugin
2026-05-19 10:53:34,340 [INFO] IPUIPlugin:80 - create IPUIPlugin
2026-05-19 10:53:34,340 [INFO] IPUIPlugin:80 - create IPUIPlugin
2026-05-19 10:53:34,340 [INFO] IPUIPlugin:80 - create IPUIPlugin
2026-05-19 10:53:34,340 [INFO] IPUIPlugin:80 - create IPUIPlugin
2026-05-19 10:53:34,340 [INFO] IPUIPlugin:80 - create IPUIPlugin
2026-05-19 10:53:34,340 [INFO] IPUIPlugin:80 - create IPUIPlugin
2026-05-19 10:53:34,340 [INFO] IPUIPlugin:80 - create IPUIPlugin
2026-05-19 10:53:34,341 [INFO] IPUIPlugin:80 - create IPUIPlugin
2026-05-19 10:53:34,341 [INFO] IPUIPlugin:80 - create IPUIPlugin
2026-05-19 10:53:34,341 [INFO] IPUIPlugin:80 - create IPUIPlugin
2026-05-19 10:53:34,341 [INFO] IPUIPlugin:80 - create IPUIPlugin
2026-05-19 10:53:34,341 [INFO] IPUIPlugin:80 - create IPUIPlugin
2026-05-19 10:53:34,341 [INFO] IPUIPlugin:80 - create IPUIPlugin
2026-05-19 10:53:34,341 [INFO] IPUIPlugin:80 - create IPUIPlugin
2026-05-19 10:53:34,341 [INFO] IPUIPlugin:80 - create IPUIPlugin
2026-05-19 10:53:34,342 [INFO] IPUIPlugin:80 - create IPUIPlugin
2026-05-19 10:53:34,342 [INFO] IPUIPlugin:80 - create IPUIPlugin
2026-05-19 10:53:34,342 [INFO] IPUIPlugin:80 - create IPUIPlugin
2026-05-19 10:53:34,342 [INFO] IPUIPlugin:80 - create IPUIPlugin
2026-05-19 10:53:34,342 [INFO] IPUIPlugin:80 - create IPUIPlugin
2026-05-19 10:53:34,342 [INFO] IPUIPlugin:80 - create IPUIPlugin
2026-05-19 10:53:34,342 [INFO] IPUIPlugin:80 - create IPUIPlugin
2026-05-19 10:53:34,343 [INFO] IPUIPlugin:80 - create IPUIPlugin
2026-05-19 10:53:34,343 [INFO] IPUIPlugin:80 - create IPUIPlugin
2026-05-19 10:53:34,343 [INFO] IPUIPlugin:80 - create IPUIPlugin
2026-05-19 10:53:34,343 [INFO] IPUIPlugin:80 - create IPUIPlugin
2026-05-19 10:53:34,343 [INFO] IPUIPlugin:80 - create IPUIPlugin
2026-05-19 10:53:34,343 [INFO] IPUIPlugin:80 - create IPUIPlugin
2026-05-19 10:53:34,344 [INFO] IPUIPlugin:80 - create IPUIPlugin
2026-05-19 10:53:34,344 [INFO] IPUIPlugin:80 - create IPUIPlugin
2026-05-19 10:53:34,344 [INFO] IPUIPlugin:80 - create IPUIPlugin
2026-05-19 10:53:34,344 [INFO] IPUIPlugin:80 - create IPUIPlugin
2026-05-19 10:53:34,344 [INFO] IPUIPlugin:80 - create IPUIPlugin
2026-05-19 10:53:34,344 [INFO] IPUIPlugin:80 - create IPUIPlugin
2026-05-19 10:53:34,345 [INFO] IPUIPlugin:80 - create IPUIPlugin
2026-05-19 10:53:34,345 [INFO] IPUIPlugin:80 - create IPUIPlugin
2026-05-19 10:53:34,345 [INFO] IPUIPlugin:80 - create IPUIPlugin
2026-05-19 10:53:34,346 [INFO] IPUIPlugin:80 - create IPUIPlugin
2026-05-19 10:53:34,346 [INFO] IPUIPlugin:80 - create IPUIPlugin
2026-05-19 10:53:34,346 [INFO] IPUIPlugin:80 - create IPUIPlugin
2026-05-19 10:53:34,346 [INFO] IPUIPlugin:80 - create IPUIPlugin
2026-05-19 10:53:34,347 [INFO] IPUIPlugin:80 - create IPUIPlugin
2026-05-19 10:53:34,347 [INFO] IPUIPlugin:80 - create IPUIPlugin
2026-05-19 10:53:34,347 [INFO] IPUIPlugin:80 - create IPUIPlugin
2026-05-19 10:53:34,347 [INFO] IPUIPlugin:80 - create IPUIPlugin
2026-05-19 10:53:34,347 [INFO] IPUIPlugin:80 - create IPUIPlugin
2026-05-19 10:53:34,347 [INFO] IPUIPlugin:80 - create IPUIPlugin
2026-05-19 10:53:34,347 [INFO] IPUIPlugin:80 - create IPUIPlugin
2026-05-19 10:53:34,348 [INFO] IPUIPlugin:80 - create IPUIPlugin
2026-05-19 10:53:34,348 [INFO] IPUIPlugin:80 - create IPUIPlugin
2026-05-19 10:53:34,348 [INFO] IPUIPlugin:80 - create IPUIPlugin
2026-05-19 10:53:34,348 [INFO] IPUIPlugin:80 - create IPUIPlugin
2026-05-19 10:53:34,348 [INFO] IPUIPlugin:80 - create IPUIPlugin
2026-05-19 10:53:34,349 [INFO] IPUIPlugin:80 - create IPUIPlugin
2026-05-19 10:53:34,349 [INFO] IPUIPlugin:80 - create IPUIPlugin
2026-05-19 10:53:34,349 [INFO] IPUIPlugin:80 - create IPUIPlugin
2026-05-19 10:53:34,349 [INFO] IPUIPlugin:80 - create IPUIPlugin
2026-05-19 10:53:34,349 [INFO] IPUIPlugin:80 - create IPUIPlugin
2026-05-19 10:53:34,349 [INFO] IPUIPlugin:80 - create IPUIPlugin
2026-05-19 10:53:34,350 [INFO] IPUIPlugin:80 - create IPUIPlugin
2026-05-19 10:53:34,350 [INFO] IPUIPlugin:80 - create IPUIPlugin
2026-05-19 10:53:34,350 [INFO] IPUIPlugin:80 - create IPUIPlugin
2026-05-19 10:53:34,350 [INFO] IPUIPlugin:80 - create IPUIPlugin
2026-05-19 10:53:34,351 [INFO] IPUIPlugin:80 - create IPUIPlugin
2026-05-19 10:53:34,351 [INFO] IPUIPlugin:80 - create IPUIPlugin
2026-05-19 10:53:34,351 [INFO] IPUIPlugin:80 - create IPUIPlugin
2026-05-19 10:53:34,351 [INFO] IPUIPlugin:80 - create IPUIPlugin
2026-05-19 10:53:34,352 [INFO] IPUIPlugin:80 - create IPUIPlugin
2026-05-19 10:53:34,352 [INFO] IPUIPlugin:80 - create IPUIPlugin
2026-05-19 10:53:34,353 [INFO] IPUIPlugin:80 - create IPUIPlugin
2026-05-19 10:53:34,353 [INFO] IPUIPlugin:80 - create IPUIPlugin
2026-05-19 10:53:34,353 [INFO] IPUIPlugin:80 - create IPUIPlugin
2026-05-19 10:53:34,372 [INFO] ApiDbMcu:532 - Load IP Config File for PDM2PCM
2026-05-19 10:53:34,403 [WARN] FreeRTOS:1023 - Null or empty value: should not occur! (nothing added to the table)
2026-05-19 10:53:34,625 [INFO] CADModel:165 - CPN selected for project levelSTM32H7A3ZIT6Q
2026-05-19 10:53:34,626 [INFO] CADModel:114 - Register for checkConnection events
2026-05-19 10:53:34,628 [INFO] RtosManager:728 - Active RTOS found at IOC load: FREERTOS [Cortex-M7NS]
2026-05-19 10:53:34,698 [INFO] OpenFileManager:386 - Restore cursor
2026-05-19 10:54:46,090 [INFO] NvicIntPanel:101 - NVIC parent = com.st.microxplorer.plugins.ip.nvic.MultiNvicIntPanel[,0,0,450x262,layout=javax.swing.BoxLayout,alignmentX=0.0,alignmentY=0.0,border=,flags=9,maximumSize=,minimumSize=,preferredSize=]
2026-05-19 10:54:48,543 [INFO] NvicIntPanel:101 - NVIC parent = com.st.microxplorer.plugins.ip.nvic.MultiNvicIntPanel[,0,0,0x0,invalid,layout=javax.swing.BoxLayout,alignmentX=0.0,alignmentY=0.0,border=,flags=9,maximumSize=,minimumSize=,preferredSize=]
2026-05-19 11:26:40,293 [INFO] NvicIntPanel:101 - NVIC parent = com.st.microxplorer.plugins.ip.nvic.MultiNvicIntPanel[,0,0,560x289,layout=javax.swing.BoxLayout,alignmentX=0.0,alignmentY=0.0,border=,flags=9,maximumSize=,minimumSize=,preferredSize=]
2026-05-19 11:26:46,428 [INFO] UtilMem:75 - End SaveConfig() Used Memory: 768479264 Bytes (1073741824)
2026-05-19 11:26:48,619 [INFO] UtilMem:75 - End SaveConfig() Used Memory: 799367512 Bytes (1073741824)
2026-05-19 11:26:57,108 [INFO] UtilMem:75 - End SaveConfig() Used Memory: 874864984 Bytes (1073741824)
2026-05-19 11:26:59,541 [INFO] BlockDiagram:2775 - set Specific Code input for plugin: FREERTOS
2026-05-19 11:26:59,541 [INFO] BlockDiagram:2775 - set Specific Code input for plugin: RCC
2026-05-19 11:26:59,541 [INFO] BlockDiagram:2775 - set Specific Code input for plugin: MEMORYMAP
2026-05-19 11:26:59,541 [INFO] BlockDiagram:2775 - set Specific Code input for plugin: TIM1_8H7
2026-05-19 11:26:59,541 [INFO] BlockDiagram:2775 - set Specific Code input for plugin: SYS
2026-05-19 11:26:59,541 [INFO] BlockDiagram:2775 - set Specific Code input for plugin: NVIC
2026-05-19 11:26:59,541 [INFO] BlockDiagram:2775 - set Specific Code input for plugin: NUCLEO-H7A3ZI-Q
2026-05-19 11:26:59,541 [INFO] BlockDiagram:2775 - set Specific Code input for plugin: CORTEX_M7
2026-05-19 11:26:59,542 [INFO] BlockDiagram:2775 - set Specific Code input for plugin: GPIO
2026-05-19 11:26:59,544 [INFO] CodeGenerator:892 - code generatio: config db path: C:\ST\STM32CubeIDE_1.17.0\STM32CubeIDE\plugins\com.st.stm32cube.common.mx_6.15.0.202507011659\\db\
2026-05-19 11:26:59,687 [INFO] CodeEngine:265 - oldGeneratedFile, C:\coding\StudyPath.github.io\Stm_Work\New_Pulse_Sensor_Practice\MXTmpFiles\license.tmp_save
2026-05-19 11:26:59,987 [INFO] CodeEngine:289 - Generated code: C:\coding\StudyPath.github.io\Stm_Work\New_Pulse_Sensor_Practice\MXTmpFiles\license.tmp
2026-05-19 11:27:00,057 [INFO] CodeEngine:265 - oldGeneratedFile, C:\coding\StudyPath.github.io\Stm_Work\New_Pulse_Sensor_Practice\MXTmpFiles\gpio.tmp_save
2026-05-19 11:27:00,146 [INFO] CodeEngine:289 - Generated code: C:\coding\StudyPath.github.io\Stm_Work\New_Pulse_Sensor_Practice\MXTmpFiles\gpio.tmp
2026-05-19 11:27:00,201 [WARN] IPConfigManager:103 - WARNING: Missing Config File for MEMORYMAP ip!!
2026-05-19 11:27:00,347 [INFO] Middleware:1452 - No code input for Bsp Dependency
2026-05-19 11:27:00,355 [INFO] CodeEngine:265 - oldGeneratedFile, C:\coding\StudyPath.github.io\Stm_Work\New_Pulse_Sensor_Practice\MXTmpFiles\rtos_inc.tmp_save
2026-05-19 11:27:00,405 [INFO] CodeEngine:289 - Generated code: C:\coding\StudyPath.github.io\Stm_Work\New_Pulse_Sensor_Practice\MXTmpFiles\rtos_inc.tmp
2026-05-19 11:27:00,410 [INFO] CodeEngine:265 - oldGeneratedFile, C:\coding\StudyPath.github.io\Stm_Work\New_Pulse_Sensor_Practice\MXTmpFiles\rtos_kernelInit.tmp_save
2026-05-19 11:27:00,460 [INFO] CodeEngine:289 - Generated code: C:\coding\StudyPath.github.io\Stm_Work\New_Pulse_Sensor_Practice\MXTmpFiles\rtos_kernelInit.tmp
2026-05-19 11:27:00,466 [INFO] CodeEngine:265 - oldGeneratedFile, C:\coding\StudyPath.github.io\Stm_Work\New_Pulse_Sensor_Practice\MXTmpFiles\rtos_kernelStart.tmp_save
2026-05-19 11:27:00,512 [INFO] CodeEngine:289 - Generated code: C:\coding\StudyPath.github.io\Stm_Work\New_Pulse_Sensor_Practice\MXTmpFiles\rtos_kernelStart.tmp
2026-05-19 11:27:00,518 [INFO] CodeEngine:265 - oldGeneratedFile, C:\coding\StudyPath.github.io\Stm_Work\New_Pulse_Sensor_Practice\MXTmpFiles\rtos_typedefs.tmp_save
2026-05-19 11:27:00,560 [INFO] CodeEngine:289 - Generated code: C:\coding\StudyPath.github.io\Stm_Work\New_Pulse_Sensor_Practice\MXTmpFiles\rtos_typedefs.tmp
2026-05-19 11:27:00,566 [INFO] CodeEngine:265 - oldGeneratedFile, C:\coding\StudyPath.github.io\Stm_Work\New_Pulse_Sensor_Practice\MXTmpFiles\rtos_vars.tmp_save
2026-05-19 11:27:00,607 [INFO] CodeEngine:289 - Generated code: C:\coding\StudyPath.github.io\Stm_Work\New_Pulse_Sensor_Practice\MXTmpFiles\rtos_vars.tmp
2026-05-19 11:27:00,613 [INFO] CodeEngine:265 - oldGeneratedFile, C:\coding\StudyPath.github.io\Stm_Work\New_Pulse_Sensor_Practice\MXTmpFiles\rtos_pfp.tmp_save
2026-05-19 11:27:00,651 [INFO] CodeEngine:289 - Generated code: C:\coding\StudyPath.github.io\Stm_Work\New_Pulse_Sensor_Practice\MXTmpFiles\rtos_pfp.tmp
2026-05-19 11:27:00,657 [INFO] CodeEngine:265 - oldGeneratedFile, C:\coding\StudyPath.github.io\Stm_Work\New_Pulse_Sensor_Practice\MXTmpFiles\rtos_obj_creat.tmp_save
2026-05-19 11:27:00,697 [INFO] CodeEngine:289 - Generated code: C:\coding\StudyPath.github.io\Stm_Work\New_Pulse_Sensor_Practice\MXTmpFiles\rtos_obj_creat.tmp
2026-05-19 11:27:00,703 [INFO] CodeEngine:265 - oldGeneratedFile, C:\coding\StudyPath.github.io\Stm_Work\New_Pulse_Sensor_Practice\MXTmpFiles\rtos_default_thread.tmp_save
2026-05-19 11:27:00,745 [INFO] CodeEngine:289 - Generated code: C:\coding\StudyPath.github.io\Stm_Work\New_Pulse_Sensor_Practice\MXTmpFiles\rtos_default_thread.tmp
2026-05-19 11:27:00,751 [INFO] CodeEngine:265 - oldGeneratedFile, C:\coding\StudyPath.github.io\Stm_Work\New_Pulse_Sensor_Practice\MXTmpFiles\rtos_threads.tmp_save
2026-05-19 11:27:00,793 [INFO] CodeEngine:289 - Generated code: C:\coding\StudyPath.github.io\Stm_Work\New_Pulse_Sensor_Practice\MXTmpFiles\rtos_threads.tmp
2026-05-19 11:27:00,824 [INFO] Middleware:1452 - No code input for Bsp Dependency
2026-05-19 11:27:00,837 [INFO] CodeEngine:265 - oldGeneratedFile, C:\coding\StudyPath.github.io\Stm_Work\New_Pulse_Sensor_Practice\MXTmpFiles\rtos_inc.tmp_save
2026-05-19 11:27:00,893 [INFO] CodeEngine:289 - Generated code: C:\coding\StudyPath.github.io\Stm_Work\New_Pulse_Sensor_Practice\MXTmpFiles\rtos_inc.tmp
2026-05-19 11:27:00,901 [INFO] CodeEngine:265 - oldGeneratedFile, C:\coding\StudyPath.github.io\Stm_Work\New_Pulse_Sensor_Practice\MXTmpFiles\rtos_kernelInit.tmp_save
2026-05-19 11:27:00,960 [INFO] CodeEngine:289 - Generated code: C:\coding\StudyPath.github.io\Stm_Work\New_Pulse_Sensor_Practice\MXTmpFiles\rtos_kernelInit.tmp
2026-05-19 11:27:00,969 [INFO] CodeEngine:265 - oldGeneratedFile, C:\coding\StudyPath.github.io\Stm_Work\New_Pulse_Sensor_Practice\MXTmpFiles\rtos_kernelStart.tmp_save
2026-05-19 11:27:01,034 [INFO] CodeEngine:289 - Generated code: C:\coding\StudyPath.github.io\Stm_Work\New_Pulse_Sensor_Practice\MXTmpFiles\rtos_kernelStart.tmp
2026-05-19 11:27:01,041 [INFO] CodeEngine:265 - oldGeneratedFile, C:\coding\StudyPath.github.io\Stm_Work\New_Pulse_Sensor_Practice\MXTmpFiles\rtos_typedefs.tmp_save
2026-05-19 11:27:01,099 [INFO] CodeEngine:289 - Generated code: C:\coding\StudyPath.github.io\Stm_Work\New_Pulse_Sensor_Practice\MXTmpFiles\rtos_typedefs.tmp
2026-05-19 11:27:01,109 [INFO] CodeEngine:265 - oldGeneratedFile, C:\coding\StudyPath.github.io\Stm_Work\New_Pulse_Sensor_Practice\MXTmpFiles\rtos_vars.tmp_save
2026-05-19 11:27:01,166 [INFO] CodeEngine:289 - Generated code: C:\coding\StudyPath.github.io\Stm_Work\New_Pulse_Sensor_Practice\MXTmpFiles\rtos_vars.tmp
2026-05-19 11:27:01,174 [INFO] CodeEngine:265 - oldGeneratedFile, C:\coding\StudyPath.github.io\Stm_Work\New_Pulse_Sensor_Practice\MXTmpFiles\rtos_pfp.tmp_save
2026-05-19 11:27:01,224 [INFO] CodeEngine:289 - Generated code: C:\coding\StudyPath.github.io\Stm_Work\New_Pulse_Sensor_Practice\MXTmpFiles\rtos_pfp.tmp
2026-05-19 11:27:01,230 [INFO] CodeEngine:265 - oldGeneratedFile, C:\coding\StudyPath.github.io\Stm_Work\New_Pulse_Sensor_Practice\MXTmpFiles\rtos_obj_creat.tmp_save
2026-05-19 11:27:01,276 [INFO] CodeEngine:289 - Generated code: C:\coding\StudyPath.github.io\Stm_Work\New_Pulse_Sensor_Practice\MXTmpFiles\rtos_obj_creat.tmp
2026-05-19 11:27:01,281 [INFO] CodeEngine:265 - oldGeneratedFile, C:\coding\StudyPath.github.io\Stm_Work\New_Pulse_Sensor_Practice\MXTmpFiles\rtos_default_thread.tmp_save
2026-05-19 11:27:01,317 [INFO] CodeEngine:289 - Generated code: C:\coding\StudyPath.github.io\Stm_Work\New_Pulse_Sensor_Practice\MXTmpFiles\rtos_default_thread.tmp
2026-05-19 11:27:01,322 [INFO] CodeEngine:265 - oldGeneratedFile, C:\coding\StudyPath.github.io\Stm_Work\New_Pulse_Sensor_Practice\MXTmpFiles\rtos_threads.tmp_save
2026-05-19 11:27:01,357 [INFO] CodeEngine:289 - Generated code: C:\coding\StudyPath.github.io\Stm_Work\New_Pulse_Sensor_Practice\MXTmpFiles\rtos_threads.tmp
2026-05-19 11:27:01,364 [INFO] CodeEngine:265 - oldGeneratedFile, C:\coding\StudyPath.github.io\Stm_Work\New_Pulse_Sensor_Practice\Core\Inc\FreeRTOSConfig.h_save
2026-05-19 11:27:01,417 [INFO] CodeEngine:289 - Generated code: C:\coding\StudyPath.github.io\Stm_Work\New_Pulse_Sensor_Practice\Core\Inc\FreeRTOSConfig.h
2026-05-19 11:27:01,424 [INFO] CodeEngine:265 - oldGeneratedFile, C:\coding\StudyPath.github.io\Stm_Work\New_Pulse_Sensor_Practice\Core\Src\freertos.c_save
2026-05-19 11:27:01,464 [INFO] CodeEngine:289 - Generated code: C:\coding\StudyPath.github.io\Stm_Work\New_Pulse_Sensor_Practice\Core\Src\freertos.c
2026-05-19 11:27:01,474 [INFO] CodeEngine:265 - oldGeneratedFile, C:\coding\StudyPath.github.io\Stm_Work\New_Pulse_Sensor_Practice\MXTmpFiles\cortex.tmp_save
2026-05-19 11:27:01,513 [INFO] CodeEngine:289 - Generated code: C:\coding\StudyPath.github.io\Stm_Work\New_Pulse_Sensor_Practice\MXTmpFiles\cortex.tmp
2026-05-19 11:27:01,529 [INFO] CodeEngine:265 - oldGeneratedFile, C:\coding\StudyPath.github.io\Stm_Work\New_Pulse_Sensor_Practice\Core\Inc\stm32h7xx_nucleo_conf.h_save
2026-05-19 11:27:01,568 [INFO] CodeEngine:289 - Generated code: C:\coding\StudyPath.github.io\Stm_Work\New_Pulse_Sensor_Practice\Core\Inc\stm32h7xx_nucleo_conf.h
2026-05-19 11:27:01,574 [INFO] CodeEngine:265 - oldGeneratedFile, C:\coding\StudyPath.github.io\Stm_Work\New_Pulse_Sensor_Practice\MXTmpFiles\bsp_inc.tmp_save
2026-05-19 11:27:01,606 [INFO] CodeEngine:289 - Generated code: C:\coding\StudyPath.github.io\Stm_Work\New_Pulse_Sensor_Practice\MXTmpFiles\bsp_inc.tmp
2026-05-19 11:27:01,611 [INFO] CodeEngine:265 - oldGeneratedFile, C:\coding\StudyPath.github.io\Stm_Work\New_Pulse_Sensor_Practice\MXTmpFiles\bsp_common_vars.tmp_save
2026-05-19 11:27:01,644 [INFO] CodeEngine:289 - Generated code: C:\coding\StudyPath.github.io\Stm_Work\New_Pulse_Sensor_Practice\MXTmpFiles\bsp_common_vars.tmp
2026-05-19 11:27:01,649 [INFO] CodeEngine:265 - oldGeneratedFile, C:\coding\StudyPath.github.io\Stm_Work\New_Pulse_Sensor_Practice\MXTmpFiles\bsp_common_init.tmp_save
2026-05-19 11:27:01,682 [INFO] CodeEngine:289 - Generated code: C:\coding\StudyPath.github.io\Stm_Work\New_Pulse_Sensor_Practice\MXTmpFiles\bsp_common_init.tmp
2026-05-19 11:27:01,687 [INFO] CodeEngine:265 - oldGeneratedFile, C:\coding\StudyPath.github.io\Stm_Work\New_Pulse_Sensor_Practice\MXTmpFiles\bsp_common_demo_before_while.tmp_save
2026-05-19 11:27:01,719 [INFO] CodeEngine:289 - Generated code: C:\coding\StudyPath.github.io\Stm_Work\New_Pulse_Sensor_Practice\MXTmpFiles\bsp_common_demo_before_while.tmp
2026-05-19 11:27:01,723 [INFO] CodeEngine:265 - oldGeneratedFile, C:\coding\StudyPath.github.io\Stm_Work\New_Pulse_Sensor_Practice\MXTmpFiles\bsp_common_demo_inside_while.tmp_save
2026-05-19 11:27:01,761 [INFO] CodeEngine:289 - Generated code: C:\coding\StudyPath.github.io\Stm_Work\New_Pulse_Sensor_Practice\MXTmpFiles\bsp_common_demo_inside_while.tmp
2026-05-19 11:27:01,766 [INFO] CodeEngine:265 - oldGeneratedFile, C:\coding\StudyPath.github.io\Stm_Work\New_Pulse_Sensor_Practice\MXTmpFiles\bsp_common_demo_fct.tmp_save
2026-05-19 11:27:01,797 [INFO] CodeEngine:289 - Generated code: C:\coding\StudyPath.github.io\Stm_Work\New_Pulse_Sensor_Practice\MXTmpFiles\bsp_common_demo_fct.tmp
2026-05-19 11:27:01,813 [INFO] CodeEngine:265 - oldGeneratedFile, C:\coding\StudyPath.github.io\Stm_Work\New_Pulse_Sensor_Practice\Core\Src\stm32h7xx_it.c_save
2026-05-19 11:27:01,907 [INFO] CodeEngine:289 - Generated code: C:\coding\StudyPath.github.io\Stm_Work\New_Pulse_Sensor_Practice\Core\Src\stm32h7xx_it.c
2026-05-19 11:27:01,914 [INFO] CodeEngine:265 - oldGeneratedFile, C:\coding\StudyPath.github.io\Stm_Work\New_Pulse_Sensor_Practice\Core\Inc\stm32h7xx_it.h_save
2026-05-19 11:27:01,952 [INFO] CodeEngine:289 - Generated code: C:\coding\StudyPath.github.io\Stm_Work\New_Pulse_Sensor_Practice\Core\Inc\stm32h7xx_it.h
2026-05-19 11:27:01,993 [INFO] CodeEngine:265 - oldGeneratedFile, C:\coding\StudyPath.github.io\Stm_Work\New_Pulse_Sensor_Practice\Core\Src\stm32h7xx_hal_msp.c_save
2026-05-19 11:27:02,061 [INFO] CodeEngine:289 - Generated code: C:\coding\StudyPath.github.io\Stm_Work\New_Pulse_Sensor_Practice\Core\Src\stm32h7xx_hal_msp.c
2026-05-19 11:27:02,067 [INFO] CodeEngine:265 - oldGeneratedFile, C:\coding\StudyPath.github.io\Stm_Work\New_Pulse_Sensor_Practice\MXTmpFiles\system.tmp_save
2026-05-19 11:27:02,102 [INFO] CodeEngine:289 - Generated code: C:\coding\StudyPath.github.io\Stm_Work\New_Pulse_Sensor_Practice\MXTmpFiles\system.tmp
2026-05-19 11:27:02,115 [INFO] CodeEngine:321 - oldGeneratedFile, C:\coding\StudyPath.github.io\Stm_Work\New_Pulse_Sensor_Practice\Core\Inc\stm32h7xx_hal_conf.h_save
2026-05-19 11:27:02,158 [INFO] CodeEngine:345 - Generated code: C:\coding\StudyPath.github.io\Stm_Work\New_Pulse_Sensor_Practice\Core\Inc\stm32h7xx_hal_conf.h
2026-05-19 11:27:02,199 [INFO] ApiDbMcu:532 - Load IP Config File for TIM5
2026-05-19 11:27:02,204 [INFO] ApiDbMcu:532 - Load IP Config File for RCC
2026-05-19 11:27:02,207 [WARN] IPConfigManager:3811 - IP not found : TIM
2026-05-19 11:27:02,208 [WARN] CodeGenerator:4259 - IP not found : null
2026-05-19 11:27:02,215 [INFO] CodeEngine:265 - oldGeneratedFile, C:\coding\StudyPath.github.io\Stm_Work\New_Pulse_Sensor_Practice\Core\Inc\main.h_save
2026-05-19 11:27:02,271 [INFO] CodeEngine:289 - Generated code: C:\coding\StudyPath.github.io\Stm_Work\New_Pulse_Sensor_Practice\Core\Inc\main.h
2026-05-19 11:27:02,277 [INFO] CodeEngine:265 - oldGeneratedFile, C:\coding\StudyPath.github.io\Stm_Work\New_Pulse_Sensor_Practice\Core\Src\main.c_save
2026-05-19 11:27:02,374 [INFO] CodeEngine:289 - Generated code: C:\coding\StudyPath.github.io\Stm_Work\New_Pulse_Sensor_Practice\Core\Src\main.c
2026-05-19 11:27:02,853 [INFO] ProjectBuilder:3606 - Time for Copy HAL[1] : 313mS.
2026-05-19 11:27:02,863 [INFO] ProjectBuilder:5216 - Project Generator version: 4.7.0-B52
2026-05-19 11:27:02,921 [INFO] ConfigFileManager:1595 - The Die is : DIE480
2026-05-19 11:27:02,929 [INFO] ApiDbMcu:532 - Load IP Config File for FATFS
2026-05-19 11:27:02,931 [INFO] ApiDbMcu:532 - Load IP Config File for LIBJPEG
2026-05-19 11:27:02,935 [INFO] ApiDbMcu:532 - Load IP Config File for MBEDTLS
2026-05-19 11:27:02,941 [INFO] ApiDbMcu:532 - Load IP Config File for USB_DEVICE
2026-05-19 11:27:02,944 [INFO] ApiDbMcu:532 - Load IP Config File for USB_HOST
2026-05-19 11:27:03,216 [INFO] LogOutputStream:77 - [STDOUT_REDIRECT] 
2026-05-19 11:27:04,251 [INFO] ProjectBuilder:5496 - Time for Generating toolchain IDE Files: 1386mS.
2026-05-19 11:27:04,252 [INFO] ProjectBuilder:3463 - Time for Copy CMSIS : 1mS.
2026-05-19 11:27:04,256 [INFO] ProjectBuilder:3463 - Time for Copy CMSIS : 1mS.
2026-05-19 12:37:27,053 [ERROR] LogOutputStream:75 - [STDERR_REDIRECT] 
2026-05-19 12:37:27,060 [ERROR] LogOutputStream:75 - [STDERR_REDIRECT] 
