/****************************************************************************
** Resource object code
**
** Created by: The Resource Compiler for Qt version 6.11.0
**
** WARNING! All changes made in this file will be lost!
*****************************************************************************/

#ifdef _MSC_VER
// disable informational message "function ... selected for automatic inline expansion"
#pragma warning (disable: 4711)
#endif

static const unsigned char qt_resource_data[] = {
  // paper-plane-regular.png
  0x0,0x0,0x82,0xd4,
  0x89,
  0x50,0x4e,0x47,0xd,0xa,0x1a,0xa,0x0,0x0,0x0,0xd,0x49,0x48,0x44,0x52,0x0,
  0x0,0x2,0x80,0x0,0x0,0x2,0x80,0x8,0x6,0x0,0x0,0x0,0xc,0xcd,0xc9,0x23,
  0x0,0x0,0x82,0x9b,0x49,0x44,0x41,0x54,0x78,0x1,0xed,0xc0,0x3,0xa0,0x24,0x59,
  0x96,0xc6,0xf1,0xff,0x77,0xee,0x8d,0xc8,0xcc,0xa7,0x72,0x4b,0x63,0xae,0x6d,0xdb,
  0xb6,0x6d,0xdb,0xb6,0x6d,0xdb,0xb6,0x6d,0x69,0x8c,0x9e,0x96,0x4a,0xaf,0x9e,0x32,
  0x33,0x22,0xee,0xf9,0x76,0xb7,0x6a,0x7a,0xa6,0x87,0x3b,0x6b,0xd5,0x4f,0x5c,0x75,
  0xd5,0x55,0x57,0x5d,0x75,0xd5,0x55,0x57,0x5d,0xf5,0xff,0x9,0xe2,0xaa,0xab,0xae,
  0xba,0xea,0xaa,0xab,0xae,0xba,0xea,0xaa,0xff,0x4f,0x10,0x57,0x5d,0x75,0xd5,0x55,
  0x57,0x5d,0x75,0xd5,0x55,0x57,0xfd,0x7f,0x82,0xb8,0xea,0xaa,0xab,0xae,0xba,0xea,
  0xaa,0xab,0xae,0xba,0xea,0xff,0x13,0xc4,0x55,0x57,0x5d,0x75,0xd5,0x55,0x57,0x5d,
  0x75,0xd5,0x55,0xff,0x9f,0x20,0xae,0xba,0xea,0xaa,0xab,0xae,0xba,0xea,0xaa,0xab,
  0xae,0xfa,0xff,0x4,0x71,0xd5,0x55,0x57,0x5d,0x75,0xd5,0x55,0x57,0x5d,0x75,0xd5,
  0xff,0x27,0x88,0xab,0xae,0xba,0xea,0xaa,0xab,0xae,0xba,0xea,0xaa,0xab,0xfe,0x3f,
  0x41,0x5c,0x75,0xd5,0x55,0x57,0x5d,0x75,0xd5,0x55,0x57,0x5d,0xf5,0xff,0x9,0xe2,
  0xaa,0xab,0xae,0xba,0xea,0xaa,0xab,0xae,0xba,0xea,0xaa,0xff,0x4f,0x10,0x57,0x5d,
  0x75,0xd5,0x55,0x57,0x5d,0x75,0xd5,0x55,0x57,0xfd,0x7f,0x82,0xb8,0xea,0xaa,0xab,
  0xae,0xba,0xea,0xaa,0xab,0xae,0xba,0xea,0xff,0x13,0xc4,0x55,0x57,0x5d,0x75,0xd5,
  0x55,0x57,0x5d,0x75,0xd5,0x55,0xff,0x9f,0x20,0xae,0xba,0xea,0xaa,0xab,0xae,0xba,
  0xea,0xaa,0xab,0xae,0xfa,0xff,0x4,0x71,0xd5,0x55,0x57,0x5d,0x75,0xd5,0x55,0x57,
  0x5d,0x75,0xd5,0xff,0x27,0x88,0xab,0xae,0xba,0xea,0xaa,0xab,0xae,0xba,0xea,0xaa,
  0xab,0xfe,0x3f,0x41,0x5c,0x75,0xd5,0x55,0x57,0x5d,0x75,0xd5,0x55,0x57,0x5d,0xf5,
  0xff,0x9,0xe2,0xaa,0xab,0xae,0xba,0xea,0xaa,0xab,0xae,0xba,0xea,0xaa,0xff,0x4f,
  0x10,0x57,0x5d,0x75,0xd5,0x55,0x57,0x5d,0x75,0xd5,0x55,0x57,0xfd,0x7f,0x82,0xb8,
  0xea,0xaa,0xab,0xae,0xba,0xea,0xaa,0xab,0xae,0xba,0xea,0xff,0x13,0xc4,0x55,0x57,
  0x5d,0x75,0xd5,0x55,0x57,0x5d,0x75,0xd5,0x55,0xff,0x9f,0x20,0xae,0xba,0xea,0xaa,
  0xab,0xae,0xba,0xea,0xaa,0xab,0xae,0xfa,0xff,0x4,0x71,0xd5,0x55,0x57,0x5d,0x75,
  0xd5,0x55,0x57,0x5d,0x75,0xd5,0xff,0x27,0x88,0xab,0xae,0xba,0xea,0xaa,0xab,0xae,
  0xba,0xea,0xaa,0xab,0xfe,0x3f,0x41,0x5c,0x75,0xd5,0x55,0x57,0x5d,0x75,0xd5,0x55,
  0x57,0x5d,0xf5,0xff,0x9,0xe2,0xaa,0xab,0xae,0xba,0xea,0xaa,0xab,0xae,0xba,0xea,
  0xaa,0xff,0x4f,0x10,0x57,0x5d,0x75,0xd5,0x55,0x57,0x5d,0x75,0xd5,0x55,0x57,0xfd,
  0x7f,0x82,0xb8,0xea,0xaa,0xab,0xae,0xba,0xea,0xaa,0xab,0xae,0xba,0xea,0xff,0x13,
  0xc4,0x55,0x57,0x5d,0x75,0xd5,0x55,0x57,0x5d,0x75,0xd5,0x55,0xff,0x9f,0x20,0xae,
  0xba,0xea,0xaa,0xab,0xae,0xba,0xea,0xaa,0xab,0xae,0xfa,0xff,0x4,0x71,0xd5,0x55,
  0x57,0x5d,0x75,0xd5,0x55,0x57,0x5d,0x75,0xd5,0xff,0x27,0x88,0xab,0xae,0xba,0xea,
  0xaa,0xab,0xae,0xba,0xea,0xaa,0xab,0xfe,0x3f,0x41,0x5c,0x75,0xd5,0x55,0x57,0x5d,
  0x75,0xd5,0x55,0x57,0x5d,0xf5,0xff,0x9,0xe2,0xaa,0xab,0xae,0xba,0xea,0xaa,0xab,
  0xae,0xba,0xea,0xaa,0xff,0x4f,0x10,0x57,0x5d,0x75,0xd5,0x55,0x57,0x5d,0x75,0xd5,
  0x55,0x57,0xfd,0x7f,0x82,0xb8,0xea,0xaa,0xab,0xae,0xba,0xea,0xaa,0xab,0xae,0xba,
  0xea,0xff,0x13,0xc4,0x55,0x57,0x5d,0x75,0xd5,0x55,0x57,0x5d,0x75,0xd5,0xff,0x61,
  0xf,0x7e,0x99,0xb7,0x79,0x2d,0xec,0x97,0x4e,0x78,0xb0,0xe0,0xa5,0x79,0xb6,0xe3,
  0xc0,0x2e,0xcf,0x64,0xf8,0xed,0x40,0xb7,0x82,0x7f,0xe7,0xd6,0xbf,0xfe,0xe9,0x5b,
  0xf9,0xbf,0xb,0x71,0xd5,0x55,0x57,0x5d,0x75,0xd5,0x55,0x57,0x5d,0xf5,0x7f,0xc8,
  0x83,0x5f,0xfa,0xad,0x8f,0x83,0xde,0xca,0xf8,0xad,0x81,0xd7,0x36,0x1c,0xe7,0x5f,
  0x49,0x70,0xab,0xe1,0xb7,0x3,0xbe,0xe7,0xd6,0xbf,0xfe,0xe9,0xdf,0xe6,0xff,0x16,
  0xc4,0x55,0x57,0x5d,0x75,0xd5,0x55,0x57,0x5d,0x75,0xd5,0xff,0x1,0xf,0x7e,0xe9,
  0xb7,0x79,0xab,0xc4,0x6f,0xd,0xbc,0x37,0xff,0x81,0x4,0xb7,0xa,0x7d,0x36,0xf8,
  0x67,0x6e,0xfd,0xeb,0x9f,0xde,0xe5,0x7f,0x3f,0xc4,0x55,0x57,0x5d,0x75,0xd5,0x55,
  0x57,0x5d,0x75,0xd5,0xff,0x52,0xf,0x7e,0xe9,0xb7,0x7e,0xe9,0x84,0x8f,0x12,0xbc,
  0xb5,0xe1,0x38,0xff,0x89,0x4,0xbb,0x82,0xcf,0xbe,0xf5,0xaf,0x7f,0xfa,0x6b,0xf8,
  0xdf,0xd,0x71,0xd5,0x55,0x57,0x5d,0x75,0xd5,0x55,0x57,0x5d,0xf5,0xbf,0xc8,0x83,
  0x5f,0xfa,0xad,0x1f,0x9c,0xf0,0x5e,0x82,0xf7,0x36,0x3c,0x98,0xff,0x62,0x82,0xbf,
  0x16,0xbc,0xcf,0xad,0x7f,0xfd,0xd3,0x7f,0xcd,0xff,0x4e,0x88,0xab,0xae,0xba,0xea,
  0xaa,0xab,0xae,0xba,0xea,0xaa,0xff,0xe1,0x1e,0xfc,0xd2,0x6f,0x7d,0x1c,0x78,0x2f,
  0xc3,0x7b,0x1b,0x5e,0x9a,0xff,0x1,0x2,0x3e,0xfa,0xd6,0xbf,0xfe,0xe9,0xaf,0xe1,
  0x7f,0x1f,0xc4,0x55,0x57,0x5d,0x75,0xd5,0x55,0x57,0x5d,0x75,0xd5,0xff,0x40,0xf,
  0x7e,0xe9,0xb7,0x3e,0xe,0x7a,0x2b,0xe3,0xb7,0x36,0xbc,0x35,0xff,0x33,0x7d,0xf7,
  0x6d,0x7f,0xfd,0xd3,0xef,0xc3,0xff,0x2e,0x88,0xab,0xae,0xba,0xea,0xaa,0xab,0xae,
  0xba,0xea,0xaa,0xff,0x41,0x1e,0xfc,0xd2,0x6f,0xf3,0x56,0x89,0xdf,0x5a,0xf0,0xd6,
  0x86,0xe3,0xfc,0xf,0x27,0xf8,0x69,0xc1,0xfb,0xdc,0xfa,0xd7,0x3f,0xbd,0xcb,0xff,
  0xe,0x88,0xab,0xae,0xba,0xea,0xaa,0xab,0xae,0xba,0xea,0xaa,0xff,0x66,0xf,0x7e,
  0xe9,0xb7,0x7e,0xe9,0x84,0xf7,0x12,0xbc,0xb7,0xe1,0x38,0xff,0xcb,0x8,0x7e,0xfa,
  0x19,0x7f,0xfd,0xd3,0x6f,0xc3,0xff,0xe,0x88,0xab,0xae,0xba,0xea,0xaa,0xab,0xae,
  0xba,0xea,0xaa,0xff,0x6,0xf,0x7e,0xe9,0xb7,0x7e,0x70,0xc2,0x7b,0x9,0xde,0xdb,
  0xf0,0x60,0xfe,0xf7,0xfb,0xee,0xdb,0xfe,0xfa,0xa7,0xdf,0x87,0xff,0xf9,0x10,0x57,
  0x5d,0x75,0xd5,0x55,0x57,0x5d,0x75,0xd5,0x55,0xff,0x45,0x1e,0xfc,0xd2,0x6f,0x7d,
  0x1c,0xf4,0x56,0xc6,0x1f,0x6d,0x78,0x69,0xfe,0x8f,0x9,0x78,0x9f,0x5b,0xff,0xfa,
  0xa7,0xbf,0x9b,0xff,0xd9,0x10,0x57,0x5d,0x75,0xd5,0x55,0x57,0x5d,0x75,0xd5,0x55,
  0xff,0xc9,0x1e,0xfc,0xd2,0x6f,0xf3,0x5e,0xc6,0x6f,0x6d,0x78,0x6b,0xfe,0x8f,0xb,
  0x78,0x99,0x5b,0xff,0xfa,0xa7,0xff,0x9a,0xff,0xb9,0x10,0x57,0x5d,0x75,0xd5,0x55,
  0x57,0x5d,0x75,0xd5,0x55,0xff,0x9,0x1e,0xfc,0xd2,0x6f,0xf3,0x56,0x89,0xdf,0x5a,
  0xf0,0xd6,0x86,0xe3,0xfc,0x3f,0x21,0xf8,0xeb,0x67,0xfc,0xf5,0x4f,0xbf,0xc,0xff,
  0x73,0x21,0xae,0xba,0xea,0xaa,0xab,0xae,0xba,0xea,0xaa,0xab,0xfe,0x83,0x3c,0xf8,
  0xa5,0xdf,0xfa,0xa5,0x13,0xde,0x4b,0xf0,0xd6,0x86,0x7,0xf3,0xff,0x54,0xc0,0xc7,
  0xdc,0xfa,0xd7,0x3f,0xfd,0xd5,0xfc,0xcf,0x84,0xb8,0xea,0xaa,0xab,0xae,0xba,0xea,
  0xaa,0xab,0xae,0xfa,0x77,0x78,0xf0,0x4b,0xbf,0xf5,0x83,0x81,0xb7,0x32,0x7c,0xb4,
  0xe1,0xc1,0x5c,0x85,0x60,0x57,0xf0,0x90,0x5b,0xff,0xfa,0xa7,0x77,0xf9,0x9f,0x7,
  0x71,0xd5,0x55,0x57,0x5d,0x75,0xd5,0x55,0x57,0x5d,0xf5,0xaf,0xf4,0xe0,0x97,0x7e,
  0xeb,0xe3,0xa0,0xb7,0x32,0xfe,0x68,0xc3,0x4b,0x73,0xd5,0xf3,0xf3,0x39,0xb7,0xfd,
  0xf5,0x4f,0x7f,0x36,0xff,0xf3,0x20,0xae,0xba,0xea,0xaa,0xab,0xae,0xba,0xea,0xaa,
  0xab,0x5e,0x44,0xf,0x7e,0xe9,0xb7,0x79,0x2b,0xe3,0xf7,0x36,0xbc,0x35,0x57,0xbd,
  0x50,0x82,0xdd,0x67,0xfc,0xf5,0x4f,0x9f,0xe0,0x7f,0x1e,0xc4,0x55,0x57,0x5d,0x75,
  0xd5,0x55,0x57,0x5d,0x75,0xd5,0xb,0xf1,0xe0,0x97,0x7e,0xeb,0xd7,0x4e,0x78,0x2f,
  0xc1,0x5b,0x1b,0x8e,0x73,0xd5,0x8b,0x2c,0xe0,0x7d,0x6e,0xfd,0xeb,0x9f,0xfe,0x6e,
  0xfe,0x67,0x41,0x5c,0x75,0xd5,0x55,0x57,0x5d,0x75,0xd5,0x55,0x57,0x3d,0x97,0x7,
  0xbf,0xf4,0x5b,0xbf,0x74,0xc2,0x7b,0x9,0xde,0xda,0xf0,0x60,0xae,0xfa,0xb7,0xfa,
  0x99,0xdb,0xfe,0xfa,0xa7,0xdf,0x9a,0xff,0x59,0x10,0x57,0x5d,0x75,0xd5,0x55,0x57,
  0x5d,0x75,0xd5,0x55,0xc0,0x83,0x5f,0xfa,0xad,0x1f,0xc,0xbc,0x95,0xe1,0xbd,0xd,
  0x2f,0xcd,0x55,0xff,0x21,0x6e,0xfb,0xeb,0x9f,0x16,0xff,0xb3,0x20,0xae,0xba,0xea,
  0xaa,0xab,0xae,0xba,0xea,0xaa,0xff,0xb7,0x1e,0xfc,0xd2,0x6f,0x7d,0x1c,0xf4,0x56,
  0xc6,0xef,0x6d,0x78,0x6d,0xae,0xfa,0xf,0x17,0xf0,0x36,0xb7,0xfe,0xf5,0x4f,0xff,
  0x34,0xff,0x73,0x20,0xae,0xba,0xea,0xaa,0xab,0xae,0xba,0xea,0xaa,0xff,0x77,0x1e,
  0xfc,0xd2,0x6f,0xf3,0x56,0xc6,0xef,0x6d,0x78,0x6b,0xae,0xfa,0xcf,0xf6,0x39,0xb7,
  0xfd,0xf5,0x4f,0x7f,0x36,0xff,0x73,0x20,0xae,0xba,0xea,0xaa,0xab,0xae,0xba,0xea,
  0xaa,0xff,0x17,0x1e,0xfc,0xd2,0x6f,0xfd,0xd2,0x9,0x1f,0x25,0x78,0x6b,0xc3,0x71,
  0xae,0xfa,0x2f,0x21,0xf8,0x9d,0x67,0xfc,0xf5,0x4f,0xbf,0x36,0xff,0x73,0x20,0xae,
  0xba,0xea,0xaa,0xab,0xae,0xba,0xea,0xaa,0xff,0xb3,0x1e,0xfc,0xd2,0x6f,0xfd,0xe0,
  0x84,0x8f,0x12,0xbc,0xb5,0xe1,0xc1,0x5c,0xf5,0x5f,0x4e,0x70,0xeb,0x33,0xfe,0xfa,
  0xa7,0x1f,0xc2,0xff,0x1c,0x88,0xab,0xae,0xba,0xea,0xaa,0xab,0xae,0xba,0xea,0xff,
  0x94,0x7,0xbf,0xf4,0x5b,0x3f,0x18,0x78,0x2b,0xc3,0x7b,0x1b,0x5e,0x9a,0xab,0xfe,
  0xdb,0xdd,0xf6,0xd7,0x3f,0x2d,0xfe,0xe7,0x40,0x5c,0x75,0xd5,0x55,0x57,0x5d,0x75,
  0xd5,0x55,0xff,0xeb,0x3d,0xf8,0xa5,0xdf,0xfa,0x38,0xe8,0xad,0x8c,0xdf,0xda,0xf0,
  0xd6,0x5c,0xf5,0x3f,0xca,0x6d,0x7f,0xfd,0xd3,0xe2,0x7f,0xe,0xc4,0x55,0x57,0x5d,
  0x75,0xd5,0x55,0x57,0x5d,0xf5,0xbf,0xd6,0x83,0x5f,0xfa,0x6d,0xde,0x2a,0xf1,0x5b,
  0x3,0xef,0xcd,0x55,0xff,0x63,0xdd,0xf6,0xd7,0x3f,0x2d,0xfe,0xe7,0x40,0x5c,0x75,
  0xd5,0x55,0x57,0x5d,0x75,0xd5,0x55,0xff,0xab,0x3c,0xf8,0xa5,0xdf,0xfa,0xa5,0x13,
  0x3e,0x4a,0xf0,0xd6,0x86,0xe3,0x5c,0xf5,0x3f,0xde,0x6d,0x7f,0xfd,0xd3,0xe2,0x7f,
  0xe,0xc4,0x55,0x57,0x5d,0x75,0xd5,0x55,0x57,0x5d,0xf5,0x3f,0xde,0x83,0x5f,0xfa,
  0xad,0x1f,0x9c,0xf0,0x5e,0x82,0xf7,0x36,0x3c,0x98,0xab,0xfe,0x57,0xb9,0xed,0xaf,
  0x7f,0x5a,0xfc,0xcf,0x81,0xb8,0xea,0xaa,0xab,0xae,0xba,0xea,0xaa,0xab,0xfe,0x47,
  0x7a,0xf0,0x4b,0xbf,0xf5,0x71,0xe0,0xbd,0xc,0xef,0x6d,0x78,0x69,0xae,0xfa,0x5f,
  0xeb,0xb6,0xbf,0xfe,0x69,0xf1,0x3f,0x7,0xe2,0xaa,0xab,0xae,0xba,0xea,0xaa,0xab,
  0xae,0xfa,0x1f,0xe3,0xc1,0x2f,0xfd,0xd6,0xc7,0x41,0x6f,0x65,0xfc,0xd6,0x86,0xb7,
  0xe6,0xaa,0xff,0xf5,0x4,0x7f,0xf3,0x8c,0xbf,0xfe,0xe9,0x97,0xe6,0x7f,0xe,0xc4,
  0x55,0x57,0x5d,0x75,0xd5,0x55,0x57,0x5d,0xf5,0xdf,0xee,0xc1,0x2f,0xfd,0x36,0x6f,
  0x95,0xf8,0xad,0x5,0x6f,0x6d,0x38,0xce,0x55,0xff,0x67,0x8,0x7e,0xe7,0x19,0x7f,
  0xfd,0xd3,0xaf,0xcd,0xff,0x1c,0x88,0xab,0xae,0xba,0xea,0xaa,0xab,0xae,0xba,0xea,
  0xbf,0xc5,0x83,0x5f,0xfa,0xad,0x5f,0x3a,0xe1,0xbd,0x4,0xef,0x6d,0x38,0xce,0x55,
  0xff,0x57,0x7d,0xcd,0x6d,0x7f,0xfd,0xd3,0x1f,0xcd,0xff,0x1c,0x88,0xab,0xae,0xba,
  0xea,0xaa,0xab,0xae,0xba,0xea,0xbf,0xcc,0x83,0x5f,0xfa,0xad,0x1f,0x9c,0xf0,0x5e,
  0x82,0xf7,0x36,0x3c,0x98,0xab,0xfe,0xcf,0xb,0x78,0x9b,0x5b,0xff,0xfa,0xa7,0x7f,
  0x9a,0xff,0x39,0x10,0x57,0x5d,0x75,0xd5,0x55,0x57,0x5d,0x75,0xd5,0x7f,0xaa,0x7,
  0xbf,0xf4,0x5b,0x1f,0x7,0xbd,0x95,0xf1,0x47,0x1b,0x5e,0x9a,0xab,0xfe,0x5f,0xb9,
  0xed,0xaf,0x7f,0x5a,0xfc,0xcf,0x82,0xb8,0xea,0xaa,0xab,0xae,0xba,0xea,0xaa,0xab,
  0xfe,0x53,0x3c,0xf8,0xa5,0xdf,0xe6,0xbd,0x8c,0xdf,0xda,0xf0,0xd6,0x5c,0xf5,0xff,
  0x92,0xe0,0x77,0x9e,0xf1,0xd7,0x3f,0xfd,0xda,0xfc,0xcf,0x82,0xb8,0xea,0xaa,0xab,
  0xae,0xba,0xea,0xaa,0xab,0xfe,0xc3,0x3c,0xf8,0xa5,0xdf,0xe6,0xad,0x12,0xbf,0xb5,
  0xe0,0xad,0xd,0xc7,0xb9,0xea,0xff,0xb5,0x80,0xf7,0xb9,0xf5,0xaf,0x7f,0xfa,0xbb,
  0xf9,0x9f,0x5,0x71,0xd5,0x55,0x57,0x5d,0x75,0xd5,0x55,0x57,0xfd,0xbb,0x3c,0xf8,
  0xa5,0xdf,0xfa,0xa5,0x13,0xde,0x4b,0xf0,0xd6,0x86,0x7,0x73,0xd5,0x55,0xcf,0x14,
  0x70,0xe2,0xd6,0xbf,0xfe,0xe9,0x5d,0xfe,0x67,0x41,0x5c,0x75,0xd5,0x55,0x57,0x5d,
  0x75,0xd5,0x55,0xff,0x6a,0xf,0x7e,0xe9,0xb7,0x7e,0x30,0xf0,0x56,0x86,0x8f,0x36,
  0x3c,0x98,0xab,0xae,0x7a,0x5e,0x3f,0x73,0xdb,0x5f,0xff,0xf4,0x5b,0xf3,0x3f,0xf,
  0xe2,0xaa,0xab,0xae,0xba,0xea,0xaa,0xab,0xae,0x7a,0x91,0x3c,0xf8,0xa5,0xdf,0xfa,
  0x38,0xe8,0xad,0x8c,0x3f,0xda,0xf0,0xd2,0x5c,0x75,0xd5,0xb,0x11,0xf0,0x3e,0xb7,
  0xfe,0xf5,0x4f,0x7f,0x37,0xff,0xf3,0x20,0xae,0xba,0xea,0xaa,0xab,0xae,0xba,0xea,
  0xaa,0x17,0xea,0xc1,0x2f,0xfd,0x36,0x6f,0x65,0xfc,0xde,0x86,0xb7,0xe6,0xaa,0xab,
  0x5e,0x4,0x82,0x4b,0xcf,0xf8,0xeb,0x9f,0x3e,0xce,0xff,0x4c,0x88,0xab,0xae,0xba,
  0xea,0xaa,0xab,0xae,0xba,0xea,0x79,0x3c,0xf8,0xa5,0xdf,0xfa,0xb5,0x13,0xde,0x4b,
  0xf0,0xd6,0x86,0xe3,0x5c,0x75,0xd5,0xbf,0xce,0xf7,0xdc,0xf6,0xd7,0x3f,0xfd,0xde,
  0xfc,0xcf,0x84,0xb8,0xea,0xaa,0xab,0xae,0xba,0xea,0xaa,0xab,0x2e,0x7b,0xf0,0x4b,
  0xbf,0xf5,0x4b,0x27,0xbc,0x97,0xe0,0xad,0xd,0xf,0xe6,0xaa,0xab,0xfe,0x8d,0x2,
  0xde,0xe6,0xd6,0xbf,0xfe,0xe9,0x9f,0xe6,0x7f,0x26,0xc4,0x55,0x57,0x5d,0x75,0xd5,
  0x55,0x57,0xfd,0x3f,0xf6,0xe0,0x97,0x7e,0xeb,0x7,0x3,0x6f,0x65,0x78,0x6f,0xc3,
  0x4b,0x73,0xd5,0x55,0xff,0x4e,0x82,0x67,0x3c,0xe3,0xaf,0x7f,0xfa,0xc1,0xfc,0xcf,
  0x85,0xb8,0xea,0xaa,0xab,0xae,0xba,0xea,0xaa,0xff,0x67,0x1e,0xfc,0xd2,0x6f,0x7d,
  0x1c,0xf4,0x56,0xc6,0xef,0x6d,0x78,0x6d,0xae,0xba,0xea,0x3f,0xd6,0xd7,0xdc,0xf6,
  0xd7,0x3f,0xfd,0xd1,0xfc,0xcf,0x85,0xb8,0xea,0xaa,0xab,0xae,0xba,0xea,0xaa,0xff,
  0x27,0x1e,0xfc,0xd2,0x6f,0xf3,0x56,0xc6,0xef,0x6d,0x78,0x6b,0xae,0xba,0xea,0x3f,
  0x49,0xc0,0xcb,0xdc,0xfa,0xd7,0x3f,0xfd,0xd7,0xfc,0xcf,0x85,0xb8,0xea,0xaa,0xab,
  0xae,0xba,0xea,0xaa,0xff,0xc3,0x1e,0xfc,0xd2,0x6f,0xfd,0xd2,0x9,0x1f,0x25,0x78,
  0x6b,0xc3,0x71,0xae,0xba,0xea,0x3f,0x91,0xe0,0x19,0xcf,0xf8,0xeb,0x9f,0x7e,0x30,
  0xff,0xb3,0x21,0xae,0xba,0xea,0xaa,0xab,0xae,0xba,0xea,0xff,0x98,0x7,0xbf,0xf4,
  0x5b,0x3f,0x38,0xe1,0xa3,0x4,0x6f,0x6d,0x78,0x30,0x57,0x5d,0xf5,0x5f,0x24,0xe0,
  0x63,0x6e,0xfd,0xeb,0x9f,0xfe,0x6a,0xfe,0x67,0x43,0x5c,0x75,0xd5,0x55,0x57,0x5d,
  0x75,0xd5,0xff,0x1,0xf,0x7e,0xe9,0xb7,0x7e,0x30,0xf0,0x56,0x86,0xf7,0x36,0xbc,
  0x34,0x57,0x5d,0xf5,0xdf,0x20,0xe0,0x21,0xb7,0xfe,0xf5,0x4f,0xdf,0xca,0xff,0x6c,
  0x88,0xab,0xae,0xba,0xea,0xaa,0xab,0xae,0xfa,0x5f,0xea,0xc1,0x2f,0xfd,0xd6,0xc7,
  0x41,0x6f,0x65,0xfc,0xd6,0x86,0xb7,0xe6,0xaa,0xab,0xfe,0x1b,0x9,0x7e,0xe7,0x19,
  0x7f,0xfd,0xd3,0xaf,0xcd,0xff,0x7c,0x88,0xab,0xae,0xba,0xea,0xaa,0xab,0xae,0xfa,
  0x5f,0xe6,0xc1,0x2f,0xfd,0x36,0x6f,0x95,0xf8,0xad,0x81,0xf7,0xe6,0xaa,0xab,0xfe,
  0x87,0x8,0x78,0x9f,0x5b,0xff,0xfa,0xa7,0xbf,0x9b,0xff,0xf9,0x10,0x57,0x5d,0x75,
  0xd5,0x55,0x57,0x5d,0xf5,0xbf,0xc0,0x83,0x5f,0xfa,0xad,0x5f,0x3a,0xe1,0xa3,0x4,
  0x6f,0x6d,0x38,0xce,0x55,0x57,0xfd,0xf,0x13,0x70,0xe2,0xd6,0xbf,0xfe,0xe9,0x5d,
  0xfe,0xe7,0x43,0x5c,0x75,0xd5,0x55,0x57,0x5d,0x75,0xd5,0xff,0x50,0xf,0x7e,0xe9,
  0xb7,0x7e,0x70,0xc2,0x7b,0x9,0xde,0xdb,0xf0,0x60,0xae,0xba,0xea,0x7f,0xae,0x9f,
  0xb9,0xed,0xaf,0x7f,0xfa,0xad,0xf9,0xdf,0x1,0x71,0xd5,0x55,0x57,0x5d,0x75,0xd5,
  0x55,0xff,0x83,0x3c,0xf8,0xa5,0xdf,0xfa,0x38,0xf0,0x5e,0x86,0xf7,0x36,0xbc,0x34,
  0x57,0x5d,0xf5,0xbf,0x40,0xc0,0xdb,0xdc,0xfa,0xd7,0x3f,0xfd,0xd3,0xfc,0xef,0x80,
  0xb8,0xea,0xaa,0xab,0xae,0xba,0xea,0xaa,0xff,0x66,0xf,0x7e,0xe9,0xb7,0x3e,0xe,
  0x7a,0x2b,0xe3,0xb7,0x36,0xbc,0x35,0x57,0x5d,0xf5,0xbf,0x88,0xe0,0xd2,0x33,0xfe,
  0xfa,0xa7,0x8f,0xf3,0xbf,0x7,0xe2,0xaa,0xab,0xae,0xba,0xea,0xaa,0xab,0xfe,0x9b,
  0x3c,0xf8,0xa5,0xdf,0xe6,0xad,0x12,0xbf,0xb5,0xe0,0xad,0xd,0xc7,0xb9,0xea,0xaa,
  0xff,0x9d,0xbe,0xe7,0xb6,0xbf,0xfe,0xe9,0xf7,0xe6,0x7f,0xf,0xc4,0x55,0x57,0x5d,
  0x75,0xd5,0x55,0x57,0xfd,0x17,0x7a,0xf0,0x4b,0xbf,0xf5,0x4b,0x27,0xbc,0x97,0xe0,
  0xbd,0xd,0xc7,0xb9,0xea,0xaa,0xff,0xe5,0x2,0x5e,0xe7,0xd6,0xbf,0xfe,0xe9,0xdf,
  0xe6,0x7f,0xf,0xc4,0x55,0x57,0x5d,0x75,0xd5,0x55,0x57,0xfd,0x27,0x7b,0xf0,0x4b,
  0xbf,0xf5,0x83,0x13,0xde,0x4b,0xf0,0xde,0x86,0x7,0x73,0xd5,0x55,0xff,0x47,0x8,
  0x9e,0xf1,0x8c,0xbf,0xfe,0xe9,0x7,0xf3,0xbf,0xb,0xe2,0xaa,0xab,0xae,0xba,0xea,
  0xaa,0xab,0xfe,0x13,0x3c,0xf8,0xa5,0xdf,0xfa,0x38,0xe8,0xad,0x8c,0x3f,0xda,0xf0,
  0xd2,0x5c,0x75,0xd5,0xff,0x4d,0x5f,0x73,0xdb,0x5f,0xff,0xf4,0x47,0xf3,0xbf,0xb,
  0xe2,0xaa,0xab,0xae,0xba,0xea,0xaa,0xab,0xfe,0x3,0x3d,0xf8,0xa5,0xdf,0xe6,0xbd,
  0x8c,0xdf,0xda,0xf0,0xd6,0x5c,0x75,0xd5,0xff,0x71,0x1,0x2f,0x73,0xeb,0x5f,0xff,
  0xf4,0x5f,0xf3,0xbf,0xb,0xe2,0xaa,0xab,0xae,0xba,0xea,0xaa,0xab,0xfe,0x9d,0x1e,
  0xfc,0xd2,0x6f,0xf3,0x56,0x89,0xdf,0x5a,0xf0,0xd6,0x86,0xe3,0x5c,0x75,0xd5,0xff,
  0x3,0x82,0xbf,0x79,0xc6,0x5f,0xff,0xf4,0x4b,0xf3,0xbf,0xf,0xe2,0xaa,0xab,0xae,
  0xba,0xea,0xaa,0xab,0xfe,0xd,0x1e,0xfc,0xd2,0x6f,0xfd,0xd2,0x9,0xef,0x25,0x78,
  0x6b,0xc3,0x83,0xb9,0xea,0xaa,0xff,0x67,0x2,0x3e,0xe6,0xd6,0xbf,0xfe,0xe9,0xaf,
  0xe6,0x7f,0x1f,0xc4,0x55,0x57,0x5d,0x75,0xd5,0x55,0x57,0xbd,0x88,0x1e,0xfc,0xd2,
  0x6f,0xfd,0x60,0xe0,0xad,0xc,0x1f,0x6d,0x78,0x30,0x57,0x5d,0xf5,0xff,0x58,0xc0,
  0x43,0x6e,0xfd,0xeb,0x9f,0xbe,0x95,0xff,0x7d,0x10,0x57,0x5d,0x75,0xd5,0x55,0x57,
  0x5d,0xf5,0x42,0x3c,0xf8,0xa5,0xdf,0xfa,0x38,0xe8,0xad,0x8c,0x3f,0xda,0xf0,0xd2,
  0x5c,0x75,0xd5,0x55,0x8,0x7e,0xe7,0x19,0x7f,0xfd,0xd3,0xaf,0xcd,0xff,0x4e,0x88,
  0xab,0xae,0xba,0xea,0xaa,0xab,0xae,0x7a,0x3e,0x1e,0xfc,0xd2,0x6f,0xf3,0x56,0xc6,
  0xef,0x6d,0x78,0x6b,0xae,0xba,0xea,0xaa,0xe7,0x10,0xf0,0x3e,0xb7,0xfe,0xf5,0x4f,
  0x7f,0x37,0xff,0x3b,0x21,0xae,0xba,0xea,0xaa,0xab,0xae,0xba,0xea,0x99,0x1e,0xfc,
  0xd2,0x6f,0xfd,0xda,0x9,0xef,0x25,0x78,0x6b,0xc3,0x71,0xae,0xba,0xea,0xaa,0xe7,
  0x2b,0xe0,0xc4,0xad,0x7f,0xfd,0xd3,0xbb,0xfc,0xef,0x84,0xb8,0xea,0xaa,0xab,0xae,
  0xba,0xea,0xff,0xb5,0x7,0xbf,0xf4,0x5b,0xbf,0x74,0xc2,0x7b,0x9,0xde,0xda,0xf0,
  0x60,0xae,0xba,0xea,0xaa,0x7f,0xc9,0xf7,0xdc,0xf6,0xd7,0x3f,0xfd,0xde,0xfc,0xef,
  0x85,0xb8,0xea,0xaa,0xab,0xae,0xba,0xea,0xff,0x9d,0x7,0xbf,0xf4,0x5b,0x3f,0x18,
  0x78,0x2b,0xc3,0x7b,0x1b,0x5e,0x9a,0xab,0xae,0xba,0xea,0x45,0x16,0xf0,0x36,0xb7,
  0xfe,0xf5,0x4f,0xff,0x34,0xff,0x7b,0x21,0xae,0xba,0xea,0xaa,0xab,0xae,0xfa,0x7f,
  0xe1,0xc1,0x2f,0xfd,0xd6,0xc7,0x41,0x6f,0x65,0xfc,0xde,0x86,0xd7,0xe6,0xaa,0xab,
  0xae,0xfa,0x57,0x13,0x5c,0x7a,0xc6,0x5f,0xff,0xf4,0x71,0xfe,0x77,0x43,0x5c,0x75,
  0xd5,0x55,0x57,0x5d,0xf5,0x7f,0xda,0x83,0x5f,0xfa,0x6d,0xde,0x2a,0xf1,0x5b,0x3,
  0xef,0xcd,0x55,0x57,0x5d,0xf5,0xef,0xf5,0x3d,0xb7,0xfd,0xf5,0x4f,0xbf,0x37,0xff,
  0xbb,0x21,0xae,0xba,0xea,0xaa,0xab,0xae,0xfa,0x3f,0xe7,0xc1,0x2f,0xfd,0xd6,0x2f,
  0x9d,0xf0,0x51,0x82,0xb7,0x36,0x1c,0xe7,0xaa,0xab,0xae,0xfa,0xf,0x11,0xf0,0x32,
  0xb7,0xfe,0xf5,0x4f,0xff,0x35,0xff,0xbb,0x21,0xae,0xba,0xea,0xaa,0xab,0xae,0xfa,
  0x3f,0xe1,0xc1,0x2f,0xfd,0xd6,0xf,0x4e,0xf8,0x28,0xc1,0x5b,0x1b,0x1e,0xcc,0x55,
  0x57,0x5d,0xf5,0x1f,0x4a,0xf0,0x8c,0x67,0xfc,0xf5,0x4f,0x3f,0x98,0xff,0xfd,0x10,
  0x57,0x5d,0x75,0xd5,0x55,0x57,0xfd,0xaf,0xf5,0xe0,0x97,0x7e,0xeb,0x7,0x3,0x6f,
  0x65,0x78,0x6f,0xc3,0x4b,0x73,0xd5,0x55,0x57,0xfd,0x67,0xfa,0x9a,0xdb,0xfe,0xfa,
  0xa7,0x3f,0x9a,0xff,0xfd,0x10,0x57,0x5d,0x75,0xd5,0x55,0x57,0xfd,0xaf,0xf2,0xe0,
  0x97,0x7e,0xeb,0xe3,0xa0,0xb7,0x32,0x7e,0x6b,0xc3,0x5b,0x73,0xd5,0x55,0x57,0xfd,
  0x97,0x8,0x78,0xc8,0xad,0x7f,0xfd,0xd3,0xb7,0xf2,0xbf,0x1f,0xe2,0xaa,0xab,0xae,
  0xba,0xea,0xaa,0xff,0x15,0x1e,0xfc,0xd2,0x6f,0xf3,0x56,0x89,0xdf,0x1a,0x78,0x6f,
  0xae,0xba,0xea,0xaa,0xff,0x52,0x82,0xbf,0x79,0xc6,0x5f,0xff,0xf4,0x4b,0xf3,0x7f,
  0x3,0xe2,0xaa,0xab,0xae,0xba,0xea,0xaa,0xff,0xb1,0x1e,0xfc,0xd2,0x6f,0xfd,0xd2,
  0x9,0xef,0x25,0x78,0x6f,0xc3,0x71,0xae,0xba,0xea,0xaa,0xff,0x16,0x1,0x1f,0x73,
  0xeb,0x5f,0xff,0xf4,0x57,0xf3,0x7f,0x3,0xe2,0xaa,0xab,0xae,0xba,0xea,0xaa,0xff,
  0x51,0x1e,0xfc,0xd2,0x6f,0xfd,0xe0,0x84,0xf7,0x12,0xbc,0xb7,0xe1,0xc1,0x5c,0x75,
  0xd5,0x55,0xff,0xed,0x2,0x1e,0x72,0xeb,0x5f,0xff,0xf4,0xad,0xfc,0xdf,0x80,0xb8,
  0xea,0xaa,0xab,0xae,0xba,0xea,0xbf,0xdd,0x83,0x5f,0xfa,0xad,0x8f,0x3,0xef,0x65,
  0x78,0x6f,0xc3,0x4b,0x73,0xd5,0x55,0x57,0xfd,0x4f,0xf2,0x33,0xb7,0xfd,0xf5,0x4f,
  0xbf,0x35,0xff,0x77,0x20,0xae,0xba,0xea,0xaa,0xab,0xae,0xfa,0x6f,0xf1,0xe0,0x97,
  0x7e,0xeb,0xe3,0xa0,0xb7,0x32,0x7e,0x6b,0xc3,0x5b,0x73,0xd5,0x55,0x57,0xfd,0x8f,
  0x14,0xf0,0x3e,0xb7,0xfe,0xf5,0x4f,0x7f,0x37,0xff,0x77,0x20,0xae,0xba,0xea,0xaa,
  0xab,0xae,0xfa,0x2f,0xf5,0xe0,0x97,0x7e,0x9b,0xb7,0x4a,0xfc,0xd6,0x82,0xb7,0x36,
  0x1c,0xe7,0xaa,0xab,0xae,0xfa,0x1f,0x2d,0xe0,0xc4,0xad,0x7f,0xfd,0xd3,0xbb,0xfc,
  0xdf,0x81,0xb8,0xea,0xaa,0xab,0xae,0xba,0xea,0x3f,0xdd,0x83,0x5f,0xfa,0xad,0x5f,
  0x3a,0xe1,0xbd,0x4,0xef,0x6d,0x38,0xce,0x55,0x57,0x5d,0xf5,0xbf,0xc5,0xf7,0xdc,
  0xf6,0xd7,0x3f,0xfd,0xde,0xfc,0xdf,0x82,0xb8,0xea,0xaa,0xab,0xae,0xba,0xea,0x3f,
  0xc5,0x83,0x5f,0xfa,0xad,0x1f,0xc,0xbc,0x95,0xe1,0xa3,0xd,0xf,0xe6,0xaa,0xab,
  0x5e,0x74,0x3f,0x3,0xfc,0xb5,0xe0,0xa3,0xc,0xc7,0xb9,0xea,0xbf,0x4d,0xc0,0xdb,
  0xdc,0xfa,0xd7,0x3f,0xfd,0xd3,0xfc,0xdf,0x82,0xb8,0xea,0xaa,0xab,0xae,0xba,0xea,
  0x3f,0xcc,0x83,0x5f,0xfa,0xad,0x8f,0x83,0xde,0xca,0xf8,0xa3,0xd,0x2f,0xcd,0x55,
  0x57,0xbd,0x88,0x4,0xbf,0x23,0xf8,0x6e,0xe0,0xa7,0x81,0x7,0x1b,0x7e,0xcb,0x70,
  0x9c,0xab,0xfe,0xdb,0x8,0x2e,0x3d,0xe3,0xaf,0x7f,0xfa,0x38,0xff,0xf7,0x20,0xae,
  0xba,0xea,0xaa,0xab,0xae,0xfa,0x77,0x7b,0xf0,0x4b,0xbf,0xcd,0x7b,0x19,0xbf,0xb5,
  0xe1,0xad,0xb9,0xea,0xaa,0x17,0x91,0xe0,0x6f,0x4,0xdf,0xd,0xfc,0xf4,0xad,0x7f,
  0xfd,0xd3,0xb7,0x2,0x3c,0xf8,0xa5,0xdf,0xfa,0xa5,0xd,0xbf,0x65,0x38,0xce,0x55,
  0xff,0xdd,0xbe,0xe6,0xb6,0xbf,0xfe,0xe9,0x8f,0xe6,0xff,0x1e,0xc4,0x55,0x57,0x5d,
  0x75,0xd5,0x55,0xff,0x26,0xf,0x7e,0xe9,0xb7,0x79,0xab,0xc4,0x6f,0x2d,0x78,0x6b,
  0xc3,0x71,0xae,0xba,0xea,0x45,0x20,0x78,0x86,0xe1,0xa7,0x3,0xbe,0xfb,0xd6,0xbf,
  0xfe,0xe9,0xbf,0xe6,0x1,0x1e,0xfc,0xd2,0x6f,0xfd,0xd2,0x86,0xdf,0x32,0x1c,0xe7,
  0xaa,0xff,0x76,0x1,0x2f,0x73,0xeb,0x5f,0xff,0xf4,0x5f,0xf3,0x7f,0xf,0xe2,0xaa,
  0xab,0xae,0xba,0xea,0xaa,0x17,0xd9,0x83,0x5f,0xfa,0xad,0x5f,0x3a,0xe1,0xbd,0x4,
  0x6f,0x6d,0x78,0x30,0x57,0x5d,0xf5,0x22,0x10,0x5c,0x32,0xfc,0x74,0xc0,0x4f,0xdf,
  0xfa,0xd7,0x3f,0xfd,0xd3,0x3c,0x1f,0xf,0x7e,0xe9,0xb7,0x7e,0x69,0xc3,0x6f,0x19,
  0x8e,0x73,0xd5,0x7f,0x3b,0xc1,0x33,0x9e,0xf1,0xd7,0x3f,0xfd,0x60,0xfe,0x6f,0x42,
  0x5c,0x75,0xd5,0x55,0x57,0x5d,0xf5,0x42,0x3d,0xf8,0xa5,0xdf,0xfa,0xc1,0xc0,0x5b,
  0x19,0x3e,0xda,0xf0,0x60,0xae,0xba,0xea,0x45,0xf7,0x33,0x1,0x3f,0x7d,0xeb,0x5f,
  0xff,0xf4,0x77,0xf3,0x42,0x3c,0xf8,0xa5,0xdf,0xfa,0xa5,0xd,0xbf,0x65,0x38,0xce,
  0x55,0xff,0x53,0x7c,0xce,0x6d,0x7f,0xfd,0xd3,0x9f,0xcd,0xff,0x4d,0x88,0xab,0xae,
  0xba,0xea,0xaa,0xab,0x9e,0xc7,0x83,0x5f,0xfa,0xad,0x8f,0x83,0xde,0xca,0xf8,0xbd,
  0xd,0xaf,0xcd,0x55,0x57,0xbd,0x88,0x4,0x7f,0x23,0xf8,0x6a,0xe0,0xa7,0x6f,0xfd,
  0xeb,0x9f,0xde,0xe5,0x5f,0xf0,0xe0,0x97,0x7e,0xeb,0x97,0x36,0xfc,0x96,0xe1,0x38,
  0x57,0xfd,0x8f,0x11,0xf0,0x90,0x5b,0xff,0xfa,0xa7,0x6f,0xe5,0xff,0x26,0xc4,0x55,
  0x57,0x5d,0x75,0xd5,0x55,0xcf,0xf2,0xe0,0x97,0x7e,0x9b,0xb7,0x32,0x7e,0x6f,0xc3,
  0x5b,0x73,0xd5,0x55,0x2f,0x22,0xc1,0x33,0x4,0x5f,0xd,0xfc,0xf4,0xad,0x7f,0xfd,
  0xd3,0xb7,0xf2,0x22,0x7a,0xf0,0x4b,0xbf,0xf5,0x4b,0x1b,0x7e,0xcb,0x70,0x9c,0xab,
  0xfe,0xc7,0x10,0xfc,0xcd,0x33,0xfe,0xfa,0xa7,0x5f,0x9a,0xff,0xbb,0x10,0x57,0x5d,
  0x75,0xd5,0x55,0xff,0xcf,0x3d,0xf8,0xa5,0xdf,0xfa,0xb5,0x13,0xde,0x4b,0xf0,0xd6,
  0x86,0xe3,0x5c,0x75,0xd5,0x8b,0x40,0xf0,0xc,0xc3,0x4f,0x7,0x7c,0xf7,0xad,0x7f,
  0xfd,0xd3,0x7f,0xcd,0xbf,0xd2,0x83,0x5f,0xfa,0xad,0x5f,0xda,0xf0,0x5b,0x86,0xe3,
  0x5c,0xf5,0x3f,0x4a,0xc0,0xc7,0xdc,0xfa,0xd7,0x3f,0xfd,0xd5,0xfc,0xdf,0x85,0xb8,
  0xea,0xaa,0xab,0xae,0xfa,0x7f,0xe8,0xc1,0x2f,0xfd,0xd6,0x2f,0x9d,0xf0,0x5e,0x82,
  0xb7,0x36,0x3c,0x98,0xab,0xae,0x7a,0x11,0x8,0x2e,0x19,0x7e,0x3a,0xe0,0xa7,0x6f,
  0xfd,0xeb,0x9f,0xfe,0x69,0xfe,0x8d,0x1e,0xfc,0xd2,0x6f,0xfd,0xd2,0x86,0xdf,0x32,
  0x1c,0xe7,0xaa,0xff,0x71,0x2,0x4e,0xdc,0xfa,0xd7,0x3f,0xbd,0xcb,0xff,0x5d,0x88,
  0xab,0xae,0xba,0xea,0xaa,0xff,0x27,0x1e,0xfc,0xd2,0x6f,0xfd,0x60,0xe0,0xad,0xc,
  0xef,0x6d,0x78,0x69,0xae,0xba,0xea,0x45,0xf7,0x33,0x1,0x3f,0x7d,0xeb,0x5f,0xff,
  0xf4,0x77,0xf3,0xef,0xf4,0xe0,0x97,0x7e,0xeb,0x97,0x36,0xfc,0x96,0xe1,0x38,0x57,
  0xfd,0x4f,0xf4,0x33,0xb7,0xfd,0xf5,0x4f,0xbf,0x35,0xff,0xb7,0x21,0xae,0xba,0xea,
  0xaa,0xab,0xfe,0xf,0x7b,0xf0,0x4b,0xbf,0xf5,0x71,0xd0,0x5b,0x19,0xbf,0xb7,0xe1,
  0xb5,0xb9,0xea,0xaa,0x17,0x91,0xe0,0x6f,0x4,0xdf,0xd,0x7c,0xf7,0xad,0x7f,0xfd,
  0xd3,0xbb,0xfc,0x7,0x78,0xf0,0x4b,0xbf,0xf5,0x4b,0x1b,0x7e,0xcb,0x70,0x9c,0xab,
  0xfe,0x47,0xa,0x78,0x9f,0x5b,0xff,0xfa,0xa7,0xbf,0x9b,0xff,0xdb,0x10,0x57,0x5d,
  0x75,0xd5,0x55,0xff,0x7,0x3d,0xf8,0xa5,0xdf,0xe6,0xad,0x12,0xbf,0x35,0xf0,0xde,
  0x5c,0x75,0xd5,0x8b,0x48,0xf0,0xc,0xc3,0x77,0x7,0x7c,0xf7,0xad,0x7f,0xfd,0xd3,
  0xb7,0xf2,0x1f,0xe8,0xc1,0x2f,0xfd,0xd6,0x2f,0x6d,0xf8,0x2d,0xc3,0x71,0xae,0xfa,
  0x1f,0x49,0x70,0x49,0xf0,0xe0,0x5b,0xff,0xfa,0xa7,0x77,0xf9,0xbf,0xd,0x71,0xd5,
  0x55,0x57,0x5d,0xf5,0x7f,0xc4,0x83,0x5f,0xfa,0xad,0x5f,0x3a,0xe1,0xa3,0x4,0x6f,
  0x6d,0x38,0xce,0x55,0x57,0xbd,0x8,0x4,0x97,0xc,0xdf,0x1d,0xf0,0xdd,0xb7,0xfe,
  0xf5,0x4f,0xff,0x35,0xff,0x9,0x1e,0xfc,0xd2,0x6f,0xfd,0xd2,0x86,0xdf,0x32,0x1c,
  0xe7,0xaa,0xff,0xc9,0xbe,0xe7,0xb6,0xbf,0xfe,0xe9,0xf7,0xe6,0xff,0x3e,0xc4,0x55,
  0x57,0x5d,0x75,0xd5,0xff,0x62,0xf,0x7e,0xe9,0xb7,0x7e,0x70,0xc2,0x47,0x9,0xde,
  0xda,0xf0,0x60,0xae,0xba,0xea,0x45,0x20,0xb8,0x64,0xf8,0xe9,0x80,0x9f,0xbe,0xf5,
  0xaf,0x7f,0xfa,0xa7,0xf9,0x4f,0xf4,0xe0,0x97,0x7e,0xeb,0x97,0x36,0xfc,0x96,0xe1,
  0x38,0x57,0xfd,0x8f,0x16,0xf0,0x36,0xb7,0xfe,0xf5,0x4f,0xff,0x34,0xff,0xf7,0x21,
  0xae,0xba,0xea,0xaa,0xab,0xfe,0x97,0x79,0xf0,0x4b,0xbf,0xf5,0x83,0x81,0xb7,0x32,
  0xbc,0xb7,0xe1,0xa5,0xb9,0xea,0xaa,0x17,0xdd,0xcf,0x4,0xfc,0x34,0xf0,0xd3,0xb7,
  0xfe,0xf5,0x4f,0xef,0xf2,0x9f,0xec,0xc1,0x2f,0xfd,0xd6,0x2f,0x6d,0xf8,0x2d,0xc3,
  0x71,0xae,0xfa,0x1f,0x4d,0xf0,0x8c,0x67,0xfc,0xf5,0x4f,0x3f,0x98,0xff,0x1f,0x10,
  0x57,0x5d,0x75,0xd5,0x55,0xff,0xb,0x3c,0xf8,0xa5,0xdf,0xfa,0x38,0xe8,0xad,0x8c,
  0xdf,0xda,0xf0,0xd6,0x5c,0x75,0xd5,0x8b,0x48,0xf0,0x37,0x82,0xef,0x6,0xbe,0xfb,
  0xd6,0xbf,0xfe,0xe9,0x5d,0xfe,0x8b,0x3c,0xf8,0xa5,0xdf,0xfa,0xa5,0xd,0xbf,0x65,
  0x38,0xce,0x55,0xff,0x1b,0x7c,0xcd,0x6d,0x7f,0xfd,0xd3,0x1f,0xcd,0xff,0xf,0x88,
  0xab,0xae,0xba,0xea,0xaa,0xff,0xc1,0x1e,0xfc,0xd2,0x6f,0xf3,0x56,0x89,0xdf,0x1a,
  0x78,0x6f,0xae,0xba,0xea,0x45,0x24,0x78,0x86,0xe1,0xa7,0x3,0xbe,0xfa,0xd6,0xbf,
  0xfe,0xe9,0x5b,0xf9,0x2f,0xf6,0xe0,0x97,0x7e,0xeb,0x97,0x36,0xfc,0x96,0xe1,0x38,
  0x57,0xfd,0xaf,0x10,0xf0,0x32,0xb7,0xfe,0xf5,0x4f,0xff,0x35,0xff,0x3f,0x20,0xae,
  0xba,0xea,0xaa,0xab,0xfe,0x87,0x79,0xf0,0x4b,0xbf,0xf5,0x4b,0x27,0xbc,0x97,0xe0,
  0xbd,0xd,0xc7,0xb9,0xea,0xaa,0x17,0x81,0xe0,0x92,0xe1,0xa7,0x3,0xbe,0xfa,0xd6,
  0xbf,0xfe,0xe9,0xbf,0xe6,0xbf,0xc9,0x83,0x5f,0xfa,0xad,0x5f,0xda,0xf0,0x5b,0x86,
  0xe3,0x5c,0xf5,0xbf,0x82,0xe0,0x19,0xcf,0xf8,0xeb,0x9f,0x7e,0x30,0xff,0x7f,0x20,
  0xae,0xba,0xea,0xaa,0xab,0xfe,0x7,0x78,0xf0,0x4b,0xbf,0xf5,0x83,0x13,0xde,0x4b,
  0xf0,0xde,0x86,0x7,0x73,0xd5,0x55,0x2f,0xba,0xef,0x9,0xf8,0xe9,0x5b,0xff,0xfa,
  0xa7,0x7f,0x9a,0xff,0x66,0xf,0x7e,0xe9,0xb7,0x7e,0x69,0xc3,0x6f,0x19,0x8e,0x73,
  0xd5,0xff,0x1a,0x1,0x1f,0x73,0xeb,0x5f,0xff,0xf4,0x57,0xf3,0xff,0x7,0xe2,0xaa,
  0xab,0xae,0xba,0xea,0xbf,0xc9,0x83,0x5f,0xfa,0xad,0x8f,0x3,0xef,0x65,0x78,0x6f,
  0xc3,0x4b,0x73,0xd5,0x55,0x2f,0xba,0x9f,0x9,0xf8,0x69,0xe0,0xa7,0x6f,0xfd,0xeb,
  0x9f,0xde,0xe5,0x7f,0x80,0x7,0xbf,0xf4,0x5b,0xbf,0xb4,0xe1,0xb7,0xc,0xc7,0xb9,
  0xea,0x7f,0x95,0x80,0x87,0xdc,0xfa,0xd7,0x3f,0x7d,0x2b,0xff,0x7f,0x20,0xae,0xba,
  0xea,0xaa,0xab,0xfe,0xb,0x3d,0xf8,0xa5,0xdf,0xfa,0x38,0xe8,0xad,0x8c,0xdf,0xda,
  0xf0,0xd6,0x5c,0x75,0xd5,0x8b,0x48,0xf0,0x37,0x82,0xef,0x6,0x7e,0xfa,0xd6,0xbf,
  0xfe,0xe9,0x5b,0xf9,0x1f,0xe4,0xc1,0x2f,0xfd,0xd6,0x2f,0x6d,0xf8,0x2d,0xc3,0x71,
  0xae,0xfa,0x5f,0x45,0xf0,0x37,0xcf,0xf8,0xeb,0x9f,0x7e,0x69,0xfe,0x7f,0x41,0x5c,
  0x75,0xd5,0x55,0x57,0xfd,0x17,0x78,0xf0,0x4b,0xbf,0xcd,0x5b,0x25,0x7e,0x6b,0xc1,
  0x5b,0x1b,0x8e,0x73,0xd5,0x55,0x2f,0x2,0xc1,0x33,0xc,0x3f,0x1d,0xf0,0xd5,0xb7,
  0xfe,0xf5,0x4f,0xdf,0xca,0xff,0x40,0xf,0x7e,0xe9,0xb7,0x7e,0x69,0xc3,0x6f,0x19,
  0x8e,0x73,0xd5,0xff,0x3a,0x1,0xef,0x73,0xeb,0x5f,0xff,0xf4,0x77,0xf3,0xff,0xb,
  0xe2,0xaa,0xab,0xae,0xba,0xea,0x3f,0xc9,0x83,0x5f,0xfa,0xad,0x5f,0x3a,0xe1,0xbd,
  0x4,0xef,0x6d,0x38,0xce,0x55,0x57,0xbd,0x8,0x4,0x97,0xc,0x3f,0x1d,0xf0,0xdd,
  0xb7,0xfe,0xf5,0x4f,0xff,0x36,0xff,0x83,0x3d,0xf8,0xa5,0xdf,0xfa,0xa5,0xd,0xbf,
  0x65,0x38,0xce,0x55,0xff,0x2b,0x5,0x9c,0xb8,0xf5,0xaf,0x7f,0x7a,0x97,0xff,0x5f,
  0x10,0x57,0x5d,0x75,0xd5,0x55,0xff,0x81,0x1e,0xfc,0xd2,0x6f,0xfd,0x60,0xe0,0xad,
  0xc,0x1f,0x6d,0x78,0x30,0x57,0x5d,0xf5,0xa2,0xfb,0x99,0x80,0xef,0xbe,0xf5,0xaf,
  0x7f,0xfa,0xa7,0xf9,0x5f,0xe0,0xc1,0x2f,0xfd,0xd6,0x2f,0x6d,0xf8,0x2d,0xc3,0x71,
  0xae,0xfa,0xdf,0xea,0x67,0x6e,0xfb,0xeb,0x9f,0x7e,0x6b,0xfe,0xff,0x41,0x5c,0x75,
  0xd5,0x55,0x57,0xfd,0x3b,0x3d,0xf8,0xa5,0xdf,0xfa,0x38,0xe8,0xad,0x8c,0x3f,0xda,
  0xf0,0xd2,0x5c,0x75,0xd5,0x8b,0x48,0xf0,0x3b,0x82,0xef,0x6,0x7e,0xfa,0xd6,0xbf,
  0xfe,0xe9,0x5d,0xfe,0x97,0x78,0xf0,0x4b,0xbf,0xf5,0x4b,0x1b,0x7e,0xcb,0x70,0x9c,
  0xab,0xfe,0xd7,0xa,0x78,0x9f,0x5b,0xff,0xfa,0xa7,0xbf,0x9b,0xff,0x7f,0x10,0x57,
  0x5d,0x75,0xd5,0x55,0xff,0x46,0xf,0x7e,0xe9,0xb7,0x79,0x2f,0xe3,0xb7,0x36,0xbc,
  0x35,0x57,0x5d,0xf5,0x22,0x12,0xfc,0x8d,0xe0,0xbb,0x81,0x9f,0xbe,0xf5,0xaf,0x7f,
  0xfa,0x56,0xfe,0x97,0x79,0xf0,0x4b,0xbf,0xf5,0x4b,0x1b,0x7e,0xcb,0x70,0x9c,0xab,
  0xfe,0xd7,0x12,0x5c,0x7a,0xc6,0x5f,0xff,0xf4,0x71,0xfe,0x7f,0x42,0x5c,0x75,0xd5,
  0x55,0x57,0xfd,0x2b,0x3c,0xf8,0xa5,0xdf,0xe6,0xad,0x12,0xbf,0xb5,0xe0,0xad,0xd,
  0xc7,0xb9,0xea,0xaa,0x17,0x81,0xe0,0x19,0x86,0x9f,0xe,0xf8,0xee,0x5b,0xff,0xfa,
  0xa7,0xff,0x9a,0xff,0xa5,0x1e,0xfc,0xd2,0x6f,0xfd,0xd2,0x86,0xdf,0x32,0x1c,0xe7,
  0xaa,0xff,0xed,0xbe,0xe7,0xb6,0xbf,0xfe,0xe9,0xf7,0xe6,0xff,0x27,0xc4,0x55,0x57,
  0x5d,0x75,0xd5,0xbf,0xe0,0xc1,0x2f,0xfd,0xd6,0x2f,0x9d,0xf0,0x5e,0x82,0xb7,0x36,
  0x3c,0x98,0xab,0xae,0x7a,0x11,0x8,0x2e,0x19,0x7e,0x3a,0xe0,0xbb,0x6f,0xfd,0xeb,
  0x9f,0xfe,0x6d,0xfe,0x97,0x7b,0xf0,0x4b,0xbf,0xf5,0x4b,0x1b,0x7e,0xcb,0x70,0x9c,
  0xab,0xfe,0xd7,0xb,0x78,0x9b,0x5b,0xff,0xfa,0xa7,0x7f,0x9a,0xff,0x9f,0x10,0x57,
  0x5d,0x75,0xd5,0x55,0xcf,0xc7,0x83,0x5f,0xfa,0xad,0x1f,0xc,0xbc,0x95,0xe1,0xa3,
  0xd,0xf,0xe6,0xaa,0xab,0x5e,0x74,0x3f,0x13,0xf0,0xd3,0xb7,0xfe,0xf5,0x4f,0x7f,
  0x37,0xff,0x47,0x3c,0xf8,0xa5,0xdf,0xfa,0xa5,0xd,0xbf,0x65,0x38,0xce,0x55,0xff,
  0xeb,0x9,0x9e,0xf1,0x8c,0xbf,0xfe,0xe9,0x7,0xf3,0xff,0x17,0xe2,0xaa,0xab,0xae,
  0xba,0xea,0x99,0x1e,0xfc,0xd2,0x6f,0x7d,0x1c,0xf4,0x56,0xc6,0xef,0x6d,0x78,0x6d,
  0xae,0xba,0xea,0x45,0x24,0xf8,0x1b,0xc1,0x57,0x3,0x3f,0x7d,0xeb,0x5f,0xff,0xf4,
  0x2e,0xff,0x87,0x3c,0xf8,0xa5,0xdf,0xfa,0xa5,0xd,0xbf,0x65,0x38,0xce,0x55,0xff,
  0x57,0x7c,0xcd,0x6d,0x7f,0xfd,0xd3,0x1f,0xcd,0xff,0x5f,0x88,0xab,0xae,0xba,0xea,
  0xff,0xbd,0x7,0xbf,0xf4,0xdb,0xbc,0x95,0xf1,0x7b,0x1b,0xde,0x9a,0xab,0xae,0x7a,
  0x11,0x9,0x9e,0x21,0xf8,0x6a,0xe0,0xa7,0x6f,0xfd,0xeb,0x9f,0xbe,0x95,0xff,0x83,
  0x1e,0xfc,0xd2,0x6f,0xfd,0xd2,0x86,0xdf,0x32,0x1c,0xe7,0xaa,0xff,0x33,0x2,0x5e,
  0xe6,0xd6,0xbf,0xfe,0xe9,0xbf,0xe6,0xff,0x2f,0xc4,0x55,0x57,0x5d,0xf5,0xff,0xd2,
  0x83,0x5f,0xfa,0xad,0x5f,0x3b,0xe1,0xbd,0x4,0x6f,0x6d,0x38,0xce,0x55,0x57,0xbd,
  0x8,0x4,0xcf,0x30,0xfc,0x74,0xc0,0x77,0xdf,0xfa,0xd7,0x3f,0xfd,0xd7,0xfc,0x1f,
  0xf6,0xe0,0x97,0x7e,0xeb,0x97,0x36,0xfc,0x96,0xe1,0x38,0x57,0xfd,0x9f,0x21,0xf8,
  0x9b,0x67,0xfc,0xf5,0x4f,0xbf,0x34,0xff,0xbf,0x21,0xae,0xba,0xea,0xaa,0xff,0x37,
  0x1e,0xfc,0xd2,0x6f,0xfd,0xd2,0x9,0xef,0x25,0x78,0x6b,0xc3,0x83,0xb9,0xea,0xaa,
  0x17,0x81,0xe0,0x92,0xe1,0xa7,0x3,0x7e,0xfa,0xd6,0xbf,0xfe,0xe9,0x9f,0xe6,0xff,
  0x81,0x7,0xbf,0xf4,0x5b,0xbf,0xb4,0xe1,0xb7,0xc,0xc7,0xb9,0xea,0xff,0x94,0x80,
  0x8f,0xb9,0xf5,0xaf,0x7f,0xfa,0xab,0xf9,0xff,0xd,0x71,0xd5,0x55,0x57,0xfd,0x9f,
  0xf6,0xe0,0x97,0x7e,0xeb,0x7,0x3,0x6f,0x65,0x78,0x6f,0xc3,0x4b,0x73,0xd5,0x55,
  0x2f,0xba,0x9f,0x9,0xf8,0xe9,0x5b,0xff,0xfa,0xa7,0xbf,0x9b,0xff,0x47,0x1e,0xfc,
  0xd2,0x6f,0xfd,0xd2,0x86,0xdf,0x32,0x1c,0xe7,0x2a,0x4,0x7f,0x3,0x1c,0x33,0x3c,
  0x98,0xff,0x3,0x2,0x1e,0x72,0xeb,0x5f,0xff,0xf4,0xad,0xfc,0xff,0x86,0xb8,0xea,
  0xaa,0xab,0xfe,0xcf,0x79,0xf0,0x4b,0xbf,0xf5,0x71,0xd0,0x5b,0x19,0xbf,0xb7,0xe1,
  0xb5,0xb9,0xea,0xaa,0x17,0x91,0xe0,0x6f,0x4,0x5f,0xd,0xfc,0xf4,0xad,0x7f,0xfd,
  0xd3,0xbb,0xfc,0x3f,0xf3,0xe0,0x97,0x7e,0xeb,0x97,0x36,0xfc,0x96,0xe1,0x38,0x57,
  0x21,0xf8,0x1b,0xc1,0x47,0x27,0xfc,0x16,0xff,0x7,0x8,0x7e,0xe7,0x19,0x7f,0xfd,
  0xd3,0xaf,0xcd,0x55,0x88,0xab,0xae,0xba,0xea,0xff,0x8c,0x7,0xbf,0xf4,0xdb,0xbc,
  0x55,0xe2,0xb7,0x6,0xde,0x9b,0xab,0xae,0x7a,0x11,0x9,0x9e,0x61,0xf8,0xee,0x80,
  0xef,0xbe,0xf5,0xaf,0x7f,0xfa,0x56,0xfe,0x9f,0x7a,0xf0,0x4b,0xbf,0xf5,0x4b,0x1b,
  0x7e,0xcb,0x70,0x9c,0xab,0x10,0xfc,0x8d,0xe0,0xb5,0x13,0x3e,0x1b,0xf8,0x28,0xfe,
  0xf,0x8,0x78,0x9f,0x5b,0xff,0xfa,0xa7,0xbf,0x9b,0xab,0x10,0x57,0x5d,0x75,0xd5,
  0xff,0x6a,0xf,0x7e,0xe9,0xb7,0x7e,0xe9,0x84,0x8f,0x12,0xbc,0xb5,0xe1,0x38,0x57,
  0x5d,0xf5,0x22,0x10,0x5c,0x32,0x7c,0x77,0xc0,0x77,0xdf,0xfa,0xd7,0x3f,0xfd,0xd7,
  0xfc,0x3f,0xf7,0xe0,0x97,0x7e,0xeb,0x97,0x36,0xfc,0x96,0xe1,0x38,0x57,0x21,0xf8,
  0x1b,0xc1,0x6b,0xdf,0xfa,0xd7,0x3f,0xbd,0xfb,0xa0,0x97,0x7e,0xeb,0xa7,0x1b,0x1e,
  0xcc,0xff,0x1,0x1,0x27,0x6e,0xfd,0xeb,0x9f,0xde,0xe5,0x2a,0xc4,0x55,0x57,0x5d,
  0xf5,0xbf,0xce,0x83,0x5f,0xfa,0xad,0x1f,0x9c,0xf0,0x51,0x82,0xb7,0x36,0x3c,0x98,
  0xab,0xae,0x7a,0x11,0x8,0x2e,0x19,0x7e,0x3a,0xe0,0xa7,0x6f,0xfd,0xeb,0x9f,0xfe,
  0x69,0xae,0xba,0xec,0xc1,0x2f,0xfd,0xd6,0x2f,0x6d,0xf8,0x2d,0xc3,0x71,0xae,0x42,
  0xf0,0x37,0x82,0xd7,0xbe,0xf5,0xaf,0x7f,0x7a,0xf7,0xc1,0x2f,0xfd,0xd6,0xaf,0x9d,
  0xf0,0x5b,0xfc,0xdf,0xf0,0x33,0xb7,0xfd,0xf5,0x4f,0xbf,0x35,0x57,0x1,0x20,0xae,
  0xba,0xea,0xaa,0xff,0x15,0x1e,0xfc,0xd2,0x6f,0xfd,0x60,0xe0,0xad,0xc,0xef,0x6d,
  0x78,0x69,0xae,0xba,0xea,0x45,0xf7,0x33,0x1,0x3f,0xd,0xfc,0xf4,0xad,0x7f,0xfd,
  0xd3,0xbb,0x5c,0xf5,0x2c,0xf,0x7e,0xe9,0xb7,0x7e,0x69,0xc3,0x6f,0x19,0x8e,0x73,
  0x15,0x82,0xbf,0x11,0xbc,0xf6,0xad,0x7f,0xfd,0xd3,0xbb,0x0,0xb7,0xbc,0xf4,0x5b,
  0x7f,0x37,0xf0,0x5e,0xfc,0x1f,0x10,0xf0,0x36,0xb7,0xfe,0xf5,0x4f,0xff,0x34,0x57,
  0x1,0x20,0xae,0xba,0xea,0xaa,0xff,0xb1,0x1e,0xfc,0xd2,0x6f,0x7d,0x1c,0xf4,0x56,
  0xc6,0x6f,0x6d,0x78,0x6b,0xae,0xba,0xea,0x45,0x24,0xf8,0x1b,0xc1,0x77,0x3,0xdf,
  0x7d,0xeb,0x5f,0xff,0xf4,0x2e,0x57,0x3d,0x8f,0x7,0xbf,0xf4,0x5b,0xbf,0xb4,0xe1,
  0xb7,0xc,0xc7,0xb9,0xa,0xc1,0xdf,0x8,0x5e,0xfb,0xd6,0xbf,0xfe,0xe9,0x5d,0x9e,
  0xe9,0x41,0x2f,0xfd,0xd6,0x17,0xd,0xc7,0xf9,0x5f,0x4e,0x70,0xe9,0x19,0x7f,0xfd,
  0xd3,0xc7,0xb9,0xea,0x7e,0x88,0xab,0xae,0xba,0xea,0x7f,0x9c,0x7,0xbf,0xf4,0xdb,
  0xbc,0x55,0xe2,0xb7,0x6,0xde,0x9b,0xab,0xae,0x7a,0x11,0x9,0x9e,0x61,0xf8,0xee,
  0x80,0xef,0xbe,0xf5,0xaf,0x7f,0xfa,0x56,0xae,0x7a,0x81,0x1e,0xfc,0xd2,0x6f,0xfd,
  0xd2,0x86,0xdf,0x32,0x1c,0xe7,0x2a,0x4,0x7f,0x23,0x78,0xed,0x5b,0xff,0xfa,0xa7,
  0x77,0x79,0xa6,0x7,0xbf,0xf4,0x5b,0xbf,0x75,0xc2,0x4f,0xf1,0x7f,0xc3,0xf7,0xdc,
  0xf6,0xd7,0x3f,0xfd,0xde,0x5c,0x75,0x3f,0xc4,0x55,0x57,0x5d,0xf5,0x3f,0xc2,0x83,
  0x5f,0xfa,0xad,0x5f,0x3a,0xe1,0xbd,0x4,0xef,0x6d,0x38,0xce,0x55,0x57,0xbd,0x8,
  0x4,0x97,0xc,0x3f,0x1d,0xf0,0xd5,0xb7,0xfe,0xf5,0x4f,0xff,0x35,0x57,0xfd,0x8b,
  0x1e,0xfc,0xd2,0x6f,0xfd,0xd2,0x86,0xdf,0x32,0x1c,0xe7,0x2a,0x4,0x7f,0x23,0x78,
  0xed,0x5b,0xff,0xfa,0xa7,0x77,0x79,0x80,0x5b,0x5e,0xfa,0xad,0x7f,0x1a,0x78,0x2b,
  0xfe,0xf,0x8,0x78,0x9d,0x5b,0xff,0xfa,0xa7,0x7f,0x9b,0xab,0xee,0x87,0xb8,0xea,
  0xaa,0xab,0xfe,0xdb,0x3c,0xf8,0xa5,0xdf,0xfa,0xc1,0x9,0xef,0x25,0x78,0x6f,0xc3,
  0x83,0xb9,0xea,0xaa,0x17,0xdd,0xf7,0x4,0xfc,0xf4,0xad,0x7f,0xfd,0xd3,0x3f,0xcd,
  0x55,0x2f,0xb2,0x7,0xbf,0xf4,0x5b,0xbf,0xb4,0xe1,0xb7,0xc,0xc7,0xb9,0xa,0xc1,
  0xdf,0x8,0x5e,0xfb,0xd6,0xbf,0xfe,0xe9,0x5d,0x1e,0xe0,0xc1,0x2f,0xfd,0xd6,0xc7,
  0x13,0x2e,0xf2,0x7f,0x80,0xe0,0x19,0xcf,0xf8,0xeb,0x9f,0x7e,0x30,0x57,0x3d,0x10,
  0xe2,0xaa,0xab,0xae,0xfa,0x2f,0xf5,0xe0,0x97,0x7e,0xeb,0xe3,0xc0,0x7b,0x19,0xde,
  0xdb,0xf0,0xd2,0x5c,0x75,0xd5,0x8b,0xee,0x67,0x2,0x7e,0x1a,0xf8,0xe9,0x5b,0xff,
  0xfa,0xa7,0x77,0xb9,0xea,0x5f,0xe5,0xc1,0x2f,0xfd,0xd6,0x2f,0x6d,0xf8,0x2d,0xc3,
  0x71,0xae,0x42,0xf0,0x37,0x82,0xd7,0xbe,0xf5,0xaf,0x7f,0x7a,0x97,0xe7,0xf2,0xe0,
  0x97,0x7e,0xeb,0xf7,0x4e,0xf8,0x2e,0xfe,0x6f,0xf8,0x9a,0xdb,0xfe,0xfa,0xa7,0x3f,
  0x9a,0xab,0x1e,0x8,0x71,0xd5,0x55,0x57,0xfd,0xa7,0x7b,0xf0,0x4b,0xbf,0xf5,0x71,
  0xd0,0x5b,0x19,0xbf,0xb5,0xe1,0xad,0xb9,0xea,0xaa,0x17,0x91,0xe0,0x6f,0x4,0xdf,
  0xd,0xfc,0xf4,0xad,0x7f,0xfd,0xd3,0xb7,0x72,0xd5,0xbf,0xc9,0x83,0x5f,0xfa,0xad,
  0x5f,0xda,0xf0,0x5b,0x86,0xe3,0x5c,0x85,0xe0,0x6f,0x4,0xaf,0x7d,0xeb,0x5f,0xff,
  0xf4,0x2e,0xcf,0xc7,0x83,0x5e,0xfa,0xad,0xff,0xca,0xf0,0xd2,0xfc,0x1f,0x10,0xf0,
  0x32,0xb7,0xfe,0xf5,0x4f,0xff,0x35,0x57,0x3d,0x10,0xe2,0xaa,0xab,0xae,0xfa,0x4f,
  0xf3,0xe0,0x97,0x7e,0x9b,0xb7,0x4a,0xfc,0xd6,0x82,0xb7,0x36,0x1c,0xe7,0xaa,0xab,
  0x5e,0x4,0x82,0x67,0x18,0x7e,0x3a,0xe0,0xab,0x6f,0xfd,0xeb,0x9f,0xbe,0x95,0xab,
  0xfe,0x5d,0x1e,0xfc,0xd2,0x6f,0xfd,0xd2,0x86,0xdf,0x32,0x1c,0xe7,0x2a,0x4,0x7f,
  0x23,0x78,0xed,0x5b,0xff,0xfa,0xa7,0x77,0x79,0x3e,0x1e,0xfc,0xd2,0x6f,0xfd,0xe0,
  0x84,0xa7,0xf3,0x7f,0x80,0xe0,0x6f,0x9e,0xf1,0xd7,0x3f,0xfd,0xd2,0x5c,0xf5,0xdc,
  0x10,0x57,0x5d,0x75,0xd5,0x7f,0xa8,0x7,0xbf,0xf4,0x5b,0xbf,0x74,0xc2,0x7b,0x9,
  0xde,0xdb,0x70,0x9c,0xab,0xae,0x7a,0x11,0x8,0x2e,0x19,0x7e,0x3a,0xe0,0xab,0x6f,
  0xfd,0xeb,0x9f,0xfe,0x6b,0xae,0xfa,0xf,0xf1,0xe0,0x97,0x7e,0xeb,0x97,0x36,0xfc,
  0x96,0xe1,0x38,0x57,0x21,0xf8,0x1b,0xc1,0x6b,0xdf,0xfa,0xd7,0x3f,0xbd,0xcb,0xb,
  0xf0,0xe0,0x97,0x7e,0xeb,0x8f,0x4e,0xf8,0x2a,0xfe,0xf,0x8,0xf8,0x98,0x5b,0xff,
  0xfa,0xa7,0xbf,0x9a,0xab,0x9e,0x1b,0xe2,0xaa,0xab,0xae,0xfa,0x77,0x7b,0xf0,0x4b,
  0xbf,0xf5,0x83,0x81,0xb7,0x32,0x7c,0xb4,0xe1,0xc1,0x5c,0x75,0xd5,0x8b,0xee,0x67,
  0x2,0xbe,0xfb,0xd6,0xbf,0xfe,0xe9,0x9f,0xe6,0xaa,0xff,0x50,0xf,0x7e,0xe9,0xb7,
  0x7e,0x69,0xc3,0x6f,0x19,0x8e,0x73,0x15,0x82,0xbf,0x11,0xbc,0xf6,0xad,0x7f,0xfd,
  0xd3,0xbb,0xbc,0x10,0xf,0x7a,0xe9,0xb7,0x7e,0xba,0xe1,0xc1,0xfc,0x1f,0x10,0xf0,
  0x90,0x5b,0xff,0xfa,0xa7,0x6f,0xe5,0xaa,0xe7,0x86,0xb8,0xea,0xaa,0xab,0xfe,0x4d,
  0x1e,0xfc,0xd2,0x6f,0x7d,0x1c,0xf4,0x56,0xc6,0x1f,0x6d,0x78,0x69,0xae,0xba,0xea,
  0x45,0x24,0xf8,0x1d,0xc1,0x77,0x3,0x3f,0x7d,0xeb,0x5f,0xff,0xf4,0x2e,0x57,0xfd,
  0x87,0x7b,0xf0,0x4b,0xbf,0xf5,0x4b,0x1b,0x7e,0xcb,0x70,0x9c,0xab,0x10,0xfc,0x8d,
  0xe0,0xb5,0x6f,0xfd,0xeb,0x9f,0xde,0xe5,0x85,0x78,0xf0,0x4b,0xbf,0xf5,0x4b,0x27,
  0xfc,0x15,0xff,0x37,0xfc,0xcc,0x6d,0x7f,0xfd,0xd3,0x6f,0xcd,0x55,0xcf,0xf,0xe2,
  0xaa,0xab,0xae,0xfa,0x57,0x79,0xf0,0x4b,0xbf,0xcd,0x7b,0x19,0xbf,0xb5,0xe1,0xad,
  0xb9,0xea,0xaa,0x17,0x91,0xe0,0x6f,0x4,0xdf,0xd,0xfc,0xf4,0xad,0x7f,0xfd,0xd3,
  0xb7,0x72,0xd5,0x7f,0x9a,0x7,0xbf,0xf4,0x5b,0xbf,0xb4,0xe1,0xb7,0xc,0xc7,0xb9,
  0xa,0xc1,0xdf,0x8,0x5e,0xfb,0xd6,0xbf,0xfe,0xe9,0x5d,0xfe,0x5,0xb7,0xbc,0xf4,
  0x5b,0x7f,0x35,0xf0,0x51,0xfc,0x1f,0x10,0xf0,0x3e,0xb7,0xfe,0xf5,0x4f,0x7f,0x37,
  0x57,0x3d,0x3f,0x88,0xab,0xae,0xba,0xea,0x5f,0xf4,0xe0,0x97,0x7e,0x9b,0xb7,0x4a,
  0xfc,0xd6,0x82,0xb7,0x36,0x1c,0xe7,0xaa,0xab,0x5e,0x4,0x82,0x67,0x18,0x7e,0x3a,
  0xe0,0xbb,0x6f,0xfd,0xeb,0x9f,0xfe,0x6b,0xae,0xfa,0x4f,0xf7,0xe0,0x97,0x7e,0xeb,
  0x97,0x36,0xfc,0x96,0xe1,0x38,0x57,0x21,0xf8,0x1b,0xc1,0x6b,0xdf,0xfa,0xd7,0x3f,
  0xbd,0xcb,0x8b,0xe0,0x41,0x2f,0xfd,0xd6,0x4f,0x37,0x3c,0x98,0xff,0x3,0x2,0x4e,
  0xdc,0xfa,0xd7,0x3f,0xbd,0xcb,0x55,0xcf,0xf,0xe2,0xaa,0xab,0xae,0x7a,0xbe,0x1e,
  0xfc,0xd2,0x6f,0xfd,0xd2,0x9,0xef,0x25,0x78,0x6b,0xc3,0x83,0xb9,0xea,0xaa,0x17,
  0x81,0xe0,0x92,0xe1,0xa7,0x3,0xbe,0xfb,0xd6,0xbf,0xfe,0xe9,0xdf,0xe6,0xaa,0xff,
  0x32,0xf,0x7e,0xe9,0xb7,0x7e,0x69,0xc3,0x6f,0x19,0x8e,0x73,0x15,0x82,0xbf,0x11,
  0xbc,0xf6,0xad,0x7f,0xfd,0xd3,0xbb,0xbc,0x8,0x1e,0xfc,0xd2,0x6f,0xfd,0xd6,0x9,
  0x3f,0xc5,0xff,0xd,0xdf,0x73,0xdb,0x5f,0xff,0xf4,0x7b,0x73,0xd5,0xb,0x82,0xb8,
  0xea,0xaa,0xab,0x9e,0xe5,0xc1,0x2f,0xfd,0xd6,0xf,0x6,0xde,0xca,0xf0,0xd1,0x86,
  0x7,0x73,0xd5,0x55,0x2f,0xba,0x9f,0x9,0xf8,0xee,0x5b,0xff,0xfa,0xa7,0x7f,0x9a,
  0xab,0xfe,0xcb,0x3d,0xf8,0xa5,0xdf,0xfa,0xa5,0xd,0xbf,0x65,0x38,0xce,0x55,0x8,
  0xfe,0x46,0xf0,0xda,0xb7,0xfe,0xf5,0x4f,0xef,0xf2,0x22,0xba,0xe5,0xa5,0xdf,0xfa,
  0xbb,0x81,0xf7,0xe2,0xff,0x80,0x80,0xb7,0xb9,0xf5,0xaf,0x7f,0xfa,0xa7,0xb9,0xea,
  0x5,0x41,0x5c,0x75,0xd5,0xff,0x73,0xf,0x7e,0xe9,0xb7,0x3e,0xe,0x7a,0x2b,0xe3,
  0xf7,0x36,0xbc,0x36,0x57,0x5d,0xf5,0x22,0x12,0xfc,0x8e,0xe0,0xbb,0x81,0x9f,0xbe,
  0xf5,0xaf,0x7f,0x7a,0x97,0xab,0xfe,0x5b,0x3c,0xf8,0xa5,0xdf,0xfa,0xa5,0xd,0xbf,
  0x65,0x38,0xce,0x55,0x8,0xfe,0x46,0xf0,0xda,0xb7,0xfe,0xf5,0x4f,0xef,0xf2,0xaf,
  0xf0,0xa0,0x97,0x7e,0xeb,0x8b,0x86,0xe3,0xfc,0x2f,0x27,0xb8,0xf4,0x8c,0xbf,0xfe,
  0xe9,0xe3,0x5c,0xf5,0xc2,0x20,0xae,0xba,0xea,0xff,0xa9,0x7,0xbf,0xf4,0xdb,0xbc,
  0x95,0xf1,0x7b,0x1b,0xde,0x9a,0xab,0xae,0x7a,0x11,0x9,0x9e,0x21,0xf8,0x6a,0xe0,
  0xa7,0x6f,0xfd,0xeb,0x9f,0xbe,0x95,0xab,0xfe,0x5b,0x3d,0xf8,0xa5,0xdf,0xfa,0xa5,
  0xd,0xbf,0x65,0x38,0xce,0x55,0x8,0xfe,0x46,0xf0,0xda,0xb7,0xfe,0xf5,0x4f,0xef,
  0xf2,0xaf,0xf0,0xe0,0x97,0x7e,0xeb,0xf7,0x4e,0xf8,0x2e,0xfe,0x6f,0xf8,0x9e,0xdb,
  0xfe,0xfa,0xa7,0xdf,0x9b,0xab,0x5e,0x18,0xc4,0x55,0x57,0xfd,0x3f,0xf2,0xe0,0x97,
  0x7e,0xeb,0xd7,0x4e,0x78,0x2f,0xc1,0x5b,0x1b,0x8e,0x73,0xd5,0x55,0x2f,0x2,0xc1,
  0x33,0xc,0x3f,0x1d,0xf0,0xdd,0xb7,0xfe,0xf5,0x4f,0xff,0x35,0x57,0xfd,0x8f,0xf0,
  0xe0,0x97,0x7e,0xeb,0x97,0x36,0xfc,0x96,0xe1,0x38,0x57,0x21,0xf8,0x1b,0xc1,0x6b,
  0xdf,0xfa,0xd7,0x3f,0xbd,0xcb,0xbf,0xd2,0x2d,0x2f,0xfd,0xd6,0x3f,0xd,0xbc,0x15,
  0xff,0x7,0x4,0xbc,0xcc,0xad,0x7f,0xfd,0xd3,0x7f,0xcd,0x55,0x2f,0xc,0xe2,0xaa,
  0xab,0xfe,0x8f,0x7b,0xf0,0x4b,0xbf,0xf5,0x4b,0x27,0xbc,0x97,0xe0,0xad,0xd,0xf,
  0xe6,0xaa,0xab,0x5e,0x4,0x82,0x4b,0x86,0x9f,0xe,0xf8,0xe9,0x5b,0xff,0xfa,0xa7,
  0x7f,0x9a,0xab,0xfe,0x47,0x79,0xf0,0x4b,0xbf,0xf5,0x4b,0x1b,0x7e,0xcb,0x70,0x9c,
  0xab,0x10,0xfc,0x8d,0xe0,0xb5,0x6f,0xfd,0xeb,0x9f,0xde,0xe5,0x5f,0xe9,0xc1,0x2f,
  0xfd,0xd6,0xc7,0x13,0x2e,0xf2,0x7f,0x80,0xe0,0x19,0xcf,0xf8,0xeb,0x9f,0x7e,0x30,
  0x57,0xfd,0x4b,0x10,0x57,0x5d,0xf5,0x7f,0xd0,0x83,0x5f,0xfa,0xad,0x1f,0xc,0xbc,
  0x95,0xe1,0xbd,0xd,0x2f,0xcd,0x55,0x57,0xbd,0xe8,0x7e,0x26,0xe0,0xa7,0x6f,0xfd,
  0xeb,0x9f,0xfe,0x6e,0xae,0xfa,0x1f,0xe9,0xc1,0x2f,0xfd,0xd6,0x2f,0x6d,0xf8,0x2d,
  0xc3,0x71,0xae,0x42,0xf0,0x37,0x82,0xd7,0xbe,0xf5,0xaf,0x7f,0x7a,0x97,0x7f,0x83,
  0x7,0xbf,0xf4,0x5b,0x7f,0x74,0xc2,0x57,0xf1,0x7f,0xc3,0xd7,0xdc,0xf6,0xd7,0x3f,
  0xfd,0xd1,0x5c,0xf5,0x2f,0x41,0x5c,0x75,0xd5,0xff,0x11,0xf,0x7e,0xe9,0xb7,0x3e,
  0xe,0x7a,0x2b,0xe3,0xf7,0x36,0xbc,0x36,0x57,0x5d,0xf5,0x22,0x12,0xfc,0x8d,0xe0,
  0xab,0x81,0x9f,0xbe,0xf5,0xaf,0x7f,0x7a,0x97,0xab,0xfe,0xc7,0x7a,0xf0,0x4b,0xbf,
  0xf5,0x4b,0x1b,0x7e,0xcb,0x70,0x9c,0xab,0x10,0xfc,0x8d,0xe0,0xb5,0x6f,0xfd,0xeb,
  0x9f,0xde,0xe5,0xdf,0xe8,0x41,0x2f,0xfd,0xd6,0x7f,0x65,0x78,0x69,0xfe,0xf,0x8,
  0x78,0xc8,0xad,0x7f,0xfd,0xd3,0xb7,0x72,0xd5,0xbf,0x4,0x71,0xd5,0x55,0xff,0xcb,
  0x3d,0xf8,0xa5,0xdf,0xe6,0xad,0x12,0xbf,0x35,0xf0,0xde,0x5c,0x75,0xd5,0x8b,0x48,
  0xf0,0xc,0xc1,0x57,0x3,0x3f,0x7d,0xeb,0x5f,0xff,0xf4,0xad,0x5c,0xf5,0x3f,0xde,
  0x83,0x5f,0xfa,0xad,0x5f,0xda,0xf0,0x5b,0x86,0xe3,0x5c,0x85,0xe0,0x6f,0x4,0xaf,
  0x7d,0xeb,0x5f,0xff,0xf4,0x2e,0xff,0x46,0xf,0x7e,0xe9,0xb7,0x7e,0x70,0xc2,0xd3,
  0xf9,0x3f,0x40,0xf0,0x37,0xcf,0xf8,0xeb,0x9f,0x7e,0x69,0xae,0x7a,0x51,0x20,0xae,
  0xba,0xea,0x7f,0xa1,0x7,0xbf,0xf4,0x5b,0xbf,0x74,0xc2,0x47,0x9,0xde,0xda,0x70,
  0x9c,0xab,0xae,0x7a,0x11,0x8,0x2e,0x19,0xbe,0x3b,0xe0,0xbb,0x6f,0xfd,0xeb,0x9f,
  0xfe,0x6b,0xae,0xfa,0x5f,0xe3,0xc1,0x2f,0xfd,0xd6,0x2f,0x6d,0xf8,0x2d,0xc3,0x71,
  0xae,0x42,0xf0,0x37,0x82,0xd7,0xbe,0xf5,0xaf,0x7f,0x7a,0x97,0x7f,0x87,0x5b,0x5e,
  0xfa,0xad,0x3f,0x1b,0xf8,0x2c,0xfe,0xf,0x8,0xf8,0x98,0x5b,0xff,0xfa,0xa7,0xbf,
  0x9a,0xab,0x5e,0x14,0x88,0xab,0xae,0xfa,0x5f,0xe2,0xc1,0x2f,0xfd,0xd6,0xf,0x4e,
  0xf8,0x28,0xc1,0x5b,0x1b,0x1e,0xcc,0x55,0x57,0xbd,0x8,0x4,0x97,0xc,0x3f,0x1d,
  0xf0,0xd3,0xb7,0xfe,0xf5,0x4f,0xff,0x34,0x57,0xfd,0xaf,0xf3,0xe0,0x97,0x7e,0xeb,
  0x97,0x36,0xfc,0x96,0xe1,0x38,0x57,0x21,0xf8,0x1b,0xc1,0x6b,0xdf,0xfa,0xd7,0x3f,
  0xbd,0xcb,0xbf,0xd3,0x83,0x5e,0xfa,0xad,0x9f,0x6e,0x78,0x30,0xff,0x7,0x4,0x9c,
  0xb8,0xf5,0xaf,0x7f,0x7a,0x97,0xab,0x5e,0x14,0x88,0xab,0xae,0xfa,0x1f,0xec,0xc1,
  0x2f,0xfd,0xd6,0xf,0x6,0xde,0xca,0xf0,0xde,0x86,0x97,0xe6,0xaa,0xab,0x5e,0x74,
  0x3f,0x13,0xf0,0xd3,0xc0,0x4f,0xdf,0xfa,0xd7,0x3f,0xbd,0xcb,0x55,0xff,0x2b,0x3d,
  0xf8,0xa5,0xdf,0xfa,0xa5,0xd,0xbf,0x65,0x38,0xce,0x55,0x8,0xfe,0x46,0xf0,0xda,
  0xb7,0xfe,0xf5,0x4f,0xef,0xf2,0xef,0xf4,0xe0,0x97,0x7e,0xeb,0x97,0x4e,0xf8,0x2b,
  0xfe,0x6f,0xf8,0x99,0xdb,0xfe,0xfa,0xa7,0xdf,0x9a,0xab,0x5e,0x54,0x88,0xab,0xae,
  0xfa,0x1f,0xe6,0xc1,0x2f,0xfd,0xd6,0xc7,0x41,0x6f,0x65,0xfc,0xd6,0x86,0xb7,0xe6,
  0xaa,0xab,0x5e,0x44,0x82,0xbf,0x11,0x7c,0x37,0xf0,0xdd,0xb7,0xfe,0xf5,0x4f,0xef,
  0x72,0xd5,0xff,0x6a,0xf,0x7e,0xe9,0xb7,0x7e,0x69,0xc3,0x6f,0x19,0x8e,0x73,0x15,
  0x82,0xbf,0x11,0xbc,0xf6,0xad,0x7f,0xfd,0xd3,0xbb,0xfc,0x7,0xb8,0xe5,0xa5,0xdf,
  0xfa,0xab,0x81,0x8f,0xe2,0xff,0x80,0x80,0xf7,0xb9,0xf5,0xaf,0x7f,0xfa,0xbb,0xb9,
  0xea,0x45,0x85,0xb8,0xea,0xaa,0xff,0x21,0x1e,0xfc,0xd2,0x6f,0xf3,0x56,0x89,0xdf,
  0x1a,0x78,0x6f,0xae,0xba,0xea,0x45,0x24,0x78,0x86,0xe1,0xbb,0x3,0xbe,0xfb,0xd6,
  0xbf,0xfe,0xe9,0x5b,0xb9,0xea,0xff,0x84,0x7,0xbf,0xf4,0x5b,0xbf,0xb4,0xe1,0xb7,
  0xc,0xc7,0xb9,0xa,0xc1,0xdf,0x8,0x5e,0xfb,0xd6,0xbf,0xfe,0xe9,0x5d,0xfe,0x83,
  0x3c,0xe8,0xa5,0xdf,0xfa,0xa2,0xe1,0x38,0xff,0xcb,0x9,0x2e,0x9,0x1e,0x7c,0xeb,
  0x5f,0xff,0xf4,0x2e,0x57,0xbd,0xa8,0x10,0x57,0x5d,0xf5,0xdf,0xe8,0xc1,0x2f,0xfd,
  0xd6,0x2f,0x9d,0xf0,0x5e,0x82,0xf7,0x36,0x1c,0xe7,0xaa,0xab,0x5e,0x4,0x82,0x4b,
  0x86,0xef,0xe,0xf8,0xee,0x5b,0xff,0xfa,0xa7,0xff,0x9a,0xab,0xfe,0x4f,0x79,0xf0,
  0x4b,0xbf,0xf5,0x4b,0x1b,0x7e,0xcb,0x70,0x9c,0xab,0x10,0xfc,0x8d,0xe0,0xb5,0x6f,
  0xfd,0xeb,0x9f,0xde,0xe5,0x3f,0xc8,0x83,0x5f,0xfa,0xad,0xdf,0x3a,0xe1,0xa7,0xf8,
  0xbf,0xe1,0x7b,0x6e,0xfb,0xeb,0x9f,0x7e,0x6f,0xae,0xfa,0xd7,0x40,0x5c,0x75,0xd5,
  0x7f,0xb1,0x7,0xbf,0xf4,0x5b,0x3f,0x38,0xe1,0xbd,0x4,0xef,0x6d,0x78,0x30,0x57,
  0x5d,0xf5,0xa2,0xfb,0x9e,0x80,0x9f,0xbe,0xf5,0xaf,0x7f,0xfa,0xa7,0xb9,0xea,0xff,
  0xa4,0x7,0xbf,0xf4,0x5b,0xbf,0xb4,0xe1,0xb7,0xc,0xc7,0xb9,0xa,0xc1,0xdf,0x8,
  0x5e,0xfb,0xd6,0xbf,0xfe,0xe9,0x5d,0xfe,0x3,0xdd,0xf2,0xd2,0x6f,0xfd,0xdd,0xc0,
  0x7b,0xf1,0x7f,0x40,0xc0,0xdb,0xdc,0xfa,0xd7,0x3f,0xfd,0xd3,0x5c,0xf5,0xaf,0x81,
  0xb8,0xea,0xaa,0xff,0x2,0xf,0x7e,0xe9,0xb7,0x3e,0xe,0xbc,0x97,0xe1,0xbd,0xd,
  0x2f,0xcd,0x55,0x57,0xbd,0xe8,0x7e,0x26,0xe0,0xa7,0x81,0x9f,0xbe,0xf5,0xaf,0x7f,
  0x7a,0x97,0xab,0xfe,0xcf,0x7a,0xf0,0x4b,0xbf,0xf5,0x4b,0x1b,0x7e,0xcb,0x70,0x9c,
  0xab,0x10,0xfc,0x8d,0xe0,0xb5,0x6f,0xfd,0xeb,0x9f,0xde,0xe5,0x3f,0xd0,0x83,0x5f,
  0xfa,0xad,0x8f,0x1b,0x9e,0x6e,0x38,0xce,0xff,0x72,0x82,0x4b,0xcf,0xf8,0xeb,0x9f,
  0x3e,0xce,0x55,0xff,0x5a,0x88,0xab,0xae,0xfa,0x4f,0xf2,0xe0,0x97,0x7e,0xeb,0xe3,
  0xa0,0xb7,0x32,0x7e,0x6b,0xc3,0x5b,0x73,0xd5,0x55,0x2f,0x22,0xc1,0xdf,0x8,0xbe,
  0x1b,0xf8,0xe9,0x5b,0xff,0xfa,0xa7,0x6f,0xe5,0xaa,0xff,0xf3,0x1e,0xfc,0xd2,0x6f,
  0xfd,0xd2,0x86,0xdf,0x32,0x1c,0xe7,0x2a,0x4,0x7f,0x23,0x78,0xed,0x5b,0xff,0xfa,
  0xa7,0x77,0xf9,0xf,0xf6,0xe0,0x97,0x7e,0xeb,0xf7,0x4e,0xf8,0x2e,0xfe,0x6f,0xf8,
  0x9a,0xdb,0xfe,0xfa,0xa7,0x3f,0x9a,0xab,0xfe,0xb5,0x10,0x57,0x5d,0xf5,0x1f,0xec,
  0xc1,0x2f,0xfd,0x36,0x6f,0x95,0xf8,0xad,0x5,0x6f,0x6d,0x38,0xce,0x55,0x57,0xbd,
  0x8,0x4,0xcf,0x30,0xfc,0x74,0xc0,0x57,0xdf,0xfa,0xd7,0x3f,0x7d,0x2b,0x57,0xfd,
  0xbf,0xf1,0xe0,0x97,0x7e,0xeb,0x97,0x36,0xfc,0x96,0xe1,0x38,0x57,0x21,0xf8,0x1b,
  0xc1,0x6b,0xdf,0xfa,0xd7,0x3f,0xbd,0xcb,0x7f,0x82,0x5b,0x5e,0xfa,0xad,0x7f,0x1a,
  0x78,0x2b,0xfe,0xf,0x8,0x78,0x99,0x5b,0xff,0xfa,0xa7,0xff,0x9a,0xab,0xfe,0xb5,
  0x10,0x57,0x5d,0xf5,0x1f,0xe0,0xc1,0x2f,0xfd,0xd6,0x2f,0x9d,0xf0,0x5e,0x82,0xf7,
  0x36,0x1c,0xe7,0xaa,0xab,0x5e,0x4,0x82,0x4b,0x86,0x9f,0xe,0xf8,0xea,0x5b,0xff,
  0xfa,0xa7,0xff,0x9a,0xab,0xfe,0xdf,0x79,0xf0,0x4b,0xbf,0xf5,0x4b,0x1b,0x7e,0xcb,
  0x70,0x9c,0xab,0x10,0xfc,0x8d,0xe0,0xb5,0x6f,0xfd,0xeb,0x9f,0xde,0xe5,0x3f,0xc1,
  0x83,0x5f,0xfa,0xad,0x8f,0x27,0x5c,0xe4,0xff,0x0,0xc1,0x33,0x9e,0xf1,0xd7,0x3f,
  0xfd,0x60,0xae,0xfa,0xb7,0x40,0x5c,0x75,0xd5,0xbf,0xd1,0x83,0x5f,0xfa,0xad,0x1f,
  0xc,0xbc,0x95,0xe1,0xa3,0xd,0xf,0xe6,0xaa,0xab,0x5e,0x74,0xdf,0x13,0xf0,0xd3,
  0xb7,0xfe,0xf5,0x4f,0xff,0x34,0x57,0xfd,0xbf,0xf5,0xe0,0x97,0x7e,0xeb,0x97,0x36,
  0xfc,0x96,0xe1,0x38,0x57,0x21,0xf8,0x1b,0xc1,0x6b,0xdf,0xfa,0xd7,0x3f,0xbd,0xcb,
  0x7f,0x92,0x7,0xbf,0xf4,0x5b,0x7f,0x74,0xc2,0x57,0xf1,0x7f,0xc3,0xe7,0xdc,0xf6,
  0xd7,0x3f,0xfd,0xd9,0x5c,0xf5,0x6f,0x81,0xb8,0xea,0xaa,0x7f,0x85,0x7,0xbf,0xf4,
  0x5b,0x1f,0x7,0xbd,0x95,0xf1,0x47,0x1b,0x5e,0x9a,0xab,0xae,0x7a,0xd1,0xfd,0x4c,
  0xc0,0x4f,0x3,0x3f,0x7d,0xeb,0x5f,0xff,0xf4,0x2e,0x57,0xfd,0xbf,0xf6,0xe0,0x97,
  0x7e,0xeb,0x97,0x36,0xfc,0x96,0xe1,0x38,0x57,0x21,0xf8,0x1b,0xc1,0x6b,0xdf,0xfa,
  0xd7,0x3f,0xbd,0xcb,0x7f,0xa2,0x7,0xbd,0xf4,0x5b,0xff,0x95,0xe1,0xa5,0xf9,0x3f,
  0x20,0xe0,0x21,0xb7,0xfe,0xf5,0x4f,0xdf,0xca,0x55,0xff,0x16,0x88,0xab,0xae,0x7a,
  0x11,0x3c,0xf8,0xa5,0xdf,0xe6,0xbd,0x8c,0xdf,0xda,0xf0,0xd6,0x5c,0x75,0xd5,0x8b,
  0x48,0xf0,0x37,0x82,0xef,0x6,0x7e,0xfa,0xd6,0xbf,0xfe,0xe9,0x5b,0xb9,0xea,0x2a,
  0xe0,0xc1,0x2f,0xfd,0xd6,0x2f,0x6d,0xf8,0x2d,0xc3,0x71,0xae,0x42,0xf0,0x37,0x82,
  0xd7,0xbe,0xf5,0xaf,0x7f,0x7a,0x97,0xff,0x44,0xf,0x7e,0xe9,0xb7,0x7e,0x70,0xc2,
  0xd3,0xf9,0x3f,0x40,0xf0,0x37,0xcf,0xf8,0xeb,0x9f,0x7e,0x69,0xae,0xfa,0xb7,0x42,
  0x5c,0x75,0xd5,0xb,0xf0,0xe0,0x97,0x7e,0x9b,0xb7,0x4a,0xfc,0xd6,0x82,0xb7,0x36,
  0x1c,0xe7,0xaa,0xab,0x5e,0x4,0x82,0x67,0x18,0x7e,0x3a,0xe0,0xbb,0x6f,0xfd,0xeb,
  0x9f,0xfe,0x6b,0xae,0xba,0xea,0x1,0x1e,0xfc,0xd2,0x6f,0xfd,0xd2,0x86,0xdf,0x32,
  0x1c,0xe7,0x2a,0x4,0x7f,0x23,0x78,0xed,0x5b,0xff,0xfa,0xa7,0x77,0xf9,0x4f,0x76,
  0xcb,0x4b,0xbf,0xf5,0x57,0x3,0x1f,0xc5,0xff,0x1,0x1,0x1f,0x73,0xeb,0x5f,0xff,
  0xf4,0x57,0x73,0xd5,0xbf,0x15,0xe2,0xaa,0xab,0x1e,0xe0,0xc1,0x2f,0xfd,0xd6,0x2f,
  0x9d,0xf0,0x5e,0x82,0xb7,0x36,0x3c,0x98,0xab,0xae,0x7a,0x11,0x8,0x2e,0x19,0x7e,
  0x3a,0xe0,0xbb,0x6f,0xfd,0xeb,0x9f,0xfe,0x6d,0xae,0xba,0xea,0xf9,0x78,0xf0,0x4b,
  0xbf,0xf5,0x4b,0x1b,0x7e,0xcb,0x70,0x9c,0xab,0x10,0xfc,0x8d,0xe0,0xb5,0x6f,0xfd,
  0xeb,0x9f,0xde,0xe5,0xbf,0xc0,0x83,0x5e,0xfa,0xad,0x9f,0x6e,0x78,0x30,0xff,0x7,
  0x4,0x9c,0xb8,0xf5,0xaf,0x7f,0x7a,0x97,0xab,0xfe,0xad,0x10,0x57,0xfd,0xbf,0xf7,
  0xe0,0x97,0x7e,0xeb,0x7,0x3,0x6f,0x65,0x78,0x6f,0xc3,0x4b,0x73,0xd5,0x55,0x2f,
  0xba,0x9f,0x9,0xf8,0xee,0x5b,0xff,0xfa,0xa7,0x7f,0x9a,0xab,0xae,0x7a,0x21,0x1e,
  0xfc,0xd2,0x6f,0xfd,0xd2,0x86,0xdf,0x32,0x1c,0xe7,0x2a,0x4,0x7f,0x23,0x78,0xed,
  0x5b,0xff,0xfa,0xa7,0x77,0xf9,0x2f,0xf0,0xe0,0x97,0x7e,0xeb,0x97,0x4e,0xf8,0x2b,
  0xfe,0x6f,0xf8,0x99,0xdb,0xfe,0xfa,0xa7,0xdf,0x9a,0xab,0xfe,0x3d,0x10,0x57,0xfd,
  0xbf,0xf4,0xe0,0x97,0x7e,0xeb,0xe3,0xa0,0xb7,0x32,0x7e,0x6f,0xc3,0x6b,0x73,0xd5,
  0x55,0x2f,0x22,0xc1,0xef,0x8,0xbe,0x1b,0xf8,0xe9,0x5b,0xff,0xfa,0xa7,0x77,0xb9,
  0xea,0xaa,0x7f,0xc1,0x83,0x5f,0xfa,0xad,0x5f,0xda,0xf0,0x5b,0x86,0xe3,0x5c,0x85,
  0xe0,0x6f,0x4,0xaf,0x7d,0xeb,0x5f,0xff,0xf4,0x2e,0xff,0x45,0x6e,0x79,0xe9,0xb7,
  0xfe,0x6e,0xe0,0xbd,0xf8,0x3f,0x20,0xe0,0x7d,0x6e,0xfd,0xeb,0x9f,0xfe,0x6e,0xae,
  0xfa,0xf7,0x40,0x5c,0xf5,0xff,0xca,0x83,0x5f,0xfa,0x6d,0xde,0xca,0xf8,0xbd,0xd,
  0x6f,0xcd,0x55,0x57,0xbd,0x88,0x4,0x7f,0x23,0xf8,0x6e,0xe0,0xa7,0x6f,0xfd,0xeb,
  0x9f,0xbe,0x95,0xab,0xae,0x7a,0x11,0x3d,0xf8,0xa5,0xdf,0xfa,0xa5,0xd,0xbf,0x65,
  0x38,0xce,0x55,0x8,0xfe,0x46,0xf0,0xda,0xb7,0xfe,0xf5,0x4f,0xef,0xf2,0x5f,0xe8,
  0x41,0x2f,0xfd,0xd6,0x17,0xd,0xc7,0xf9,0x5f,0x4e,0x70,0xe9,0x19,0x7f,0xfd,0xd3,
  0xc7,0xb9,0xea,0xdf,0xb,0x71,0xd5,0xff,0x79,0xf,0x7e,0xe9,0xb7,0x7e,0xed,0x84,
  0xf7,0x12,0xbc,0xb5,0xe1,0x38,0x57,0x5d,0xf5,0x22,0x10,0x3c,0xc3,0xf0,0xd3,0x1,
  0xdf,0x7d,0xeb,0x5f,0xff,0xf4,0x5f,0x73,0xd5,0x55,0xff,0x4a,0xf,0x7e,0xe9,0xb7,
  0x7e,0x69,0xc3,0x6f,0x19,0x8e,0x73,0x15,0x82,0xbf,0x11,0xbc,0xf6,0xad,0x7f,0xfd,
  0xd3,0xbb,0xfc,0x17,0x7a,0xf0,0x4b,0xbf,0xf5,0x5b,0x27,0xfc,0x14,0xff,0x37,0x7c,
  0xcf,0x6d,0x7f,0xfd,0xd3,0xef,0xcd,0x55,0xff,0x5e,0x88,0xab,0xfe,0x4f,0x7a,0xf0,
  0x4b,0xbf,0xf5,0x4b,0x27,0xbc,0x97,0xe0,0xad,0xd,0xf,0xe6,0xaa,0xab,0x5e,0x4,
  0x82,0x4b,0x86,0x9f,0xe,0xf8,0xe9,0x5b,0xff,0xfa,0xa7,0x7f,0x9a,0xab,0xae,0xfa,
  0x37,0x7a,0xf0,0x4b,0xbf,0xf5,0x4b,0x1b,0x7e,0xcb,0x70,0x9c,0xab,0x10,0xfc,0x8d,
  0xe0,0xb5,0x6f,0xfd,0xeb,0x9f,0xde,0xe5,0xbf,0xd8,0x2d,0x2f,0xfd,0xd6,0xdf,0xd,
  0xbc,0x17,0xff,0x7,0x4,0xbc,0xcd,0xad,0x7f,0xfd,0xd3,0x3f,0xcd,0x55,0xff,0x5e,
  0x88,0xab,0xfe,0xcf,0x78,0xf0,0x4b,0xbf,0xf5,0x83,0x81,0xb7,0x32,0xbc,0xb7,0xe1,
  0xa5,0xb9,0xea,0xaa,0x17,0xdd,0xcf,0x4,0xfc,0xf4,0xad,0x7f,0xfd,0xd3,0xdf,0xcd,
  0x55,0x57,0xfd,0x3b,0x3d,0xf8,0xa5,0xdf,0xfa,0xa5,0xd,0xbf,0x65,0x38,0xce,0x55,
  0x8,0xfe,0x46,0xf0,0xda,0xb7,0xfe,0xf5,0x4f,0xef,0xf2,0x5f,0xec,0xc1,0x2f,0xfd,
  0xd6,0xc7,0x13,0x2e,0xf2,0x7f,0x80,0xe0,0x19,0xcf,0xf8,0xeb,0x9f,0x7e,0x30,0x57,
  0xfd,0x47,0x40,0x5c,0xf5,0xbf,0xda,0x83,0x5f,0xfa,0xad,0x8f,0x83,0xde,0xca,0xf8,
  0xad,0xd,0x6f,0xcd,0x55,0x57,0xbd,0x88,0x4,0x7f,0x23,0xf8,0x6a,0xe0,0xa7,0x6f,
  0xfd,0xeb,0x9f,0xde,0xe5,0xaa,0xab,0xfe,0x3,0x3c,0xf8,0xa5,0xdf,0xfa,0xa5,0xd,
  0xbf,0x65,0x38,0xce,0x55,0x8,0xfe,0x46,0xf0,0xda,0xb7,0xfe,0xf5,0x4f,0xef,0xf2,
  0xdf,0xe0,0xc1,0x2f,0xfd,0xd6,0xef,0x9d,0xf0,0x5d,0xfc,0xdf,0xf0,0x35,0xb7,0xfd,
  0xf5,0x4f,0x7f,0x34,0x57,0xfd,0x47,0x40,0x5c,0xf5,0xbf,0xd2,0x83,0x5f,0xfa,0x6d,
  0xde,0x2a,0xf1,0x5b,0x3,0xef,0xcd,0x55,0x57,0xbd,0x88,0x4,0xcf,0x10,0x7c,0x35,
  0xf0,0xd3,0xb7,0xfe,0xf5,0x4f,0xdf,0xca,0x55,0x57,0xfd,0x7,0x7a,0xf0,0x4b,0xbf,
  0xf5,0x4b,0x1b,0x7e,0xcb,0x70,0x9c,0xab,0x10,0xfc,0x8d,0xe0,0xb5,0x6f,0xfd,0xeb,
  0x9f,0xde,0xe5,0xbf,0xc9,0x2d,0x2f,0xfd,0xd6,0x3f,0xd,0xbc,0x15,0xff,0x7,0x4,
  0xbc,0xcc,0xad,0x7f,0xfd,0xd3,0x7f,0xcd,0x55,0xff,0x11,0x10,0x57,0xfd,0xaf,0xf1,
  0xe0,0x97,0x7e,0xeb,0x97,0x4e,0xf8,0x28,0xc1,0x5b,0x1b,0x8e,0x73,0xd5,0x55,0x2f,
  0x2,0xc1,0x33,0xc,0x3f,0x1d,0xf0,0xdd,0xb7,0xfe,0xf5,0x4f,0xff,0x35,0x57,0x5d,
  0xf5,0x9f,0xe0,0xc1,0x2f,0xfd,0xd6,0x2f,0x6d,0xf8,0x2d,0xc3,0x71,0xae,0x42,0xf0,
  0x37,0x82,0xd7,0xbe,0xf5,0xaf,0x7f,0x7a,0x97,0xff,0x26,0xf,0x7e,0xe9,0xb7,0x7e,
  0x70,0xc2,0xd3,0xf9,0x3f,0x40,0xf0,0x8c,0x67,0xfc,0xf5,0x4f,0x3f,0x98,0xab,0xfe,
  0xa3,0x20,0xae,0xfa,0x1f,0xed,0xc1,0x2f,0xfd,0xd6,0xf,0x4e,0xf8,0x28,0xc1,0x5b,
  0x1b,0x1e,0xcc,0x55,0x57,0xbd,0x8,0x4,0x97,0xc,0x3f,0x1d,0xf0,0xd3,0xb7,0xfe,
  0xf5,0x4f,0xff,0x34,0x57,0x5d,0xf5,0x9f,0xe8,0xc1,0x2f,0xfd,0xd6,0x2f,0x6d,0xf8,
  0x2d,0xc3,0x71,0xae,0x42,0xf0,0x37,0x82,0xd7,0xbe,0xf5,0xaf,0x7f,0x7a,0x97,0xff,
  0x46,0xf,0x7e,0xe9,0xb7,0xfe,0xe8,0x84,0xaf,0xe2,0xff,0x80,0x80,0x8f,0xb9,0xf5,
  0xaf,0x7f,0xfa,0xab,0xb9,0xea,0x3f,0xa,0xe2,0xaa,0xff,0x71,0x1e,0xfc,0xd2,0x6f,
  0xfd,0x60,0xe0,0xad,0xc,0xef,0x6d,0x78,0x69,0xae,0xba,0xea,0x45,0xf7,0x33,0x1,
  0x3f,0xd,0xfc,0xf4,0xad,0x7f,0xfd,0xd3,0xbb,0x5c,0x75,0xd5,0x7f,0xb2,0x7,0xbf,
  0xf4,0x5b,0xbf,0xb4,0xe1,0xb7,0xc,0xc7,0xb9,0xa,0xc1,0xdf,0x8,0x5e,0xfb,0xd6,
  0xbf,0xfe,0xe9,0x5d,0xfe,0x9b,0x3d,0xe8,0xa5,0xdf,0xfa,0xaf,0xc,0x2f,0xcd,0xff,
  0x1,0x1,0xf,0xb9,0xf5,0xaf,0x7f,0xfa,0x56,0xae,0xfa,0x8f,0x82,0xb8,0xea,0x7f,
  0x84,0x7,0xbf,0xf4,0x5b,0x1f,0x7,0xbd,0x95,0xf1,0x5b,0x1b,0xde,0x9a,0xab,0xae,
  0x7a,0x11,0x9,0xfe,0x46,0xf0,0xdd,0xc0,0x77,0xdf,0xfa,0xd7,0x3f,0xbd,0xcb,0x55,
  0x57,0xfd,0x17,0x79,0xf0,0x4b,0xbf,0xf5,0x4b,0x1b,0x7e,0xcb,0x70,0x9c,0xab,0x10,
  0xfc,0x8d,0xe0,0xb5,0x6f,0xfd,0xeb,0x9f,0xde,0xe5,0xbf,0xd9,0x83,0x5f,0xfa,0xad,
  0x5f,0x3a,0xe1,0xaf,0xf8,0x3f,0x40,0xf0,0x37,0xcf,0xf8,0xeb,0x9f,0x7e,0x69,0xae,
  0xfa,0x8f,0x84,0xb8,0xea,0xbf,0xd5,0x83,0x5f,0xfa,0x6d,0xde,0x2a,0xf1,0x5b,0xb,
  0xde,0xda,0x70,0x9c,0xab,0xae,0x7a,0x11,0x8,0x9e,0x61,0xf8,0xee,0x80,0xef,0xbe,
  0xf5,0xaf,0x7f,0xfa,0x56,0xae,0xba,0xea,0xbf,0xd8,0x83,0x5f,0xfa,0xad,0x5f,0xda,
  0xf0,0x5b,0x86,0xe3,0x5c,0x85,0xe0,0x6f,0x4,0xaf,0x7d,0xeb,0x5f,0xff,0xf4,0x2e,
  0xff,0x3,0xdc,0xf2,0xd2,0x6f,0xfd,0xd5,0xc0,0x47,0xf1,0x7f,0x40,0xc0,0xfb,0xdc,
  0xfa,0xd7,0x3f,0xfd,0xdd,0x5c,0xf5,0x1f,0x9,0x71,0xd5,0x7f,0xb9,0x7,0xbf,0xf4,
  0x5b,0xbf,0x74,0xc2,0x7b,0x9,0xde,0xdb,0x70,0x9c,0xab,0xae,0x7a,0x11,0x8,0x2e,
  0x19,0xbe,0x3b,0xe0,0xbb,0x6f,0xfd,0xeb,0x9f,0xfe,0x6b,0xae,0xba,0xea,0xbf,0xc9,
  0x83,0x5f,0xfa,0xad,0x5f,0xda,0xf0,0x5b,0x86,0xe3,0x5c,0x85,0xe0,0x6f,0x4,0xaf,
  0x7d,0xeb,0x5f,0xff,0xf4,0x2e,0xff,0x43,0x3c,0xe8,0xa5,0xdf,0xfa,0xe9,0x86,0x7,
  0xf3,0x7f,0x40,0xc0,0x89,0x5b,0xff,0xfa,0xa7,0x77,0xb9,0xea,0x3f,0x12,0xe2,0xaa,
  0xff,0x12,0xf,0x7e,0xe9,0xb7,0x7e,0x70,0xc2,0x7b,0x9,0xde,0xdb,0xf0,0x60,0xae,
  0xba,0xea,0x45,0x20,0xb8,0x64,0xf8,0xe9,0x80,0x9f,0xbe,0xf5,0xaf,0x7f,0xfa,0xa7,
  0xb9,0xea,0xaa,0xff,0x66,0xf,0x7e,0xe9,0xb7,0x7e,0x69,0xc3,0x6f,0x19,0x8e,0x73,
  0x15,0x82,0xbf,0x11,0xbc,0xf6,0xad,0x7f,0xfd,0xd3,0xbb,0xfc,0xf,0xf1,0xe0,0x97,
  0x7e,0xeb,0xd7,0x4e,0xf8,0x2d,0xfe,0x6f,0xf8,0x99,0xdb,0xfe,0xfa,0xa7,0xdf,0x9a,
  0xab,0xfe,0xa3,0x21,0xae,0xfa,0x4f,0xf3,0xe0,0x97,0x7e,0xeb,0xe3,0xc0,0x7b,0x19,
  0xde,0xdb,0xf0,0xd2,0x5c,0x75,0xd5,0x8b,0xee,0x67,0x2,0x7e,0x1a,0xf8,0xe9,0x5b,
  0xff,0xfa,0xa7,0x77,0xb9,0xea,0xaa,0xff,0x1,0x1e,0xfc,0xd2,0x6f,0xfd,0xd2,0x86,
  0xdf,0x32,0x1c,0xe7,0x2a,0x4,0x7f,0x23,0x78,0xed,0x5b,0xff,0xfa,0xa7,0x77,0xf9,
  0x1f,0xe4,0x96,0x97,0x7e,0xeb,0xef,0x6,0xde,0x8b,0xff,0x3,0x2,0xde,0xe7,0xd6,
  0xbf,0xfe,0xe9,0xef,0xe6,0xaa,0xff,0x68,0x88,0xab,0xfe,0x43,0x3d,0xf8,0xa5,0xdf,
  0xfa,0x38,0xe8,0xad,0x8c,0xdf,0xda,0xf0,0xd6,0x5c,0x75,0xd5,0x8b,0x48,0xf0,0x37,
  0x82,0xef,0x6,0xbe,0xfb,0xd6,0xbf,0xfe,0xe9,0x5d,0xae,0xba,0xea,0x7f,0x90,0x7,
  0xbf,0xf4,0x5b,0xbf,0xb4,0xe1,0xb7,0xc,0xc7,0xb9,0xa,0xc1,0xdf,0x8,0x5e,0xfb,
  0xd6,0xbf,0xfe,0xe9,0x5d,0xfe,0x87,0x79,0xd0,0x4b,0xbf,0xf5,0x45,0xc3,0x71,0xfe,
  0x97,0x13,0x5c,0x7a,0xc6,0x5f,0xff,0xf4,0x71,0xae,0xfa,0xcf,0x80,0xb8,0xea,0x3f,
  0xc4,0x83,0x5f,0xfa,0x6d,0xde,0x2a,0xf1,0x5b,0xb,0xde,0xda,0x70,0x9c,0xab,0xae,
  0x7a,0x11,0x8,0x9e,0x61,0xf8,0xe9,0x80,0xaf,0xbe,0xf5,0xaf,0x7f,0xfa,0x56,0xae,
  0xba,0xea,0x7f,0xa0,0x7,0xbf,0xf4,0x5b,0xbf,0xb4,0xe1,0xb7,0xc,0xc7,0xb9,0xa,
  0xc1,0xdf,0x8,0x5e,0xfb,0xd6,0xbf,0xfe,0xe9,0x5d,0xfe,0x87,0x79,0xf0,0x4b,0xbf,
  0xf5,0x5b,0x27,0xfc,0x14,0xff,0x37,0x7c,0xcf,0x6d,0x7f,0xfd,0xd3,0xef,0xcd,0x55,
  0xff,0x19,0x10,0x57,0xfd,0x9b,0x3d,0xf8,0xa5,0xdf,0xfa,0xa5,0x13,0xde,0x4b,0xf0,
  0xd6,0x86,0x7,0x73,0xd5,0x55,0x2f,0x2,0xc1,0x25,0xc3,0x4f,0x7,0x7c,0xf5,0xad,
  0x7f,0xfd,0xd3,0x7f,0xcd,0x55,0x57,0xfd,0xf,0xf6,0xe0,0x97,0x7e,0xeb,0x97,0x36,
  0xfc,0x96,0xe1,0x38,0x57,0x21,0xf8,0x1b,0xc1,0x6b,0xdf,0xfa,0xd7,0x3f,0xbd,0xcb,
  0xff,0x40,0xb7,0xbc,0xf4,0x5b,0xff,0x34,0xf0,0x56,0xfc,0x1f,0x10,0xf0,0x3a,0xb7,
  0xfe,0xf5,0x4f,0xff,0x36,0x57,0xfd,0x67,0x40,0x5c,0xf5,0xaf,0xf2,0xe0,0x97,0x7e,
  0xeb,0x7,0x3,0x6f,0x65,0xf8,0x68,0xc3,0x83,0xb9,0xea,0xaa,0x17,0xdd,0xf7,0x4,
  0xfc,0xf4,0xad,0x7f,0xfd,0xd3,0x3f,0xcd,0x55,0x57,0xfd,0x2f,0xf0,0xe0,0x97,0x7e,
  0xeb,0x97,0x36,0xfc,0x96,0xe1,0x38,0x57,0x21,0xf8,0x1b,0xc1,0x6b,0xdf,0xfa,0xd7,
  0x3f,0xbd,0xcb,0xff,0x40,0xf,0x7e,0xe9,0xb7,0x3e,0x9e,0x70,0x91,0xff,0x3,0x4,
  0xcf,0x78,0xc6,0x5f,0xff,0xf4,0x83,0xb9,0xea,0x3f,0xb,0xe2,0xaa,0x7f,0xd1,0x83,
  0x5f,0xfa,0xad,0x8f,0x83,0xde,0xca,0xf8,0xa3,0xd,0x2f,0xcd,0x55,0x57,0xbd,0xe8,
  0x7e,0x26,0xe0,0xa7,0x81,0x9f,0xbe,0xf5,0xaf,0x7f,0x7a,0x97,0xab,0xae,0xfa,0x5f,
  0xe2,0xc1,0x2f,0xfd,0xd6,0x2f,0x6d,0xf8,0x2d,0xc3,0x71,0xae,0x42,0xf0,0x37,0x82,
  0xd7,0xbe,0xf5,0xaf,0x7f,0x7a,0x97,0xff,0xa1,0x1e,0xfc,0xd2,0x6f,0xfd,0xde,0x9,
  0xdf,0xc5,0xff,0xd,0x5f,0x73,0xdb,0x5f,0xff,0xf4,0x47,0x73,0xd5,0x7f,0x16,0xc4,
  0x55,0x2f,0xd0,0x83,0x5f,0xfa,0x6d,0xde,0xcb,0xf8,0xad,0xd,0x6f,0xcd,0x55,0x57,
  0xbd,0x88,0x4,0x7f,0x23,0xf8,0x6e,0xe0,0xa7,0x6f,0xfd,0xeb,0x9f,0xbe,0x95,0xab,
  0xae,0xfa,0x5f,0xe6,0xc1,0x2f,0xfd,0xd6,0x2f,0x6d,0xf8,0x2d,0xc3,0x71,0xae,0x42,
  0xf0,0x37,0x82,0xd7,0xbe,0xf5,0xaf,0x7f,0x7a,0x97,0xff,0xc1,0x1e,0xf4,0xd2,0x6f,
  0xfd,0x5b,0x86,0xd7,0xe6,0xff,0x80,0x80,0x97,0xb9,0xf5,0xaf,0x7f,0xfa,0xaf,0xb9,
  0xea,0x3f,0xb,0xe2,0xaa,0xe7,0xf0,0xe0,0x97,0x7e,0xeb,0x7,0x27,0x7c,0x94,0xe0,
  0xbd,0xd,0xc7,0xb9,0xea,0xaa,0x17,0x81,0xe0,0x19,0x86,0x9f,0xe,0xf8,0xea,0x5b,
  0xff,0xfa,0xa7,0x6f,0xe5,0xaa,0xab,0xfe,0x97,0x7a,0xf0,0x4b,0xbf,0xf5,0x4b,0x1b,
  0x7e,0xcb,0x70,0x9c,0xab,0x10,0xfc,0x8d,0xe0,0xb5,0x6f,0xfd,0xeb,0x9f,0xde,0xe5,
  0x7f,0xb0,0x7,0xbf,0xf4,0x5b,0x3f,0x38,0xe1,0xe9,0xfc,0x1f,0x20,0xf8,0x9b,0x67,
  0xfc,0xf5,0x4f,0xbf,0x34,0x57,0xfd,0x67,0x42,0x5c,0x75,0xd9,0x83,0x5f,0xfa,0xad,
  0x1f,0x9c,0xf0,0x59,0xc0,0x7b,0x73,0xd5,0x55,0x2f,0x2,0xc1,0x25,0xc3,0x4f,0x7,
  0x7c,0xf7,0xad,0x7f,0xfd,0xd3,0xbf,0xcd,0x55,0x57,0xfd,0x2f,0xf7,0xe0,0x97,0x7e,
  0xeb,0x97,0x36,0xfc,0x96,0xe1,0x38,0x57,0x21,0xf8,0x1b,0xc1,0x6b,0xdf,0xfa,0xd7,
  0x3f,0xbd,0xcb,0xff,0x70,0xf,0x7e,0xe9,0xb7,0xfe,0xe8,0x84,0xaf,0xe2,0xff,0x80,
  0x80,0x8f,0xb9,0xf5,0xaf,0x7f,0xfa,0xab,0xb9,0xea,0x3f,0x13,0xe2,0xff,0xb9,0x7,
  0xbf,0xf4,0x5b,0x1f,0x4f,0xf8,0x28,0xe0,0xb3,0xb9,0xea,0xaa,0x17,0xcd,0xcf,0x4,
  0x7c,0xf7,0xad,0x7f,0xfd,0xd3,0x3f,0xcd,0x55,0x57,0xfd,0x1f,0xf1,0xe0,0x97,0x7e,
  0xeb,0x97,0x36,0xfc,0x96,0xe1,0x38,0x57,0x21,0xf8,0x1b,0xc1,0x6b,0xdf,0xfa,0xd7,
  0x3f,0xbd,0xcb,0xff,0x2,0xf,0x7a,0xe9,0xb7,0x7e,0xba,0xe1,0xc1,0xfc,0x1f,0x10,
  0xf0,0x90,0x5b,0xff,0xfa,0xa7,0x6f,0xe5,0xaa,0xff,0x4c,0x88,0xff,0xc7,0x1e,0xfc,
  0xd2,0x6f,0xfd,0xda,0x86,0xef,0x32,0x3c,0x98,0xab,0xae,0x7a,0x21,0x4,0xbf,0x23,
  0xf8,0x6e,0xe0,0xa7,0x6f,0xfd,0xeb,0x9f,0xde,0xe5,0xaa,0xab,0xfe,0xf,0x79,0xf0,
  0x4b,0xbf,0xf5,0x4b,0x1b,0x7e,0xcb,0x70,0x9c,0xab,0x10,0xfc,0x8d,0xe0,0xb5,0x6f,
  0xfd,0xeb,0x9f,0xde,0xe5,0x7f,0x81,0x7,0xbf,0xf4,0x5b,0xbf,0x74,0xc2,0x5f,0xf1,
  0x7f,0x80,0xe0,0x77,0x9e,0xf1,0xd7,0x3f,0xfd,0xda,0x5c,0xf5,0x9f,0xd,0xf1,0xff,
  0xd4,0x2d,0x2f,0xfd,0xd6,0x5f,0x5,0x7c,0x34,0x57,0x5d,0xf5,0x2,0x8,0xfe,0x46,
  0xf0,0xdd,0xc0,0x4f,0xdf,0xfa,0xd7,0x3f,0x7d,0x2b,0x57,0x5d,0xf5,0x7f,0xd0,0x83,
  0x5f,0xfa,0xad,0x5f,0xda,0xf0,0x5b,0x86,0xe3,0x5c,0x85,0xe0,0x6f,0x4,0xaf,0x7d,
  0xeb,0x5f,0xff,0xf4,0x2e,0xff,0x4b,0xdc,0xf2,0xd2,0x6f,0xfd,0xd5,0xc0,0x47,0xf1,
  0x7f,0x40,0xc0,0xfb,0xdc,0xfa,0xd7,0x3f,0xfd,0xdd,0x5c,0xf5,0x9f,0xd,0xf1,0xff,
  0xcc,0x83,0x5f,0xfa,0xad,0x8f,0x1b,0x7e,0xcb,0xf0,0xd2,0x5c,0x75,0xd5,0x73,0x11,
  0x3c,0xc3,0xf0,0xd3,0x1,0xdf,0x7d,0xeb,0x5f,0xff,0xf4,0x5f,0x73,0xd5,0x55,0xff,
  0x87,0x3d,0xf8,0xa5,0xdf,0xfa,0xa5,0xd,0xbf,0x65,0x38,0xce,0x55,0x8,0xfe,0x46,
  0xf0,0xda,0xb7,0xfe,0xf5,0x4f,0xef,0xf2,0xbf,0xc8,0x83,0x5e,0xfa,0xad,0x9f,0x6e,
  0x78,0x30,0xff,0x7,0x4,0x9c,0xb8,0xf5,0xaf,0x7f,0x7a,0x97,0xab,0xfe,0xb3,0x21,
  0xfe,0x1f,0x79,0xf0,0x4b,0xbf,0xf5,0x4b,0x1b,0x7e,0xca,0xf0,0x60,0xae,0xba,0xea,
  0x99,0x4,0x97,0xc,0x3f,0x1d,0xf0,0xdd,0xb7,0xfe,0xf5,0x4f,0xff,0x36,0x57,0x5d,
  0xf5,0xff,0xc0,0x83,0x5f,0xfa,0xad,0x5f,0xda,0xf0,0x5b,0x86,0xe3,0x5c,0x85,0xe0,
  0x6f,0x4,0xaf,0x7d,0xeb,0x5f,0xff,0xf4,0x2e,0xff,0x8b,0x3c,0xf8,0xa5,0xdf,0xfa,
  0xad,0x13,0x7e,0x8a,0xff,0x1b,0x7e,0xe6,0xb6,0xbf,0xfe,0xe9,0xb7,0xe6,0xaa,0xff,
  0xa,0x88,0xff,0x27,0x1e,0xfc,0xd2,0x6f,0xfd,0xd2,0x86,0xdf,0x32,0x1c,0xe7,0xaa,
  0xab,0xae,0xf8,0x99,0x80,0x9f,0xbe,0xf5,0xaf,0x7f,0xfa,0xbb,0xb9,0xea,0xaa,0xff,
  0x47,0x1e,0xfc,0xd2,0x6f,0xfd,0xd2,0x86,0xdf,0x32,0x1c,0xe7,0x2a,0x4,0x7f,0x23,
  0x78,0xed,0x5b,0xff,0xfa,0xa7,0x77,0xf9,0x5f,0xe6,0x96,0x97,0x7e,0xeb,0xef,0x6,
  0xde,0x8b,0xff,0x3,0x2,0xde,0xe6,0xd6,0xbf,0xfe,0xe9,0x9f,0xe6,0xaa,0xff,0xa,
  0x88,0xff,0x7,0x1e,0xfc,0xd2,0x6f,0xfd,0xd2,0x86,0xdf,0x32,0x1c,0xe7,0xaa,0xff,
  0xd7,0x4,0x7f,0x23,0xf8,0x6a,0xe0,0xa7,0x6f,0xfd,0xeb,0x9f,0xde,0xe5,0xaa,0xab,
  0xfe,0x9f,0x79,0xf0,0x4b,0xbf,0xf5,0x4b,0x1b,0x7e,0xcb,0x70,0x9c,0xab,0x10,0xfc,
  0x8d,0xe0,0xb5,0x6f,0xfd,0xeb,0x9f,0xde,0xe5,0x7f,0xa1,0x7,0xbd,0xf4,0x5b,0x5f,
  0x34,0x1c,0xe7,0x7f,0x39,0xc1,0xa5,0x67,0xfc,0xf5,0x4f,0x1f,0xe7,0xaa,0xff,0x2a,
  0x88,0xff,0xe3,0x1e,0xfc,0xd2,0x6f,0x7d,0xdc,0xf0,0x74,0xc3,0x71,0xae,0xfa,0x7f,
  0x49,0xf0,0xc,0xc1,0x57,0x3,0x3f,0x7d,0xeb,0x5f,0xff,0xf4,0xad,0x5c,0x75,0xd5,
  0xff,0x53,0xf,0x7e,0xe9,0xb7,0x7e,0x69,0xc3,0x6f,0x19,0x8e,0x73,0x15,0x82,0xbf,
  0x11,0xbc,0xf6,0xad,0x7f,0xfd,0xd3,0xbb,0xfc,0x2f,0xf4,0xe0,0x97,0x7e,0xeb,0xf7,
  0x4e,0xf8,0x2e,0xfe,0x6f,0xf8,0x9e,0xdb,0xfe,0xfa,0xa7,0xdf,0x9b,0xab,0xfe,0xab,
  0x20,0xfe,0xf,0x7b,0xf0,0x4b,0xbf,0xf5,0x71,0xc3,0x6f,0x19,0x5e,0x9a,0xab,0xfe,
  0x5f,0x11,0x3c,0xc3,0xf0,0xd3,0x1,0xdf,0x7d,0xeb,0x5f,0xff,0xf4,0x5f,0x73,0xd5,
  0x55,0xff,0xcf,0x3d,0xf8,0xa5,0xdf,0xfa,0xa5,0xd,0xbf,0x65,0x38,0xce,0x55,0x8,
  0xfe,0x46,0xf0,0xda,0xb7,0xfe,0xf5,0x4f,0xef,0xf2,0xbf,0xd4,0x2d,0x2f,0xfd,0xd6,
  0x3f,0xd,0xbc,0x15,0xff,0x7,0x4,0xbc,0xcc,0xad,0x7f,0xfd,0xd3,0x7f,0xcd,0x55,
  0xff,0x55,0x10,0xff,0x87,0xdd,0xf2,0xd2,0x6f,0xfd,0x5d,0xc0,0x7b,0x73,0xd5,0xff,
  0xb,0x82,0x4b,0x86,0x9f,0xe,0xf8,0xe9,0x5b,0xff,0xfa,0xa7,0x7f,0x9a,0xab,0xae,
  0xba,0xea,0xb2,0x7,0xbf,0xf4,0x5b,0xbf,0xb4,0xe1,0xb7,0xc,0xc7,0xb9,0xa,0xc1,
  0xdf,0x8,0x5e,0xfb,0xd6,0xbf,0xfe,0xe9,0x5d,0xfe,0x97,0x7a,0xf0,0x4b,0xbf,0xf5,
  0xf1,0x84,0x8b,0xfc,0x1f,0x20,0x78,0xc6,0x33,0xfe,0xfa,0xa7,0x1f,0xcc,0x55,0xff,
  0x95,0x10,0xff,0x47,0x3d,0xf8,0xa5,0xdf,0xfa,0xbd,0x13,0xbe,0x8b,0xab,0xfe,0x3f,
  0xf8,0x99,0x80,0x9f,0xbe,0xf5,0xaf,0x7f,0xfa,0xbb,0xb9,0xea,0xaa,0xab,0x9e,0xc3,
  0x83,0x5f,0xfa,0xad,0x5f,0xda,0xf0,0x5b,0x86,0xe3,0x5c,0x85,0xe0,0x6f,0x4,0xaf,
  0x7d,0xeb,0x5f,0xff,0xf4,0x2e,0xff,0x8b,0x3d,0xf8,0xa5,0xdf,0xfa,0xbd,0x13,0xbe,
  0x8b,0xff,0x1b,0xbe,0xe6,0xb6,0xbf,0xfe,0xe9,0x8f,0xe6,0xaa,0xff,0x4a,0x88,0xff,
  0x83,0x1e,0xfc,0xd2,0x6f,0x7d,0xdc,0xf0,0x74,0xc3,0x71,0xae,0xfa,0x3f,0x49,0xf0,
  0x37,0x82,0xaf,0x6,0x7e,0xfa,0xd6,0xbf,0xfe,0xe9,0x5d,0xae,0xba,0xea,0xaa,0xe7,
  0xf1,0xe0,0x97,0x7e,0xeb,0x97,0x36,0xfc,0x96,0xe1,0x38,0x57,0x21,0xf8,0x1b,0xc1,
  0x6b,0xdf,0xfa,0xd7,0x3f,0xbd,0xcb,0xff,0x72,0xf,0x7a,0xe9,0xb7,0xfe,0x2b,0xc3,
  0x4b,0xf3,0x7f,0x40,0xc0,0x43,0x6e,0xfd,0xeb,0x9f,0xbe,0x95,0xab,0xfe,0x2b,0x21,
  0xfe,0xf,0x7a,0xd0,0x4b,0xbf,0xf5,0x4f,0x19,0xde,0x9a,0xab,0xfe,0x4f,0x11,0x3c,
  0xc3,0xf0,0xdd,0x1,0xdf,0x7d,0xeb,0x5f,0xff,0xf4,0xad,0x5c,0x75,0xd5,0x55,0x2f,
  0xd0,0x83,0x5f,0xfa,0xad,0x5f,0xda,0xf0,0x5b,0x86,0xe3,0x5c,0x85,0xe0,0x6f,0x4,
  0xaf,0x7d,0xeb,0x5f,0xff,0xf4,0x2e,0xff,0xcb,0x3d,0xf8,0xa5,0xdf,0xfa,0xc1,0x9,
  0x4f,0xe7,0xff,0x0,0xc1,0xdf,0x3c,0xe3,0xaf,0x7f,0xfa,0xa5,0xb9,0xea,0xbf,0x1a,
  0xe2,0xff,0x98,0x7,0xbf,0xf4,0x5b,0xbf,0x76,0xc2,0x6f,0x71,0xd5,0xff,0x9,0x82,
  0x4b,0x86,0xef,0xe,0xf8,0xee,0x5b,0xff,0xfa,0xa7,0xff,0x9a,0xab,0xae,0xba,0xea,
  0x5f,0xf4,0xe0,0x97,0x7e,0xeb,0x97,0x36,0xfc,0x96,0xe1,0x38,0x57,0x21,0xf8,0x1b,
  0xc1,0x6b,0xdf,0xfa,0xd7,0x3f,0xbd,0xcb,0xff,0x1,0xb7,0xbc,0xf4,0x5b,0x7f,0x36,
  0xf0,0x59,0xfc,0x1f,0x10,0xf0,0x31,0xb7,0xfe,0xf5,0x4f,0x7f,0x35,0x57,0xfd,0x57,
  0x43,0xfc,0x1f,0xf3,0xa0,0x97,0x7e,0xeb,0xdf,0x32,0xbc,0x36,0x57,0xfd,0xaf,0x25,
  0xb8,0x64,0xf8,0xe9,0x80,0x9f,0xbe,0xf5,0xaf,0x7f,0xfa,0xa7,0xb9,0xea,0xaa,0xab,
  0x5e,0x64,0xf,0x7e,0xe9,0xb7,0x7e,0x69,0xc3,0x6f,0x19,0x8e,0x73,0x15,0x82,0xbf,
  0x11,0xbc,0xf6,0xad,0x7f,0xfd,0xd3,0xbb,0xfc,0x1f,0xf1,0xa0,0x97,0x7e,0xeb,0xa7,
  0x1b,0x1e,0xcc,0xff,0x1,0x1,0xf,0xb9,0xf5,0xaf,0x7f,0xfa,0x56,0xae,0xfa,0xaf,
  0x86,0xf8,0x3f,0xe4,0xc1,0x2f,0xfd,0xd6,0x6f,0x9d,0xf0,0x53,0x5c,0xf5,0xbf,0xd5,
  0xcf,0x4,0xfc,0x34,0xf0,0xd3,0xb7,0xfe,0xf5,0x4f,0xef,0x72,0xd5,0x55,0x57,0xfd,
  0xab,0x3c,0xf8,0xa5,0xdf,0xfa,0xa5,0xd,0xbf,0x65,0x38,0xce,0x55,0x8,0xfe,0x46,
  0xf0,0xda,0xb7,0xfe,0xf5,0x4f,0xef,0xf2,0x7f,0xc4,0x83,0x5f,0xfa,0xad,0x5f,0x3a,
  0xe1,0xaf,0xf8,0xbf,0xe1,0x67,0x6e,0xfb,0xeb,0x9f,0x7e,0x6b,0xae,0xfa,0xef,0x80,
  0xf8,0x3f,0xe4,0x41,0x2f,0xfd,0xd6,0xbf,0x65,0x78,0x6d,0xae,0xfa,0x5f,0x43,0xf0,
  0x37,0x82,0xef,0x6,0xbe,0xfb,0xd6,0xbf,0xfe,0xe9,0x5d,0xae,0xba,0xea,0xaa,0x7f,
  0x93,0x7,0xbf,0xf4,0x5b,0xbf,0xb4,0xe1,0xb7,0xc,0xc7,0xb9,0xa,0xc1,0xdf,0x8,
  0x5e,0xfb,0xd6,0xbf,0xfe,0xe9,0x5d,0xfe,0xf,0xb9,0xe5,0xa5,0xdf,0xfa,0xab,0x81,
  0x8f,0xe2,0xff,0x80,0x80,0xf7,0xb9,0xf5,0xaf,0x7f,0xfa,0xbb,0xb9,0xea,0xbf,0x3,
  0xe2,0xff,0x88,0x7,0xbf,0xf4,0x5b,0xbf,0x74,0xc2,0x5f,0x71,0xd5,0xff,0x78,0x82,
  0x67,0x18,0xbe,0x3b,0xe0,0xbb,0x6f,0xfd,0xeb,0x9f,0xbe,0x95,0xab,0xae,0xba,0xea,
  0xdf,0xe5,0xc1,0x2f,0xfd,0xd6,0x2f,0x6d,0xf8,0x2d,0xc3,0x71,0xae,0x42,0xf0,0x37,
  0x82,0xd7,0xbe,0xf5,0xaf,0x7f,0x7a,0x97,0xff,0x63,0x1e,0xf4,0xd2,0x6f,0x7d,0xd1,
  0x70,0x9c,0xff,0x3,0x2,0x4e,0xdc,0xfa,0xd7,0x3f,0xbd,0xcb,0x55,0xff,0x1d,0x10,
  0xff,0x47,0xdc,0xf2,0xd2,0x6f,0xfd,0xd5,0xc0,0x47,0x71,0xd5,0xff,0x48,0x82,0x4b,
  0x86,0x9f,0xe,0xf8,0xea,0x5b,0xff,0xfa,0xa7,0xff,0x9a,0xab,0xae,0xba,0xea,0x3f,
  0xc4,0x83,0x5f,0xfa,0xad,0x5f,0xda,0xf0,0x5b,0x86,0xe3,0x5c,0x85,0xe0,0x6f,0x4,
  0xaf,0x7d,0xeb,0x5f,0xff,0xf4,0x2e,0xff,0xc7,0x3c,0xf8,0xa5,0xdf,0xfa,0xad,0x13,
  0x7e,0x8a,0xff,0x1b,0xbe,0xe7,0xb6,0xbf,0xfe,0xe9,0xf7,0xe6,0xaa,0xff,0x2e,0x88,
  0xff,0x23,0x1e,0xf4,0xd2,0x6f,0xfd,0x74,0xc3,0x83,0xb9,0xea,0x7f,0x9a,0xef,0x9,
  0xf8,0xe9,0x5b,0xff,0xfa,0xa7,0x7f,0x9a,0xab,0xae,0xba,0xea,0x3f,0xd4,0x83,0x5f,
  0xfa,0xad,0x5f,0xda,0xf0,0x5b,0x86,0xe3,0x5c,0x85,0xe0,0x6f,0x4,0xaf,0x7d,0xeb,
  0x5f,0xff,0xf4,0x2e,0xff,0x7,0xdd,0xf2,0xd2,0x6f,0xfd,0xdd,0xc0,0x7b,0xf1,0x7f,
  0x40,0xc0,0xdb,0xdc,0xfa,0xd7,0x3f,0xfd,0xd3,0x5c,0xf5,0xdf,0x5,0xf1,0x7f,0xc0,
  0x83,0x5f,0xfa,0xad,0x5f,0x3a,0xe1,0xaf,0xb8,0xea,0x7f,0x8a,0x9f,0x9,0xf8,0x69,
  0xe0,0xa7,0x6f,0xfd,0xeb,0x9f,0xde,0xe5,0xaa,0xab,0xae,0xfa,0xf,0xf7,0xe0,0x97,
  0x7e,0xeb,0x97,0x36,0xfc,0x96,0xe1,0x38,0x57,0x21,0xf8,0x1b,0xc1,0x6b,0xdf,0xfa,
  0xd7,0x3f,0xbd,0xcb,0xff,0x41,0xf,0x7e,0xe9,0xb7,0x3e,0x6e,0x78,0xba,0xe1,0x38,
  0xff,0xcb,0x9,0x2e,0x3d,0xe3,0xaf,0x7f,0xfa,0x38,0x57,0xfd,0x77,0x42,0xfc,0x1f,
  0x70,0xcb,0x4b,0xbf,0xf5,0x67,0x3,0x9f,0xc5,0x55,0xff,0x6d,0x4,0x7f,0x23,0xf8,
  0x6e,0xe0,0xa7,0x6f,0xfd,0xeb,0x9f,0xbe,0x95,0xab,0xae,0xba,0xea,0x3f,0xcd,0x83,
  0x5f,0xfa,0xad,0x5f,0xda,0xf0,0x5b,0x86,0xe3,0x5c,0x85,0xe0,0x6f,0x4,0xaf,0x7d,
  0xeb,0x5f,0xff,0xf4,0x2e,0xff,0x47,0x3d,0xf8,0xa5,0xdf,0xfa,0xbd,0x13,0xbe,0x8b,
  0xff,0x1b,0xbe,0xe7,0xb6,0xbf,0xfe,0xe9,0xf7,0xe6,0xaa,0xff,0x4e,0x88,0xff,0x3,
  0x1e,0xf4,0xd2,0x6f,0xfd,0xdb,0x86,0xd7,0xe2,0xaa,0xff,0x52,0x82,0x67,0x18,0x7e,
  0x3a,0xe0,0xab,0x6f,0xfd,0xeb,0x9f,0xbe,0x95,0xab,0xae,0xba,0xea,0x3f,0xdd,0x83,
  0x5f,0xfa,0xad,0x5f,0xda,0xf0,0x5b,0x86,0xe3,0x5c,0x85,0xe0,0x6f,0x4,0xaf,0x7d,
  0xeb,0x5f,0xff,0xf4,0x2e,0xff,0x87,0xdd,0xf2,0xd2,0x6f,0xfd,0xd3,0xc0,0x5b,0xf1,
  0x7f,0x40,0xc0,0xcb,0xdc,0xfa,0xd7,0x3f,0xfd,0xd7,0x5c,0xf5,0xdf,0x9,0xf1,0x7f,
  0xc0,0x2d,0x2f,0xfd,0xd6,0xe6,0xaa,0xff,0x12,0x82,0x4b,0x86,0x9f,0xe,0xf8,0xea,
  0x5b,0xff,0xfa,0xa7,0xff,0x9a,0xab,0xae,0xba,0xea,0xbf,0xcc,0x83,0x5f,0xfa,0xad,
  0x5f,0xda,0xf0,0x5b,0x86,0xe3,0x5c,0x85,0xe0,0x6f,0x4,0xaf,0x7d,0xeb,0x5f,0xff,
  0xf4,0x2e,0xff,0x87,0x3d,0xf8,0xa5,0xdf,0xfa,0x78,0xc2,0x45,0xfe,0xf,0x10,0x3c,
  0xe3,0x19,0x7f,0xfd,0xd3,0xf,0xe6,0xaa,0xff,0x6e,0x88,0xff,0xe5,0x1e,0xfc,0xd2,
  0x6f,0xfd,0xd2,0x9,0x7f,0xc5,0x55,0xff,0xd9,0x7e,0x26,0xe0,0xbb,0x6f,0xfd,0xeb,
  0x9f,0xfe,0x69,0xae,0xba,0xea,0xaa,0xff,0x72,0xf,0x7e,0xe9,0xb7,0x7e,0x69,0xc3,
  0x6f,0x19,0x8e,0x73,0x15,0xc0,0xf7,0xdc,0xf6,0xd7,0x3f,0xfd,0xde,0xfc,0x3f,0xf0,
  0xe0,0x97,0x7e,0xeb,0x8f,0x4e,0xf8,0x2a,0xfe,0x6f,0xf8,0x9c,0xdb,0xfe,0xfa,0xa7,
  0x3f,0x9b,0xab,0xfe,0xbb,0x21,0xfe,0x97,0x7b,0xf0,0x4b,0xbf,0xf5,0x5b,0x27,0xfc,
  0x14,0x57,0xfd,0x87,0x13,0xfc,0x8e,0xe0,0xbb,0x81,0x9f,0xbe,0xf5,0xaf,0x7f,0x7a,
  0x97,0xab,0xae,0xba,0xea,0xbf,0xc5,0x83,0x5f,0xfa,0xad,0x5f,0xda,0xf0,0x5b,0x86,
  0xe3,0x5c,0x5,0xf0,0x3d,0xb7,0xfd,0xf5,0x4f,0xbf,0x37,0xff,0x4f,0x3c,0xe8,0xa5,
  0xdf,0xfa,0xaf,0xc,0x2f,0xcd,0xff,0x1,0x1,0xf,0xb9,0xf5,0xaf,0x7f,0xfa,0x56,
  0xae,0xfa,0xef,0x86,0xf8,0x5f,0xee,0x96,0x97,0x7e,0xeb,0xcf,0x6,0x3e,0x8b,0xab,
  0xfe,0x43,0x8,0xfe,0x46,0xf0,0xdd,0xc0,0x4f,0xdf,0xfa,0xd7,0x3f,0x7d,0x2b,0x57,
  0x5d,0x75,0xd5,0x7f,0xab,0x7,0xbf,0xf4,0x5b,0xbf,0xb4,0xe1,0xb7,0xc,0xc7,0xb9,
  0xa,0xe0,0x7b,0x6e,0xfb,0xeb,0x9f,0x7e,0x6f,0xfe,0x9f,0x78,0xf0,0x4b,0xbf,0xf5,
  0x83,0x13,0x9e,0xce,0xff,0x1,0x82,0xbf,0x79,0xc6,0x5f,0xff,0xf4,0x4b,0x73,0xd5,
  0xff,0x4,0x88,0xff,0xe5,0x6e,0x79,0xe9,0xb7,0xfe,0x6c,0xe0,0xb3,0xb8,0xea,0xdf,
  0x4c,0xf0,0xc,0xc3,0x4f,0x7,0x7c,0xf7,0xad,0x7f,0xfd,0xd3,0x7f,0xcd,0x55,0x57,
  0x5d,0xf5,0x3f,0xc2,0x83,0x5f,0xfa,0xad,0x5f,0xda,0xf0,0x5b,0x86,0xe3,0x5c,0x5,
  0xf0,0x3d,0xb7,0xfd,0xf5,0x4f,0xbf,0x37,0xff,0x8f,0xdc,0xf2,0xd2,0x6f,0xfd,0xd9,
  0xc0,0x67,0xf1,0x7f,0x40,0xc0,0xc7,0xdc,0xfa,0xd7,0x3f,0xfd,0xd5,0x5c,0xf5,0x3f,
  0x1,0xe2,0x7f,0xb9,0x5b,0x5e,0xfa,0xad,0xbf,0x1b,0x78,0x2f,0xae,0xfa,0x57,0x11,
  0x5c,0x32,0xfc,0x74,0xc0,0x77,0xdf,0xfa,0xd7,0x3f,0xfd,0xdb,0x5c,0x75,0xd5,0x55,
  0xff,0xa3,0x3c,0xf8,0xa5,0xdf,0xfa,0xa5,0xd,0xbf,0x65,0x38,0xce,0x55,0x0,0xdf,
  0x73,0xdb,0x5f,0xff,0xf4,0x7b,0xf3,0xff,0xcc,0x83,0x5e,0xfa,0xad,0x9f,0x6e,0x78,
  0x30,0xff,0x7,0x4,0x9c,0xb8,0xf5,0xaf,0x7f,0x7a,0x97,0xab,0xfe,0x27,0x40,0xfc,
  0x2f,0xf7,0xa0,0x97,0x7e,0xeb,0xdf,0x36,0xbc,0x16,0x57,0xbd,0xa8,0x7e,0x26,0xe0,
  0xbb,0x6f,0xfd,0xeb,0x9f,0xfe,0x69,0xae,0xba,0xea,0xaa,0xff,0x91,0x1e,0xfc,0xd2,
  0x6f,0xfd,0xd2,0x86,0xdf,0x32,0x1c,0xe7,0x2a,0x80,0xef,0xb9,0xed,0xaf,0x7f,0xfa,
  0xbd,0xf9,0x7f,0xe6,0xc1,0x2f,0xfd,0xd6,0x2f,0x9d,0xf0,0x57,0xfc,0xdf,0xf0,0x33,
  0xb7,0xfd,0xf5,0x4f,0xbf,0x35,0x57,0xfd,0x4f,0x81,0xf8,0x5f,0xee,0x41,0x2f,0xfd,
  0xd6,0xbf,0x6d,0x78,0x2d,0xae,0x7a,0x81,0x4,0xbf,0x23,0xf8,0x6e,0xe0,0xa7,0x6f,
  0xfd,0xeb,0x9f,0xde,0xe5,0xaa,0xab,0xae,0xfa,0x1f,0xeb,0xc1,0x2f,0xfd,0xd6,0x2f,
  0x6d,0xf8,0x2d,0xc3,0x71,0xae,0x2,0xf8,0x9e,0xdb,0xfe,0xfa,0xa7,0xdf,0x9b,0xff,
  0x87,0x6e,0x79,0xe9,0xb7,0xfe,0x6e,0xe0,0xbd,0xf8,0x3f,0x20,0xe0,0x7d,0x6e,0xfd,
  0xeb,0x9f,0xfe,0x6e,0xae,0xfa,0x9f,0x2,0xf1,0xbf,0xdc,0x2d,0x2f,0xfd,0xd6,0xdf,
  0xd,0xbc,0x17,0x57,0xbd,0x20,0xdf,0x1d,0xf0,0x39,0xb7,0xfe,0xf5,0x4f,0xdf,0xca,
  0x55,0x57,0x5d,0xf5,0x3f,0xda,0x83,0x5f,0xfa,0xad,0x5f,0xda,0xf0,0x5b,0x86,0xe3,
  0x5c,0x5,0xf0,0x3d,0xb7,0xfd,0xf5,0x4f,0xbf,0x37,0xff,0x4f,0x3d,0xe8,0xa5,0xdf,
  0xfa,0xa2,0xe1,0x38,0xff,0xcb,0x9,0x2e,0x9,0x1e,0x7c,0xeb,0x5f,0xff,0xf4,0x2e,
  0x57,0xfd,0x4f,0x81,0xf8,0x5f,0xee,0x96,0x97,0x7e,0xeb,0xcf,0x6,0x3e,0x8b,0xab,
  0x5e,0x28,0xc1,0x4f,0xb,0x7d,0xf7,0xad,0x7f,0xfd,0x53,0x3f,0xc3,0x55,0x57,0x5d,
  0xf5,0x3f,0xce,0x83,0x5f,0xfa,0xad,0x5f,0xda,0xf0,0x5b,0x86,0xe3,0x5c,0x5,0xf0,
  0x3d,0xb7,0xfd,0xf5,0x4f,0xbf,0x37,0xff,0x4f,0x3d,0xf8,0xa5,0xdf,0xfa,0xad,0x13,
  0x7e,0x8a,0xff,0x1b,0xbe,0xe7,0xb6,0xbf,0xfe,0xe9,0xf7,0xe6,0xaa,0xff,0x49,0x10,
  0xff,0xcb,0xdd,0xf2,0xd2,0x6f,0xfd,0xd9,0xc0,0x67,0x71,0xd5,0x8b,0x44,0x70,0xab,
  0xe0,0xab,0x81,0xef,0xb9,0xf5,0xaf,0x7f,0x7a,0x97,0xab,0xae,0xba,0xea,0xbf,0xdd,
  0x83,0x5f,0xfa,0xad,0x5f,0xda,0xf0,0x5b,0x86,0xe3,0x5c,0x5,0xf0,0x3d,0xb7,0xfd,
  0xf5,0x4f,0xbf,0x37,0xff,0x8f,0xdd,0xf2,0xd2,0x6f,0xfd,0xdd,0xc0,0x7b,0xf1,0x7f,
  0x40,0xc0,0xdb,0xdc,0xfa,0xd7,0x3f,0xfd,0xd3,0x5c,0xf5,0x3f,0x9,0xe2,0x7f,0xb9,
  0x5b,0x5e,0xfa,0xad,0x3f,0x1b,0xf8,0x2c,0xae,0xfa,0xb7,0xf8,0xee,0x80,0xef,0xb9,
  0xf5,0xaf,0x7f,0xfa,0xb7,0xb9,0xea,0xaa,0xab,0xfe,0x5b,0x3c,0xf8,0xa5,0xdf,0xfa,
  0xa5,0xd,0xbf,0x65,0x38,0xce,0x55,0x0,0xdf,0x73,0xdb,0x5f,0xff,0xf4,0x7b,0xf3,
  0xff,0xd8,0x83,0x5f,0xfa,0xad,0x8f,0x27,0x5c,0xe4,0xff,0x0,0xc1,0xa5,0x67,0xfc,
  0xf5,0x4f,0x1f,0xe7,0xaa,0xff,0x69,0x10,0xff,0xcb,0x3d,0xf8,0xa5,0xdf,0xfa,0xb5,
  0x13,0x7e,0x8b,0xab,0xfe,0xcd,0x4,0xb7,0xa,0xbe,0x1a,0xf8,0x9e,0x5b,0xff,0xfa,
  0xa7,0x77,0xb9,0xea,0xaa,0xab,0xfe,0x4b,0x3c,0xf8,0xa5,0xdf,0xfa,0xa5,0xd,0xbf,
  0x65,0x38,0xce,0x55,0x0,0xdf,0x73,0xdb,0x5f,0xff,0xf4,0x7b,0xf3,0xff,0xdc,0x83,
  0x5f,0xfa,0xad,0xdf,0x3b,0xe1,0xbb,0xf8,0xbf,0xe1,0x6b,0x6e,0xfb,0xeb,0x9f,0xfe,
  0x68,0xae,0xfa,0x9f,0x6,0xf1,0xbf,0xdc,0x83,0x5f,0xfa,0xad,0x1f,0x9c,0xf0,0x74,
  0xae,0xfa,0x8f,0xf2,0xdd,0x1,0x5f,0x73,0xeb,0x5f,0xff,0xf4,0x5f,0x73,0xd5,0x55,
  0x57,0xfd,0xa7,0x79,0xf0,0x4b,0xbf,0xf5,0x4b,0x1b,0x7e,0xcb,0x70,0x9c,0xab,0x0,
  0xbe,0xe7,0xb6,0xbf,0xfe,0xe9,0xf7,0xe6,0x2a,0x6e,0x79,0xe9,0xb7,0xfe,0x69,0xe0,
  0xad,0xf8,0x3f,0x20,0xe0,0x65,0x6e,0xfd,0xeb,0x9f,0xfe,0x6b,0xae,0xfa,0x9f,0x6,
  0xf1,0x7f,0xc0,0x83,0x5e,0xfa,0xad,0x77,0xd,0xc7,0xb8,0xea,0x3f,0x8c,0xe0,0xaf,
  0x85,0xbe,0x1a,0xfc,0x33,0xb7,0xfe,0xf5,0x4f,0xef,0x72,0xd5,0x55,0x57,0xfd,0x87,
  0x79,0xf0,0x4b,0xbf,0xf5,0x4b,0x1b,0x7e,0xcb,0x70,0x9c,0xab,0x0,0xbe,0xe7,0xb6,
  0xbf,0xfe,0xe9,0xf7,0xe6,0x2a,0x1e,0xfc,0xd2,0x6f,0xfd,0xe0,0x84,0xa7,0xf3,0x7f,
  0x80,0xe0,0x19,0xcf,0xf8,0xeb,0x9f,0x7e,0x30,0x57,0xfd,0x4f,0x84,0xf8,0x3f,0xe0,
  0x96,0x97,0x7e,0xeb,0x9f,0x6,0xde,0x8a,0xab,0xfe,0xc3,0x9,0x76,0xd,0x3f,0x1d,
  0xf0,0x35,0xb7,0xfe,0xf5,0x4f,0xff,0x35,0x57,0x5d,0x75,0xd5,0xbf,0xcb,0x83,0x5f,
  0xfa,0xad,0x5f,0xda,0xf0,0x5b,0x86,0xe3,0x5c,0x5,0xf0,0x3d,0xb7,0xfd,0xf5,0x4f,
  0xbf,0x37,0x57,0x5d,0xf6,0xe0,0x97,0x7e,0xeb,0x8f,0x4e,0xf8,0x2a,0xfe,0x6f,0xf8,
  0x9c,0xdb,0xfe,0xfa,0xa7,0x3f,0x9b,0xab,0xfe,0x27,0x42,0xfc,0x1f,0xf0,0xe0,0x97,
  0x7e,0xeb,0x8f,0x4e,0xf8,0x2a,0xae,0xfa,0x4f,0x25,0xf8,0x6b,0xa1,0xaf,0xbe,0xf5,
  0xaf,0x7f,0xea,0x7b,0xb8,0xea,0xaa,0xab,0xfe,0xd5,0x1e,0xfc,0xd2,0x6f,0xfd,0xd2,
  0x86,0xdf,0x32,0x1c,0xe7,0x2a,0x80,0xef,0xb9,0xed,0xaf,0x7f,0xfa,0xbd,0xb9,0xea,
  0x59,0x1e,0xf4,0xd2,0x6f,0xfd,0x57,0x86,0x97,0xe6,0xff,0x80,0x80,0x87,0xdc,0xfa,
  0xd7,0x3f,0x7d,0x2b,0x57,0xfd,0x4f,0x84,0xf8,0x3f,0xe0,0xc1,0x2f,0xfd,0xd6,0x2f,
  0x9d,0xf0,0x57,0x5c,0xf5,0x5f,0x42,0xb0,0x6b,0xf8,0xee,0x80,0xaf,0xb9,0xf5,0xaf,
  0x7f,0xfa,0x56,0xae,0xba,0xea,0xaa,0x7f,0xd1,0x83,0x5f,0xfa,0xad,0x5f,0xda,0xf0,
  0x5b,0x86,0xe3,0x5c,0x5,0xf0,0x3d,0xb7,0xfd,0xf5,0x4f,0xbf,0x37,0x57,0x3d,0xcb,
  0x83,0x5f,0xfa,0xad,0x1f,0x9c,0xf0,0x74,0xfe,0xf,0x10,0xfc,0xcd,0x33,0xfe,0xfa,
  0xa7,0x5f,0x9a,0xab,0xfe,0xa7,0x42,0xfc,0x1f,0xf1,0xa0,0x97,0x7e,0xeb,0x5b,0xd,
  0xf,0xe2,0xaa,0xff,0x52,0x82,0xdf,0x16,0xfa,0xee,0x5b,0xff,0xfa,0xa7,0xbe,0x87,
  0xab,0xae,0xba,0xea,0xf9,0x7a,0xf0,0x4b,0xbf,0xf5,0x4b,0x1b,0x7e,0xcb,0x70,0x9c,
  0xab,0x0,0xbe,0xe7,0xb6,0xbf,0xfe,0xe9,0xf7,0xe6,0xaa,0xe7,0x70,0xcb,0x4b,0xbf,
  0xf5,0x57,0x3,0x1f,0xc5,0xff,0x1,0x1,0xef,0x73,0xeb,0x5f,0xff,0xf4,0x77,0x73,
  0xd5,0xff,0x54,0x88,0xff,0x23,0x6e,0x79,0xe9,0xb7,0xfe,0x6c,0xe0,0xb3,0xb8,0xea,
  0xbf,0x85,0x60,0xd7,0xf0,0xdd,0x1,0x5f,0x73,0xeb,0x5f,0xff,0xf4,0xad,0x5c,0x75,
  0xd5,0x55,0x97,0x3d,0xf8,0xa5,0xdf,0xfa,0xa5,0xd,0xbf,0x65,0x38,0xce,0x55,0x0,
  0xdf,0x73,0xdb,0x5f,0xff,0xf4,0x7b,0x73,0xd5,0xf3,0x78,0xd0,0x4b,0xbf,0xf5,0xd3,
  0xd,0xf,0xe6,0xff,0x80,0x80,0x13,0xb7,0xfe,0xf5,0x4f,0xef,0x72,0xd5,0xff,0x54,
  0x88,0xff,0x23,0x1e,0xfc,0xd2,0x6f,0xfd,0xe0,0x84,0xa7,0x73,0xd5,0x7f,0x3b,0xc1,
  0x4f,0xb,0x7d,0xf7,0xad,0x7f,0xfd,0x53,0x3f,0xc3,0x55,0x57,0xfd,0x3f,0xf6,0xe0,
  0x97,0x7e,0xeb,0x97,0x36,0xfc,0x96,0xe1,0x38,0x57,0x1,0x7c,0xcf,0x6d,0x7f,0xfd,
  0xd3,0xef,0xcd,0x55,0xcf,0xe3,0xc1,0x2f,0xfd,0xd6,0xaf,0x9d,0xf0,0x5b,0xfc,0xdf,
  0xf0,0x33,0xb7,0xfd,0xf5,0x4f,0xbf,0x35,0x57,0xfd,0x4f,0x86,0xf8,0x3f,0xe4,0x96,
  0x97,0x7e,0xeb,0x9f,0x6,0xde,0x8a,0xab,0xfe,0x47,0x10,0xdc,0x6a,0xf8,0xee,0x80,
  0xef,0xb9,0xf5,0xaf,0x7f,0xfa,0x56,0xae,0xba,0xea,0xff,0x91,0x7,0xbf,0xf4,0x5b,
  0xbf,0xb4,0xe1,0xb7,0xc,0xc7,0xb9,0xa,0xe0,0x7b,0x6e,0xfb,0xeb,0x9f,0x7e,0x6f,
  0xae,0x7a,0xbe,0x6e,0x79,0xe9,0xb7,0xfe,0x6e,0xe0,0xbd,0xf8,0x3f,0x20,0xe0,0x7d,
  0x6e,0xfd,0xeb,0x9f,0xfe,0x6e,0xae,0xfa,0x9f,0xc,0xf1,0x7f,0xc8,0x83,0x5f,0xfa,
  0xad,0x5f,0x3b,0xe1,0xb7,0xb8,0xea,0x7f,0x1c,0xc1,0x4f,0xb,0x7d,0xf7,0xad,0x7f,
  0xfd,0x53,0x3f,0xc3,0x55,0x57,0xfd,0x1f,0xf7,0xe0,0x97,0x7e,0xeb,0x97,0x36,0xfc,
  0x96,0xe1,0x38,0x57,0x1,0x7c,0xcf,0x6d,0x7f,0xfd,0xd3,0xef,0xcd,0x55,0x2f,0xd0,
  0x83,0x5e,0xfa,0xad,0x2f,0x1a,0x8e,0xf3,0xbf,0x9c,0xe0,0xd2,0x33,0xfe,0xfa,0xa7,
  0x8f,0x73,0xd5,0xff,0x74,0x88,0xff,0x63,0x1e,0xf4,0xd2,0x6f,0xfd,0xdb,0x86,0xd7,
  0xe2,0xaa,0xff,0x91,0x4,0xb7,0xa,0xbe,0x1a,0xf8,0x9e,0x5b,0xff,0xfa,0xa7,0x77,
  0xb9,0xea,0xaa,0xff,0x63,0x1e,0xfc,0xd2,0x6f,0xfd,0xd2,0x86,0xdf,0x32,0x1c,0xe7,
  0x2a,0x80,0xef,0xb9,0xed,0xaf,0x7f,0xfa,0xbd,0xb9,0xea,0x5,0x7a,0xf0,0x4b,0xbf,
  0xf5,0x5b,0x27,0xfc,0x14,0xff,0x37,0x7c,0xcf,0x6d,0x7f,0xfd,0xd3,0xef,0xcd,0x55,
  0xff,0xd3,0x21,0xfe,0x8f,0x79,0xf0,0x4b,0xbf,0xf5,0x4b,0x27,0xfc,0x15,0x57,0xfd,
  0x6f,0xf0,0xdd,0x1,0xdf,0x73,0xeb,0x5f,0xff,0xf4,0x6f,0x73,0xd5,0x55,0xff,0x7,
  0x3c,0xf8,0xa5,0xdf,0xfa,0xa5,0xd,0xbf,0x65,0x38,0xce,0x55,0x0,0xdf,0x73,0xdb,
  0x5f,0xff,0xf4,0x7b,0x73,0xd5,0xb,0x75,0xcb,0x4b,0xbf,0xf5,0x4f,0x3,0x6f,0xc5,
  0xff,0x1,0x1,0x6f,0x73,0xeb,0x5f,0xff,0xf4,0x4f,0x73,0xd5,0xff,0x74,0x88,0xff,
  0x83,0x6e,0x79,0xe9,0xb7,0xfe,0x6e,0xe0,0xbd,0xb8,0xea,0x7f,0x5,0xc1,0xad,0x82,
  0xaf,0x6,0xbe,0xe7,0xd6,0xbf,0xfe,0xe9,0x5d,0xae,0xba,0xea,0x7f,0xa1,0x7,0xbf,
  0xf4,0x5b,0xbf,0xb4,0xe1,0xb7,0xc,0xc7,0xb9,0xa,0xe0,0x7b,0x6e,0xfb,0xeb,0x9f,
  0x7e,0x6f,0xae,0x7a,0xa1,0x1e,0xfc,0xd2,0x6f,0x7d,0x3c,0xe1,0x22,0xff,0x7,0x8,
  0x9e,0xf1,0x8c,0xbf,0xfe,0xe9,0x7,0x73,0xd5,0xff,0x6,0x88,0xff,0x83,0x1e,0xfc,
  0xd2,0x6f,0x7d,0xdc,0x70,0xab,0xe1,0x18,0x57,0xfd,0x6f,0xf3,0xdd,0x1,0x5f,0x73,
  0xeb,0x5f,0xff,0xf4,0x5f,0x73,0xd5,0x55,0xff,0x4b,0x3c,0xf8,0xa5,0xdf,0xfa,0xa5,
  0xd,0xbf,0x65,0x38,0xce,0x55,0x0,0xdf,0x73,0xdb,0x5f,0xff,0xf4,0x7b,0x73,0xd5,
  0xbf,0xe8,0xc1,0x2f,0xfd,0xd6,0xef,0x9d,0xf0,0x5d,0xfc,0xdf,0xf0,0x35,0xb7,0xfd,
  0xf5,0x4f,0x7f,0x34,0x57,0xfd,0x6f,0x80,0xf8,0x3f,0xea,0xc1,0x2f,0xfd,0xd6,0xef,
  0x9d,0xf0,0x5d,0x5c,0xf5,0xbf,0x92,0xe0,0xaf,0x85,0xbe,0x1a,0xfc,0x33,0xb7,0xfe,
  0xf5,0x4f,0xef,0x72,0xd5,0x55,0xff,0x43,0x3d,0xf8,0xa5,0xdf,0xfa,0xa5,0xd,0xbf,
  0x65,0x38,0xce,0x55,0x0,0xdf,0x73,0xdb,0x5f,0xff,0xf4,0x7b,0x73,0xd5,0x8b,0xe4,
  0x41,0x2f,0xfd,0xd6,0xbf,0x65,0x78,0x6d,0xfe,0xf,0x8,0x78,0x99,0x5b,0xff,0xfa,
  0xa7,0xff,0x9a,0xab,0xfe,0x37,0x40,0xfc,0x1f,0x76,0xcb,0x4b,0xbf,0xf5,0x57,0x3,
  0x1f,0xc5,0x55,0xff,0x6b,0x9,0x76,0xd,0x3f,0x1d,0xf0,0x35,0xb7,0xfe,0xf5,0x4f,
  0xff,0x35,0x57,0x5d,0xf5,0x3f,0xc8,0x83,0x5f,0xfa,0xad,0x5f,0xda,0xf0,0x5b,0x86,
  0xe3,0x5c,0x5,0xf0,0x3d,0xb7,0xfd,0xf5,0x4f,0xbf,0x37,0x57,0xbd,0x48,0x1e,0xfc,
  0xd2,0x6f,0xfd,0xe0,0x84,0xa7,0xf3,0x7f,0x80,0xe0,0x19,0xcf,0xf8,0xeb,0x9f,0x7e,
  0x30,0x57,0xfd,0x6f,0x81,0xf8,0x3f,0xee,0x41,0x2f,0xfd,0xd6,0x7f,0x6d,0x78,0x29,
  0xae,0xfa,0x5f,0x4f,0xf0,0xd7,0x42,0x5f,0x7d,0xeb,0x5f,0xff,0xd4,0xf7,0x70,0xd5,
  0x55,0xff,0xcd,0x1e,0xfc,0xd2,0x6f,0xfd,0xd2,0x86,0xdf,0x32,0x1c,0xe7,0x2a,0x80,
  0xef,0xb9,0xed,0xaf,0x7f,0xfa,0xbd,0xb9,0xea,0x45,0xf6,0xe0,0x97,0x7e,0xeb,0x8f,
  0x4e,0xf8,0x2a,0xfe,0xf,0x8,0xf8,0x98,0x5b,0xff,0xfa,0xa7,0xbf,0x9a,0xab,0xfe,
  0xb7,0x40,0xfc,0x1f,0xf7,0xe0,0x97,0x7e,0xeb,0xe3,0x86,0x5b,0xd,0xc7,0xb8,0xea,
  0xff,0x4,0xc1,0xae,0xe1,0xbb,0x3,0xbe,0xe6,0xd6,0xbf,0xfe,0xe9,0x5b,0xb9,0xea,
  0xaa,0xff,0x62,0xf,0x7e,0xe9,0xb7,0x7e,0x69,0xc3,0x6f,0x19,0x8e,0x73,0x15,0xc0,
  0xf7,0xdc,0xf6,0xd7,0x3f,0xfd,0xde,0x5c,0xf5,0xaf,0xf2,0xa0,0x97,0x7e,0xeb,0xbf,
  0x32,0xbc,0x34,0xff,0x7,0x4,0x3c,0xe4,0xd6,0xbf,0xfe,0xe9,0x5b,0xb9,0xea,0x7f,
  0xb,0xc4,0xff,0x3,0xf,0x7e,0xe9,0xb7,0x7e,0x69,0xc3,0x6f,0x1b,0x8e,0x71,0xd5,
  0xff,0x29,0x82,0xdf,0x16,0xfa,0xee,0x5b,0xff,0xfa,0xa7,0xbe,0x87,0xab,0xae,0xfa,
  0x2f,0xf0,0xe0,0x97,0x7e,0xeb,0x97,0x36,0xfc,0x96,0xe1,0x38,0x57,0x1,0x7c,0xcf,
  0x6d,0x7f,0xfd,0xd3,0xef,0xcd,0x55,0xff,0x2a,0xf,0x7e,0xe9,0xb7,0x7e,0xe9,0x84,
  0xbf,0xe2,0xff,0x0,0xc1,0xef,0x3c,0xe3,0xaf,0x7f,0xfa,0xb5,0xb9,0xea,0x7f,0x13,
  0xc4,0xff,0x13,0xf,0x7e,0xe9,0xb7,0x7e,0x69,0xc3,0x6f,0x1b,0x8e,0x71,0xd5,0xff,
  0x39,0x82,0x5d,0xc3,0x77,0x7,0x7c,0xcd,0xad,0x7f,0xfd,0xd3,0xb7,0x72,0xd5,0x55,
  0xff,0x9,0x1e,0xfc,0xd2,0x6f,0xfd,0xd2,0x86,0xdf,0x32,0x1c,0xe7,0x2a,0x80,0xef,
  0xb9,0xed,0xaf,0x7f,0xfa,0xbd,0xb9,0xea,0x5f,0xed,0x96,0x97,0x7e,0xeb,0xaf,0x6,
  0x3e,0x8a,0xff,0x3,0x2,0xde,0xe7,0xd6,0xbf,0xfe,0xe9,0xef,0xe6,0xaa,0xff,0x4d,
  0x10,0xff,0x8f,0x3c,0xf8,0xa5,0xdf,0xfa,0xc1,0x86,0x9f,0x36,0xbc,0x14,0x57,0xfd,
  0x9f,0x25,0xf8,0x69,0xa1,0xef,0xbe,0xf5,0xaf,0x7f,0xea,0x67,0xb8,0xea,0xaa,0xff,
  0x20,0xf,0x7e,0xe9,0xb7,0x7e,0x69,0xc3,0x6f,0x19,0x8e,0x73,0x15,0xc0,0xf7,0xdc,
  0xf6,0xd7,0x3f,0xfd,0xde,0x5c,0xf5,0x6f,0xf2,0xa0,0x97,0x7e,0xeb,0xa7,0x1b,0x1e,
  0xcc,0xff,0x1,0x1,0x27,0x6e,0xfd,0xeb,0x9f,0xde,0xe5,0xaa,0xff,0x4d,0x10,0xff,
  0xcf,0x3c,0xf8,0xa5,0xdf,0xfa,0xb8,0xe1,0xb7,0xd,0x2f,0xc5,0x55,0xff,0xa7,0x9,
  0x6e,0x35,0x7c,0x77,0xc0,0xf7,0xdc,0xfa,0xd7,0x3f,0x7d,0x2b,0x57,0x5d,0xf5,0x6f,
  0xf4,0xe0,0x97,0x7e,0xeb,0x97,0x36,0xfc,0x96,0xe1,0x38,0x57,0x1,0x7c,0xcf,0x6d,
  0x7f,0xfd,0xd3,0xef,0xcd,0x55,0xff,0x26,0xf,0x7e,0xe9,0xb7,0x7e,0xeb,0x84,0x9f,
  0xe2,0xff,0x86,0x9f,0xb9,0xed,0xaf,0x7f,0xfa,0xad,0xb9,0xea,0x7f,0x1b,0xc4,0xff,
  0x53,0xb7,0xbc,0xf4,0x5b,0x7f,0x36,0xf0,0x59,0x5c,0xf5,0xff,0x82,0xe0,0xa7,0x85,
  0xbe,0xfb,0xd6,0xbf,0xfe,0xa9,0x9f,0xe1,0xaa,0xab,0xfe,0x15,0x1e,0xfc,0xd2,0x6f,
  0xfd,0xd2,0x86,0xdf,0x32,0x1c,0xe7,0x2a,0x80,0xef,0xb9,0xed,0xaf,0x7f,0xfa,0xbd,
  0xb9,0xea,0xdf,0xec,0x96,0x97,0x7e,0xeb,0xef,0x6,0xde,0x8b,0xff,0x3,0x2,0xde,
  0xe6,0xd6,0xbf,0xfe,0xe9,0x9f,0xe6,0xaa,0xff,0x6d,0x10,0xff,0x8f,0x3d,0xf8,0xa5,
  0xdf,0xfa,0xa5,0xd,0x3f,0x6d,0x78,0x10,0x57,0xfd,0xbf,0x20,0xb8,0x55,0xf0,0xd5,
  0xc0,0xf7,0xdc,0xfa,0xd7,0x3f,0xbd,0xcb,0x55,0x57,0xbd,0x10,0xf,0x7e,0xe9,0xb7,
  0x7e,0x69,0xc3,0x6f,0x19,0x8e,0x73,0x15,0xc0,0xf7,0xdc,0xf6,0xd7,0x3f,0xfd,0xde,
  0x5c,0xf5,0xef,0xf2,0xa0,0x97,0x7e,0xeb,0x8b,0x86,0xe3,0xfc,0x2f,0x27,0xb8,0xf4,
  0x8c,0xbf,0xfe,0xe9,0xe3,0x5c,0xf5,0xbf,0x11,0xe2,0xff,0xb9,0x7,0xbf,0xf4,0x5b,
  0x1f,0x4f,0xf8,0x6c,0xe0,0xa3,0xb8,0xea,0xff,0x9b,0xef,0xe,0xf8,0x9e,0x5b,0xff,
  0xfa,0xa7,0x7f,0x9b,0xab,0xae,0x7a,0x2e,0xf,0x7e,0xe9,0xb7,0x7e,0x69,0xc3,0x6f,
  0x19,0x8e,0x73,0x15,0xc0,0xf7,0xdc,0xf6,0xd7,0x3f,0xfd,0xde,0x5c,0xf5,0xef,0xf2,
  0xe0,0x97,0x7e,0xeb,0xf7,0x4e,0xf8,0x2e,0xfe,0x6f,0xf8,0x9e,0xdb,0xfe,0xfa,0xa7,
  0xdf,0x9b,0xab,0xfe,0x37,0x42,0x5c,0x75,0xd9,0x83,0x5f,0xfa,0xad,0x8f,0x27,0x7c,
  0xb4,0xe0,0xa3,0xd,0xc7,0xb8,0xea,0xff,0xd,0xc1,0xad,0x82,0xaf,0x6,0xbe,0xe7,
  0xd6,0xbf,0xfe,0xe9,0x5d,0xae,0xfa,0x7f,0xef,0xc1,0x2f,0xfd,0xd6,0x2f,0x6d,0xf8,
  0x2d,0xc3,0x71,0xae,0x2,0xf8,0x9e,0xdb,0xfe,0xfa,0xa7,0xdf,0x9b,0xab,0xfe,0xdd,
  0x6e,0x79,0xe9,0xb7,0xfe,0x69,0xe0,0xad,0xf8,0x3f,0x20,0xe0,0x75,0x6e,0xfd,0xeb,
  0x9f,0xfe,0x6d,0xae,0xfa,0xdf,0x8,0x71,0xd5,0x73,0x78,0xf0,0x4b,0xbf,0xf5,0xf1,
  0x84,0x8f,0x16,0x7c,0xb4,0xe1,0x18,0x57,0xfd,0x7f,0xf3,0xdd,0x1,0x5f,0x73,0xeb,
  0x5f,0xff,0xf4,0x5f,0x73,0xd5,0xff,0x4b,0xf,0x7e,0xe9,0xb7,0x7e,0x69,0xc3,0x6f,
  0x19,0x8e,0x73,0x15,0xc0,0xf7,0xdc,0xf6,0xd7,0x3f,0xfd,0xde,0x5c,0xf5,0xef,0xf6,
  0xe0,0x97,0x7e,0xeb,0xe3,0x9,0x17,0xf9,0x3f,0x40,0xf0,0x8c,0x67,0xfc,0xf5,0x4f,
  0x3f,0x98,0xab,0xfe,0xb7,0x42,0x5c,0xf5,0x2,0x3d,0xf8,0xa5,0xdf,0xfa,0xbd,0xd,
  0xef,0x6d,0x78,0x2d,0xae,0xfa,0x7f,0x45,0xf0,0xd7,0x42,0x5f,0xd,0xfe,0x99,0x5b,
  0xff,0xfa,0xa7,0x77,0xb9,0xea,0xff,0x85,0x7,0xbf,0xf4,0x5b,0xbf,0xb4,0xe1,0xb7,
  0xc,0xc7,0xb9,0xa,0xe0,0x7b,0x6e,0xfb,0xeb,0x9f,0x7e,0x6f,0xae,0xfa,0xf,0xf1,
  0xe0,0x97,0x7e,0xeb,0xf7,0x4e,0xf8,0x2e,0xfe,0x6f,0xf8,0x9a,0xdb,0xfe,0xfa,0xa7,
  0x3f,0x9a,0xab,0xfe,0xb7,0x42,0x5c,0xf5,0x2f,0x7a,0xf0,0x4b,0xbf,0xf5,0x4b,0x27,
  0x7c,0xb4,0xe0,0xad,0xd,0xc7,0xb8,0xea,0xff,0xd,0xc1,0xae,0xe1,0xa7,0x3,0xbe,
  0xe6,0xd6,0xbf,0xfe,0xe9,0xbf,0xe6,0xaa,0xff,0xb3,0x1e,0xfc,0xd2,0x6f,0xfd,0xd2,
  0x86,0xdf,0x32,0x1c,0xe7,0x2a,0x80,0xef,0xb9,0xed,0xaf,0x7f,0xfa,0xbd,0xb9,0xea,
  0x3f,0xcc,0x83,0x5e,0xfa,0xad,0xff,0xca,0xf0,0xd2,0xfc,0x1f,0x10,0xf0,0x32,0xb7,
  0xfe,0xf5,0x4f,0xff,0x35,0x57,0xfd,0x6f,0x85,0xb8,0xea,0x45,0xf6,0xe0,0x97,0x7e,
  0xeb,0xe3,0xc0,0x5b,0x1b,0x3e,0xda,0xf0,0x52,0x5c,0xf5,0xff,0x8a,0xe0,0xb7,0x85,
  0xbe,0xfb,0xd6,0xbf,0xfe,0xa9,0xef,0xe1,0xaa,0xff,0x53,0x1e,0xfc,0xd2,0x6f,0xfd,
  0xd2,0x86,0xdf,0x32,0x1c,0xe7,0x2a,0x80,0xef,0xb9,0xed,0xaf,0x7f,0xfa,0xbd,0xb9,
  0xea,0x3f,0xcc,0x83,0x5f,0xfa,0xad,0x1f,0x9c,0xf0,0x74,0xfe,0xf,0x10,0xfc,0xcd,
  0x33,0xfe,0xfa,0xa7,0x5f,0x9a,0xab,0xfe,0x37,0x43,0x5c,0xf5,0x6f,0xf2,0xe0,0x97,
  0x7e,0xeb,0x97,0x4e,0xf8,0x68,0xc1,0x5b,0x1b,0x8e,0x71,0xd5,0xff,0x1b,0x82,0x5d,
  0xc3,0x77,0x7,0x7c,0xcd,0xad,0x7f,0xfd,0xd3,0xb7,0x72,0xd5,0xff,0x6a,0xf,0x7e,
  0xe9,0xb7,0x7e,0x69,0xc3,0x6f,0x19,0x8e,0x73,0x15,0xc0,0xf7,0xdc,0xf6,0xd7,0x3f,
  0xfd,0xde,0x5c,0xf5,0x1f,0xea,0xc1,0x2f,0xfd,0xd6,0x1f,0x9d,0xf0,0x55,0xfc,0x1f,
  0x10,0xf0,0x31,0xb7,0xfe,0xf5,0x4f,0x7f,0x35,0x57,0xfd,0x6f,0x86,0xb8,0xea,0xdf,
  0xe5,0xc1,0x2f,0xfd,0xd6,0xc7,0x81,0xf7,0x36,0x7c,0xb4,0xe1,0x41,0x5c,0xf5,0xff,
  0x8a,0xe0,0xb7,0x85,0xbe,0xfb,0xd6,0xbf,0xfe,0xa9,0xef,0xe1,0xaa,0xff,0x75,0x1e,
  0xfc,0xd2,0x6f,0xfd,0xd2,0x86,0xdf,0x32,0x1c,0xe7,0x2a,0x80,0xef,0xb9,0xed,0xaf,
  0x7f,0xfa,0xbd,0xb9,0xea,0x3f,0xdc,0x83,0x5e,0xfa,0xad,0x9f,0x6e,0x78,0x30,0xff,
  0x7,0x4,0x3c,0xe4,0xd6,0xbf,0xfe,0xe9,0x5b,0xb9,0xea,0x7f,0x33,0xc4,0x55,0xff,
  0x61,0x1e,0xfc,0xd2,0x6f,0xfd,0xda,0x9,0xef,0xd,0xbc,0x17,0x57,0xfd,0xbf,0x22,
  0xd8,0x35,0x7c,0x75,0xc0,0xf7,0xdc,0xfa,0xd7,0x3f,0x7d,0x2b,0x57,0xfd,0x8f,0xf7,
  0xe0,0x97,0x7e,0xeb,0x97,0x36,0xfc,0x96,0xe1,0x38,0x57,0x1,0x7c,0xcf,0x6d,0x7f,
  0xfd,0xd3,0xef,0xcd,0x55,0xff,0xe1,0x1e,0xfc,0xd2,0x6f,0xfd,0xd2,0x9,0x7f,0xc5,
  0xff,0x1,0x82,0xdf,0x79,0xc6,0x5f,0xff,0xf4,0x6b,0x73,0xd5,0xff,0x76,0x88,0xab,
  0xfe,0xc3,0x3d,0xf8,0xa5,0xdf,0xfa,0x38,0xf0,0xde,0x86,0x8f,0x36,0x3c,0x88,0xab,
  0xfe,0x5f,0x11,0xfc,0xb4,0xd0,0x77,0xdf,0xfa,0xd7,0x3f,0xf5,0x33,0x5c,0xf5,0x3f,
  0xd2,0x83,0x5f,0xfa,0xad,0x5f,0xda,0xf0,0x5b,0x86,0xe3,0x5c,0x5,0xf0,0x3d,0xb7,
  0xfd,0xf5,0x4f,0xbf,0x37,0x57,0xfd,0xa7,0xb8,0xe5,0xa5,0xdf,0xfa,0xab,0x81,0x8f,
  0xe2,0xff,0x80,0x80,0xf7,0xb9,0xf5,0xaf,0x7f,0xfa,0xbb,0xb9,0xea,0x7f,0x3b,0xc4,
  0x55,0xff,0xa9,0x1e,0xfc,0xd2,0x6f,0xfd,0xda,0x9,0x1f,0xd,0xbc,0x15,0x57,0xfd,
  0xbf,0x22,0xb8,0xd5,0xf0,0xdd,0x1,0xdf,0x73,0xeb,0x5f,0xff,0xf4,0xad,0x5c,0xf5,
  0x3f,0xc2,0x83,0x5f,0xfa,0xad,0x5f,0xda,0xf0,0x5b,0x86,0xe3,0x5c,0x5,0xf0,0x3d,
  0xb7,0xfd,0xf5,0x4f,0xbf,0x37,0x57,0xfd,0xa7,0x79,0xd0,0x4b,0xbf,0xf5,0x45,0xc3,
  0x71,0xfe,0xf,0x8,0x38,0x71,0xeb,0x5f,0xff,0xf4,0x2e,0x57,0xfd,0x6f,0x87,0xb8,
  0xea,0xbf,0xc4,0x83,0x5f,0xfa,0xad,0x1f,0x9c,0xf0,0xde,0x82,0xf7,0x36,0x3c,0x88,
  0xab,0xfe,0x5f,0x11,0xfc,0xb4,0xe0,0x6b,0x6e,0xfd,0xeb,0x9f,0xfe,0x6d,0xae,0xfa,
  0x6f,0xf3,0xe0,0x97,0x7e,0xeb,0x97,0x36,0xfc,0x96,0xe1,0x38,0x57,0x1,0x7c,0xcf,
  0x6d,0x7f,0xfd,0xd3,0xef,0xcd,0x55,0xff,0x69,0x1e,0xfc,0xd2,0x6f,0xfd,0xd6,0x9,
  0x3f,0xc5,0xff,0xd,0xdf,0x73,0xdb,0x5f,0xff,0xf4,0x7b,0x73,0xd5,0xff,0x5,0x88,
  0xab,0xfe,0xcb,0x3d,0xf8,0xa5,0xdf,0xfa,0xad,0x13,0xde,0x1b,0x78,0x2b,0xae,0xfa,
  0x7f,0x45,0x70,0xab,0xe0,0xab,0x81,0xef,0xb9,0xf5,0xaf,0x7f,0x7a,0x97,0xab,0xfe,
  0xcb,0x3c,0xf8,0xa5,0xdf,0xfa,0xa5,0xd,0xbf,0x65,0x38,0xce,0x55,0x0,0xdf,0x73,
  0xdb,0x5f,0xff,0xf4,0x7b,0x73,0xd5,0x7f,0xaa,0x5b,0x5e,0xfa,0xad,0xbf,0x1b,0x78,
  0x2f,0xfe,0xf,0x8,0x78,0x9b,0x5b,0xff,0xfa,0xa7,0x7f,0x9a,0xab,0xfe,0x2f,0x40,
  0x5c,0xf5,0xdf,0xe6,0xc1,0x2f,0xfd,0xd6,0xf,0x4e,0x78,0x6f,0xc1,0x47,0x1b,0x8e,
  0x71,0xd5,0xff,0x37,0xdf,0x1d,0xf0,0x3d,0xb7,0xfe,0xf5,0x4f,0xff,0x36,0x57,0xfd,
  0xa7,0x7a,0xf0,0x4b,0xbf,0xf5,0x4b,0x1b,0x7e,0xcb,0x70,0x9c,0xab,0x0,0xbe,0xe7,
  0xb6,0xbf,0xfe,0xe9,0xf7,0xe6,0xaa,0xff,0x54,0xf,0x7e,0xe9,0xb7,0x3e,0x6e,0x78,
  0xba,0xe1,0x38,0xff,0xcb,0x9,0x2e,0x3d,0xe3,0xaf,0x7f,0xfa,0x38,0x57,0xfd,0x5f,
  0x81,0xb8,0xea,0x7f,0x84,0x7,0xbf,0xf4,0x5b,0xbf,0xb7,0xe1,0xbd,0xd,0xaf,0xc5,
  0x55,0xff,0xaf,0x8,0x6e,0x15,0x7c,0x35,0xf0,0x3d,0xb7,0xfe,0xf5,0x4f,0xef,0x72,
  0xd5,0x7f,0xa8,0x7,0xbf,0xf4,0x5b,0xbf,0xb4,0xe1,0xb7,0xc,0xc7,0xb9,0xa,0xe0,
  0x7b,0x6e,0xfb,0xeb,0x9f,0x7e,0x6f,0xae,0xfa,0x4f,0xf7,0xe0,0x97,0x7e,0xeb,0xf7,
  0x4e,0xf8,0x2e,0xfe,0x6f,0xf8,0x9e,0xdb,0xfe,0xfa,0xa7,0xdf,0x9b,0xab,0xfe,0xaf,
  0x40,0x5c,0xf5,0x3f,0xca,0x83,0x5f,0xfa,0xad,0x1f,0x9c,0xf0,0xd1,0x82,0xf7,0x36,
  0x1c,0xe3,0xaa,0xff,0x37,0x4,0xbb,0x86,0x9f,0xe,0xf8,0x9a,0x5b,0xff,0xfa,0xa7,
  0xff,0x9a,0xab,0xfe,0xdd,0x1e,0xfc,0xd2,0x6f,0xfd,0xd2,0x86,0xdf,0x32,0x1c,0xe7,
  0x2a,0x80,0xef,0xb9,0xed,0xaf,0x7f,0xfa,0xbd,0xb9,0xea,0xbf,0xc4,0x2d,0x2f,0xfd,
  0xd6,0x3f,0xd,0xbc,0x15,0xff,0x7,0x4,0xbc,0xcc,0xad,0x7f,0xfd,0xd3,0x7f,0xcd,
  0x55,0xff,0x57,0x20,0xae,0xfa,0x1f,0xeb,0xc1,0x2f,0xfd,0xd6,0xef,0x6d,0x78,0x6f,
  0xc3,0x6b,0x71,0xd5,0xff,0x2b,0x82,0xbf,0x16,0xfa,0x6a,0xf0,0xcf,0xdc,0xfa,0xd7,
  0x3f,0xbd,0xcb,0x55,0xff,0x6a,0xf,0x7e,0xe9,0xb7,0x7e,0x69,0xc3,0x6f,0x19,0x8e,
  0x73,0x15,0xc0,0xf7,0xdc,0xf6,0xd7,0x3f,0xfd,0xde,0x5c,0xf5,0x5f,0xe2,0xc1,0x2f,
  0xfd,0xd6,0xc7,0x13,0x2e,0xf2,0x7f,0x80,0xe0,0x19,0xcf,0xf8,0xeb,0x9f,0x7e,0x30,
  0x57,0xfd,0x5f,0x82,0xb8,0xea,0x7f,0xbc,0x7,0xbf,0xf4,0x5b,0xbf,0x74,0xc2,0x47,
  0xb,0xde,0xda,0x70,0x8c,0xab,0xfe,0xdf,0x10,0xec,0x1a,0x7e,0x3a,0xe0,0x6b,0x6e,
  0xfd,0xeb,0x9f,0xfe,0x6b,0xae,0x7a,0x91,0x3c,0xf8,0xa5,0xdf,0xfa,0xa5,0xd,0xbf,
  0x65,0x38,0xce,0x55,0x0,0xdf,0x73,0xdb,0x5f,0xff,0xf4,0x7b,0x73,0xd5,0x7f,0x99,
  0x7,0xbf,0xf4,0x5b,0x7f,0x74,0xc2,0x57,0xf1,0x7f,0xc3,0xd7,0xdc,0xf6,0xd7,0x3f,
  0xfd,0xd1,0x5c,0xf5,0x7f,0x9,0xe2,0xaa,0xff,0x35,0x1e,0xfc,0xd2,0x6f,0x7d,0x1c,
  0x78,0x6b,0xc3,0x47,0x1b,0x5e,0x8a,0xab,0xfe,0x5f,0x11,0xfc,0xb6,0xd0,0x77,0xdf,
  0xfa,0xd7,0x3f,0xf5,0x3d,0x5c,0xf5,0x2,0x3d,0xf8,0xa5,0xdf,0xfa,0xa5,0xd,0xbf,
  0x65,0x38,0xce,0x55,0x0,0xdf,0x73,0xdb,0x5f,0xff,0xf4,0x7b,0x73,0xd5,0x7f,0xa9,
  0x7,0xbd,0xf4,0x5b,0xff,0x95,0xe1,0xa5,0xf9,0x3f,0x20,0xe0,0x21,0xb7,0xfe,0xf5,
  0x4f,0xdf,0xca,0x55,0xff,0x97,0x20,0xae,0xfa,0x5f,0xe9,0xc1,0x2f,0xfd,0xd6,0x2f,
  0x9d,0xf0,0xd1,0x82,0xb7,0x36,0x1c,0xe3,0xaa,0xff,0x37,0x4,0xbb,0x86,0xef,0xe,
  0xf8,0x9a,0x5b,0xff,0xfa,0xa7,0x6f,0xe5,0xaa,0x67,0x79,0xf0,0x4b,0xbf,0xf5,0x4b,
  0x1b,0x7e,0xcb,0x70,0x9c,0xab,0x0,0xbe,0xe7,0xb6,0xbf,0xfe,0xe9,0xf7,0xe6,0xaa,
  0xff,0x52,0xf,0x7e,0xe9,0xb7,0x7e,0x70,0xc2,0xd3,0xf9,0x3f,0x40,0xf0,0x37,0xcf,
  0xf8,0xeb,0x9f,0x7e,0x69,0xae,0xfa,0xbf,0x6,0x71,0xd5,0xff,0x6a,0xf,0x7e,0xe9,
  0xb7,0x3e,0xe,0xbc,0xb7,0xe1,0xa3,0xd,0xf,0xe2,0xaa,0xff,0x57,0x4,0xbf,0x2d,
  0xf4,0xdd,0xb7,0xfe,0xf5,0x4f,0x7d,0xf,0xff,0xcf,0x3d,0xf8,0xa5,0xdf,0xfa,0xa5,
  0xd,0xbf,0x65,0x38,0xce,0x55,0x0,0xdf,0x73,0xdb,0x5f,0xff,0xf4,0x7b,0x73,0xd5,
  0x7f,0xb9,0x5b,0x5e,0xfa,0xad,0x3f,0x1b,0xf8,0x2c,0xfe,0xf,0x8,0xf8,0x98,0x5b,
  0xff,0xfa,0xa7,0xbf,0x9a,0xab,0xfe,0xaf,0x41,0x5c,0xf5,0x7f,0xc6,0x83,0x5f,0xfa,
  0xad,0x5f,0x3b,0xe1,0xbd,0x81,0xf7,0xe2,0xaa,0xff,0x57,0x4,0xbb,0x86,0xaf,0xe,
  0xf8,0x9e,0x5b,0xff,0xfa,0xa7,0x6f,0xe5,0xff,0x99,0x7,0xbf,0xf4,0x5b,0xbf,0xb4,
  0xe1,0xb7,0xc,0xc7,0xb9,0xa,0xe0,0x7b,0x6e,0xfb,0xeb,0x9f,0x7e,0x6f,0xae,0xfa,
  0x6f,0xf1,0xa0,0x97,0x7e,0xeb,0xa7,0x1b,0x1e,0xcc,0xff,0x1,0x1,0xf,0xb9,0xf5,
  0xaf,0x7f,0xfa,0x56,0xae,0xfa,0xbf,0x6,0x71,0xd5,0xff,0x39,0xf,0x7e,0xe9,0xb7,
  0x3e,0xe,0xbc,0xb7,0xe1,0xa3,0xd,0xf,0xe2,0xaa,0xff,0x57,0x4,0x3f,0x2d,0xf4,
  0xdd,0xb7,0xfe,0xf5,0x4f,0xfd,0xc,0xff,0xf,0x3c,0xf8,0xa5,0xdf,0xfa,0xa5,0xd,
  0xbf,0x65,0x38,0xce,0x55,0x0,0xdf,0x73,0xdb,0x5f,0xff,0xf4,0x7b,0x73,0xd5,0x7f,
  0x8b,0x7,0xbf,0xf4,0x5b,0xbf,0x74,0xc2,0x5f,0xf1,0x7f,0xc3,0xcf,0xdc,0xf6,0xd7,
  0x3f,0xfd,0xd6,0x5c,0xf5,0x7f,0x11,0xe2,0xaa,0xff,0xd3,0x1e,0xfc,0xd2,0x6f,0xfd,
  0xda,0x9,0x1f,0xd,0xbc,0x15,0x57,0xfd,0xbf,0x22,0xb8,0xd5,0xf0,0xdd,0x1,0xdf,
  0x73,0xeb,0x5f,0xff,0xf4,0xad,0xfc,0x1f,0xf4,0xe0,0x97,0x7e,0xeb,0x97,0x36,0xfc,
  0x96,0xe1,0x38,0x57,0x1,0x7c,0xcf,0x6d,0x7f,0xfd,0xd3,0xef,0xcd,0x55,0xff,0x6d,
  0x6e,0x79,0xe9,0xb7,0xfe,0x6a,0xe0,0xa3,0xf8,0x3f,0x20,0xe0,0x7d,0x6e,0xfd,0xeb,
  0x9f,0xfe,0x6e,0xae,0xfa,0xbf,0x8,0x71,0xd5,0xff,0xb,0xf,0x7e,0xe9,0xb7,0x7e,
  0x70,0xc2,0x7b,0xb,0xde,0xdb,0xf0,0x20,0xae,0xfa,0x7f,0x45,0xf0,0xd3,0x82,0xaf,
  0xb9,0xf5,0xaf,0x7f,0xfa,0xb7,0xf9,0x3f,0xe2,0xc1,0x2f,0xfd,0xd6,0x2f,0x6d,0xf8,
  0x2d,0xc3,0x71,0xae,0x2,0xf8,0x9e,0xdb,0xfe,0xfa,0xa7,0xdf,0x9b,0xab,0xfe,0x5b,
  0x3d,0xe8,0xa5,0xdf,0xfa,0xa2,0xe1,0x38,0xff,0xcb,0x9,0x2e,0x9,0x1e,0x7c,0xeb,
  0x5f,0xff,0xf4,0x2e,0x57,0xfd,0x5f,0x84,0xb8,0xea,0xff,0x9d,0x7,0xbf,0xf4,0x5b,
  0xbf,0x75,0xc2,0x7b,0x3,0x6f,0xc5,0x55,0xff,0xaf,0x8,0x6e,0x15,0x7c,0x35,0xf0,
  0x3d,0xb7,0xfe,0xf5,0x4f,0xef,0xf2,0xbf,0xd4,0x83,0x5f,0xfa,0xad,0x5f,0xda,0xf0,
  0x5b,0x86,0xe3,0x5c,0x5,0xf0,0x3d,0xb7,0xfd,0xf5,0x4f,0xbf,0x37,0x57,0xfd,0xb7,
  0x7a,0xf0,0x4b,0xbf,0xf5,0x5b,0x27,0xfc,0x14,0xff,0x37,0x7c,0xcf,0x6d,0x7f,0xfd,
  0xd3,0xef,0xcd,0x55,0xff,0x57,0x21,0xae,0xfa,0x7f,0xeb,0xc1,0x2f,0xfd,0xd6,0xf,
  0x4e,0x78,0x6f,0xc1,0x47,0x1b,0x8e,0x71,0xd5,0xff,0x37,0xdf,0x1d,0xf0,0x3d,0xb7,
  0xfe,0xf5,0x4f,0xff,0x36,0xff,0x8b,0x3c,0xf8,0xa5,0xdf,0xfa,0xa5,0xd,0xbf,0x65,
  0x38,0xce,0x55,0x0,0xdf,0x73,0xdb,0x5f,0xff,0xf4,0x7b,0x73,0xd5,0x7f,0xbb,0x5b,
  0x5e,0xfa,0xad,0xbf,0x1b,0x78,0x2f,0xfe,0xf,0x8,0x78,0x9b,0x5b,0xff,0xfa,0xa7,
  0x7f,0x9a,0xab,0xfe,0xaf,0x42,0x5c,0x75,0x15,0xf0,0xe0,0x97,0x7e,0xeb,0xf7,0x36,
  0xbc,0xb7,0xe1,0xb5,0xb8,0xea,0xff,0x15,0xc1,0xad,0x82,0xaf,0x6,0xbe,0xe7,0xd6,
  0xbf,0xfe,0xe9,0x5d,0xfe,0x7,0x7b,0xf0,0x4b,0xbf,0xf5,0x4b,0x1b,0x7e,0xcb,0x70,
  0x9c,0xab,0x0,0xbe,0xe7,0xb6,0xbf,0xfe,0xe9,0xf7,0xe6,0xaa,0xff,0x76,0xf,0x7e,
  0xe9,0xb7,0x3e,0x9e,0x70,0x91,0xff,0x3,0x4,0x97,0x9e,0xf1,0xd7,0x3f,0x7d,0x9c,
  0xab,0xfe,0x2f,0x43,0x5c,0x75,0xd5,0x3,0x3c,0xf8,0xa5,0xdf,0xfa,0xc1,0x9,0x1f,
  0x2d,0x78,0x6f,0xc3,0x31,0xae,0xfa,0x7f,0x43,0xb0,0x6b,0xf8,0xe9,0x80,0xaf,0xb9,
  0xf5,0xaf,0x7f,0xfa,0xaf,0xf9,0x1f,0xe6,0xc1,0x2f,0xfd,0xd6,0x2f,0x6d,0xf8,0x2d,
  0xc3,0x71,0xae,0x2,0xf8,0x9e,0xdb,0xfe,0xfa,0xa7,0xdf,0x9b,0xab,0xfe,0x47,0x78,
  0xf0,0x4b,0xbf,0xf5,0x7b,0x27,0x7c,0x17,0xff,0x37,0x7c,0xcd,0x6d,0x7f,0xfd,0xd3,
  0x1f,0xcd,0x55,0xff,0x97,0x21,0xae,0xba,0xea,0x5,0x78,0xf0,0x4b,0xbf,0xf5,0x7b,
  0x1b,0xde,0xdb,0xf0,0x5a,0x5c,0xf5,0xff,0x8a,0xe0,0xaf,0x85,0xbe,0x1a,0xfc,0x33,
  0xb7,0xfe,0xf5,0x4f,0xef,0xf2,0xdf,0xec,0xc1,0x2f,0xfd,0xd6,0x2f,0x6d,0xf8,0x2d,
  0xc3,0x71,0xae,0x2,0xf8,0x9e,0xdb,0xfe,0xfa,0xa7,0xdf,0x9b,0xab,0xfe,0xc7,0xb8,
  0xe5,0xa5,0xdf,0xfa,0xa7,0x81,0xb7,0xe2,0xff,0x80,0x80,0x97,0xb9,0xf5,0xaf,0x7f,
  0xfa,0xaf,0xb9,0xea,0xff,0x32,0xc4,0x55,0x57,0xfd,0xb,0x1e,0xfc,0xd2,0x6f,0xfd,
  0xd2,0x9,0x1f,0x2d,0x78,0x6b,0xc3,0x31,0xae,0xfa,0x7f,0x43,0xb0,0x6b,0xf8,0xe9,
  0x80,0xaf,0xb9,0xf5,0xaf,0x7f,0xfa,0xaf,0xf9,0x6f,0xf0,0xe0,0x97,0x7e,0xeb,0x97,
  0x36,0xfc,0x96,0xe1,0x38,0x57,0x1,0x7c,0xcf,0x6d,0x7f,0xfd,0xd3,0xef,0xcd,0x55,
  0xff,0x63,0x3c,0xf8,0xa5,0xdf,0xfa,0xc1,0x9,0x4f,0xe7,0xff,0x0,0xc1,0x33,0x9e,
  0xf1,0xd7,0x3f,0xfd,0x60,0xae,0xfa,0xbf,0xe,0x71,0xd5,0x55,0x2f,0xa2,0x7,0xbf,
  0xf4,0x5b,0x1f,0x7,0xde,0xda,0xf0,0xd1,0x86,0x97,0xe2,0xaa,0xff,0x57,0x4,0xbf,
  0x2d,0xf4,0xdd,0xb7,0xfe,0xf5,0x4f,0x7d,0xf,0xff,0x45,0x1e,0xfc,0xd2,0x6f,0xfd,
  0xd2,0x86,0xdf,0x32,0x1c,0xe7,0x2a,0x80,0xef,0xb9,0xed,0xaf,0x7f,0xfa,0xbd,0xb9,
  0xea,0x7f,0x94,0x7,0xbf,0xf4,0x5b,0x7f,0x74,0xc2,0x57,0xf1,0x7f,0xc3,0xe7,0xdc,
  0xf6,0xd7,0x3f,0xfd,0xd9,0x5c,0xf5,0x7f,0x1d,0xe2,0xaa,0xab,0xfe,0xd,0x1e,0xfc,
  0xd2,0x6f,0xfd,0xd2,0x9,0x1f,0x2d,0x78,0x6b,0xc3,0x31,0xae,0xfa,0x7f,0x43,0xb0,
  0x6b,0xf8,0xee,0x80,0xaf,0xb9,0xf5,0xaf,0x7f,0xfa,0x56,0xfe,0x93,0x3c,0xf8,0xa5,
  0xdf,0xfa,0xa5,0xd,0xbf,0x65,0x38,0xce,0x55,0x0,0xdf,0x73,0xdb,0x5f,0xff,0xf4,
  0x7b,0x73,0xd5,0xff,0x38,0xf,0x7a,0xe9,0xb7,0xfe,0x2b,0xc3,0x4b,0xf3,0x7f,0x40,
  0xc0,0x43,0x6e,0xfd,0xeb,0x9f,0xbe,0x95,0xab,0xfe,0xaf,0x43,0x5c,0x75,0xd5,0xbf,
  0xc3,0x83,0x5f,0xfa,0xad,0x8f,0x3,0xef,0x6d,0xf8,0x68,0xc3,0x83,0xb8,0xea,0xff,
  0x15,0xc1,0x6f,0xb,0x7d,0xf7,0xad,0x7f,0xfd,0x53,0xdf,0xc3,0x7f,0xa0,0x7,0xbf,
  0xf4,0x5b,0xbf,0xb4,0xe1,0xb7,0xc,0xc7,0xb9,0xa,0xe0,0x7b,0x6e,0xfb,0xeb,0x9f,
  0x7e,0x6f,0xae,0xfa,0x1f,0xe7,0xc1,0x2f,0xfd,0xd6,0xf,0x4e,0x78,0x3a,0xff,0x7,
  0x8,0xfe,0xe6,0x19,0x7f,0xfd,0xd3,0x2f,0xcd,0x55,0xff,0x1f,0x20,0xae,0xba,0xea,
  0x3f,0xc8,0x83,0x5f,0xfa,0xad,0x5f,0x3b,0xe1,0xbd,0x81,0xf7,0xe2,0xaa,0xff,0x57,
  0x4,0xbb,0x86,0xaf,0xe,0xf8,0x9e,0x5b,0xff,0xfa,0xa7,0x6f,0xe5,0xdf,0xe1,0xc1,
  0x2f,0xfd,0xd6,0x2f,0x6d,0xf8,0x2d,0xc3,0x71,0xae,0x2,0xf8,0x9e,0xdb,0xfe,0xfa,
  0xa7,0xdf,0x9b,0xab,0xfe,0x47,0xba,0xe5,0xa5,0xdf,0xfa,0xab,0x81,0x8f,0xe2,0xff,
  0x80,0x80,0x8f,0xb9,0xf5,0xaf,0x7f,0xfa,0xab,0xb9,0xea,0xff,0x3,0xc4,0x55,0x57,
  0xfd,0x7,0x7b,0xf0,0x4b,0xbf,0xf5,0x71,0xe0,0xbd,0xd,0x1f,0x6d,0x78,0x10,0x57,
  0xfd,0xbf,0x22,0xf8,0x69,0xa1,0xef,0xbe,0xf5,0xaf,0x7f,0xea,0x67,0xf8,0x57,0x7a,
  0xf0,0x4b,0xbf,0xf5,0x4b,0x1b,0x7e,0xcb,0x70,0x9c,0xab,0x0,0xbe,0xe7,0xb6,0xbf,
  0xfe,0xe9,0xf7,0xe6,0xaa,0xff,0xb1,0x1e,0xf4,0xd2,0x6f,0xfd,0x74,0xc3,0x83,0xf9,
  0x3f,0x20,0xe0,0xc4,0xad,0x7f,0xfd,0xd3,0xbb,0x5c,0xf5,0xff,0x1,0xe2,0xaa,0xab,
  0xfe,0x13,0x3d,0xf8,0xa5,0xdf,0xfa,0xb5,0x13,0x3e,0x1a,0x78,0x2b,0xae,0xfa,0x7f,
  0x45,0x70,0xab,0xe1,0xbb,0x3,0xbe,0xe7,0xd6,0xbf,0xfe,0xe9,0x5b,0xf9,0x17,0x3c,
  0xf8,0xa5,0xdf,0xfa,0xa5,0xd,0xbf,0x65,0x38,0xce,0x55,0x0,0xdf,0x73,0xdb,0x5f,
  0xff,0xf4,0x7b,0x73,0xd5,0xff,0x58,0xf,0x7e,0xe9,0xb7,0x7e,0xe9,0x84,0xbf,0xe2,
  0xff,0x86,0x9f,0xb9,0xed,0xaf,0x7f,0xfa,0xad,0xb9,0xea,0xff,0xb,0xc4,0x55,0x57,
  0xfd,0x17,0x78,0xf0,0x4b,0xbf,0xf5,0x83,0x13,0xde,0x5b,0xf0,0xde,0x86,0x7,0x71,
  0xd5,0xff,0x2b,0x82,0x9f,0x16,0x7c,0xcd,0xad,0x7f,0xfd,0xd3,0xbf,0xcd,0xf3,0xf1,
  0xe0,0x97,0x7e,0xeb,0x97,0x36,0xfc,0x96,0xe1,0x38,0x57,0x1,0x7c,0xcf,0x6d,0x7f,
  0xfd,0xd3,0xef,0xcd,0x55,0xff,0xa3,0xdd,0xf2,0xd2,0x6f,0xfd,0xdd,0xc0,0x7b,0xf1,
  0x7f,0x40,0xc0,0xfb,0xdc,0xfa,0xd7,0x3f,0xfd,0xdd,0x5c,0xf5,0xff,0x5,0xe2,0xaa,
  0xab,0xfe,0x8b,0x3d,0xf8,0xa5,0xdf,0xfa,0xad,0x13,0xde,0x1b,0x78,0x2b,0xae,0xfa,
  0x7f,0x45,0x70,0xab,0xe0,0xab,0x81,0xef,0xb9,0xf5,0xaf,0x7f,0x7a,0x17,0xe0,0xc1,
  0x2f,0xfd,0xd6,0x2f,0x6d,0xf8,0x2d,0xc3,0x71,0xae,0x2,0xf8,0x9e,0xdb,0xfe,0xfa,
  0xa7,0xdf,0x9b,0xab,0xfe,0xc7,0x7b,0xd0,0x4b,0xbf,0xf5,0x45,0xc3,0x71,0xfe,0x97,
  0x13,0x5c,0x12,0x3c,0xf8,0xd6,0xbf,0xfe,0xe9,0x5d,0xae,0xfa,0xff,0x2,0x71,0xd5,
  0x55,0xff,0x4d,0x1e,0xfc,0xd2,0x6f,0xfd,0xe0,0x84,0xf7,0x16,0x7c,0xb4,0xe1,0x18,
  0x57,0xfd,0x7f,0xf3,0xdd,0x81,0x7e,0xdb,0xf8,0xab,0xd,0xc7,0xb9,0xa,0xe0,0x7b,
  0x6e,0xfb,0xeb,0x9f,0x7e,0x6f,0xae,0xfa,0x1f,0xef,0xc1,0x2f,0xfd,0xd6,0x6f,0x9d,
  0xf0,0x53,0xfc,0xdf,0xf0,0x3d,0xb7,0xfd,0xf5,0x4f,0xbf,0x37,0x57,0xfd,0x7f,0x82,
  0xb8,0xea,0xaa,0xff,0x1,0x1e,0xfc,0xd2,0x6f,0xfd,0xde,0x86,0xf7,0x36,0xbc,0x16,
  0x57,0x5d,0xf5,0xff,0xd3,0xf7,0xdc,0xf6,0xd7,0x3f,0xfd,0xde,0x5c,0xf5,0xbf,0xc2,
  0x2d,0x2f,0xfd,0xd6,0x3f,0xd,0xbc,0x15,0xff,0x7,0x4,0xbc,0xcd,0xad,0x7f,0xfd,
  0xd3,0x3f,0xcd,0x55,0xff,0x9f,0x20,0xae,0xba,0xea,0x7f,0x90,0x7,0xbf,0xf4,0x5b,
  0x3f,0x38,0xe1,0xa3,0x5,0xef,0x6d,0x38,0xc6,0x55,0x57,0xfd,0xff,0xf0,0x3d,0xb7,
  0xfd,0xf5,0x4f,0xbf,0x37,0x57,0xfd,0xaf,0xf0,0xe0,0x97,0x7e,0xeb,0xe3,0x9,0x17,
  0xf9,0x3f,0x40,0xf0,0x8c,0x67,0xfc,0xf5,0x4f,0x3f,0x98,0xab,0xfe,0xbf,0x41,0x5c,
  0x75,0xd5,0xff,0x50,0xf,0x7e,0xe9,0xb7,0x7e,0x6f,0xc3,0x7b,0x1b,0x5e,0x8b,0xab,
  0xae,0xfa,0xbf,0xeb,0x7b,0x6e,0xfb,0xeb,0x9f,0x7e,0x6f,0xae,0xfa,0x5f,0xe3,0xc1,
  0x2f,0xfd,0xd6,0xef,0x9d,0xf0,0x5d,0xfc,0xdf,0xf0,0x35,0xb7,0xfd,0xf5,0x4f,0x7f,
  0x34,0x57,0xfd,0x7f,0x83,0xb8,0xea,0xaa,0xff,0xe1,0x1e,0xfc,0xd2,0x6f,0xfd,0xd2,
  0x9,0x1f,0x2d,0x78,0x6b,0xc3,0x31,0xae,0xba,0xea,0xff,0x8e,0xef,0xb9,0xed,0xaf,
  0x7f,0xfa,0xbd,0xb9,0xea,0x7f,0x95,0x7,0xbd,0xf4,0x5b,0xff,0x96,0xe1,0xb5,0xf9,
  0x3f,0x20,0xe0,0x65,0x6e,0xfd,0xeb,0x9f,0xfe,0x6b,0xae,0xfa,0xff,0x6,0x71,0xd5,
  0x55,0xff,0x4b,0x3c,0xf8,0xa5,0xdf,0xfa,0x38,0xf0,0xd6,0x86,0x8f,0x36,0xbc,0x14,
  0x57,0x5d,0xf5,0xbf,0xdb,0xf7,0xdc,0xf6,0xd7,0x3f,0xfd,0xde,0x5c,0xf5,0xbf,0xca,
  0x83,0x5f,0xfa,0xad,0x1f,0x9c,0xf0,0x74,0xfe,0xf,0x10,0x3c,0xe3,0x19,0x7f,0xfd,
  0xd3,0xf,0xe6,0xaa,0xff,0x8f,0x10,0x57,0x5d,0xf5,0xbf,0xd0,0x83,0x5f,0xfa,0xad,
  0x5f,0x3a,0xe1,0xa3,0x5,0x6f,0x6d,0x38,0xc6,0x55,0x57,0xfd,0xef,0xf2,0x3d,0xb7,
  0xfd,0xf5,0x4f,0xbf,0x37,0x57,0xfd,0xaf,0xf3,0xe0,0x97,0x7e,0xeb,0x8f,0x4e,0xf8,
  0x2a,0xfe,0xf,0x8,0xf8,0x98,0x5b,0xff,0xfa,0xa7,0xbf,0x9a,0xab,0xfe,0x3f,0x42,
  0x5c,0x75,0xd5,0xff,0x62,0xf,0x7e,0xe9,0xb7,0x3e,0xe,0xbc,0xb7,0xe1,0xa3,0xd,
  0xf,0xe2,0xaa,0xab,0xfe,0xe7,0xfb,0x9e,0xdb,0xfe,0xfa,0xa7,0xdf,0x9b,0xab,0xfe,
  0x57,0x7a,0xd0,0x4b,0xbf,0xf5,0x5f,0x19,0x5e,0x9a,0xff,0x3,0x2,0x1e,0x72,0xeb,
  0x5f,0xff,0xf4,0xad,0x5c,0xf5,0xff,0x11,0xe2,0xaa,0xab,0xfe,0x8f,0x78,0xf0,0x4b,
  0xbf,0xf5,0x6b,0x27,0xbc,0x37,0xf0,0x5e,0x5c,0x75,0xd5,0xff,0x4c,0xdf,0x73,0xdb,
  0x5f,0xff,0xf4,0x7b,0x73,0xd5,0xff,0x4a,0xf,0x7e,0xe9,0xb7,0x7e,0xe9,0x84,0xbf,
  0xe2,0xff,0x0,0xc1,0xdf,0x3c,0xe3,0xaf,0x7f,0xfa,0xa5,0xb9,0xea,0xff,0x2b,0xc4,
  0x55,0x57,0xfd,0x1f,0xf3,0xe0,0x97,0x7e,0xeb,0xe3,0xc0,0x7b,0x1b,0x3e,0xda,0xf0,
  0x20,0xae,0xba,0xea,0x7f,0x86,0xef,0xb9,0xed,0xaf,0x7f,0xfa,0xbd,0xb9,0xea,0x7f,
  0xad,0x5b,0x5e,0xfa,0xad,0xbf,0x1a,0xf8,0x28,0xfe,0xf,0x8,0x78,0x9f,0x5b,0xff,
  0xfa,0xa7,0xbf,0x9b,0xab,0xfe,0xbf,0x42,0x5c,0x75,0xd5,0xff,0x61,0xf,0x7e,0xe9,
  0xb7,0x7e,0xed,0x84,0x8f,0x6,0xde,0x8a,0xab,0xae,0xfa,0xef,0xf3,0x3d,0xb7,0xfd,
  0xf5,0x4f,0xbf,0x37,0x57,0xfd,0xaf,0xf6,0xa0,0x97,0x7e,0xeb,0xa7,0x1b,0x1e,0xcc,
  0xff,0x1,0x1,0x27,0x6e,0xfd,0xeb,0x9f,0xde,0xe5,0xaa,0xff,0xaf,0x10,0x57,0x5d,
  0xf5,0xff,0xc0,0x83,0x5f,0xfa,0xad,0x1f,0x9c,0xf0,0xde,0x82,0xf7,0x36,0x3c,0x88,
  0xab,0xae,0xfa,0xaf,0xf3,0x3d,0xb7,0xfd,0xf5,0x4f,0xbf,0x37,0x57,0xfd,0xaf,0xf6,
  0xe0,0x97,0x7e,0xeb,0xd7,0x4e,0xf8,0x2d,0xfe,0x6f,0xf8,0x99,0xdb,0xfe,0xfa,0xa7,
  0xdf,0x9a,0xab,0xfe,0x3f,0x43,0x5c,0x75,0xd5,0xff,0x33,0xf,0x7e,0xe9,0xb7,0x7e,
  0xeb,0x84,0xf7,0x6,0xde,0x8a,0xab,0xae,0xfa,0xcf,0xf5,0x3d,0xb7,0xfd,0xf5,0x4f,
  0xbf,0x37,0x57,0xfd,0xaf,0x77,0xcb,0x4b,0xbf,0xf5,0x77,0x3,0xef,0xc5,0xff,0x1,
  0x1,0xef,0x73,0xeb,0x5f,0xff,0xf4,0x77,0x73,0xd5,0xff,0x67,0x88,0xab,0xae,0xfa,
  0x7f,0xea,0xc1,0x2f,0xfd,0xd6,0xf,0x4e,0x78,0x6f,0xc1,0x47,0x1b,0x8e,0x71,0xd5,
  0x55,0xff,0xb1,0xbe,0xe7,0xb6,0xbf,0xfe,0xe9,0xf7,0xe6,0xaa,0xff,0x13,0x1e,0xf4,
  0xd2,0x6f,0x7d,0xd1,0x70,0x9c,0xff,0xe5,0x4,0x97,0x9e,0xf1,0xd7,0x3f,0x7d,0x9c,
  0xab,0xfe,0xbf,0x43,0x5c,0x75,0xd5,0x55,0x3c,0xf8,0xa5,0xdf,0xfa,0xbd,0xd,0xef,
  0x6d,0x78,0x2d,0xae,0xba,0xea,0xdf,0xef,0x7b,0x6e,0xfb,0xeb,0x9f,0x7e,0x6f,0xae,
  0xfa,0x3f,0xe1,0xc1,0x2f,0xfd,0xd6,0xef,0x9d,0xf0,0x5d,0xfc,0xdf,0xf0,0x3d,0xb7,
  0xfd,0xf5,0x4f,0xbf,0x37,0x57,0xfd,0x7f,0x87,0xb8,0xea,0xaa,0xab,0x9e,0xe5,0xc1,
  0x2f,0xfd,0xd6,0xf,0x4e,0xf8,0x68,0xc1,0x7b,0x1b,0x8e,0x71,0xd5,0x55,0xff,0x7a,
  0xdf,0x73,0xdb,0x5f,0xff,0xf4,0x7b,0x73,0xd5,0xff,0x19,0xb7,0xbc,0xf4,0x5b,0xff,
  0x34,0xf0,0x56,0xfc,0x1f,0x10,0xf0,0x36,0xb7,0xfe,0xf5,0x4f,0xff,0x34,0x57,0xfd,
  0x7f,0x87,0xb8,0xea,0xaa,0xab,0x9e,0xaf,0x7,0xbf,0xf4,0x5b,0xbf,0xb7,0xe1,0xbd,
  0xd,0xaf,0xc5,0x55,0x57,0xbd,0x68,0xbe,0xe7,0xb6,0xbf,0xfe,0xe9,0xf7,0xe6,0xaa,
  0xff,0x33,0x1e,0xfc,0xd2,0x6f,0x7d,0x3c,0xe1,0x22,0xff,0x7,0x8,0x9e,0xf1,0x8c,
  0xbf,0xfe,0xe9,0x7,0x73,0xd5,0x55,0x80,0xb8,0xea,0xaa,0xab,0x5e,0xa8,0x7,0xbf,
  0xf4,0x5b,0xbf,0x74,0xc2,0x47,0xb,0xde,0xda,0x70,0x8c,0xab,0xae,0x7a,0xfe,0xbe,
  0xe7,0xb6,0xbf,0xfe,0xe9,0xf7,0xe6,0xaa,0xff,0x53,0x1e,0xfc,0xd2,0x6f,0xfd,0xde,
  0x9,0xdf,0xc5,0xff,0xd,0x5f,0x73,0xdb,0x5f,0xff,0xf4,0x47,0x73,0xd5,0x55,0x80,
  0xb8,0xea,0xaa,0xab,0x5e,0x24,0xf,0x7e,0xe9,0xb7,0x3e,0xe,0xbc,0xb5,0xe1,0xa3,
  0xd,0x2f,0xc5,0x55,0x57,0x3d,0xdb,0xf7,0xdc,0xf6,0xd7,0x3f,0xfd,0xde,0x5c,0xf5,
  0x7f,0xce,0x83,0x5e,0xfa,0xad,0xff,0xca,0xf0,0xd2,0xfc,0x1f,0x10,0xf0,0x32,0xb7,
  0xfe,0xf5,0x4f,0xff,0x35,0x57,0x5d,0x5,0x88,0xab,0xae,0xba,0xea,0x5f,0xed,0xc1,
  0x2f,0xfd,0xd6,0x2f,0x9d,0xf0,0xd1,0x82,0xb7,0x36,0x1c,0xe3,0xaa,0xff,0xcf,0xbe,
  0xe7,0xb6,0xbf,0xfe,0xe9,0xf7,0xe6,0xaa,0xff,0x73,0x1e,0xfc,0xd2,0x6f,0xfd,0xe0,
  0x84,0xa7,0xf3,0x7f,0x80,0xe0,0x6f,0x9e,0xf1,0xd7,0x3f,0xfd,0xd2,0x5c,0x75,0xd5,
  0x15,0x88,0xab,0xae,0xba,0xea,0xdf,0xec,0xc1,0x2f,0xfd,0xd6,0xc7,0x81,0xf7,0x36,
  0x7c,0xb4,0xe1,0x41,0x5c,0xf5,0xff,0xcd,0xf7,0xdc,0xf6,0xd7,0x3f,0xfd,0xde,0x5c,
  0xf5,0x7f,0xd2,0x83,0x5f,0xfa,0xad,0x3f,0x3a,0xe1,0xab,0xf8,0x3f,0x20,0xe0,0x63,
  0x6e,0xfd,0xeb,0x9f,0xfe,0x6a,0xae,0xba,0xea,0xa,0xc4,0x55,0x57,0x5d,0xf5,0x1f,
  0xe2,0xc1,0x2f,0xfd,0xd6,0xaf,0x9d,0xf0,0xde,0xc0,0x7b,0x71,0xd5,0xff,0x7,0xdf,
  0x73,0xdb,0x5f,0xff,0xf4,0x7b,0x73,0xd5,0xff,0x59,0xf,0x7a,0xe9,0xb7,0x7e,0xba,
  0xe1,0xc1,0xfc,0x1f,0x10,0xf0,0x90,0x5b,0xff,0xfa,0xa7,0x6f,0xe5,0xaa,0xab,0xae,
  0x40,0x5c,0x75,0xd5,0x55,0xff,0xa1,0x1e,0xfc,0xd2,0x6f,0x7d,0x1c,0x78,0x6f,0xc3,
  0x47,0x1b,0x1e,0xc4,0x55,0xff,0x17,0x7d,0xcf,0x6d,0x7f,0xfd,0xd3,0xef,0xcd,0x55,
  0xff,0x67,0x3d,0xf8,0xa5,0xdf,0xfa,0xa5,0x13,0xfe,0x8a,0xff,0x3,0x4,0xbf,0xf3,
  0x8c,0xbf,0xfe,0xe9,0xd7,0xe6,0xaa,0xab,0x9e,0xd,0x71,0xd5,0x55,0x57,0xfd,0xa7,
  0x79,0xf0,0x4b,0xbf,0xf5,0x6b,0x27,0x7c,0x34,0xf0,0x56,0x5c,0xf5,0x7f,0xc5,0xf7,
  0xdc,0xf6,0xd7,0x3f,0xfd,0xde,0x5c,0xf5,0x7f,0xda,0x2d,0x2f,0xfd,0xd6,0x5f,0xd,
  0x7c,0x14,0xff,0x7,0x4,0xbc,0xcf,0xad,0x7f,0xfd,0xd3,0xdf,0xcd,0x55,0x57,0x3d,
  0x1b,0xe2,0xaa,0xab,0xae,0xfa,0x4f,0xf7,0xe0,0x97,0x7e,0xeb,0x7,0x27,0xbc,0xb7,
  0xe0,0xbd,0xd,0xf,0xe2,0xaa,0xff,0xad,0xbe,0xe7,0xb6,0xbf,0xfe,0xe9,0xf7,0xe6,
  0xaa,0xff,0xf3,0x1e,0xf4,0xd2,0x6f,0xfd,0x74,0xc3,0x83,0xf9,0x3f,0x20,0xe0,0xc4,
  0xad,0x7f,0xfd,0xd3,0xbb,0x5c,0x75,0xd5,0xb3,0x21,0xae,0xba,0xea,0xaa,0xff,0x52,
  0xf,0x7e,0xe9,0xb7,0x7e,0xeb,0x84,0xf7,0x6,0xde,0x8a,0xab,0xfe,0x37,0xf9,0x9e,
  0xdb,0xfe,0xfa,0xa7,0xdf,0x9b,0xab,0xfe,0xcf,0x7b,0xf0,0x4b,0xbf,0xf5,0x5b,0x27,
  0xfc,0x14,0xff,0x37,0xfc,0xcc,0x6d,0x7f,0xfd,0xd3,0x6f,0xcd,0x55,0x57,0x3d,0x27,
  0xc4,0x55,0x57,0x5d,0xf5,0xdf,0xe2,0xc1,0x2f,0xfd,0xd6,0xf,0x4e,0x78,0x6f,0xc1,
  0x7b,0x1b,0x1e,0xc4,0x55,0xff,0x93,0x7d,0xcf,0x6d,0x7f,0xfd,0xd3,0xef,0xcd,0x55,
  0xff,0x2f,0xdc,0xf2,0xd2,0x6f,0xfd,0xdd,0xc0,0x7b,0xf1,0x7f,0x40,0xc0,0xdb,0xdc,
  0xfa,0xd7,0x3f,0xfd,0xd3,0x5c,0x75,0xd5,0x73,0x42,0x5c,0x75,0xd5,0x55,0xff,0xed,
  0x1e,0xfc,0xd2,0x6f,0xfd,0xde,0x86,0xf7,0x36,0xbc,0x16,0x57,0xfd,0x4f,0xf3,0x3d,
  0xb7,0xfd,0xf5,0x4f,0xbf,0x37,0x57,0xfd,0xbf,0xf0,0xe0,0x97,0x7e,0xeb,0xe3,0x86,
  0xa7,0x1b,0x8e,0xf3,0xbf,0x9c,0xe0,0xd2,0x33,0xfe,0xfa,0xa7,0x8f,0x73,0xd5,0x55,
  0xcf,0xb,0x71,0xd5,0x55,0x57,0xfd,0x8f,0xf1,0xe0,0x97,0x7e,0xeb,0x7,0x27,0x7c,
  0xb4,0xe0,0xbd,0xd,0xc7,0xb8,0xea,0xbf,0xdb,0xf7,0xdc,0xf6,0xd7,0x3f,0xfd,0xde,
  0x5c,0xf5,0xff,0xc6,0x83,0x5f,0xfa,0xad,0xdf,0x3b,0xe1,0xbb,0xf8,0xbf,0xe1,0x7b,
  0x6e,0xfb,0xeb,0x9f,0x7e,0x6f,0xae,0xba,0xea,0x79,0x21,0xae,0xba,0xea,0xaa,0xff,
  0x91,0x1e,0xfc,0xd2,0x6f,0xfd,0xde,0x86,0xf7,0x36,0xbc,0x16,0x57,0xfd,0x77,0xf8,
  0x9e,0xdb,0xfe,0xfa,0xa7,0xdf,0x9b,0xab,0xfe,0x5f,0xb9,0xe5,0xa5,0xdf,0xfa,0xa7,
  0x81,0xb7,0xe2,0xff,0x80,0x80,0xd7,0xb9,0xf5,0xaf,0x7f,0xfa,0xb7,0xb9,0xea,0xaa,
  0xe7,0x85,0xb8,0xea,0xaa,0xab,0xfe,0x47,0x7b,0xf0,0x4b,0xbf,0xf5,0x83,0x13,0x3e,
  0x5b,0xf0,0xd6,0x86,0x63,0x5c,0xf5,0x5f,0xe1,0x7b,0x6e,0xfb,0xeb,0x9f,0x7e,0x6f,
  0xae,0xfa,0x7f,0xe5,0xc1,0x2f,0xfd,0xd6,0xc7,0x13,0x2e,0xf2,0x7f,0x80,0xe0,0x19,
  0xcf,0xf8,0xeb,0x9f,0x7e,0x30,0x57,0x5d,0xf5,0xfc,0x21,0xae,0xba,0xea,0xaa,0xff,
  0x15,0x1e,0xfc,0xd2,0x6f,0x7d,0x1c,0x78,0x6b,0xc3,0x47,0x1b,0x5e,0x8a,0xab,0xfe,
  0xb3,0x7c,0xcf,0x6d,0x7f,0xfd,0xd3,0xef,0xcd,0x55,0xff,0xef,0x3c,0xf8,0xa5,0xdf,
  0xfa,0xa3,0x13,0xbe,0x8a,0xff,0x1b,0xbe,0xe6,0xb6,0xbf,0xfe,0xe9,0x8f,0xe6,0xaa,
  0xab,0x9e,0x3f,0xc4,0x55,0x57,0x5d,0xf5,0xbf,0xce,0x83,0x5f,0xfa,0xad,0x5f,0x3a,
  0xe1,0xa3,0x5,0x6f,0x6d,0x38,0xc6,0x55,0xff,0x51,0xbe,0xe7,0xb6,0xbf,0xfe,0xe9,
  0xf7,0xe6,0xaa,0xff,0x97,0x1e,0xf4,0xd2,0x6f,0xfd,0x57,0x86,0x97,0xe6,0xff,0x80,
  0x80,0x87,0xdc,0xfa,0xd7,0x3f,0x7d,0x2b,0x57,0x5d,0xf5,0xfc,0x21,0xae,0xba,0xea,
  0xaa,0xff,0xb5,0x1e,0xfc,0xd2,0x6f,0x7d,0x1c,0x78,0x6b,0xc3,0x67,0x1b,0x1e,0xc4,
  0x55,0xff,0x1e,0xdf,0x73,0xdb,0x5f,0xff,0xf4,0x7b,0x73,0xd5,0xff,0x4b,0xf,0x7e,
  0xe9,0xb7,0x7e,0x70,0xc2,0xd3,0xf9,0x3f,0x40,0xf0,0x37,0xcf,0xf8,0xeb,0x9f,0x7e,
  0x69,0xae,0xba,0xea,0x5,0x43,0x5c,0x75,0xd5,0x55,0xff,0x27,0x3c,0xf8,0xa5,0xdf,
  0xfa,0xb5,0x13,0xde,0x1b,0x78,0x2f,0xae,0xfa,0xd7,0xfa,0x99,0xdb,0xfe,0xfa,0xa7,
  0xdf,0x9a,0xab,0xfe,0xdf,0xba,0xe5,0xa5,0xdf,0xfa,0xb3,0x81,0xcf,0xe2,0xff,0x80,
  0x80,0x8f,0xb9,0xf5,0xaf,0x7f,0xfa,0xab,0xb9,0xea,0xaa,0x17,0xc,0x71,0xd5,0x55,
  0x57,0xfd,0x9f,0xf2,0xe0,0x97,0x7e,0xeb,0xe3,0xc0,0x7b,0x1b,0x3e,0xda,0xf0,0x20,
  0xae,0xfa,0x17,0x9,0x6e,0x7d,0xc6,0x5f,0xff,0xf4,0x43,0xb8,0xea,0xff,0xad,0x7,
  0xbd,0xf4,0x5b,0x3f,0xdd,0xf0,0x60,0xfe,0xf,0x8,0x78,0xc8,0xad,0x7f,0xfd,0xd3,
  0xb7,0x72,0xd5,0x55,0x2f,0x18,0xe2,0xaa,0xab,0xae,0xfa,0x3f,0xeb,0xc1,0x2f,0xfd,
  0xd6,0xaf,0x9d,0xf0,0xde,0xc0,0x7b,0x71,0xd5,0xb,0x15,0xf0,0x3a,0xb7,0xfe,0xf5,
  0x4f,0xff,0x36,0x57,0xfd,0xbf,0xf3,0xe0,0x97,0x7e,0xeb,0x97,0x4e,0xf8,0x2b,0xfe,
  0x6f,0xf8,0x99,0xdb,0xfe,0xfa,0xa7,0xdf,0x9a,0xab,0xae,0x7a,0xe1,0x10,0x57,0x5d,
  0x75,0xd5,0xff,0x79,0xf,0x7e,0xe9,0xb7,0x7e,0x70,0xc2,0x7b,0xb,0xde,0xdb,0xf0,
  0x20,0xae,0x7a,0x7e,0xbe,0xe7,0xb6,0xbf,0xfe,0xe9,0xf7,0xe6,0xaa,0xff,0x77,0x6e,
  0x79,0xe9,0xb7,0xfe,0x6a,0xe0,0xa3,0xf8,0x3f,0x20,0xe0,0x7d,0x6e,0xfd,0xeb,0x9f,
  0xfe,0x6e,0xae,0xba,0xea,0x85,0x43,0x5c,0x75,0xd5,0x55,0xff,0xaf,0x3c,0xf8,0xa5,
  0xdf,0xfa,0xad,0x13,0xde,0x1b,0x78,0x2b,0xae,0x7a,0xe,0x1,0x27,0x6e,0xfd,0xeb,
  0x9f,0xde,0xe5,0xaa,0xff,0x57,0x1e,0xf4,0xd2,0x6f,0x7d,0xd1,0x70,0x9c,0xff,0x3,
  0x2,0x4e,0xdc,0xfa,0xd7,0x3f,0xbd,0xcb,0x55,0x57,0xbd,0x70,0x88,0xab,0xae,0xba,
  0xea,0xff,0xa5,0x7,0xbf,0xf4,0x5b,0x3f,0x38,0xe1,0xbd,0x5,0xef,0x6d,0x78,0x10,
  0x57,0x11,0xf0,0x31,0xb7,0xfe,0xf5,0x4f,0x7f,0x35,0x57,0xfd,0xbf,0xf1,0xe0,0x97,
  0x7e,0xeb,0xb7,0x4e,0xf8,0x29,0xfe,0x6f,0xf8,0x9e,0xdb,0xfe,0xfa,0xa7,0xdf,0x9b,
  0xab,0xae,0xfa,0x97,0x21,0xae,0xba,0xea,0xaa,0xff,0xf7,0x1e,0xfc,0xd2,0x6f,0xfd,
  0xde,0x86,0xf7,0x36,0xbc,0x16,0xff,0x8f,0x9,0x6e,0x7d,0xc6,0x5f,0xff,0xf4,0x43,
  0xb8,0xea,0xff,0x8d,0x5b,0x5e,0xfa,0xad,0xbf,0x1b,0x78,0x2f,0xfe,0xf,0x8,0x78,
  0x9b,0x5b,0xff,0xfa,0xa7,0x7f,0x9a,0xab,0xae,0xfa,0x97,0x21,0xae,0xba,0xea,0xaa,
  0xab,0x9e,0xe9,0xc1,0x2f,0xfd,0xd6,0xf,0x4e,0xf8,0x68,0xc1,0x7b,0x1b,0x8e,0xf1,
  0xff,0x50,0xc0,0xeb,0xdc,0xfa,0xd7,0x3f,0xfd,0xdb,0x5c,0xf5,0x7f,0xde,0x83,0x5f,
  0xfa,0xad,0x8f,0x27,0x5c,0xe4,0xff,0x0,0xc1,0xa5,0x67,0xfc,0xf5,0x4f,0x1f,0xe7,
  0xaa,0xab,0x5e,0x34,0x88,0xab,0xae,0xba,0xea,0xaa,0xe7,0xe3,0xc1,0x2f,0xfd,0xd6,
  0xef,0x6d,0x78,0x6f,0xc3,0x6b,0xf1,0xff,0xcb,0xf7,0xdc,0xf6,0xd7,0x3f,0xfd,0xde,
  0x5c,0xf5,0x7f,0xde,0x83,0x5f,0xfa,0xad,0xdf,0x3b,0xe1,0xbb,0xf8,0xbf,0xe1,0x7b,
  0x6e,0xfb,0xeb,0x9f,0x7e,0x6f,0xae,0xba,0xea,0x45,0x83,0xb8,0xea,0xaa,0xab,0xae,
  0x7a,0x21,0x1e,0xfc,0xd2,0x6f,0xfd,0xe0,0x84,0xcf,0x16,0xbc,0xb5,0xe1,0x18,0xff,
  0xf,0x4,0x3c,0xe4,0xd6,0xbf,0xfe,0xe9,0x5b,0xb9,0xea,0xff,0xb4,0x5b,0x5e,0xfa,
  0xad,0x7f,0x1a,0x78,0x2b,0xfe,0xf,0x8,0x78,0x99,0x5b,0xff,0xfa,0xa7,0xff,0x9a,
  0xab,0xae,0x7a,0xd1,0x20,0xae,0xba,0xea,0xaa,0xab,0x5e,0x4,0xf,0x7e,0xe9,0xb7,
  0x3e,0xe,0xbc,0xb5,0xe1,0xa3,0xd,0x2f,0xc5,0xff,0x6d,0x9f,0x73,0xdb,0x5f,0xff,
  0xf4,0x67,0x73,0xd5,0xff,0x59,0xf,0x7e,0xe9,0xb7,0x7e,0x70,0xc2,0xd3,0xf9,0x3f,
  0x40,0xf0,0x8c,0x67,0xfc,0xf5,0x4f,0x3f,0x98,0xab,0xae,0x7a,0xd1,0x21,0xae,0xba,
  0xea,0xaa,0xab,0xfe,0x95,0x1e,0xfc,0xd2,0x6f,0xfd,0xd2,0x9,0x1f,0x2d,0x78,0x6b,
  0xc3,0x31,0xfe,0x8f,0x11,0xdc,0xfa,0x8c,0xbf,0xfe,0xe9,0x87,0x70,0xd5,0xff,0x59,
  0xf,0x7e,0xe9,0xb7,0xfe,0xe8,0x84,0xaf,0xe2,0xff,0x86,0xaf,0xb9,0xed,0xaf,0x7f,
  0xfa,0xa3,0xb9,0xea,0xaa,0x17,0x1d,0xe2,0xaa,0xab,0xae,0xba,0xea,0xdf,0xe8,0xc1,
  0x2f,0xfd,0xd6,0xc7,0x81,0xb7,0x36,0x7c,0xb6,0xe1,0x41,0xfc,0x1f,0x12,0xf0,0x36,
  0xb7,0xfe,0xf5,0x4f,0xff,0x34,0x57,0xfd,0x9f,0xf4,0xa0,0x97,0x7e,0xeb,0xbf,0x32,
  0xbc,0x34,0xff,0x7,0x4,0x3c,0xe4,0xd6,0xbf,0xfe,0xe9,0x5b,0xb9,0xea,0xaa,0x17,
  0x1d,0xe2,0xaa,0xab,0xae,0xba,0xea,0x3f,0xc0,0x83,0x5f,0xfa,0xad,0x5f,0x3b,0xe1,
  0xb7,0xf8,0xbf,0xe3,0x67,0x6e,0xfb,0xeb,0x9f,0x7e,0x6b,0xae,0xfa,0x3f,0xe7,0xc1,
  0x2f,0xfd,0xd6,0xf,0x4e,0x78,0x3a,0xff,0x7,0x8,0xfe,0xe6,0x19,0x7f,0xfd,0xd3,
  0x2f,0xcd,0x55,0x57,0xfd,0xeb,0x20,0xae,0xba,0xea,0xaa,0xab,0xfe,0x83,0xdc,0xf2,
  0xd2,0x6f,0xfd,0xdd,0xc0,0x7b,0xf1,0x7f,0x44,0xc0,0x43,0x6e,0xfd,0xeb,0x9f,0xbe,
  0x95,0xab,0xfe,0x4f,0xb9,0xe5,0xa5,0xdf,0xfa,0xab,0x81,0x8f,0xe2,0xff,0x80,0x80,
  0x8f,0xb9,0xf5,0xaf,0x7f,0xfa,0xab,0xb9,0xea,0xaa,0x7f,0x1d,0xc4,0x55,0x57,0x5d,
  0x75,0xd5,0x7f,0x90,0x7,0xbf,0xf4,0x5b,0xbf,0x76,0xc2,0x6f,0xf1,0x7f,0xc7,0xe7,
  0xdc,0xf6,0xd7,0x3f,0xfd,0xd9,0x5c,0xf5,0x7f,0xca,0x83,0x5e,0xfa,0xad,0x9f,0x6e,
  0x78,0x30,0xff,0x7,0x4,0x9c,0xb8,0xf5,0xaf,0x7f,0x7a,0x97,0xab,0xae,0xfa,0xd7,
  0x41,0x5c,0x75,0xd5,0x55,0x57,0xfd,0x7,0x7a,0xd0,0x4b,0xbf,0xf5,0xad,0x86,0x7,
  0xf1,0x7f,0x80,0xe0,0xd6,0x67,0xfc,0xf5,0x4f,0x3f,0x84,0xab,0xfe,0xcf,0x78,0xf0,
  0x4b,0xbf,0xf5,0x4b,0x27,0xfc,0x15,0xff,0x37,0xfc,0xcc,0x6d,0x7f,0xfd,0xd3,0x6f,
  0xcd,0x55,0x57,0xfd,0xeb,0x21,0xae,0xba,0xea,0xaa,0xab,0xfe,0x3,0x3d,0xf8,0xa5,
  0xdf,0xfa,0xa3,0x13,0xbe,0x8a,0xff,0x23,0x2,0xde,0xe7,0xd6,0xbf,0xfe,0xe9,0xef,
  0xe6,0xaa,0xff,0x13,0x6e,0x79,0xe9,0xb7,0xfe,0x6e,0xe0,0xbd,0xf8,0x3f,0x20,0xe0,
  0x7d,0x6e,0xfd,0xeb,0x9f,0xfe,0x6e,0xae,0xba,0xea,0x5f,0xf,0x71,0xd5,0x55,0x57,
  0x5d,0xf5,0x1f,0xe8,0xc1,0x2f,0xfd,0xd6,0xc7,0x13,0x2e,0xf2,0x7f,0x84,0xe0,0xb7,
  0x9f,0xf1,0xd7,0x3f,0xfd,0x3a,0x5c,0xf5,0x7f,0xc2,0x83,0x5e,0xfa,0xad,0x2f,0x1a,
  0x8e,0xf3,0xbf,0x9c,0xe0,0x92,0xe0,0xc1,0xb7,0xfe,0xf5,0x4f,0xef,0x72,0xd5,0x55,
  0xff,0x7a,0x88,0xab,0xae,0xba,0xea,0xaa,0xff,0x60,0xb7,0xbc,0xf4,0x5b,0x7f,0x37,
  0xf0,0x5e,0xfc,0x1f,0x11,0xf0,0x90,0x5b,0xff,0xfa,0xa7,0x6f,0xe5,0xaa,0xff,0xd5,
  0x1e,0xfc,0xd2,0x6f,0xfd,0xd6,0x9,0x3f,0xc5,0xff,0xd,0xdf,0x73,0xdb,0x5f,0xff,
  0xf4,0x7b,0x73,0xd5,0x55,0xff,0x36,0x88,0xab,0xae,0xba,0xea,0xaa,0xff,0x60,0xf,
  0x7e,0xe9,0xb7,0x7e,0xe9,0x84,0xbf,0xe2,0xff,0x8e,0xaf,0xb9,0xed,0xaf,0x7f,0xfa,
  0xa3,0xb9,0xea,0x7f,0xb5,0x5b,0x5e,0xfa,0xad,0xbf,0x1b,0x78,0x2f,0xfe,0xf,0x8,
  0x78,0x9b,0x5b,0xff,0xfa,0xa7,0x7f,0x9a,0xab,0xae,0xfa,0xb7,0x41,0x5c,0x75,0xd5,
  0x55,0x57,0xfd,0x27,0x78,0xd0,0x4b,0xbf,0xf5,0x5f,0x1b,0x5e,0x8a,0xff,0x3,0x4,
  0xbb,0xcf,0xf8,0xeb,0x9f,0x3e,0xc1,0x55,0xff,0x6b,0x3d,0xf8,0xa5,0xdf,0xfa,0x78,
  0xc2,0x45,0xfe,0xf,0x10,0x5c,0x7a,0xc6,0x5f,0xff,0xf4,0x71,0xae,0xba,0xea,0xdf,
  0xe,0x71,0xd5,0x55,0x57,0x5d,0xf5,0x9f,0xe0,0xc1,0x2f,0xfd,0xd6,0xef,0x9d,0xf0,
  0x5d,0xfc,0x1f,0x11,0xf0,0x3e,0xb7,0xfe,0xf5,0x4f,0x7f,0x37,0x57,0xfd,0xaf,0xf4,
  0xe0,0x97,0x7e,0xeb,0xf7,0x4e,0xf8,0x2e,0xfe,0x6f,0xf8,0x9a,0xdb,0xfe,0xfa,0xa7,
  0x3f,0x9a,0xab,0xae,0xfa,0xb7,0x43,0x5c,0x75,0xd5,0x55,0x57,0xfd,0x27,0x78,0xf0,
  0x4b,0xbf,0xf5,0x71,0xc3,0xad,0x86,0x63,0xfc,0x1f,0x20,0xf8,0xed,0x67,0xfc,0xf5,
  0x4f,0xbf,0xe,0x57,0xfd,0xaf,0xf4,0xa0,0x97,0x7e,0xeb,0xdf,0x32,0xbc,0x36,0xff,
  0x7,0x4,0xbc,0xcc,0xad,0x7f,0xfd,0xd3,0x7f,0xcd,0x55,0x57,0xfd,0xdb,0x21,0xae,
  0xba,0xea,0xaa,0xab,0xfe,0x93,0xdc,0xf2,0xd2,0x6f,0xfd,0xdd,0xc0,0x7b,0xf1,0x7f,
  0x44,0xc0,0x43,0x6e,0xfd,0xeb,0x9f,0xbe,0x95,0xab,0xfe,0x57,0x79,0xf0,0x4b,0xbf,
  0xf5,0x83,0x13,0x9e,0xce,0xff,0x1,0x82,0x67,0x3c,0xe3,0xaf,0x7f,0xfa,0xc1,0x5c,
  0x75,0xd5,0xbf,0xf,0xe2,0xaa,0xab,0xae,0xba,0xea,0x3f,0xc9,0x83,0x5f,0xfa,0xad,
  0x5f,0x3a,0xe1,0xaf,0xf8,0xbf,0xe3,0x7b,0x6e,0xfb,0xeb,0x9f,0x7e,0x6f,0xae,0xfa,
  0x5f,0xe5,0xc1,0x2f,0xfd,0xd6,0x1f,0x9d,0xf0,0x55,0xfc,0xdf,0xf0,0x39,0xb7,0xfd,
  0xf5,0x4f,0x7f,0x36,0x57,0x5d,0xf5,0xef,0x83,0xb8,0xea,0xaa,0xab,0xae,0xfa,0x4f,
  0xf4,0xa0,0x97,0x7e,0xeb,0xbf,0x36,0xbc,0x14,0xff,0x7,0x8,0x76,0x5,0xf,0xb9,
  0xf5,0xaf,0x7f,0x7a,0x97,0xab,0xfe,0xd7,0x78,0xd0,0x4b,0xbf,0xf5,0x5f,0x19,0x5e,
  0x9a,0xff,0x3,0x2,0x1e,0x72,0xeb,0x5f,0xff,0xf4,0xad,0x5c,0x75,0xd5,0xbf,0xf,
  0xe2,0xaa,0xab,0xae,0xba,0xea,0x3f,0xd1,0x83,0x5f,0xfa,0xad,0xdf,0x3b,0xe1,0xbb,
  0xf8,0x3f,0x22,0xe0,0x7d,0x6e,0xfd,0xeb,0x9f,0xfe,0x6e,0xae,0xfa,0x5f,0xe1,0xc1,
  0x2f,0xfd,0xd6,0x2f,0x9d,0xf0,0x57,0xfc,0x1f,0x20,0xf8,0x9b,0x67,0xfc,0xf5,0x4f,
  0xbf,0x34,0x57,0x5d,0xf5,0xef,0x87,0xb8,0xea,0xaa,0xab,0xae,0xfa,0x4f,0xf6,0xa0,
  0x97,0x7e,0xeb,0x5d,0xc3,0x31,0xfe,0xf,0x10,0xfc,0xf5,0x33,0xfe,0xfa,0xa7,0x5f,
  0x86,0xab,0xfe,0x57,0xb8,0xe5,0xa5,0xdf,0xfa,0xab,0x81,0x8f,0xe2,0xff,0x80,0x80,
  0x8f,0xb9,0xf5,0xaf,0x7f,0xfa,0xab,0xb9,0xea,0xaa,0x7f,0x3f,0xc4,0x55,0x57,0x5d,
  0x75,0xd5,0x7f,0xb2,0x5b,0x5e,0xfa,0xad,0xbf,0x1a,0xf8,0x28,0xfe,0x8f,0x8,0x78,
  0x99,0x5b,0xff,0xfa,0xa7,0xff,0x9a,0xab,0xfe,0xc7,0x7b,0xd0,0x4b,0xbf,0xf5,0xd3,
  0xd,0xf,0xe6,0xff,0x80,0x80,0x13,0xb7,0xfe,0xf5,0x4f,0xef,0x72,0xd5,0x55,0xff,
  0x7e,0x88,0xab,0xae,0xba,0xea,0xaa,0xff,0x64,0xf,0x7e,0xe9,0xb7,0x7e,0x70,0xc2,
  0xd3,0xf9,0xbf,0xe3,0x7b,0x6e,0xfb,0xeb,0x9f,0x7e,0x6f,0xae,0xfa,0x1f,0xed,0xc1,
  0x2f,0xfd,0xd6,0xaf,0x9d,0xf0,0x5b,0xfc,0xdf,0xf0,0x33,0xb7,0xfd,0xf5,0x4f,0xbf,
  0x35,0x57,0x5d,0xf5,0x1f,0x3,0x71,0xd5,0x55,0x57,0x5d,0xf5,0x5f,0xe0,0x41,0x2f,
  0xfd,0xd6,0xbf,0x6d,0x78,0x2d,0xfe,0xf,0x10,0xec,0xa,0x1e,0x72,0xeb,0x5f,0xff,
  0xf4,0x2e,0x57,0xfd,0x8f,0x75,0xcb,0x4b,0xbf,0xf5,0x77,0x3,0xef,0xc5,0xff,0x1,
  0x1,0xef,0x73,0xeb,0x5f,0xff,0xf4,0x77,0x73,0xd5,0x55,0xff,0x31,0x10,0x57,0x5d,
  0x75,0xd5,0x55,0xff,0x5,0x1e,0xfc,0xd2,0x6f,0xfd,0xde,0x9,0xdf,0xc5,0xff,0x11,
  0x1,0xef,0x73,0xeb,0x5f,0xff,0xf4,0x77,0x73,0xd5,0xff,0x58,0xf,0x7a,0xe9,0xb7,
  0xbe,0x68,0x38,0xce,0xff,0x72,0x82,0x4b,0xcf,0xf8,0xeb,0x9f,0x3e,0xce,0x55,0x57,
  0xfd,0xc7,0x41,0x5c,0x75,0xd5,0x55,0x57,0xfd,0x17,0x79,0xd0,0x4b,0xbf,0xf5,0xae,
  0xe1,0x18,0xff,0x7,0x8,0x6e,0x7d,0xc6,0x5f,0xff,0xf4,0x43,0xb8,0xea,0x7f,0xa4,
  0x7,0xbf,0xf4,0x5b,0xbf,0x75,0xc2,0x4f,0xf1,0x7f,0xc3,0xf7,0xdc,0xf6,0xd7,0x3f,
  0xfd,0xde,0x5c,0x75,0xd5,0x7f,0x1c,0xc4,0x55,0x57,0x5d,0x75,0xd5,0x7f,0x91,0x5b,
  0x5e,0xfa,0xad,0xbf,0x1a,0xf8,0x28,0xfe,0x8f,0x8,0x78,0x9d,0x5b,0xff,0xfa,0xa7,
  0x7f,0x9b,0xab,0xfe,0xc7,0xb9,0xe5,0xa5,0xdf,0xfa,0xa7,0x81,0xb7,0xe2,0xff,0x80,
  0x80,0xb7,0xb9,0xf5,0xaf,0x7f,0xfa,0xa7,0xb9,0xea,0xaa,0xff,0x38,0x88,0xab,0xae,
  0xba,0xea,0xaa,0xff,0x22,0xf,0x7e,0xe9,0xb7,0x7e,0x70,0xc2,0xd3,0xf9,0xbf,0xe3,
  0x7b,0x6e,0xfb,0xeb,0x9f,0x7e,0x6f,0xae,0xfa,0x1f,0xe5,0xc1,0x2f,0xfd,0xd6,0xc7,
  0x13,0x2e,0xf2,0x7f,0x80,0xe0,0x19,0xcf,0xf8,0xeb,0x9f,0x7e,0x30,0x57,0x5d,0xf5,
  0x1f,0xb,0x71,0xd5,0x55,0x57,0x5d,0xf5,0x5f,0xe8,0x96,0x97,0x7e,0xeb,0x9f,0x6,
  0xde,0x8a,0xff,0x23,0x2,0x4e,0xdc,0xfa,0xd7,0x3f,0xbd,0xcb,0x55,0xff,0x63,0x3c,
  0xf8,0xa5,0xdf,0xfa,0xbd,0x13,0xbe,0x8b,0xff,0x1b,0xbe,0xe6,0xb6,0xbf,0xfe,0xe9,
  0x8f,0xe6,0xaa,0xab,0xfe,0x63,0x21,0xae,0xba,0xea,0xaa,0xab,0xfe,0xb,0x3d,0xf8,
  0xa5,0xdf,0xfa,0xad,0x13,0x7e,0x8a,0xff,0x23,0x2,0x3e,0xe6,0xd6,0xbf,0xfe,0xe9,
  0xaf,0xe6,0xaa,0xff,0x31,0x1e,0xf4,0xd2,0x6f,0xfd,0x57,0x86,0x97,0xe6,0xff,0x80,
  0x80,0x97,0xb9,0xf5,0xaf,0x7f,0xfa,0xaf,0xb9,0xea,0xaa,0xff,0x58,0x88,0xab,0xae,
  0xba,0xea,0xaa,0xff,0x62,0xf,0x7a,0xe9,0xb7,0xbe,0xd5,0xf0,0x20,0xfe,0xf,0x10,
  0xdc,0xfa,0x8c,0xbf,0xfe,0xe9,0x87,0x70,0xd5,0xff,0x8,0xf,0x7e,0xe9,0xb7,0x7e,
  0x70,0xc2,0xd3,0xf9,0x3f,0x40,0xf0,0x8c,0x67,0xfc,0xf5,0x4f,0x3f,0x98,0xab,0xae,
  0xfa,0x8f,0x87,0xb8,0xea,0xaa,0xab,0xae,0xfa,0x2f,0x76,0xcb,0x4b,0xbf,0xf5,0x67,
  0x3,0x9f,0xc5,0xff,0x11,0x1,0xaf,0x73,0xeb,0x5f,0xff,0xf4,0x6f,0x73,0xd5,0x7f,
  0xbb,0x7,0xbf,0xf4,0x5b,0x7f,0x74,0xc2,0x57,0xf1,0x7f,0x40,0xc0,0xc7,0xdc,0xfa,
  0xd7,0x3f,0xfd,0xd5,0x5c,0x75,0xd5,0x7f,0x3c,0xc4,0x55,0x57,0x5d,0x75,0xd5,0x7f,
  0xb1,0x7,0xbf,0xf4,0x5b,0x3f,0x38,0xe1,0xe9,0xfc,0xdf,0xf1,0x3d,0xb7,0xfd,0xf5,
  0x4f,0xbf,0x37,0x57,0xfd,0xb7,0x7b,0xd0,0x4b,0xbf,0xf5,0xd3,0xd,0xf,0xe6,0xff,
  0x80,0x80,0x87,0xdc,0xfa,0xd7,0x3f,0x7d,0x2b,0x57,0x5d,0xf5,0x1f,0xf,0x71,0xd5,
  0x55,0x57,0x5d,0xf5,0xdf,0xe0,0x96,0x97,0x7e,0xeb,0x9f,0x6,0xde,0x8a,0xff,0x23,
  0x2,0x1e,0x72,0xeb,0x5f,0xff,0xf4,0xad,0x5c,0xf5,0xdf,0xe6,0xc1,0x2f,0xfd,0xd6,
  0x2f,0x9d,0xf0,0x57,0xfc,0x1f,0x20,0xf8,0x9b,0x67,0xfc,0xf5,0x4f,0xbf,0x34,0x57,
  0x5d,0xf5,0x9f,0x3,0x71,0xd5,0x55,0x57,0x5d,0xf5,0xdf,0xe0,0xc1,0x2f,0xfd,0xd6,
  0x6f,0x9d,0xf0,0x53,0xfc,0xdf,0xf1,0x39,0xb7,0xfd,0xf5,0x4f,0x7f,0x36,0x57,0xfd,
  0xb7,0xb9,0xe5,0xa5,0xdf,0xfa,0xab,0x81,0x8f,0xe2,0xff,0x80,0x80,0xf7,0xb9,0xf5,
  0xaf,0x7f,0xfa,0xbb,0xb9,0xea,0xaa,0xff,0x1c,0x88,0xab,0xae,0xba,0xea,0xaa,0xff,
  0x26,0xf,0x7a,0xe9,0xb7,0xbe,0xd5,0xf0,0x20,0xfe,0xf,0x10,0xdc,0xfa,0x8c,0xbf,
  0xfe,0xe9,0x87,0x70,0xd5,0x7f,0x9b,0x7,0xbd,0xf4,0x5b,0x3f,0xdd,0xf0,0x60,0xfe,
  0xf,0x8,0x38,0x71,0xeb,0x5f,0xff,0xf4,0x2e,0x57,0x5d,0xf5,0x9f,0x3,0x71,0xd5,
  0x55,0x57,0x5d,0xf5,0xdf,0xe4,0xc1,0x2f,0xfd,0xd6,0x1f,0x9d,0xf0,0x55,0xfc,0x1f,
  0x11,0xf0,0x36,0xb7,0xfe,0xf5,0x4f,0xff,0x34,0x57,0xfd,0x97,0x7b,0xf0,0x4b,0xbf,
  0xf5,0x5b,0x27,0xfc,0x14,0xff,0x37,0xfc,0xcc,0x6d,0x7f,0xfd,0xd3,0x6f,0xcd,0x55,
  0x57,0xfd,0xe7,0x41,0x5c,0x75,0xd5,0x55,0x57,0xfd,0x37,0x79,0xf0,0x4b,0xbf,0xf5,
  0xf1,0x84,0x8b,0xfc,0xdf,0xf1,0x33,0xb7,0xfd,0xf5,0x4f,0xbf,0x35,0x57,0xfd,0x97,
  0xbb,0xe5,0xa5,0xdf,0xfa,0xbb,0x81,0xf7,0xe2,0xff,0x80,0x80,0xb7,0xb9,0xf5,0xaf,
  0x7f,0xfa,0xa7,0xb9,0xea,0xaa,0xff,0x3c,0x88,0xab,0xae,0xba,0xea,0xaa,0xff,0x46,
  0xb7,0xbc,0xf4,0x5b,0x7f,0x37,0xf0,0x5e,0xfc,0x1f,0x11,0xf0,0x90,0x5b,0xff,0xfa,
  0xa7,0x6f,0xe5,0xaa,0xff,0x52,0xf,0x7a,0xe9,0xb7,0xbe,0x68,0x38,0xce,0xff,0x72,
  0x82,0x4b,0xcf,0xf8,0xeb,0x9f,0x3e,0xce,0x55,0x57,0xfd,0xe7,0x42,0x5c,0x75,0xd5,
  0x55,0x57,0xfd,0x37,0x7a,0xf0,0x4b,0xbf,0xf5,0x6b,0x27,0xfc,0x16,0xff,0x77,0x7c,
  0xce,0x6d,0x7f,0xfd,0xd3,0x9f,0xcd,0x55,0xff,0x65,0x1e,0xfc,0xd2,0x6f,0xfd,0xde,
  0x9,0xdf,0xc5,0xff,0xd,0xdf,0x73,0xdb,0x5f,0xff,0xf4,0x7b,0x73,0xd5,0x55,0xff,
  0xb9,0x10,0x57,0x5d,0x75,0xd5,0x55,0xff,0xcd,0x1e,0xf4,0xd2,0x6f,0x7d,0xab,0xe1,
  0x41,0xfc,0x1f,0x20,0xb8,0xf5,0x19,0x7f,0xfd,0xd3,0xf,0xe1,0xaa,0xff,0x32,0xb7,
  0xbc,0xf4,0x5b,0xff,0x34,0xf0,0x56,0xfc,0x1f,0x10,0xf0,0x3a,0xb7,0xfe,0xf5,0x4f,
  0xff,0x36,0x57,0x5d,0xf5,0x9f,0xb,0x71,0xd5,0x55,0x57,0x5d,0xf5,0xdf,0xec,0xc1,
  0x2f,0xfd,0xd6,0x1f,0x9d,0xf0,0x55,0xfc,0x1f,0x11,0xf0,0x3e,0xb7,0xfe,0xf5,0x4f,
  0x7f,0x37,0x57,0xfd,0xa7,0x7b,0xf0,0x4b,0xbf,0xf5,0xf1,0x84,0x8b,0xfc,0x1f,0x20,
  0x78,0xc6,0x33,0xfe,0xfa,0xa7,0x1f,0xcc,0x55,0x57,0xfd,0xe7,0x43,0x5c,0x75,0xd5,
  0x55,0x57,0xfd,0x37,0x7b,0xf0,0x4b,0xbf,0xf5,0xf1,0x84,0x8b,0xfc,0x1f,0x21,0xf8,
  0xed,0x67,0xfc,0xf5,0x4f,0xbf,0xe,0x57,0xfd,0xa7,0x7b,0xf0,0x4b,0xbf,0xf5,0x47,
  0x27,0x7c,0x15,0xff,0x37,0x7c,0xcd,0x6d,0x7f,0xfd,0xd3,0x1f,0xcd,0x55,0x57,0xfd,
  0xe7,0x43,0x5c,0x75,0xd5,0x55,0x57,0xfd,0xf,0x70,0xcb,0x4b,0xbf,0xf5,0x77,0x3,
  0xef,0xc5,0xff,0x11,0x1,0xf,0xb9,0xf5,0xaf,0x7f,0xfa,0x56,0xae,0xfa,0x4f,0xf5,
  0xa0,0x97,0x7e,0xeb,0xbf,0x32,0xbc,0x34,0xff,0x7,0x4,0xbc,0xcc,0xad,0x7f,0xfd,
  0xd3,0x7f,0xcd,0x55,0x57,0xfd,0xe7,0x43,0x5c,0x75,0xd5,0x55,0x57,0xfd,0xf,0xf0,
  0xe0,0x97,0x7e,0xeb,0x97,0x4e,0xf8,0x2b,0xfe,0xef,0xf8,0x9a,0xdb,0xfe,0xfa,0xa7,
  0x3f,0x9a,0xab,0xfe,0xd3,0x3c,0xf8,0xa5,0xdf,0xfa,0xc1,0x9,0x4f,0xe7,0xff,0x0,
  0xc1,0xdf,0x3c,0xe3,0xaf,0x7f,0xfa,0xa5,0xb9,0xea,0xaa,0xff,0x1a,0x88,0xab,0xae,
  0xba,0xea,0xaa,0xff,0x21,0x1e,0xf4,0xd2,0x6f,0xfd,0xd7,0x86,0x97,0xe2,0xff,0x0,
  0xc1,0xee,0x33,0xfe,0xfa,0xa7,0x4f,0x70,0xd5,0x7f,0x9a,0x5b,0x5e,0xfa,0xad,0x3f,
  0x1b,0xf8,0x2c,0xfe,0xf,0x8,0xf8,0x98,0x5b,0xff,0xfa,0xa7,0xbf,0x9a,0xab,0xae,
  0xfa,0xaf,0x81,0xb8,0xea,0xaa,0xab,0xae,0xfa,0x1f,0xe2,0xc1,0x2f,0xfd,0xd6,0xef,
  0x9d,0xf0,0x5d,0xfc,0x1f,0x11,0xf0,0x3e,0xb7,0xfe,0xf5,0x4f,0x7f,0x37,0x57,0xfd,
  0xa7,0x78,0xd0,0x4b,0xbf,0xf5,0xd3,0xd,0xf,0xe6,0xff,0x80,0x80,0x87,0xdc,0xfa,
  0xd7,0x3f,0x7d,0x2b,0x57,0x5d,0xf5,0x5f,0x3,0x71,0xd5,0x55,0x57,0x5d,0xf5,0x3f,
  0xc4,0x83,0x5f,0xfa,0xad,0x8f,0x1b,0x6e,0x35,0x1c,0xe3,0xff,0x0,0xc1,0x6f,0x3f,
  0xe3,0xaf,0x7f,0xfa,0x75,0xb8,0xea,0x3f,0xdc,0x83,0x5f,0xfa,0xad,0x5f,0x3a,0xe1,
  0xaf,0xf8,0x3f,0x40,0xf0,0x3b,0xcf,0xf8,0xeb,0x9f,0x7e,0x6d,0xae,0xba,0xea,0xbf,
  0xe,0xe2,0xaa,0xab,0xae,0xba,0xea,0x7f,0x90,0x5b,0x5e,0xfa,0xad,0xbf,0x1b,0x78,
  0x2f,0xfe,0x8f,0x8,0x78,0xc8,0xad,0x7f,0xfd,0xd3,0xb7,0x72,0xd5,0x7f,0xa8,0x5b,
  0x5e,0xfa,0xad,0xbf,0x1a,0xf8,0x28,0xfe,0xf,0x8,0x78,0x9f,0x5b,0xff,0xfa,0xa7,
  0xbf,0x9b,0xab,0xae,0xfa,0xaf,0x83,0xb8,0xea,0xaa,0xab,0xae,0xfa,0x1f,0xe4,0xc1,
  0x2f,0xfd,0xd6,0x2f,0x9d,0xf0,0x57,0xfc,0xdf,0xf1,0x3d,0xb7,0xfd,0xf5,0x4f,0xbf,
  0x37,0x57,0xfd,0x87,0x7a,0xd0,0x4b,0xbf,0xf5,0x45,0xc3,0x71,0xfe,0xf,0x8,0x38,
  0x71,0xeb,0x5f,0xff,0xf4,0x2e,0x57,0x5d,0xf5,0x5f,0x7,0x71,0xd5,0x55,0x57,0x5d,
  0xf5,0x3f,0xcc,0x83,0x5e,0xfa,0xad,0xff,0xda,0xf0,0x52,0xfc,0x1f,0x20,0xd8,0x15,
  0x3c,0xe4,0xd6,0xbf,0xfe,0xe9,0x5d,0xae,0xfa,0xf,0xf1,0xe0,0x97,0x7e,0xeb,0xb7,
  0x4e,0xf8,0x29,0xfe,0x6f,0xf8,0x99,0xdb,0xfe,0xfa,0xa7,0xdf,0x9a,0xab,0xae,0xfa,
  0xaf,0x85,0xb8,0xea,0xaa,0xab,0xae,0xfa,0x1f,0xe6,0xc1,0x2f,0xfd,0xd6,0xef,0x9d,
  0xf0,0x5d,0xfc,0x1f,0x11,0xf0,0x3e,0xb7,0xfe,0xf5,0x4f,0x7f,0x37,0x57,0xfd,0x87,
  0xb8,0xe5,0xa5,0xdf,0xfa,0xbb,0x81,0xf7,0xe2,0xff,0x80,0x80,0xb7,0xb9,0xf5,0xaf,
  0x7f,0xfa,0xa7,0xb9,0xea,0xaa,0xff,0x5a,0x88,0xab,0xae,0xba,0xea,0xaa,0xff,0x81,
  0x1e,0xf4,0xd2,0x6f,0xbd,0x6b,0x38,0xc6,0xff,0x1,0x82,0xbf,0x7e,0xc6,0x5f,0xff,
  0xf4,0xcb,0x70,0xd5,0xbf,0xdb,0x83,0x5f,0xfa,0xad,0x8f,0x1b,0x9e,0x6e,0x38,0xce,
  0xff,0x72,0x82,0x4b,0xcf,0xf8,0xeb,0x9f,0x3e,0xce,0x55,0x57,0xfd,0xd7,0x43,0x5c,
  0x75,0xd5,0x55,0x57,0xfd,0xf,0x74,0xcb,0x4b,0xbf,0xf5,0x57,0x3,0x1f,0xc5,0xff,
  0x11,0x1,0x2f,0x73,0xeb,0x5f,0xff,0xf4,0x5f,0x73,0xd5,0xbf,0xcb,0x83,0x5f,0xfa,
  0xad,0xdf,0x3b,0xe1,0xbb,0xf8,0xbf,0xe1,0x7b,0x6e,0xfb,0xeb,0x9f,0x7e,0x6f,0xae,
  0xba,0xea,0xbf,0x1e,0xe2,0xaa,0xab,0xae,0xba,0xea,0x7f,0xa0,0x7,0xbf,0xf4,0x5b,
  0x3f,0x38,0xe1,0xe9,0xfc,0xdf,0xf1,0x3d,0xb7,0xfd,0xf5,0x4f,0xbf,0x37,0x57,0xfd,
  0xbb,0xdc,0xf2,0xd2,0x6f,0xfd,0xd3,0xc0,0x5b,0xf1,0x7f,0x40,0xc0,0xcb,0xdc,0xfa,
  0xd7,0x3f,0xfd,0xd7,0x5c,0x75,0xd5,0x7f,0x3d,0xc4,0x55,0x57,0x5d,0x75,0xd5,0xff,
  0x50,0xf,0x7a,0xe9,0xb7,0xfe,0x6d,0xc3,0x6b,0xf1,0x7f,0x80,0x60,0x57,0xf0,0x90,
  0x5b,0xff,0xfa,0xa7,0x77,0xb9,0xea,0xdf,0xe4,0xc1,0x2f,0xfd,0xd6,0xf,0x4e,0x78,
  0x3a,0xff,0x7,0x8,0x9e,0xf1,0x8c,0xbf,0xfe,0xe9,0x7,0x73,0xd5,0x55,0xff,0x3d,
  0x10,0x57,0x5d,0x75,0xd5,0x55,0xff,0x43,0x3d,0xf8,0xa5,0xdf,0xfa,0xbd,0x13,0xbe,
  0x8b,0xff,0x23,0x2,0xde,0xe7,0xd6,0xbf,0xfe,0xe9,0xef,0xe6,0xaa,0x7f,0x93,0x7,
  0xbf,0xf4,0x5b,0x7f,0x74,0xc2,0x57,0xf1,0x7f,0xc3,0xd7,0xdc,0xf6,0xd7,0x3f,0xfd,
  0xd1,0x5c,0x75,0xd5,0x7f,0xf,0xc4,0x55,0x57,0x5d,0x75,0xd5,0xff,0x60,0xf,0x7a,
  0xe9,0xb7,0xde,0x35,0x1c,0xe3,0xff,0x0,0xc1,0xad,0xcf,0xf8,0xeb,0x9f,0x7e,0x8,
  0x57,0xfd,0x9b,0x3c,0xe8,0xa5,0xdf,0xfa,0xaf,0xc,0x2f,0xcd,0xff,0x1,0x1,0xf,
  0xb9,0xf5,0xaf,0x7f,0xfa,0x56,0xae,0xba,0xea,0xbf,0x7,0xe2,0xaa,0xab,0xae,0xba,
  0xea,0x7f,0xb0,0x5b,0x5e,0xfa,0xad,0xbf,0x1a,0xf8,0x28,0xfe,0x8f,0x8,0x78,0x9d,
  0x5b,0xff,0xfa,0xa7,0x7f,0x9b,0xab,0xfe,0x55,0x1e,0xfc,0xd2,0x6f,0xfd,0xe0,0x84,
  0xa7,0xf3,0x7f,0x80,0xe0,0x6f,0x9e,0xf1,0xd7,0x3f,0xfd,0xd2,0x5c,0x75,0xd5,0x7f,
  0x1f,0xc4,0x55,0x57,0x5d,0x75,0xd5,0xff,0x60,0xf,0x7e,0xe9,0xb7,0x7e,0x70,0xc2,
  0xd3,0xf9,0xbf,0xe3,0x7b,0x6e,0xfb,0xeb,0x9f,0x7e,0x6f,0xae,0xfa,0x57,0xb9,0xe5,
  0xa5,0xdf,0xfa,0xab,0x81,0x8f,0xe2,0xff,0x80,0x80,0x8f,0xb9,0xf5,0xaf,0x7f,0xfa,
  0xab,0xb9,0xea,0xaa,0xff,0x3e,0x88,0xab,0xae,0xba,0xea,0xaa,0xff,0xe1,0x6e,0x79,
  0xe9,0xb7,0xfe,0x69,0xe0,0xad,0xf8,0x3f,0x22,0xe0,0xc4,0xad,0x7f,0xfd,0xd3,0xbb,
  0x5c,0xf5,0x22,0x7b,0xd0,0x4b,0xbf,0xf5,0xd3,0xd,0xf,0xe6,0xff,0x80,0x80,0x87,
  0xdc,0xfa,0xd7,0x3f,0x7d,0x2b,0x57,0x5d,0xf5,0xdf,0x7,0x71,0xd5,0x55,0x57,0x5d,
  0xf5,0x3f,0xdc,0x83,0x5f,0xfa,0xad,0xdf,0x3a,0xe1,0xa7,0xf8,0x3f,0x22,0xe0,0x63,
  0x6e,0xfd,0xeb,0x9f,0xfe,0x6a,0xae,0x7a,0x91,0x3c,0xf8,0xa5,0xdf,0xfa,0xa5,0x13,
  0xfe,0x8a,0xff,0x1b,0x7e,0xe6,0xb6,0xbf,0xfe,0xe9,0xb7,0xe6,0xaa,0xab,0xfe,0x7b,
  0x21,0xae,0xba,0xea,0xaa,0xab,0xfe,0x17,0x78,0xd0,0x4b,0xbf,0xf5,0xad,0x86,0x7,
  0xf1,0x7f,0x80,0xe0,0xd6,0x67,0xfc,0xf5,0x4f,0x3f,0x84,0xab,0x5e,0x24,0xb7,0xbc,
  0xf4,0x5b,0x7f,0x37,0xf0,0x5e,0xfc,0x1f,0x10,0xf0,0x3e,0xb7,0xfe,0xf5,0x4f,0x7f,
  0x37,0x57,0x5d,0xf5,0xdf,0xb,0x71,0xd5,0x55,0x57,0x5d,0xf5,0xbf,0xc0,0x2d,0x2f,
  0xfd,0xd6,0x9f,0xd,0x7c,0x16,0xff,0x47,0x4,0xbc,0xce,0xad,0x7f,0xfd,0xd3,0xbf,
  0xcd,0x55,0xff,0xa2,0x7,0xbd,0xf4,0x5b,0x5f,0x34,0x1c,0xe7,0xff,0x80,0x80,0x13,
  0xb7,0xfe,0xf5,0x4f,0xef,0x72,0xd5,0x55,0xff,0xbd,0x10,0x57,0x5d,0x75,0xd5,0x55,
  0xff,0xb,0x3c,0xf8,0xa5,0xdf,0xfa,0xc1,0x9,0x4f,0xe7,0xff,0x8e,0xef,0xb9,0xed,
  0xaf,0x7f,0xfa,0xbd,0xb9,0xea,0x85,0x7a,0xf0,0x4b,0xbf,0xf5,0x5b,0x27,0xfc,0x14,
  0xff,0x37,0x7c,0xcf,0x6d,0x7f,0xfd,0xd3,0xef,0xcd,0x55,0x57,0xfd,0xf7,0x43,0x5c,
  0x75,0xd5,0x55,0x57,0xfd,0x2f,0x71,0xcb,0x4b,0xbf,0xf5,0x4f,0x3,0x6f,0xc5,0xff,
  0x11,0x1,0xf,0xb9,0xf5,0xaf,0x7f,0xfa,0x56,0xae,0x7a,0x81,0x6e,0x79,0xe9,0xb7,
  0xfe,0x6e,0xe0,0xbd,0xf8,0x3f,0x20,0xe0,0x6d,0x6e,0xfd,0xeb,0x9f,0xfe,0x69,0xae,
  0xba,0xea,0xbf,0x1f,0xe2,0xaa,0xab,0xae,0xba,0xea,0x7f,0x89,0x7,0xbf,0xf4,0x5b,
  0xbf,0x75,0xc2,0x4f,0xf1,0x7f,0xc7,0xe7,0xdc,0xf6,0xd7,0x3f,0xfd,0xd9,0x5c,0xf5,
  0x7c,0x3d,0xf8,0xa5,0xdf,0xfa,0x78,0xc2,0x45,0xfe,0xf,0x10,0x5c,0x7a,0xc6,0x5f,
  0xff,0xf4,0x71,0xae,0xba,0xea,0x7f,0x6,0xc4,0x55,0x57,0x5d,0x75,0xd5,0xff,0x22,
  0xf,0x7a,0xe9,0xb7,0xbe,0xd5,0xf0,0x20,0xfe,0xf,0x10,0xdc,0xfa,0x8c,0xbf,0xfe,
  0xe9,0x87,0x70,0xd5,0xf3,0xf5,0xe0,0x97,0x7e,0xeb,0xf7,0x4e,0xf8,0x2e,0xfe,0x6f,
  0xf8,0x9e,0xdb,0xfe,0xfa,0xa7,0xdf,0x9b,0xab,0xae,0xfa,0x9f,0x1,0x71,0xd5,0x55,
  0x57,0x5d,0xf5,0xbf,0xc8,0x83,0x5f,0xfa,0xad,0x3f,0x3a,0xe1,0xab,0xf8,0x3f,0x22,
  0xe0,0x6d,0x6e,0xfd,0xeb,0x9f,0xfe,0x69,0xae,0x7a,0x1e,0xb7,0xbc,0xf4,0x5b,0xff,
  0x34,0xf0,0x56,0xfc,0x1f,0x10,0xf0,0x32,0xb7,0xfe,0xf5,0x4f,0xff,0x35,0x57,0x5d,
  0xf5,0x3f,0x3,0xe2,0xaa,0xab,0xae,0xba,0xea,0x7f,0x91,0x7,0xbf,0xf4,0x5b,0x1f,
  0x4f,0xb8,0xc8,0xff,0x1d,0x3f,0x73,0xdb,0x5f,0xff,0xf4,0x5b,0x73,0xd5,0x73,0x78,
  0xf0,0x4b,0xbf,0xf5,0x83,0x13,0x9e,0xce,0xff,0x1,0x82,0x67,0x3c,0xe3,0xaf,0x7f,
  0xfa,0xc1,0x5c,0x75,0xd5,0xff,0x1c,0x88,0xab,0xae,0xba,0xea,0xaa,0xff,0x65,0x6e,
  0x79,0xe9,0xb7,0xfe,0x6e,0xe0,0xbd,0xf8,0x3f,0x22,0xe0,0x21,0xb7,0xfe,0xf5,0x4f,
  0xdf,0xca,0x55,0xcf,0xf2,0xe0,0x97,0x7e,0xeb,0x8f,0x4e,0xf8,0x2a,0xfe,0x6f,0xf8,
  0x9c,0xdb,0xfe,0xfa,0xa7,0x3f,0x9b,0xab,0xae,0xfa,0x9f,0x3,0x71,0xd5,0x55,0x57,
  0x5d,0xf5,0xbf,0xcc,0x83,0x5f,0xfa,0xad,0x5f,0x3b,0xe1,0xb7,0xf8,0xbf,0xe3,0x73,
  0x6e,0xfb,0xeb,0x9f,0xfe,0x6c,0xae,0x7a,0x96,0x7,0xbd,0xf4,0x5b,0xff,0x95,0xe1,
  0xa5,0xf9,0x3f,0x20,0xe0,0x21,0xb7,0xfe,0xf5,0x4f,0xdf,0xca,0x55,0x57,0xfd,0xcf,
  0x81,0xb8,0xea,0xaa,0xab,0xae,0xfa,0x5f,0xe8,0x41,0x2f,0xfd,0xd6,0xb7,0x1a,0x1e,
  0xc4,0xff,0x1,0x82,0x5b,0x9f,0xf1,0xd7,0x3f,0xfd,0x10,0xae,0xba,0xec,0xc1,0x2f,
  0xfd,0xd6,0x2f,0x9d,0xf0,0x57,0xfc,0x1f,0x20,0xf8,0x9b,0x67,0xfc,0xf5,0x4f,0xbf,
  0x34,0x57,0x5d,0xf5,0x3f,0xb,0xe2,0xaa,0xab,0xae,0xba,0xea,0x7f,0xa1,0x7,0xbf,
  0xf4,0x5b,0x7f,0x74,0xc2,0x57,0xf1,0x7f,0x44,0xc0,0xfb,0xdc,0xfa,0xd7,0x3f,0xfd,
  0xdd,0x5c,0xc5,0x2d,0x2f,0xfd,0xd6,0x5f,0xd,0x7c,0x14,0xff,0x7,0x4,0x7c,0xcc,
  0xad,0x7f,0xfd,0xd3,0x5f,0xcd,0x55,0x57,0xfd,0xcf,0x82,0xb8,0xea,0xaa,0xab,0xae,
  0xfa,0x5f,0xe8,0xc1,0x2f,0xfd,0xd6,0xc7,0x13,0x2e,0xf2,0x7f,0x84,0xe0,0xb7,0x9f,
  0xf1,0xd7,0x3f,0xfd,0x3a,0x5c,0xc5,0x83,0x5e,0xfa,0xad,0x9f,0x6e,0x78,0x30,0xff,
  0x7,0x4,0x9c,0xb8,0xf5,0xaf,0x7f,0x7a,0x97,0xab,0xae,0xfa,0x9f,0x5,0x71,0xd5,
  0x55,0x57,0x5d,0xf5,0xbf,0xd4,0x2d,0x2f,0xfd,0xd6,0xdf,0xd,0xbc,0x17,0xff,0x47,
  0x4,0x3c,0xe4,0xd6,0xbf,0xfe,0xe9,0x5b,0xf9,0x7f,0xec,0xc1,0x2f,0xfd,0xd6,0xaf,
  0x9d,0xf0,0x5b,0xfc,0xdf,0xf0,0x33,0xb7,0xfd,0xf5,0x4f,0xbf,0x35,0x57,0x5d,0xf5,
  0x3f,0xf,0xe2,0xaa,0xab,0xae,0xba,0xea,0x7f,0xa9,0x7,0xbf,0xf4,0x5b,0xbf,0x74,
  0xc2,0x5f,0xf1,0x7f,0xc7,0xd7,0xdc,0xf6,0xd7,0x3f,0xfd,0xd1,0xfc,0x3f,0x76,0xcb,
  0x4b,0xbf,0xf5,0x77,0x3,0xef,0xc5,0xff,0x1,0x1,0xef,0x73,0xeb,0x5f,0xff,0xf4,
  0x77,0x73,0xd5,0x55,0xff,0xf3,0x20,0xae,0xba,0xea,0xaa,0xab,0xfe,0x17,0x7b,0xd0,
  0x4b,0xbf,0xf5,0x5f,0x1b,0x5e,0x8a,0xff,0x3,0x4,0xbb,0xcf,0xf8,0xeb,0x9f,0x3e,
  0xc1,0xff,0x63,0xf,0x7a,0xe9,0xb7,0xbe,0x68,0x38,0xce,0xff,0x72,0x82,0x4b,0x82,
  0x7,0xdf,0xfa,0xd7,0x3f,0xbd,0xcb,0x55,0x57,0xfd,0xcf,0x83,0xb8,0xea,0xaa,0xab,
  0xae,0xfa,0x5f,0xec,0xc1,0x2f,0xfd,0xd6,0xef,0x9d,0xf0,0x5d,0xfc,0x1f,0x11,0xf0,
  0x3e,0xb7,0xfe,0xf5,0x4f,0x7f,0x37,0xff,0xf,0x3d,0xf8,0xa5,0xdf,0xfa,0xad,0x13,
  0x7e,0x8a,0xff,0x1b,0xbe,0xe7,0xb6,0xbf,0xfe,0xe9,0xf7,0xe6,0xaa,0xab,0xfe,0x67,
  0x42,0x5c,0x75,0xd5,0x55,0x57,0xfd,0x2f,0xf6,0xe0,0x97,0x7e,0xeb,0xe3,0x86,0x5b,
  0xd,0xc7,0xf8,0x3f,0x40,0xf0,0xdb,0xcf,0xf8,0xeb,0x9f,0x7e,0x1d,0xfe,0x1f,0xba,
  0xe5,0xa5,0xdf,0xfa,0xa7,0x81,0xb7,0xe2,0xff,0x80,0x80,0xb7,0xb9,0xf5,0xaf,0x7f,
  0xfa,0xa7,0xb9,0xea,0xaa,0xff,0x99,0x10,0x57,0x5d,0x75,0xd5,0x55,0xff,0xcb,0xdd,
  0xf2,0xd2,0x6f,0xfd,0xdd,0xc0,0x7b,0xf1,0x7f,0x44,0xc0,0x43,0x6e,0xfd,0xeb,0x9f,
  0xbe,0x95,0xff,0x47,0x1e,0xfc,0xd2,0x6f,0x7d,0x3c,0xe1,0x22,0xff,0x7,0x8,0x2e,
  0x3d,0xe3,0xaf,0x7f,0xfa,0x38,0x57,0x5d,0xf5,0x3f,0x17,0xe2,0xaa,0xab,0xae,0xba,
  0xea,0x7f,0xb9,0x7,0xbf,0xf4,0x5b,0xbf,0x74,0xc2,0x5f,0xf1,0x7f,0xc7,0xf7,0xdc,
  0xf6,0xd7,0x3f,0xfd,0xde,0xfc,0x3f,0xf2,0xe0,0x97,0x7e,0xeb,0xf7,0x4e,0xf8,0x2e,
  0xfe,0x6f,0xf8,0x9a,0xdb,0xfe,0xfa,0xa7,0x3f,0x9a,0xab,0xae,0xfa,0x9f,0xb,0x71,
  0xd5,0x55,0x57,0x5d,0xf5,0x7f,0xc0,0x83,0x5e,0xfa,0xad,0xff,0xda,0xf0,0x52,0xfc,
  0x1f,0x20,0xd8,0x15,0x3c,0xe4,0xd6,0xbf,0xfe,0xe9,0x5d,0xfe,0x9f,0x78,0xd0,0x4b,
  0xbf,0xf5,0x6f,0x19,0x5e,0x9b,0xff,0x3,0x2,0x5e,0xe6,0xd6,0xbf,0xfe,0xe9,0xbf,
  0xe6,0xaa,0xab,0xfe,0xe7,0x42,0x5c,0x75,0xd5,0x55,0x57,0xfd,0x1f,0xf0,0xe0,0x97,
  0x7e,0xeb,0xf7,0x4e,0xf8,0x2e,0xfe,0x8f,0x8,0x78,0x9f,0x5b,0xff,0xfa,0xa7,0xbf,
  0x9b,0xff,0x7,0x1e,0xfc,0xd2,0x6f,0xfd,0xe0,0x84,0xa7,0xf3,0x7f,0x80,0xe0,0x19,
  0xcf,0xf8,0xeb,0x9f,0x7e,0x30,0x57,0x5d,0xf5,0x3f,0x1b,0xe2,0xaa,0xab,0xae,0xba,
  0xea,0xff,0x88,0x7,0xbd,0xf4,0x5b,0xef,0x1a,0x8e,0xf1,0x7f,0x80,0xe0,0xaf,0x9f,
  0xf1,0xd7,0x3f,0xfd,0x32,0xfc,0x3f,0xf0,0xe0,0x97,0x7e,0xeb,0x8f,0x4e,0xf8,0x2a,
  0xfe,0xf,0x8,0xf8,0x98,0x5b,0xff,0xfa,0xa7,0xbf,0x9a,0xab,0xae,0xfa,0x9f,0xd,
  0x71,0xd5,0x55,0x57,0x5d,0xf5,0x7f,0xc4,0x2d,0x2f,0xfd,0xd6,0x5f,0xd,0x7c,0x14,
  0xff,0x47,0x4,0xbc,0xcc,0xad,0x7f,0xfd,0xd3,0x7f,0xcd,0xff,0x71,0xf,0x7a,0xe9,
  0xb7,0x7e,0xba,0xe1,0xc1,0xfc,0x1f,0x10,0xf0,0x90,0x5b,0xff,0xfa,0xa7,0x6f,0xe5,
  0xaa,0xab,0xfe,0x67,0x43,0x5c,0x75,0xd5,0x55,0x57,0xfd,0x1f,0xf1,0xe0,0x97,0x7e,
  0xeb,0x7,0x27,0x3c,0x9d,0xff,0x3b,0xbe,0xe7,0xb6,0xbf,0xfe,0xe9,0xf7,0xe6,0xff,
  0xb0,0x7,0xbf,0xf4,0x5b,0xbf,0x74,0xc2,0x5f,0xf1,0x7f,0x80,0xe0,0x6f,0x9e,0xf1,
  0xd7,0x3f,0xfd,0xd2,0x5c,0x75,0xd5,0xff,0x7c,0x88,0xab,0xae,0xba,0xea,0xaa,0xff,
  0x43,0x1e,0xf4,0xd2,0x6f,0xfd,0xdb,0x86,0xd7,0xe2,0xff,0x0,0xc1,0xae,0xe0,0x21,
  0xb7,0xfe,0xf5,0x4f,0xef,0xf2,0x7f,0xd4,0x2d,0x2f,0xfd,0xd6,0x5f,0xd,0x7c,0x14,
  0xff,0x7,0x4,0xbc,0xcf,0xad,0x7f,0xfd,0xd3,0xdf,0xcd,0x55,0x57,0xfd,0xcf,0x87,
  0xb8,0xea,0xaa,0xab,0xae,0xfa,0x3f,0xe4,0xc1,0x2f,0xfd,0xd6,0xef,0x9d,0xf0,0x5d,
  0xfc,0x1f,0x11,0xf0,0x3e,0xb7,0xfe,0xf5,0x4f,0x7f,0x37,0xff,0x47,0x3d,0xe8,0xa5,
  0xdf,0xfa,0xe9,0x86,0x7,0xf3,0x7f,0x40,0xc0,0x89,0x5b,0xff,0xfa,0xa7,0x77,0xb9,
  0xea,0xaa,0xff,0xf9,0x10,0x57,0x5d,0x75,0xd5,0x55,0xff,0xc7,0x3c,0xe8,0xa5,0xdf,
  0x7a,0xd7,0x70,0x8c,0xff,0x3,0x4,0xb7,0x3e,0xe3,0xaf,0x7f,0xfa,0x21,0xfc,0x1f,
  0xf4,0xe0,0x97,0x7e,0xeb,0xb7,0x4e,0xf8,0x29,0xfe,0x6f,0xf8,0x99,0xdb,0xfe,0xfa,
  0xa7,0xdf,0x9a,0xab,0xae,0xfa,0xdf,0x1,0x71,0xd5,0x55,0x57,0x5d,0xf5,0x7f,0xcc,
  0x2d,0x2f,0xfd,0xd6,0x5f,0xd,0x7c,0x14,0xff,0x47,0x4,0xbc,0xce,0xad,0x7f,0xfd,
  0xd3,0xbf,0xcd,0xff,0x31,0xb7,0xbc,0xf4,0x5b,0x7f,0x37,0xf0,0x5e,0xfc,0x1f,0x10,
  0xf0,0x3e,0xb7,0xfe,0xf5,0x4f,0x7f,0x37,0x57,0x5d,0xf5,0xbf,0x3,0xe2,0xaa,0xab,
  0xae,0xba,0xea,0xff,0x98,0x7,0xbf,0xf4,0x5b,0x3f,0x38,0xe1,0xe9,0xfc,0xdf,0xf1,
  0x3d,0xb7,0xfd,0xf5,0x4f,0xbf,0x37,0xff,0xc7,0x3c,0xe8,0xa5,0xdf,0xfa,0xa2,0xe1,
  0x38,0xff,0xcb,0x9,0x2e,0x3d,0xe3,0xaf,0x7f,0xfa,0x38,0x57,0x5d,0xf5,0xbf,0x7,
  0xe2,0xaa,0xab,0xae,0xba,0xea,0xff,0xa0,0x5b,0x5e,0xfa,0xad,0x7f,0x1a,0x78,0x2b,
  0xfe,0x8f,0x8,0x38,0x71,0xeb,0x5f,0xff,0xf4,0x2e,0xff,0x47,0x3c,0xf8,0xa5,0xdf,
  0xfa,0xbd,0x13,0xbe,0x8b,0xff,0x1b,0xbe,0xe7,0xb6,0xbf,0xfe,0xe9,0xf7,0xe6,0xaa,
  0xab,0xfe,0xf7,0x40,0x5c,0x75,0xd5,0x55,0x57,0xfd,0x1f,0xf4,0xe0,0x97,0x7e,0xeb,
  0xb7,0x4e,0xf8,0x29,0xfe,0x8f,0x8,0xf8,0x98,0x5b,0xff,0xfa,0xa7,0xbf,0x9a,0xff,
  0x23,0x6e,0x79,0xe9,0xb7,0xfe,0x69,0xe0,0xad,0xf8,0x3f,0x20,0xe0,0x6d,0x6e,0xfd,
  0xeb,0x9f,0xfe,0x69,0xae,0xba,0xea,0x7f,0xf,0xc4,0x55,0x57,0x5d,0x75,0xd5,0xff,
  0x51,0xf,0x7a,0xe9,0xb7,0xbe,0xd5,0xf0,0x20,0xfe,0xf,0x10,0xdc,0xfa,0x8c,0xbf,
  0xfe,0xe9,0x87,0xf0,0x7f,0xc0,0x83,0x5f,0xfa,0xad,0x8f,0x27,0x5c,0xe4,0xff,0x0,
  0xc1,0x33,0x9e,0xf1,0xd7,0x3f,0xfd,0x60,0xae,0xba,0xea,0x7f,0x17,0xc4,0x55,0x57,
  0x5d,0x75,0xd5,0xff,0x51,0xb7,0xbc,0xf4,0x5b,0x7f,0x36,0xf0,0x59,0xfc,0x1f,0x11,
  0xf0,0x3a,0xb7,0xfe,0xf5,0x4f,0xff,0x36,0xff,0xcb,0x3d,0xf8,0xa5,0xdf,0xfa,0xbd,
  0x13,0xbe,0x8b,0xff,0x1b,0xbe,0xe6,0xb6,0xbf,0xfe,0xe9,0x8f,0xe6,0xaa,0xab,0xfe,
  0x77,0x41,0x5c,0x75,0xd5,0x55,0x57,0xfd,0x1f,0xf5,0xe0,0x97,0x7e,0xeb,0x7,0x27,
  0x3c,0x9d,0xff,0x3b,0xbe,0xe7,0xb6,0xbf,0xfe,0xe9,0xf7,0xe6,0x7f,0xb9,0x7,0xbd,
  0xf4,0x5b,0xff,0x95,0xe1,0xa5,0xf9,0x3f,0x20,0xe0,0x65,0x6e,0xfd,0xeb,0x9f,0xfe,
  0x6b,0xae,0xba,0xea,0x7f,0x17,0xc4,0x55,0x57,0x5d,0x75,0xd5,0xff,0x61,0xb7,0xbc,
  0xf4,0x5b,0xff,0x34,0xf0,0x56,0xfc,0x1f,0x11,0xf0,0x90,0x5b,0xff,0xfa,0xa7,0x6f,
  0xe5,0x7f,0xa9,0x7,0xbf,0xf4,0x5b,0x3f,0x38,0xe1,0xe9,0xfc,0x1f,0x20,0x78,0xc6,
  0x33,0xfe,0xfa,0xa7,0x1f,0xcc,0x55,0x57,0xfd,0xef,0x83,0xb8,0xea,0xaa,0xab,0xae,
  0xfa,0x3f,0xec,0xc1,0x2f,0xfd,0xd6,0x6f,0x9d,0xf0,0x53,0xfc,0xdf,0xf1,0x39,0xb7,
  0xfd,0xf5,0x4f,0x7f,0x36,0xff,0x4b,0xdd,0xf2,0xd2,0x6f,0xfd,0xd9,0xc0,0x67,0xf1,
  0x7f,0x40,0xc0,0xc7,0xdc,0xfa,0xd7,0x3f,0xfd,0xd5,0x5c,0x75,0xd5,0xff,0x3e,0x88,
  0xab,0xae,0xba,0xea,0xaa,0xff,0xe3,0x1e,0xf4,0xd2,0x6f,0x7d,0xab,0xe1,0x41,0xfc,
  0x1f,0x20,0xb8,0xf5,0x19,0x7f,0xfd,0xd3,0xf,0xe1,0x7f,0xa9,0x7,0xbd,0xf4,0x5b,
  0x3f,0xdd,0xf0,0x60,0xfe,0xf,0x8,0x78,0xc8,0xad,0x7f,0xfd,0xd3,0xb7,0x72,0xd5,
  0x55,0xff,0xfb,0x20,0xae,0xba,0xea,0xaa,0xab,0xfe,0x8f,0x7b,0xf0,0x4b,0xbf,0xf5,
  0x47,0x27,0x7c,0x15,0xff,0x47,0x4,0xbc,0xcd,0xad,0x7f,0xfd,0xd3,0x3f,0xcd,0xff,
  0x32,0xf,0x7e,0xe9,0xb7,0x7e,0xe9,0x84,0xbf,0xe2,0xff,0x0,0xc1,0xef,0x3c,0xe3,
  0xaf,0x7f,0xfa,0xb5,0xb9,0xea,0xaa,0xff,0x9d,0x10,0x57,0x5d,0x75,0xd5,0x55,0xff,
  0xc7,0x3d,0xf8,0xa5,0xdf,0xfa,0x78,0xc2,0x45,0xfe,0xef,0xf8,0x99,0xdb,0xfe,0xfa,
  0xa7,0xdf,0x9a,0xff,0x65,0x6e,0x79,0xe9,0xb7,0xfe,0x6a,0xe0,0xa3,0xf8,0x3f,0x20,
  0xe0,0x7d,0x6e,0xfd,0xeb,0x9f,0xfe,0x6e,0xae,0xba,0xea,0x7f,0x27,0xc4,0x55,0x57,
  0x5d,0x75,0xd5,0xff,0x3,0xb7,0xbc,0xf4,0x5b,0x7f,0x37,0xf0,0x5e,0xfc,0x1f,0x11,
  0xf0,0x90,0x5b,0xff,0xfa,0xa7,0x6f,0xe5,0x7f,0x91,0x7,0xbd,0xf4,0x5b,0x5f,0x34,
  0x1c,0xe7,0xff,0x80,0x80,0x13,0xb7,0xfe,0xf5,0x4f,0xef,0x72,0xd5,0x55,0xff,0x3b,
  0x21,0xae,0xba,0xea,0xaa,0xab,0xfe,0x1f,0x78,0xf0,0x4b,0xbf,0xf5,0x6b,0x27,0xfc,
  0x16,0xff,0x77,0x7c,0xce,0x6d,0x7f,0xfd,0xd3,0x9f,0xcd,0xff,0x12,0xf,0x7e,0xe9,
  0xb7,0x7e,0xeb,0x84,0x9f,0xe2,0xff,0x86,0x9f,0xb9,0xed,0xaf,0x7f,0xfa,0xad,0xb9,
  0xea,0xaa,0xff,0xbd,0x10,0x57,0x5d,0x75,0xd5,0x55,0xff,0x4f,0x3c,0xe8,0xa5,0xdf,
  0xfa,0x56,0xc3,0x83,0xf8,0x3f,0x40,0x70,0xeb,0x33,0xfe,0xfa,0xa7,0x1f,0xc2,0xff,
  0x12,0xb7,0xbc,0xf4,0x5b,0x7f,0x37,0xf0,0x5e,0xfc,0x1f,0x10,0xf0,0x36,0xb7,0xfe,
  0xf5,0x4f,0xff,0x34,0x57,0x5d,0xf5,0xbf,0x17,0xe2,0xaa,0xab,0xae,0xba,0xea,0xff,
  0x89,0x7,0xbf,0xf4,0x5b,0x7f,0x74,0xc2,0x57,0xf1,0x7f,0x44,0xc0,0xfb,0xdc,0xfa,
  0xd7,0x3f,0xfd,0xdd,0xfc,0xf,0xf7,0xe0,0x97,0x7e,0xeb,0xe3,0x86,0xa7,0x1b,0x8e,
  0xf3,0xbf,0x9c,0xe0,0xd2,0x33,0xfe,0xfa,0xa7,0x8f,0x73,0xd5,0x55,0xff,0xbb,0x21,
  0xae,0xba,0xea,0xaa,0xab,0xfe,0x9f,0x78,0xf0,0x4b,0xbf,0xf5,0xf1,0x84,0x8b,0xfc,
  0x1f,0x21,0xf8,0xed,0x67,0xfc,0xf5,0x4f,0xbf,0xe,0xff,0xc3,0x3d,0xf8,0xa5,0xdf,
  0xfa,0xbd,0x13,0xbe,0x8b,0xff,0x1b,0xbe,0xe7,0xb6,0xbf,0xfe,0xe9,0xf7,0xe6,0xaa,
  0xab,0xfe,0x77,0x43,0x5c,0x75,0xd5,0x55,0x57,0xfd,0x3f,0x72,0xcb,0x4b,0xbf,0xf5,
  0x77,0x3,0xef,0xc5,0xff,0x11,0x1,0xf,0xb9,0xf5,0xaf,0x7f,0xfa,0x56,0xfe,0x7,
  0xbb,0xe5,0xa5,0xdf,0xfa,0xa7,0x81,0xb7,0xe2,0xff,0x80,0x80,0xd7,0xb9,0xf5,0xaf,
  0x7f,0xfa,0xb7,0xb9,0xea,0xaa,0xff,0xdd,0x10,0x57,0x5d,0x75,0xd5,0x55,0xff,0x8f,
  0x3c,0xf8,0xa5,0xdf,0xfa,0xa5,0x13,0xfe,0x8a,0xff,0x3b,0xbe,0xe6,0xb6,0xbf,0xfe,
  0xe9,0x8f,0xe6,0x7f,0xa8,0x7,0xbf,0xf4,0x5b,0x1f,0x4f,0xb8,0xc8,0xff,0x1,0x82,
  0x67,0x3c,0xe3,0xaf,0x7f,0xfa,0xc1,0x5c,0x75,0xd5,0xff,0x7e,0x88,0xab,0xae,0xba,
  0xea,0xaa,0xff,0x67,0x1e,0xf4,0xd2,0x6f,0xfd,0xd7,0x86,0x97,0xe2,0xff,0x0,0xc1,
  0xee,0x33,0xfe,0xfa,0xa7,0x4f,0xf0,0x3f,0xd4,0x83,0x5f,0xfa,0xad,0x3f,0x3a,0xe1,
  0xab,0xf8,0xbf,0xe1,0x6b,0x6e,0xfb,0xeb,0x9f,0xfe,0x68,0xae,0xba,0xea,0x7f,0x3f,
  0xc4,0x55,0x57,0x5d,0x75,0xd5,0xff,0x33,0xf,0x7e,0xe9,0xb7,0x7e,0xef,0x84,0xef,
  0xe2,0xff,0x88,0x80,0xf7,0xb9,0xf5,0xaf,0x7f,0xfa,0xbb,0xf9,0x1f,0xe8,0x41,0x2f,
  0xfd,0xd6,0x7f,0x65,0x78,0x69,0xfe,0xf,0x8,0x78,0x99,0x5b,0xff,0xfa,0xa7,0xff,
  0x9a,0xab,0xae,0xfa,0xdf,0xf,0x71,0xd5,0x55,0x57,0x5d,0xf5,0xff,0xcc,0x83,0x5f,
  0xfa,0xad,0x8f,0x1b,0x6e,0x35,0x1c,0xe3,0xff,0x0,0xc1,0x6f,0x3f,0xe3,0xaf,0x7f,
  0xfa,0x75,0xf8,0x1f,0xe6,0xc1,0x2f,0xfd,0xd6,0xf,0x4e,0x78,0x3a,0xff,0x7,0x8,
  0xfe,0xe6,0x19,0x7f,0xfd,0xd3,0x2f,0xcd,0x55,0x57,0xfd,0xdf,0x80,0xb8,0xea,0xaa,
  0xab,0xae,0xfa,0x7f,0xe8,0x96,0x97,0x7e,0xeb,0xef,0x6,0xde,0x8b,0xff,0x23,0x2,
  0x1e,0x72,0xeb,0x5f,0xff,0xf4,0xad,0xfc,0xf,0x72,0xcb,0x4b,0xbf,0xf5,0x57,0x3,
  0x1f,0xc5,0xff,0x1,0x1,0x1f,0x73,0xeb,0x5f,0xff,0xf4,0x57,0x73,0xd5,0x55,0xff,
  0x37,0x20,0xae,0xba,0xea,0xaa,0xab,0xfe,0x1f,0x7a,0xf0,0x4b,0xbf,0xf5,0x4b,0x27,
  0xfc,0x15,0xff,0x77,0x7c,0xcf,0x6d,0x7f,0xfd,0xd3,0xef,0xcd,0xff,0x20,0xf,0x7a,
  0xe9,0xb7,0x7e,0xba,0xe1,0xc1,0xfc,0x1f,0x10,0xf0,0x90,0x5b,0xff,0xfa,0xa7,0x6f,
  0xe5,0xaa,0xab,0xfe,0x6f,0x40,0x5c,0x75,0xd5,0x55,0x57,0xfd,0x3f,0xf5,0xa0,0x97,
  0x7e,0xeb,0xbf,0x36,0xbc,0x14,0xff,0x7,0x8,0x76,0x5,0xf,0xb9,0xf5,0xaf,0x7f,
  0x7a,0x97,0xff,0x1,0x1e,0xfc,0xd2,0x6f,0xfd,0xd2,0x9,0x7f,0xc5,0xff,0x1,0x82,
  0xdf,0x79,0xc6,0x5f,0xff,0xf4,0x6b,0x73,0xd5,0x55,0xff,0x77,0x20,0xae,0xba,0xea,
  0xaa,0xab,0xfe,0x9f,0x7a,0xf0,0x4b,0xbf,0xf5,0x7b,0x27,0x7c,0x17,0xff,0x47,0x4,
  0xbc,0xcf,0xad,0x7f,0xfd,0xd3,0xdf,0xcd,0xff,0x0,0xb7,0xbc,0xf4,0x5b,0x7f,0x37,
  0xf0,0x5e,0xfc,0x1f,0x10,0xf0,0x3e,0xb7,0xfe,0xf5,0x4f,0x7f,0x37,0x57,0x5d,0xf5,
  0x7f,0x7,0xe2,0xaa,0xab,0xae,0xba,0xea,0xff,0xb1,0x7,0xbd,0xf4,0x5b,0xef,0x1a,
  0x8e,0xf1,0x7f,0x80,0xe0,0xaf,0x9f,0xf1,0xd7,0x3f,0xfd,0x32,0xfc,0xf,0xf0,0xa0,
  0x97,0x7e,0xeb,0x8b,0x86,0xe3,0xfc,0x1f,0x10,0x70,0xe2,0xd6,0xbf,0xfe,0xe9,0x5d,
  0xae,0xba,0xea,0xff,0xe,0xc4,0x55,0x57,0x5d,0x75,0xd5,0xff,0x63,0xb7,0xbc,0xf4,
  0x5b,0x7f,0x35,0xf0,0x51,0xfc,0x1f,0x11,0xf0,0x32,0xb7,0xfe,0xf5,0x4f,0xff,0x35,
  0xff,0x8d,0x1e,0xfc,0xd2,0x6f,0xfd,0xd6,0x9,0x3f,0xc5,0xff,0xd,0xdf,0x73,0xdb,
  0x5f,0xff,0xf4,0x7b,0x73,0xd5,0x55,0xff,0xb7,0x20,0xae,0xba,0xea,0xaa,0xab,0xfe,
  0x1f,0x7b,0xf0,0x4b,0xbf,0xf5,0x83,0x13,0x9e,0xce,0xff,0x1d,0xdf,0x73,0xdb,0x5f,
  0xff,0xf4,0x7b,0xf3,0xdf,0xe8,0x96,0x97,0x7e,0xeb,0xef,0x6,0xde,0x8b,0xff,0x3,
  0x2,0xde,0xe6,0xd6,0xbf,0xfe,0xe9,0x9f,0xe6,0xaa,0xab,0xfe,0x6f,0x41,0x5c,0x75,
  0xd5,0x55,0x57,0xfd,0x3f,0xf7,0xa0,0x97,0x7e,0xeb,0xdf,0x36,0xbc,0x16,0xff,0x7,
  0x8,0x76,0x5,0xf,0xb9,0xf5,0xaf,0x7f,0x7a,0x97,0xff,0x6,0xf,0x7e,0xe9,0xb7,
  0x3e,0x9e,0x70,0x91,0xff,0x3,0x4,0x97,0x9e,0xf1,0xd7,0x3f,0x7d,0x9c,0xab,0xae,
  0xfa,0xbf,0x7,0x71,0xd5,0x55,0x57,0x5d,0xf5,0xff,0xdc,0x83,0x5f,0xfa,0xad,0xdf,
  0x3b,0xe1,0xbb,0xf8,0x3f,0x22,0xe0,0x7d,0x6e,0xfd,0xeb,0x9f,0xfe,0x6e,0xfe,0x1b,
  0x3c,0xf8,0xa5,0xdf,0xfa,0xbd,0x13,0xbe,0x8b,0xff,0x1b,0xbe,0xe7,0xb6,0xbf,0xfe,
  0xe9,0xf7,0xe6,0xaa,0xab,0xfe,0xef,0x41,0x5c,0x75,0xd5,0x55,0x57,0x5d,0xc5,0x83,
  0x5e,0xfa,0xad,0x77,0xd,0xc7,0xf8,0x3f,0x40,0x70,0xeb,0x33,0xfe,0xfa,0xa7,0x1f,
  0xc2,0x7f,0x83,0x5b,0x5e,0xfa,0xad,0x7f,0x1a,0x78,0x2b,0xfe,0xf,0x8,0x78,0x99,
  0x5b,0xff,0xfa,0xa7,0xff,0x9a,0xab,0xae,0xfa,0xbf,0x7,0x71,0xd5,0x55,0x57,0x5d,
  0x75,0x15,0xb7,0xbc,0xf4,0x5b,0x7f,0x35,0xf0,0x51,0xfc,0x1f,0x11,0xf0,0x3a,0xb7,
  0xfe,0xf5,0x4f,0xff,0x36,0xff,0x85,0x1e,0xfc,0xd2,0x6f,0xfd,0xe0,0x84,0xa7,0xf3,
  0x7f,0x80,0xe0,0x19,0xcf,0xf8,0xeb,0x9f,0x7e,0x30,0x57,0x5d,0xf5,0x7f,0x13,0xe2,
  0xaa,0xab,0xae,0xba,0xea,0x2a,0x1e,0xfc,0xd2,0x6f,0xfd,0xe0,0x84,0xa7,0xf3,0x7f,
  0xc7,0xf7,0xdc,0xf6,0xd7,0x3f,0xfd,0xde,0xfc,0x17,0x7a,0xf0,0x4b,0xbf,0xf5,0x47,
  0x27,0x7c,0x15,0xff,0x37,0x7c,0xcd,0x6d,0x7f,0xfd,0xd3,0x1f,0xcd,0x55,0x57,0xfd,
  0xdf,0x84,0xb8,0xea,0xaa,0xab,0xae,0xba,0xea,0xb2,0x5b,0x5e,0xfa,0xad,0x7f,0x1a,
  0x78,0x2b,0xfe,0x8f,0x8,0x38,0x71,0xeb,0x5f,0xff,0xf4,0x2e,0xff,0x45,0x1e,0xf4,
  0xd2,0x6f,0xfd,0x57,0x86,0x97,0xe6,0xff,0x80,0x80,0x87,0xdc,0xfa,0xd7,0x3f,0x7d,
  0x2b,0x57,0x5d,0xf5,0x7f,0x13,0xe2,0xaa,0xab,0xae,0xba,0xea,0xaa,0xcb,0x1e,0xfc,
  0xd2,0x6f,0xfd,0xd6,0x9,0x3f,0xc5,0xff,0x11,0x1,0x1f,0x73,0xeb,0x5f,0xff,0xf4,
  0x57,0xf3,0x5f,0xe0,0xc1,0x2f,0xfd,0xd6,0xf,0x4e,0x78,0x3a,0xff,0x7,0x8,0xfe,
  0xe6,0x19,0x7f,0xfd,0xd3,0x2f,0xcd,0x55,0x57,0xfd,0xdf,0x85,0xb8,0xea,0xaa,0xab,
  0xae,0xba,0xea,0x59,0x1e,0xf4,0xd2,0x6f,0x7d,0xab,0xe1,0x41,0xfc,0x1f,0x20,0xb8,
  0xf5,0x19,0x7f,0xfd,0xd3,0xf,0xe1,0xbf,0xc0,0x2d,0x2f,0xfd,0xd6,0x5f,0xd,0x7c,
  0x14,0xff,0x7,0x4,0x7c,0xcc,0xad,0x7f,0xfd,0xd3,0x5f,0xcd,0x55,0x57,0xfd,0xdf,
  0x85,0xb8,0xea,0xaa,0xab,0xae,0xba,0xea,0x59,0x6e,0x79,0xe9,0xb7,0xfe,0x6c,0xe0,
  0xb3,0xf8,0x3f,0x22,0xe0,0x75,0x6e,0xfd,0xeb,0x9f,0xfe,0x6d,0xfe,0x93,0x3d,0xe8,
  0xa5,0xdf,0xfa,0xe9,0x86,0x7,0xf3,0x7f,0x40,0xc0,0x43,0x6e,0xfd,0xeb,0x9f,0xbe,
  0x95,0xab,0xae,0xfa,0xbf,0xb,0x71,0xd5,0x55,0x57,0x5d,0x75,0xd5,0xb3,0x3c,0xf8,
  0xa5,0xdf,0xfa,0xc1,0x9,0x4f,0xe7,0xff,0x8e,0xef,0xb9,0xed,0xaf,0x7f,0xfa,0xbd,
  0xf9,0x4f,0xf4,0xe0,0x97,0x7e,0xeb,0xd7,0x4e,0xf8,0x2d,0xfe,0x6f,0xf8,0x99,0xdb,
  0xfe,0xfa,0xa7,0xdf,0x9a,0xab,0xae,0xfa,0xbf,0xd,0x71,0xd5,0x55,0x57,0x5d,0x75,
  0xd5,0x73,0xb8,0xe5,0xa5,0xdf,0xfa,0xa7,0x81,0xb7,0xe2,0xff,0x88,0x80,0x87,0xdc,
  0xfa,0xd7,0x3f,0x7d,0x2b,0xff,0x49,0x6e,0x79,0xe9,0xb7,0xfe,0x6e,0xe0,0xbd,0xf8,
  0x3f,0x20,0xe0,0x7d,0x6e,0xfd,0xeb,0x9f,0xfe,0x6e,0xae,0xba,0xea,0xff,0x36,0xc4,
  0x55,0x57,0x5d,0x75,0xd5,0x55,0xcf,0xe1,0xc1,0x2f,0xfd,0xd6,0x6f,0x9d,0xf0,0x53,
  0xfc,0xdf,0xf1,0x39,0xb7,0xfd,0xf5,0x4f,0x7f,0x36,0xff,0x49,0x1e,0xf4,0xd2,0x6f,
  0x7d,0xd1,0x70,0x9c,0xff,0xe5,0x4,0x97,0x4,0xf,0xbe,0xf5,0xaf,0x7f,0x7a,0x97,
  0xab,0xae,0xfa,0xbf,0xd,0x71,0xd5,0x55,0x57,0x5d,0x75,0xd5,0xf3,0x78,0xd0,0x4b,
  0xbf,0xf5,0xad,0x86,0x7,0xf1,0x7f,0x80,0xe0,0xd6,0x67,0xfc,0xf5,0x4f,0x3f,0x84,
  0xff,0x4,0xf,0x7e,0xe9,0xb7,0x7e,0xeb,0x84,0x9f,0xe2,0xff,0x86,0xef,0xb9,0xed,
  0xaf,0x7f,0xfa,0xbd,0xb9,0xea,0xaa,0xff,0xfb,0x10,0x57,0x5d,0x75,0xd5,0x55,0x57,
  0x3d,0x8f,0x7,0xbf,0xf4,0x5b,0x7f,0x74,0xc2,0x57,0xf1,0x7f,0x44,0xc0,0xdb,0xdc,
  0xfa,0xd7,0x3f,0xfd,0xd3,0xfc,0x7,0xbb,0xe5,0xa5,0xdf,0xfa,0xa7,0x81,0xb7,0xe2,
  0xff,0x80,0x80,0xb7,0xb9,0xf5,0xaf,0x7f,0xfa,0xa7,0xb9,0xea,0xaa,0xff,0xfb,0x10,
  0x57,0x5d,0x75,0xd5,0x55,0x57,0x3d,0x8f,0x7,0xbf,0xf4,0x5b,0x1f,0x4f,0xb8,0xc8,
  0xff,0x1d,0x3f,0x73,0xdb,0x5f,0xff,0xf4,0x5b,0xf3,0x1f,0xe8,0xc1,0x2f,0xfd,0xd6,
  0xc7,0x13,0x2e,0xf2,0x7f,0x80,0xe0,0xd2,0x33,0xfe,0xfa,0xa7,0x8f,0x73,0xd5,0x55,
  0xff,0x3f,0x20,0xae,0xba,0xea,0xaa,0xab,0xae,0x7a,0xbe,0x6e,0x79,0xe9,0xb7,0xfe,
  0x6e,0xe0,0xbd,0xf8,0x3f,0x22,0xe0,0x21,0xb7,0xfe,0xf5,0x4f,0xdf,0xca,0x7f,0x90,
  0x7,0xbf,0xf4,0x5b,0xbf,0x77,0xc2,0x77,0xf1,0x7f,0xc3,0xd7,0xdc,0xf6,0xd7,0x3f,
  0xfd,0xd1,0x5c,0x75,0xd5,0xff,0xf,0x88,0xab,0xae,0xba,0xea,0xaa,0xab,0x9e,0xaf,
  0x7,0xbf,0xf4,0x5b,0xbf,0x76,0xc2,0x6f,0xf1,0x7f,0xc7,0xe7,0xdc,0xf6,0xd7,0x3f,
  0xfd,0xd9,0xfc,0x7,0x79,0xd0,0x4b,0xbf,0xf5,0x6f,0x19,0x5e,0x9b,0xff,0x3,0x2,
  0x5e,0xe6,0xd6,0xbf,0xfe,0xe9,0xbf,0xe6,0xaa,0xab,0xfe,0x7f,0x40,0x5c,0x75,0xd5,
  0x55,0x57,0x5d,0xf5,0x2,0x3d,0xe8,0xa5,0xdf,0xfa,0x56,0xc3,0x83,0xf8,0x3f,0x40,
  0x70,0xeb,0x33,0xfe,0xfa,0xa7,0x1f,0xc2,0x7f,0x80,0x7,0xbf,0xf4,0x5b,0x3f,0x38,
  0xe1,0xe9,0xfc,0x1f,0x20,0x78,0xc6,0x33,0xfe,0xfa,0xa7,0x1f,0xcc,0x55,0x57,0xfd,
  0xff,0x81,0xb8,0xea,0xaa,0xab,0xae,0xba,0xea,0x5,0x7a,0xf0,0x4b,0xbf,0xf5,0x47,
  0x27,0x7c,0x15,0xff,0x47,0x4,0xbc,0xcf,0xad,0x7f,0xfd,0xd3,0xdf,0xcd,0xbf,0xd3,
  0x83,0x5f,0xfa,0xad,0x3f,0x3a,0xe1,0xab,0xf8,0xbf,0xe1,0x73,0x6e,0xfb,0xeb,0x9f,
  0xfe,0x6c,0xae,0xba,0xea,0xff,0xf,0xc4,0x55,0x57,0x5d,0x75,0xd5,0x55,0x2f,0xd0,
  0x83,0x5f,0xfa,0xad,0x8f,0x27,0x5c,0xe4,0xff,0x8,0xc1,0x6f,0x3f,0xe3,0xaf,0x7f,
  0xfa,0x75,0xf8,0x77,0x7a,0xd0,0x4b,0xbf,0xf5,0x5f,0x19,0x5e,0x9a,0xff,0x3,0x2,
  0x1e,0x72,0xeb,0x5f,0xff,0xf4,0xad,0x5c,0x75,0xd5,0xff,0x1f,0x88,0xab,0xae,0xba,
  0xea,0xaa,0xab,0x5e,0xa8,0x5b,0x5e,0xfa,0xad,0xbf,0x1b,0x78,0x2f,0xfe,0x8f,0x8,
  0x78,0xc8,0xad,0x7f,0xfd,0xd3,0xb7,0xf2,0x6f,0xf4,0xe0,0x97,0x7e,0xeb,0x97,0x4e,
  0xf8,0x2b,0xfe,0xf,0x10,0xfc,0xcd,0x33,0xfe,0xfa,0xa7,0x5f,0x9a,0xab,0xae,0xfa,
  0xff,0x5,0x71,0xd5,0x55,0x57,0x5d,0x75,0xd5,0xb,0xf5,0xe0,0x97,0x7e,0xeb,0xd7,
  0x4e,0xf8,0x2d,0xfe,0xef,0xf8,0x9a,0xdb,0xfe,0xfa,0xa7,0x3f,0x9a,0x7f,0xa3,0x5b,
  0x5e,0xfa,0xad,0xbf,0x1a,0xf8,0x28,0xfe,0xf,0x8,0xf8,0x98,0x5b,0xff,0xfa,0xa7,
  0xbf,0x9a,0xab,0xae,0xfa,0xff,0x5,0x71,0xd5,0x55,0x57,0x5d,0x75,0xd5,0xbf,0xe8,
  0x41,0x2f,0xfd,0xd6,0x7f,0x6d,0x78,0x29,0xfe,0xf,0x10,0xec,0x3e,0xe3,0xaf,0x7f,
  0xfa,0x4,0xff,0x46,0xf,0x7a,0xe9,0xb7,0x7e,0xba,0xe1,0xc1,0xfc,0x1f,0x10,0x70,
  0xe2,0xd6,0xbf,0xfe,0xe9,0x5d,0xae,0xba,0xea,0xff,0x17,0xc4,0x55,0x57,0x5d,0x75,
  0xd5,0x55,0xff,0xa2,0x7,0xbf,0xf4,0x5b,0xbf,0x77,0xc2,0x77,0xf1,0x7f,0x44,0xc0,
  0xfb,0xdc,0xfa,0xd7,0x3f,0xfd,0xdd,0xfc,0x2b,0x3d,0xf8,0xa5,0xdf,0xfa,0xad,0x13,
  0x7e,0x8a,0xff,0x1b,0x7e,0xe6,0xb6,0xbf,0xfe,0xe9,0xb7,0xe6,0xaa,0xab,0xfe,0xff,
  0x41,0x5c,0x75,0xd5,0x55,0x57,0x5d,0xf5,0x2f,0x7a,0xf0,0x4b,0xbf,0xf5,0x71,0xc3,
  0xad,0x86,0x63,0xfc,0x1f,0x20,0xf8,0xed,0x67,0xfc,0xf5,0x4f,0xbf,0xe,0xff,0x4a,
  0xb7,0xbc,0xf4,0x5b,0x7f,0x37,0xf0,0x5e,0xfc,0x1f,0x10,0xf0,0x3e,0xb7,0xfe,0xf5,
  0x4f,0x7f,0x37,0x57,0x5d,0xf5,0xff,0xf,0xe2,0xaa,0xab,0xae,0xba,0xea,0xaa,0x17,
  0xc9,0x2d,0x2f,0xfd,0xd6,0xdf,0xd,0xbc,0x17,0xff,0x47,0x4,0x3c,0xe4,0xd6,0xbf,
  0xfe,0xe9,0x5b,0xf9,0x57,0x78,0xd0,0x4b,0xbf,0xf5,0x45,0xc3,0x71,0xfe,0x97,0x13,
  0x5c,0x12,0x3c,0xf8,0xd6,0xbf,0xfe,0xe9,0x5d,0xae,0xba,0xea,0xff,0x1f,0xc4,0x55,
  0x57,0x5d,0x75,0xd5,0x55,0x2f,0x92,0x7,0xbf,0xf4,0x5b,0xbf,0x74,0xc2,0x5f,0xf1,
  0x7f,0xc7,0xf7,0xdc,0xf6,0xd7,0x3f,0xfd,0xde,0xbc,0x88,0x1e,0xfc,0xd2,0x6f,0xfd,
  0xde,0x9,0xdf,0xc5,0xff,0xd,0xdf,0x73,0xdb,0x5f,0xff,0xf4,0x7b,0x73,0xd5,0x55,
  0xff,0x3f,0x21,0xae,0xba,0xea,0xaa,0xab,0xae,0x7a,0x91,0x3d,0xe8,0xa5,0xdf,0xfa,
  0xaf,0xd,0x2f,0xc5,0xff,0x1,0x82,0x5d,0xc1,0x43,0x6e,0xfd,0xeb,0x9f,0xde,0xe5,
  0x45,0x70,0xcb,0x4b,0xbf,0xf5,0x4f,0x3,0x6f,0xc5,0xff,0x1,0x1,0x6f,0x73,0xeb,
  0x5f,0xff,0xf4,0x4f,0x73,0xd5,0x55,0xff,0x3f,0x21,0xae,0xba,0xea,0xaa,0xab,0xae,
  0x7a,0x91,0x3d,0xf8,0xa5,0xdf,0xfa,0xbd,0x13,0xbe,0x8b,0xff,0x23,0x2,0xde,0xe7,
  0xd6,0xbf,0xfe,0xe9,0xef,0xe6,0x5f,0xf0,0xe0,0x97,0x7e,0xeb,0xe3,0x9,0x17,0xf9,
  0x3f,0x40,0xf0,0x8c,0x67,0xfc,0xf5,0x4f,0x3f,0x98,0xab,0xae,0xfa,0xff,0xb,0x71,
  0xd5,0x55,0x57,0x5d,0x75,0xd5,0x8b,0xec,0xc1,0x2f,0xfd,0xd6,0xc7,0xd,0xb7,0x1a,
  0x8e,0xf1,0x7f,0x80,0xe0,0xaf,0x9f,0xf1,0xd7,0x3f,0xfd,0x32,0xfc,0xb,0x1e,0xfc,
  0xd2,0x6f,0xfd,0xde,0x9,0xdf,0xc5,0xff,0xd,0x5f,0x73,0xdb,0x5f,0xff,0xf4,0x47,
  0x73,0xd5,0x55,0xff,0x7f,0x21,0xae,0xba,0xea,0xaa,0xab,0xae,0xfa,0x57,0xb9,0xe5,
  0xa5,0xdf,0xfa,0xab,0x81,0x8f,0xe2,0xff,0x88,0x80,0x97,0xb9,0xf5,0xaf,0x7f,0xfa,
  0xaf,0x79,0x21,0x1e,0xf4,0xd2,0x6f,0xfd,0x57,0x86,0x97,0xe6,0xff,0x80,0x80,0x97,
  0xb9,0xf5,0xaf,0x7f,0xfa,0xaf,0xb9,0xea,0xaa,0xff,0xbf,0x10,0x57,0x5d,0x75,0xd5,
  0x55,0x57,0xfd,0xab,0x3c,0xf8,0xa5,0xdf,0xfa,0xc1,0x9,0x4f,0xe7,0xff,0x8e,0xef,
  0xb9,0xed,0xaf,0x7f,0xfa,0xbd,0x79,0x1,0x1e,0xfc,0xd2,0x6f,0xfd,0xe0,0x84,0xa7,
  0xf3,0x7f,0x80,0xe0,0x19,0xcf,0xf8,0xeb,0x9f,0x7e,0x30,0x57,0x5d,0xf5,0xff,0x1b,
  0xe2,0xaa,0xab,0xae,0xba,0xea,0xaa,0x7f,0xb5,0x7,0xbd,0xf4,0x5b,0xff,0xb6,0xe1,
  0xb5,0xf8,0x3f,0x40,0xb0,0x2b,0x78,0xc8,0xad,0x7f,0xfd,0xd3,0xbb,0x3c,0x1f,0xf,
  0x7e,0xe9,0xb7,0xfe,0xe8,0x84,0xaf,0xe2,0xff,0x80,0x80,0x8f,0xb9,0xf5,0xaf,0x7f,
  0xfa,0xab,0xb9,0xea,0xaa,0xff,0xdf,0x10,0x57,0x5d,0x75,0xd5,0x55,0x57,0xfd,0xab,
  0x3d,0xf8,0xa5,0xdf,0xfa,0xbd,0x13,0xbe,0x8b,0xff,0x23,0x2,0xde,0xe7,0xd6,0xbf,
  0xfe,0xe9,0xef,0xe6,0xf9,0x78,0xd0,0x4b,0xbf,0xf5,0xd3,0xd,0xf,0xe6,0xff,0x80,
  0x80,0x87,0xdc,0xfa,0xd7,0x3f,0x7d,0x2b,0x57,0x5d,0xf5,0xff,0x1b,0xe2,0xaa,0xab,
  0xae,0xba,0xea,0xaa,0x7f,0x93,0x7,0xbd,0xf4,0x5b,0xef,0x1a,0x8e,0xf1,0x7f,0x80,
  0xe0,0xd6,0x67,0xfc,0xf5,0x4f,0x3f,0x84,0xe7,0xf2,0xe0,0x97,0x7e,0xeb,0x97,0x4e,
  0xf8,0x2b,0xfe,0xf,0x10,0xfc,0xcd,0x33,0xfe,0xfa,0xa7,0x5f,0x9a,0xab,0xae,0xba,
  0xa,0x71,0xd5,0x55,0x57,0x5d,0x75,0xd5,0xbf,0xc9,0x2d,0x2f,0xfd,0xd6,0x5f,0xd,
  0x7c,0x14,0xff,0x47,0x4,0xbc,0xce,0xad,0x7f,0xfd,0xd3,0xbf,0xcd,0x3,0xdc,0xf2,
  0xd2,0x6f,0xfd,0xd5,0xc0,0x47,0xf1,0x7f,0x40,0xc0,0xfb,0xdc,0xfa,0xd7,0x3f,0xfd,
  0xdd,0x5c,0x75,0xd5,0x55,0x88,0xab,0xae,0xba,0xea,0xaa,0xab,0xfe,0x4d,0x1e,0xfc,
  0xd2,0x6f,0xfd,0xe0,0x84,0xa7,0xf3,0x7f,0xc7,0xf7,0xdc,0xf6,0xd7,0x3f,0xfd,0xde,
  0x3c,0xc0,0x83,0x5e,0xfa,0xad,0x2f,0x1a,0x8e,0xf3,0x7f,0x40,0xc0,0x89,0x5b,0xff,
  0xfa,0xa7,0x77,0xb9,0xea,0xaa,0xab,0x10,0x57,0x5d,0x75,0xd5,0x55,0x57,0xfd,0x9b,
  0x3d,0xe8,0xa5,0xdf,0xfa,0xb7,0xd,0xaf,0xc5,0xff,0x11,0x1,0x27,0x6e,0xfd,0xeb,
  0x9f,0xde,0x5,0x78,0xf0,0x4b,0xbf,0xf5,0x5b,0x27,0xfc,0x14,0xff,0x37,0xfc,0xcc,
  0x6d,0x7f,0xfd,0xd3,0x6f,0xcd,0x55,0x57,0x5d,0x5,0x80,0xb8,0xea,0xaa,0xab,0xae,
  0xba,0xea,0xdf,0xec,0xc1,0x2f,0xfd,0xd6,0x6f,0x9d,0xf0,0x53,0xfc,0x1f,0x11,0xf0,
  0x31,0xb7,0xfe,0xf5,0x4f,0x7f,0x35,0xc0,0x2d,0x2f,0xfd,0xd6,0xdf,0xd,0xbc,0x17,
  0xff,0x7,0x4,0xbc,0xcf,0xad,0x7f,0xfd,0xd3,0xdf,0xcd,0x55,0x57,0x5d,0x5,0x80,
  0xb8,0xea,0xaa,0xab,0xae,0xba,0xea,0xdf,0xe5,0x41,0x2f,0xfd,0xd6,0xb7,0x1a,0x1e,
  0xc4,0xff,0x1,0x82,0x5b,0x9f,0xf1,0xd7,0x3f,0xfd,0x90,0x7,0xbf,0xf4,0x5b,0x1f,
  0x37,0x3c,0xdd,0x70,0x9c,0xff,0xe5,0x4,0x97,0x9e,0xf1,0xd7,0x3f,0x7d,0x9c,0xab,
  0xae,0xba,0xea,0x7e,0x88,0xab,0xae,0xba,0xea,0xaa,0xab,0xfe,0x5d,0x6e,0x79,0xe9,
  0xb7,0xfe,0x6c,0xe0,0xb3,0xf8,0x3f,0x22,0xe0,0x75,0x80,0x7,0x27,0x7c,0x17,0xff,
  0x37,0x7c,0xcf,0x6d,0x7f,0xfd,0xd3,0xef,0xcd,0x55,0x57,0x5d,0x75,0x3f,0xc4,0x55,
  0x57,0x5d,0x75,0xd5,0x55,0xff,0x2e,0xf,0x7e,0xe9,0xb7,0x7e,0x70,0xc2,0xd3,0xf9,
  0xbf,0xe3,0x7b,0x80,0xe3,0xc0,0x5b,0xf1,0x7f,0x40,0xc0,0xdb,0xdc,0xfa,0xd7,0x3f,
  0xfd,0xd3,0x5c,0x75,0xd5,0x55,0xf7,0x43,0x5c,0x75,0xd5,0x55,0x57,0x5d,0xf5,0xef,
  0x76,0xcb,0x4b,0xbf,0xf5,0x4f,0x3,0x6f,0xc5,0x55,0xff,0xa3,0x8,0x9e,0xf1,0x8c,
  0xbf,0xfe,0xe9,0x7,0x73,0xd5,0x55,0x57,0x3d,0x10,0xe2,0xaa,0xab,0xae,0xba,0xea,
  0xaa,0x7f,0xb7,0x7,0xbf,0xf4,0x5b,0xbf,0x75,0xc2,0x4f,0x71,0xd5,0xff,0x34,0x5f,
  0x73,0xdb,0x5f,0xff,0xf4,0x47,0x73,0xd5,0x55,0x57,0x3d,0x10,0xe2,0xaa,0xab,0xae,
  0xba,0xea,0xaa,0xff,0x10,0xf,0x7a,0xe9,0xb7,0xbe,0xd5,0xf0,0x20,0xae,0xfa,0x1f,
  0x23,0xe0,0x65,0x6e,0xfd,0xeb,0x9f,0xfe,0x6b,0xae,0xba,0xea,0xaa,0x7,0x42,0x5c,
  0x75,0xd5,0x55,0x57,0x5d,0xf5,0x1f,0xe2,0x96,0x97,0x7e,0xeb,0xcf,0x6,0x3e,0x8b,
  0xab,0xfe,0x47,0x10,0xfc,0xcd,0x33,0xfe,0xfa,0xa7,0x5f,0x9a,0xab,0xae,0xba,0xea,
  0xb9,0x21,0xae,0xba,0xea,0xaa,0xab,0xae,0xfa,0xf,0xf1,0xe0,0x97,0x7e,0xeb,0xe3,
  0x9,0x17,0xb9,0xea,0x7f,0x84,0x80,0x8f,0xb9,0xf5,0xaf,0x7f,0xfa,0xab,0xb9,0xea,
  0xaa,0xab,0x9e,0x1b,0xe2,0xaa,0xab,0xae,0xba,0xea,0xaa,0xff,0x30,0xb7,0xbc,0xf4,
  0x5b,0x7f,0x37,0xf0,0x5e,0x5c,0xf5,0xdf,0x2e,0xe0,0x21,0xb7,0xfe,0xf5,0x4f,0xdf,
  0xca,0x55,0x57,0x5d,0xf5,0xdc,0x10,0x57,0x5d,0x75,0xd5,0x55,0x57,0xfd,0x87,0x79,
  0xf0,0x4b,0xbf,0xf5,0x6b,0x27,0xfc,0x16,0x57,0xfd,0xb7,0x12,0xfc,0xce,0x33,0xfe,
  0xfa,0xa7,0x5f,0x9b,0xab,0xae,0xba,0xea,0xf9,0x41,0x5c,0x75,0xd5,0x55,0x57,0x5d,
  0xf5,0x1f,0xea,0x41,0x2f,0xfd,0xd6,0xb7,0x1a,0x1e,0xc4,0x55,0xff,0x6d,0x2,0xde,
  0xe7,0xd6,0xbf,0xfe,0xe9,0xef,0xe6,0xaa,0xab,0xae,0x7a,0x7e,0x10,0x57,0x5d,0x75,
  0xd5,0x55,0x57,0xfd,0x87,0x7a,0xf0,0x4b,0xbf,0xf5,0x47,0x27,0x7c,0x15,0x57,0xfd,
  0xb7,0x9,0x38,0x71,0xeb,0x5f,0xff,0xf4,0x2e,0x57,0x5d,0x75,0xd5,0xf3,0x83,0xb8,
  0xea,0xaa,0xab,0xae,0xba,0xea,0x3f,0xd4,0x83,0x5f,0xfa,0xad,0x8f,0x27,0x5c,0xe4,
  0xaa,0xff,0x2e,0x3f,0x73,0xdb,0x5f,0xff,0xf4,0x5b,0x73,0xd5,0x55,0x57,0xbd,0x20,
  0x88,0xab,0xae,0xba,0xea,0xaa,0xab,0xfe,0xc3,0xdd,0xf2,0xd2,0x6f,0xfd,0xdd,0xc0,
  0x7b,0x71,0xd5,0x7f,0xb9,0x80,0xb7,0xb9,0xf5,0xaf,0x7f,0xfa,0xa7,0xb9,0xea,0xaa,
  0xab,0x5e,0x10,0xc4,0x55,0x57,0x5d,0x75,0xd5,0x55,0xff,0xe1,0x1e,0xfc,0xd2,0x6f,
  0xfd,0xda,0x9,0xbf,0xc5,0x55,0xff,0xa5,0x4,0x97,0x9e,0xf1,0xd7,0x3f,0x7d,0x9c,
  0xab,0xae,0xba,0xea,0x85,0x41,0x5c,0x75,0xd5,0x55,0x57,0x5d,0xf5,0x9f,0xe2,0x41,
  0x2f,0xfd,0xd6,0x7f,0x6d,0x78,0x29,0xae,0xfa,0xaf,0xf4,0x3d,0xb7,0xfd,0xf5,0x4f,
  0xbf,0x37,0x57,0x5d,0x75,0xd5,0xb,0x83,0xb8,0xea,0xaa,0xab,0xae,0xba,0xea,0x3f,
  0xc5,0x83,0x5f,0xfa,0xad,0xdf,0x3b,0xe1,0xbb,0xb8,0xea,0xbf,0x4c,0xc0,0xeb,0xdc,
  0xfa,0xd7,0x3f,0xfd,0xdb,0x5c,0x75,0xd5,0x55,0x2f,0xc,0xe2,0xaa,0xab,0xae,0xba,
  0xea,0xaa,0xff,0x14,0xf,0x7e,0xe9,0xb7,0x3e,0x6e,0xb8,0xd5,0x70,0x8c,0xab,0xfe,
  0xd3,0x9,0x9e,0xf1,0x8c,0xbf,0xfe,0xe9,0x7,0x73,0xd5,0x55,0x57,0xfd,0x4b,0x10,
  0x57,0x5d,0x75,0xd5,0x55,0x57,0xfd,0xa7,0xb9,0xe5,0xa5,0xdf,0xfa,0xbb,0x81,0xf7,
  0xe2,0xaa,0xff,0xa,0x5f,0x73,0xdb,0x5f,0xff,0xf4,0x47,0x73,0xd5,0x55,0x57,0xfd,
  0x4b,0x10,0x57,0x5d,0x75,0xd5,0x55,0x57,0xfd,0xa7,0x79,0xf0,0x4b,0xbf,0xf5,0x4b,
  0x27,0xfc,0x15,0x57,0xfd,0xa7,0xb,0x78,0xc8,0xad,0x7f,0xfd,0xd3,0xb7,0x72,0xd5,
  0x55,0x57,0xfd,0x4b,0x10,0x57,0x5d,0x75,0xd5,0x55,0x57,0xfd,0xa7,0x7a,0xd0,0x4b,
  0xbf,0xf5,0x5f,0x1b,0x5e,0x8a,0xab,0xfe,0xd3,0x8,0xfe,0xe6,0x19,0x7f,0xfd,0xd3,
  0x2f,0xcd,0x55,0x57,0x5d,0xf5,0xa2,0x40,0x5c,0x75,0xd5,0x55,0x57,0x5d,0xf5,0x9f,
  0xea,0xc1,0x2f,0xfd,0xd6,0xef,0x9d,0xf0,0x5d,0x5c,0xf5,0x9f,0x26,0xe0,0x63,0x6e,
  0xfd,0xeb,0x9f,0xfe,0x6a,0xae,0xba,0xea,0xaa,0x17,0x5,0xe2,0xaa,0xab,0xae,0xba,
  0xea,0xaa,0xff,0x54,0xf,0x7e,0xe9,0xb7,0x3e,0x6e,0xb8,0xd5,0x70,0x8c,0xab,0xfe,
  0x53,0x4,0x3c,0xe4,0xd6,0xbf,0xfe,0xe9,0x5b,0xb9,0xea,0xaa,0xab,0x5e,0x14,0x88,
  0xab,0xae,0xba,0xea,0xaa,0xab,0xfe,0xd3,0xdd,0xf2,0xd2,0x6f,0xfd,0xd5,0xc0,0x47,
  0x71,0xd5,0x7f,0x86,0x9f,0xb9,0xed,0xaf,0x7f,0xfa,0xad,0xb9,0xea,0xaa,0xab,0x5e,
  0x54,0x88,0xab,0xae,0xba,0xea,0xaa,0xab,0xfe,0xd3,0x3d,0xf8,0xa5,0xdf,0xfa,0xc1,
  0x9,0x4f,0xe7,0xaa,0xff,0x70,0x1,0xef,0x73,0xeb,0x5f,0xff,0xf4,0x77,0x73,0xd5,
  0x55,0x57,0xbd,0xa8,0x10,0x57,0x5d,0x75,0xd5,0x55,0x57,0xfd,0x97,0x78,0xd0,0x4b,
  0xbf,0xf5,0x6f,0x1b,0x5e,0x8b,0xab,0xfe,0x43,0x5,0x9c,0xb8,0xf5,0xaf,0x7f,0x7a,
  0x97,0xab,0xae,0xba,0xea,0x45,0x85,0xb8,0xea,0xaa,0xab,0xae,0xba,0xea,0xbf,0xc4,
  0x83,0x5f,0xfa,0xad,0xdf,0x3b,0xe1,0xbb,0xb8,0xea,0x3f,0xd2,0xf7,0xdc,0xf6,0xd7,
  0x3f,0xfd,0xde,0x5c,0x75,0xd5,0x55,0xff,0x1a,0x88,0xab,0xae,0xba,0xea,0xaa,0xab,
  0xfe,0xcb,0x3c,0xe8,0xa5,0xdf,0x7a,0xd7,0x70,0x8c,0xab,0xfe,0x43,0x4,0xbc,0xcd,
  0xad,0x7f,0xfd,0xd3,0x3f,0xcd,0x55,0x57,0x5d,0xf5,0xaf,0x81,0xb8,0xea,0xaa,0xab,
  0xae,0xba,0xea,0xbf,0xcc,0x2d,0x2f,0xfd,0xd6,0x5f,0xd,0x7c,0x14,0x57,0xfd,0xbb,
  0x9,0x2e,0x3d,0xe3,0xaf,0x7f,0xfa,0x38,0x57,0x5d,0x75,0xd5,0xbf,0x16,0xe2,0xaa,
  0xab,0xae,0xba,0xea,0xaa,0xff,0x32,0xf,0x7e,0xe9,0xb7,0x7e,0x70,0xc2,0xd3,0xb9,
  0xea,0x3f,0xc2,0xf7,0xdc,0xf6,0xd7,0x3f,0xfd,0xde,0x5c,0x75,0xd5,0x55,0xff,0x5a,
  0x88,0xab,0xae,0xba,0xea,0xaa,0xab,0xfe,0x4b,0x3d,0xe8,0xa5,0xdf,0xfa,0xb7,0xd,
  0xaf,0xc5,0x55,0xff,0x2e,0x1,0x2f,0x73,0xeb,0x5f,0xff,0xf4,0x5f,0x73,0xd5,0x55,
  0x57,0xfd,0x6b,0x21,0xae,0xba,0xea,0xaa,0xab,0xae,0xfa,0x2f,0xf5,0xe0,0x97,0x7e,
  0xeb,0xb7,0x4e,0xf8,0x29,0xae,0xfa,0x37,0x13,0x3c,0xe3,0x19,0x7f,0xfd,0xd3,0xf,
  0xe6,0xaa,0xab,0xae,0xfa,0xb7,0x40,0x5c,0x75,0xd5,0x55,0x57,0x5d,0xf5,0x5f,0xee,
  0x41,0x2f,0xfd,0xd6,0xb7,0x1a,0x1e,0xc4,0x55,0xff,0x56,0x5f,0x73,0xdb,0x5f,0xff,
  0xf4,0x47,0x73,0xd5,0x55,0x57,0xfd,0x5b,0x20,0xae,0xba,0xea,0xaa,0xab,0xae,0xfa,
  0x2f,0x77,0xcb,0x4b,0xbf,0xf5,0x67,0x3,0x9f,0xc5,0x55,0xff,0x26,0x1,0xf,0xb9,
  0xf5,0xaf,0x7f,0xfa,0x56,0xae,0xba,0xea,0xaa,0x7f,0xb,0xc4,0x55,0x57,0x5d,0x75,
  0xd5,0x55,0xff,0xe5,0x1e,0xfc,0xd2,0x6f,0xfd,0xe0,0x84,0xa7,0x73,0xd5,0xbf,0x9a,
  0xe0,0x6f,0x9e,0xf1,0xd7,0x3f,0xfd,0xd2,0x5c,0x75,0xd5,0x55,0xff,0x56,0x88,0xab,
  0xae,0xba,0xea,0xaa,0xab,0xfe,0x5b,0xdc,0xf2,0xd2,0x6f,0xfd,0xd3,0xc0,0x5b,0x71,
  0xd5,0xbf,0x4a,0xc0,0xc7,0xdc,0xfa,0xd7,0x3f,0xfd,0xd5,0x5c,0x75,0xd5,0x55,0xff,
  0x56,0x88,0xab,0xae,0xba,0xea,0xaa,0xab,0xfe,0x5b,0x3c,0xf8,0xa5,0xdf,0xfa,0xad,
  0x13,0x7e,0x8a,0xab,0xfe,0x55,0x2,0x4e,0xdc,0xfa,0xd7,0x3f,0xbd,0xcb,0x55,0x57,
  0x5d,0xf5,0x6f,0x85,0xb8,0xea,0xaa,0xab,0xae,0xba,0xea,0xbf,0xcd,0x83,0x5e,0xfa,
  0xad,0x6f,0x35,0x3c,0x88,0xab,0x5e,0x54,0x3f,0x73,0xdb,0x5f,0xff,0xf4,0x5b,0x73,
  0xd5,0x55,0x57,0xfd,0x7b,0x20,0xae,0xba,0xea,0xaa,0xab,0xae,0xfa,0x6f,0x73,0xcb,
  0x4b,0xbf,0xf5,0x67,0x3,0x9f,0xc5,0x55,0x2f,0x92,0x80,0xf7,0xb9,0xf5,0xaf,0x7f,
  0xfa,0xbb,0xb9,0xea,0xaa,0xab,0xfe,0x3d,0x10,0x57,0x5d,0x75,0xd5,0x55,0x57,0xfd,
  0xb7,0x79,0xf0,0x4b,0xbf,0xf5,0xf1,0x84,0x8b,0x5c,0xf5,0x2f,0x12,0x5c,0x12,0x3c,
  0xf8,0xd6,0xbf,0xfe,0xe9,0x5d,0xae,0xba,0xea,0xaa,0x7f,0xf,0xc4,0x55,0x57,0x5d,
  0x75,0xd5,0x55,0xff,0xad,0x6e,0x79,0xe9,0xb7,0xfe,0x6e,0xe0,0xbd,0xb8,0xea,0x5f,
  0xf2,0x3d,0xb7,0xfd,0xf5,0x4f,0xbf,0x37,0x57,0x5d,0x75,0xd5,0xbf,0x17,0xe2,0xaa,
  0xab,0xae,0xba,0xea,0xaa,0xff,0x56,0xf,0x7e,0xe9,0xb7,0x7e,0xed,0x84,0xdf,0xe2,
  0xaa,0x17,0x2a,0xe0,0x6d,0x6e,0xfd,0xeb,0x9f,0xfe,0x69,0xae,0xba,0xea,0xaa,0x7f,
  0x2f,0xc4,0x55,0x57,0x5d,0x75,0xd5,0x55,0xff,0xed,0x1e,0xf4,0xd2,0x6f,0x7d,0xab,
  0xe1,0x41,0x5c,0xf5,0x7c,0x9,0x2e,0x3d,0xe3,0xaf,0x7f,0xfa,0x38,0x57,0x5d,0x75,
  0xd5,0x7f,0x4,0xc4,0x55,0x57,0x5d,0x75,0xd5,0x55,0xff,0xed,0x1e,0xfc,0xd2,0x6f,
  0xfd,0xd1,0x9,0x5f,0xc5,0x55,0x2f,0xc8,0xd7,0xdc,0xf6,0xd7,0x3f,0xfd,0xd1,0x5c,
  0x75,0xd5,0x55,0xff,0x11,0x10,0x57,0x5d,0x75,0xd5,0x55,0x57,0xfd,0xb7,0x7b,0xf0,
  0x4b,0xbf,0xf5,0xf1,0x84,0x8b,0x5c,0xf5,0x7c,0x5,0xbc,0xcc,0xad,0x7f,0xfd,0xd3,
  0x7f,0xcd,0x55,0x57,0x5d,0xf5,0x1f,0x1,0x71,0xd5,0x55,0x57,0x5d,0x75,0xd5,0xff,
  0x8,0xb7,0xbc,0xf4,0x5b,0x7f,0x37,0xf0,0x5e,0x5c,0xf5,0x1c,0x4,0xcf,0x78,0xc6,
  0x5f,0xff,0xf4,0x83,0xb9,0xea,0xaa,0xab,0xfe,0xa3,0x20,0xae,0xba,0xea,0xaa,0xab,
  0xae,0xfa,0x1f,0xe1,0xc1,0x2f,0xfd,0xd6,0xaf,0x9d,0xf0,0x5b,0x5c,0xf5,0xdc,0x3e,
  0xe7,0xb6,0xbf,0xfe,0xe9,0xcf,0xe6,0xaa,0xab,0xae,0xfa,0x8f,0x82,0xb8,0xea,0xaa,
  0xab,0xae,0xba,0xea,0x7f,0x8c,0x7,0xbd,0xf4,0x5b,0xff,0xb5,0xe1,0xa5,0xb8,0xea,
  0x59,0x2,0x1e,0x72,0xeb,0x5f,0xff,0xf4,0xad,0x5c,0x75,0xd5,0x55,0xff,0x51,0x10,
  0x57,0x5d,0x75,0xd5,0x55,0x57,0xfd,0x8f,0xf1,0xe0,0x97,0x7e,0xeb,0xf7,0x4e,0xf8,
  0x2e,0xae,0xba,0x4c,0xf0,0x37,0xcf,0xf8,0xeb,0x9f,0x7e,0x69,0xae,0xba,0xea,0xaa,
  0xff,0x48,0x88,0xab,0xae,0xba,0xea,0xaa,0xab,0xfe,0xc7,0x78,0xf0,0x4b,0xbf,0xf5,
  0x71,0xc3,0xad,0x86,0x63,0x5c,0x45,0xc0,0xc7,0xdc,0xfa,0xd7,0x3f,0xfd,0xd5,0x5c,
  0x75,0xd5,0x55,0xff,0x91,0x10,0x57,0x5d,0x75,0xd5,0x55,0x57,0xfd,0x8f,0x72,0xcb,
  0x4b,0xbf,0xf5,0x77,0x3,0xef,0xc5,0x55,0x4,0x9c,0xb8,0xf5,0xaf,0x7f,0x7a,0x97,
  0xab,0xae,0xba,0xea,0x3f,0x12,0xe2,0xaa,0xab,0xae,0xba,0xea,0xaa,0xff,0x51,0x1e,
  0xfc,0xd2,0x6f,0xfd,0xd2,0x9,0x7f,0xc5,0x55,0x3f,0x73,0xdb,0x5f,0xff,0xf4,0x5b,
  0x73,0xd5,0x55,0x57,0xfd,0x47,0x43,0x5c,0x75,0xd5,0x55,0x57,0x5d,0xf5,0x3f,0xce,
  0x83,0x5e,0xfa,0xad,0xff,0xda,0xf0,0x52,0xfc,0x3f,0x16,0xf0,0x36,0xb7,0xfe,0xf5,
  0x4f,0xff,0x34,0x57,0x5d,0x75,0xd5,0x7f,0x34,0xc4,0x55,0x57,0x5d,0x75,0xd5,0x55,
  0xff,0xe3,0x3c,0xf8,0xa5,0xdf,0xfa,0xbd,0x13,0xbe,0x8b,0xff,0xa7,0x4,0xcf,0x78,
  0xc6,0x5f,0xff,0xf4,0x83,0xb9,0xea,0xaa,0xab,0xfe,0x33,0x20,0xae,0xba,0xea,0xaa,
  0xab,0xae,0xfa,0x1f,0xe9,0x41,0x2f,0xfd,0xd6,0xb7,0x1a,0x1e,0xc4,0xff,0x4f,0x9f,
  0x73,0xdb,0x5f,0xff,0xf4,0x67,0x73,0xd5,0x55,0x57,0xfd,0x67,0x40,0x5c,0x75,0xd5,
  0x55,0x57,0x5d,0xf5,0x3f,0xd2,0x83,0x5f,0xfa,0xad,0xdf,0x3b,0xe1,0xbb,0xf8,0x7f,
  0x46,0x70,0x49,0xf0,0xe0,0x5b,0xff,0xfa,0xa7,0x77,0xb9,0xea,0xaa,0xab,0xfe,0x33,
  0x20,0xae,0xba,0xea,0xaa,0xab,0xae,0xfa,0x1f,0xeb,0x41,0x2f,0xfd,0xd6,0xb7,0x1a,
  0x1e,0xc4,0xff,0x2f,0x9f,0x73,0xdb,0x5f,0xff,0xf4,0x67,0x73,0xd5,0x55,0x57,0xfd,
  0x67,0x41,0x5c,0x75,0xd5,0x55,0x57,0x5d,0xf5,0x3f,0xd6,0x83,0x5f,0xfa,0xad,0xdf,
  0x3b,0xe1,0xbb,0xf8,0x7f,0x42,0xf0,0xc,0xc1,0x4b,0xdf,0xfa,0xd7,0x3f,0xbd,0xcb,
  0x55,0x57,0x5d,0xf5,0x9f,0x5,0x71,0xd5,0x55,0x57,0x5d,0x75,0xd5,0xff,0x68,0xf,
  0x7a,0xe9,0xb7,0xfe,0x6d,0xc3,0x6b,0xf1,0xff,0x40,0xc0,0xdb,0xdc,0xfa,0xd7,0x3f,
  0xfd,0xd3,0x5c,0x75,0xd5,0x55,0xff,0x99,0x10,0x57,0x5d,0x75,0xd5,0x55,0x57,0xfd,
  0x8f,0xf6,0xe0,0x97,0x7e,0xeb,0x7,0x1b,0xfe,0xda,0x70,0x8c,0xff,0xdb,0x7e,0xe6,
  0xb6,0xbf,0xfe,0xe9,0xb7,0xe6,0xaa,0xab,0xae,0xfa,0xcf,0x86,0xb8,0xea,0xaa,0xab,
  0xae,0xba,0xea,0x7f,0xbc,0x7,0xbf,0xf4,0x5b,0xbf,0x75,0xc2,0x4f,0xf1,0x7f,0x94,
  0xe0,0x92,0xe0,0xc1,0xb7,0xfe,0xf5,0x4f,0xef,0x72,0xd5,0x55,0x57,0xfd,0x67,0x43,
  0x5c,0x75,0xd5,0x55,0x57,0x5d,0xf5,0xbf,0xc2,0x2d,0x2f,0xfd,0xd6,0x3f,0xd,0xbc,
  0x15,0xff,0x7,0x5,0xbc,0xce,0xad,0x7f,0xfd,0xd3,0xbf,0xcd,0x55,0x57,0x5d,0xf5,
  0x5f,0x1,0x71,0xd5,0x55,0x57,0x5d,0x75,0xd5,0xff,0xa,0xf,0x7e,0xe9,0xb7,0x3e,
  0x6e,0xf8,0x6d,0xc3,0x4b,0xf1,0x7f,0x48,0xc0,0xfb,0xdc,0xfa,0xd7,0x3f,0xfd,0xdd,
  0x5c,0x75,0xd5,0x55,0xff,0x55,0x10,0x57,0x5d,0x75,0xd5,0x55,0x57,0xfd,0xaf,0xf1,
  0xe0,0x97,0x7e,0xeb,0xe3,0x86,0xdf,0x36,0xbc,0x14,0xff,0x37,0x7c,0xcf,0x6d,0x7f,
  0xfd,0xd3,0xef,0xcd,0x55,0x57,0x5d,0xf5,0x5f,0x9,0x71,0xd5,0x55,0x57,0x5d,0x75,
  0xd5,0xff,0x2a,0xf,0x7e,0xe9,0xb7,0x3e,0x6e,0xf8,0x6d,0xc3,0x4b,0xf1,0xbf,0xdb,
  0xf7,0xdc,0xf6,0xd7,0x3f,0xfd,0xde,0x5c,0x75,0xd5,0x55,0xff,0xd5,0x10,0x57,0x5d,
  0x75,0xd5,0x55,0x57,0xfd,0xaf,0xf3,0xe0,0x97,0x7e,0xeb,0x7,0x1b,0xfe,0xda,0x70,
  0x8c,0xff,0x9d,0xbe,0xe7,0xb6,0xbf,0xfe,0xe9,0xf7,0xe6,0xaa,0xab,0xae,0xfa,0xef,
  0x80,0xb8,0xea,0xaa,0xab,0xae,0xba,0xea,0x7f,0xa5,0x7,0xbf,0xf4,0x5b,0x1f,0x37,
  0xfc,0xb4,0xe1,0xb5,0xf8,0x5f,0x24,0xe0,0x7d,0x6e,0xfd,0xeb,0x9f,0xfe,0x6e,0xae,
  0xba,0xea,0xaa,0xff,0x2e,0x88,0xab,0xae,0xba,0xea,0xaa,0xab,0xfe,0x57,0xbb,0xe5,
  0xa5,0xdf,0xfa,0xab,0x81,0x8f,0xe2,0x7f,0x38,0xc1,0x25,0xc1,0x7b,0xdf,0xfa,0xd7,
  0x3f,0xfd,0xd3,0x5c,0x75,0xd5,0x55,0xff,0x9d,0x10,0x57,0x5d,0x75,0xd5,0x55,0x57,
  0xfd,0xaf,0xf7,0xe0,0x97,0x7e,0xeb,0xb7,0x36,0x7c,0xb7,0xe1,0x18,0xff,0x3,0x9,
  0x7e,0x47,0xf0,0xde,0xb7,0xfe,0xf5,0x4f,0xdf,0xca,0x55,0x57,0x5d,0xf5,0xdf,0xd,
  0x71,0xd5,0x55,0x57,0x5d,0x75,0xd5,0xff,0x9,0xf,0x7e,0xe9,0xb7,0x7e,0x70,0xc2,
  0x67,0x3,0xef,0xc5,0xff,0x10,0x82,0x4b,0x82,0xcf,0xbe,0xf5,0xaf,0x7f,0xfa,0xab,
  0xb9,0xea,0xaa,0xab,0xfe,0xa7,0x40,0x5c,0x75,0xd5,0x55,0x57,0x5d,0xf5,0x7f,0xca,
  0x83,0x5f,0xfa,0xad,0x5f,0xdb,0xf0,0xd9,0x86,0xd7,0xe2,0xbf,0xd7,0xf7,0x4,0x7c,
  0xf6,0xad,0x7f,0xfd,0xd3,0xb7,0x72,0xd5,0x55,0x57,0xfd,0x4f,0x82,0xb8,0xea,0xaa,
  0xab,0xae,0xba,0xea,0xff,0xa4,0x7,0xbf,0xf4,0x5b,0xbf,0xb7,0xe1,0xa3,0xd,0x2f,
  0xc5,0x7f,0xad,0xef,0x9,0xf8,0xec,0x5b,0xff,0xfa,0xa7,0x6f,0xe5,0xaa,0xab,0xae,
  0xfa,0x9f,0x8,0x71,0xd5,0x55,0x57,0x5d,0x75,0xd5,0xff,0x69,0xf,0x7e,0xe9,0xb7,
  0x7e,0xe9,0x84,0xf7,0x16,0xbc,0xb7,0xe1,0x18,0xff,0x9,0x4,0xcf,0x10,0x7c,0x35,
  0xf0,0xd3,0xb7,0xfe,0xf5,0x4f,0xdf,0xca,0x55,0x57,0x5d,0xf5,0x3f,0x19,0xe2,0xaa,
  0xab,0xae,0xba,0xea,0xaa,0xff,0x37,0x1e,0xfc,0xd2,0x6f,0xfd,0xde,0x9,0x2f,0x2d,
  0x78,0x6d,0xc3,0x4b,0xf1,0xef,0x20,0xf8,0x1b,0xc3,0x4f,0x7,0xfc,0xf4,0xad,0x7f,
  0xfd,0xd3,0x7f,0xcd,0x55,0x57,0x5d,0xf5,0xbf,0x5,0xe2,0xaa,0xab,0xae,0xba,0xea,
  0xaa,0xff,0xb7,0x1e,0xfc,0xd2,0x6f,0xfd,0xda,0x9,0xaf,0xcd,0x15,0x2f,0x2d,0x38,
  0xce,0x15,0xf,0xe6,0x8a,0x5b,0x79,0x26,0xc3,0x6f,0x7,0xec,0x2,0x7f,0x7d,0xeb,
  0x5f,0xff,0xf4,0x6f,0x73,0xd5,0x55,0x57,0xfd,0x6f,0x85,0xb8,0xea,0xaa,0xab,0xae,
  0xba,0xea,0xaa,0xab,0xae,0xba,0xea,0xff,0x13,0xc4,0x55,0x57,0x5d,0x75,0xd5,0x55,
  0x57,0x5d,0x75,0xd5,0x55,0xff,0x9f,0x20,0xae,0xba,0xea,0xaa,0xab,0xae,0xba,0xea,
  0xaa,0xab,0xae,0xfa,0xff,0x4,0x71,0xd5,0x55,0x57,0x5d,0x75,0xd5,0x55,0x57,0x5d,
  0x75,0xd5,0xff,0x27,0x88,0xab,0xae,0xba,0xea,0xaa,0xab,0xae,0xba,0xea,0xaa,0xab,
  0xfe,0x3f,0x41,0x5c,0x75,0xd5,0x55,0x57,0x5d,0x75,0xd5,0x55,0x57,0x5d,0xf5,0xff,
  0x9,0xe2,0xaa,0xab,0xae,0xba,0xea,0xaa,0xab,0xae,0xba,0xea,0xaa,0xff,0x4f,0x10,
  0x57,0x5d,0x75,0xd5,0x55,0x57,0x5d,0x75,0xd5,0x55,0x57,0xfd,0x7f,0x82,0xb8,0xea,
  0xaa,0xab,0xae,0xba,0xea,0xaa,0xab,0xae,0xba,0xea,0xff,0x13,0xc4,0x55,0x57,0x5d,
  0x75,0xd5,0x55,0x57,0x5d,0x75,0xd5,0x55,0xff,0x9f,0x20,0xae,0xba,0xea,0xaa,0xab,
  0xae,0xba,0xea,0xaa,0xab,0xae,0xfa,0xff,0x4,0x71,0xd5,0x55,0x57,0x5d,0x75,0xd5,
  0x55,0x57,0x5d,0x75,0xd5,0xff,0x27,0x88,0xab,0xae,0xba,0xea,0xaa,0xab,0xae,0xba,
  0xea,0xaa,0xab,0xfe,0x3f,0x41,0x5c,0x75,0xd5,0x55,0x57,0x5d,0x75,0xd5,0x55,0x57,
  0x5d,0xf5,0xff,0x9,0xe2,0xaa,0xab,0xae,0xba,0xea,0xaa,0xab,0xae,0xba,0xea,0xaa,
  0xff,0x4f,0x10,0x57,0x5d,0x75,0xd5,0x55,0x57,0x5d,0x75,0xd5,0x55,0x57,0xfd,0x7f,
  0x82,0xb8,0xea,0xaa,0xab,0xae,0xba,0xea,0xaa,0xab,0xae,0xba,0xea,0xff,0x13,0xc4,
  0x55,0x57,0x5d,0x75,0xd5,0x55,0x57,0x5d,0x75,0xd5,0x55,0xff,0x9f,0x20,0xae,0xba,
  0xea,0xaa,0xab,0xae,0xba,0xea,0xaa,0xab,0xae,0xfa,0xff,0x4,0x71,0xd5,0x55,0x57,
  0x5d,0x75,0xd5,0x55,0x57,0x5d,0x75,0xd5,0xff,0x27,0x88,0xab,0xae,0xba,0xea,0xaa,
  0xab,0xae,0xba,0xea,0xaa,0xab,0xfe,0x3f,0x41,0x5c,0x75,0xd5,0x55,0x57,0x5d,0x75,
  0xd5,0x55,0x57,0x5d,0xf5,0xff,0x9,0xe2,0xaa,0xab,0xae,0xba,0xea,0xaa,0xab,0xae,
  0xba,0xea,0xaa,0xff,0x4f,0x10,0x57,0x5d,0x75,0xd5,0x55,0x57,0x5d,0x75,0xd5,0x55,
  0x57,0xfd,0x7f,0x82,0xb8,0xea,0xaa,0xab,0xae,0xba,0xea,0xaa,0xab,0xae,0xba,0xea,
  0xff,0x13,0xc4,0x55,0x57,0x5d,0x75,0xd5,0x55,0x57,0x5d,0x75,0xd5,0x55,0xff,0x9f,
  0x20,0xae,0xba,0xea,0xaa,0xab,0xae,0xba,0xea,0xaa,0xab,0xae,0xfa,0xff,0x4,0x71,
  0xd5,0x55,0x57,0x5d,0x75,0xd5,0x55,0x57,0x5d,0x75,0xd5,0xff,0x27,0x88,0xab,0xae,
  0xba,0xea,0xaa,0xab,0xae,0xba,0xea,0xaa,0xab,0xfe,0x3f,0x41,0x5c,0x75,0xd5,0x55,
  0x57,0x5d,0x75,0xd5,0x55,0x57,0x5d,0xf5,0xff,0x9,0xe2,0xaa,0xab,0xae,0xba,0xea,
  0xaa,0xab,0xae,0xba,0xea,0xaa,0xff,0x4f,0x10,0x57,0x5d,0x75,0xd5,0x55,0x57,0x5d,
  0x75,0xd5,0x55,0x57,0xfd,0x7f,0x82,0xb8,0xea,0xaa,0xab,0xae,0xba,0xea,0xaa,0xab,
  0xae,0xba,0xea,0xff,0x13,0xc4,0x55,0x57,0x5d,0x75,0xd5,0x55,0x57,0x5d,0x75,0xd5,
  0x55,0xff,0x9f,0x20,0xae,0xba,0xea,0xaa,0xab,0xae,0xba,0xea,0xaa,0xab,0xae,0xfa,
  0xff,0x4,0x71,0xd5,0x55,0x57,0x5d,0x75,0xd5,0x55,0x57,0x5d,0x75,0xd5,0xff,0x27,
  0x88,0xab,0xae,0xba,0xea,0xaa,0xab,0xae,0xba,0xea,0xaa,0xab,0xfe,0x3f,0x41,0x5c,
  0x75,0xd5,0x55,0x57,0x5d,0x75,0xd5,0x55,0x57,0x5d,0xf5,0xff,0x9,0xe2,0xaa,0xab,
  0xae,0xba,0xea,0xaa,0xab,0xae,0xba,0xea,0xaa,0xff,0x4f,0x10,0x57,0x5d,0x75,0xd5,
  0x55,0x57,0x5d,0x75,0xd5,0x55,0x57,0xfd,0x7f,0x82,0xb8,0xea,0xaa,0xab,0xae,0xba,
  0xea,0xaa,0xab,0xae,0xba,0xea,0xff,0x13,0xc4,0x55,0x57,0x5d,0x75,0xd5,0x55,0x57,
  0x5d,0x75,0xd5,0x55,0xff,0x9f,0x20,0xae,0xba,0xea,0xaa,0xab,0xae,0xba,0xea,0xaa,
  0xab,0xae,0xfa,0xff,0x4,0x71,0xd5,0x55,0x57,0x5d,0x75,0xd5,0x55,0x57,0x5d,0x75,
  0xd5,0xff,0x27,0x88,0xab,0xae,0xba,0xea,0xaa,0xab,0xae,0xba,0xea,0xaa,0xab,0xfe,
  0x3f,0x41,0x5c,0x75,0xd5,0x55,0x57,0x5d,0x75,0xd5,0x55,0x57,0x5d,0xf5,0xff,0x9,
  0xe2,0xaa,0xab,0xae,0xba,0xea,0xaa,0xab,0xae,0xba,0xea,0xaa,0xff,0x4f,0x10,0x57,
  0x5d,0x75,0xd5,0x55,0x57,0x5d,0x75,0xd5,0x55,0x57,0xfd,0x7f,0xc2,0x3f,0x2,0xa7,
  0x7a,0xf,0x43,0x67,0xd4,0x74,0x6d,0x0,0x0,0x0,0x0,0x49,0x45,0x4e,0x44,0xae,
  0x42,0x60,0x82,
    // paperclip-solid.png
  0x0,0x0,0x94,0xb0,
  0x89,
  0x50,0x4e,0x47,0xd,0xa,0x1a,0xa,0x0,0x0,0x0,0xd,0x49,0x48,0x44,0x52,0x0,
  0x0,0x2,0x80,0x0,0x0,0x2,0x80,0x8,0x6,0x0,0x0,0x0,0xc,0xcd,0xc9,0x23,
  0x0,0x0,0x94,0x77,0x49,0x44,0x41,0x54,0x78,0x1,0xed,0xc0,0x3,0xa0,0x24,0x59,
  0x96,0xc6,0xf1,0xff,0x77,0xee,0x8d,0xc8,0xcc,0xa7,0x72,0x4b,0x63,0xae,0x6d,0xdb,
  0xb6,0x6d,0xdb,0xb6,0x6d,0xdb,0xb6,0x6d,0x69,0x8c,0x9e,0x96,0x4a,0xaf,0x9e,0x32,
  0x33,0x22,0xee,0xf9,0x76,0xb7,0x6a,0x7a,0xa6,0x87,0x3b,0x6b,0xd5,0x4f,0x5c,0x75,
  0xd5,0x55,0x57,0x5d,0x75,0xd5,0x55,0x57,0x5d,0xf5,0xff,0x9,0xe2,0xaa,0xab,0xae,
  0xba,0xea,0xaa,0xab,0xae,0xba,0xea,0xaa,0xff,0x4f,0x10,0x57,0x5d,0x75,0xd5,0x55,
  0x57,0x5d,0x75,0xd5,0x55,0x57,0xfd,0x7f,0x82,0xb8,0xea,0xaa,0xab,0xae,0xba,0xea,
  0xaa,0xab,0xae,0xba,0xea,0xff,0x13,0xc4,0x55,0x57,0x5d,0x75,0xd5,0x55,0x57,0x5d,
  0x75,0xd5,0x55,0xff,0x9f,0x20,0xae,0xba,0xea,0xaa,0xab,0xae,0xba,0xea,0xaa,0xab,
  0xae,0xfa,0xff,0x4,0x71,0xd5,0x55,0x57,0x5d,0x75,0xd5,0x55,0x57,0x5d,0x75,0xd5,
  0xff,0x27,0x88,0xab,0xae,0xba,0xea,0xaa,0xab,0xae,0xba,0xea,0xaa,0xab,0xfe,0x3f,
  0x41,0x5c,0x75,0xd5,0x55,0x57,0x5d,0x75,0xd5,0x55,0x57,0x5d,0xf5,0xff,0x9,0xe2,
  0xaa,0xab,0xae,0xba,0xea,0xaa,0xab,0xae,0xba,0xea,0xaa,0xff,0x4f,0x10,0x57,0x5d,
  0x75,0xd5,0x55,0x57,0x5d,0x75,0xd5,0x55,0x57,0xfd,0x7f,0x82,0xb8,0xea,0xaa,0xab,
  0xae,0xba,0xea,0xaa,0xab,0xae,0xba,0xea,0xff,0x13,0xc4,0x55,0x57,0x5d,0x75,0xd5,
  0x55,0x57,0x5d,0x75,0xd5,0x55,0xff,0x9f,0x20,0xae,0xba,0xea,0xaa,0xab,0xae,0xba,
  0xea,0xaa,0xab,0xae,0xfa,0xff,0x4,0x71,0xd5,0x55,0x57,0x5d,0x75,0xd5,0x55,0x57,
  0x5d,0x75,0xd5,0xff,0x27,0x88,0xab,0xae,0xba,0xea,0xaa,0xab,0xae,0xba,0xea,0xaa,
  0xab,0xfe,0x3f,0x41,0x5c,0x75,0xd5,0x55,0x57,0x5d,0x75,0xd5,0x55,0x57,0x5d,0xf5,
  0xff,0x9,0xe2,0xaa,0xab,0xae,0xba,0xea,0xaa,0xab,0xae,0xba,0xea,0xaa,0xff,0x4f,
  0x10,0x57,0x5d,0x75,0xd5,0x55,0x57,0x5d,0x75,0xd5,0x55,0x57,0xfd,0x7f,0x82,0xb8,
  0xea,0xaa,0xab,0xae,0xba,0xea,0xaa,0xab,0xae,0xba,0xea,0xff,0x13,0xc4,0x55,0x57,
  0x5d,0x75,0xd5,0x55,0x57,0x5d,0x75,0xd5,0x55,0xff,0x9f,0x20,0xae,0xba,0xea,0xaa,
  0xab,0xae,0xba,0xea,0xaa,0xab,0xae,0xfa,0xff,0x4,0x71,0xd5,0x55,0x57,0x5d,0x75,
  0xd5,0x55,0x57,0x5d,0x75,0xd5,0xff,0x27,0x88,0xab,0xae,0xba,0xea,0xaa,0xab,0xae,
  0xba,0xea,0xaa,0xab,0xfe,0x3f,0x41,0x5c,0x75,0xd5,0x55,0x57,0x5d,0x75,0xd5,0x55,
  0x57,0x5d,0xf5,0xff,0x9,0xe2,0xaa,0xab,0xae,0xba,0xea,0xaa,0xab,0xae,0xba,0xea,
  0xaa,0xff,0x4f,0x10,0x57,0x5d,0x75,0xd5,0x55,0x57,0x5d,0x75,0xd5,0x55,0x57,0xfd,
  0x7f,0x82,0xb8,0xea,0xaa,0xab,0xae,0xba,0xea,0xaa,0xab,0xae,0xba,0xea,0xff,0x13,
  0xc4,0x55,0x57,0x5d,0x75,0xd5,0x55,0x57,0x5d,0x75,0xd5,0x55,0xff,0x9f,0x20,0xae,
  0xba,0xea,0xaa,0xab,0xae,0xba,0xea,0xaa,0xab,0xae,0xfa,0xff,0x4,0x71,0xd5,0x55,
  0x57,0x5d,0x75,0xd5,0x55,0x57,0x5d,0x75,0xd5,0xff,0x27,0x88,0xab,0xae,0xba,0xea,
  0xaa,0xab,0xae,0xba,0xea,0xaa,0xab,0xfe,0x3f,0x41,0x5c,0x75,0xd5,0x55,0x57,0x5d,
  0x75,0xd5,0x55,0x57,0x5d,0xf5,0xff,0x9,0xe2,0xaa,0xab,0xae,0xba,0xea,0xaa,0xab,
  0xae,0xba,0xea,0xaa,0xff,0x4f,0x10,0x57,0x5d,0x75,0xd5,0x55,0x57,0xfd,0xbf,0xf2,
  0xe0,0x97,0x7e,0xeb,0x7,0x23,0x3d,0x88,0x7f,0x2b,0xfb,0x6f,0x6e,0xfd,0xeb,0x9f,
  0xde,0xe5,0xaa,0xab,0xae,0xfa,0xdf,0xa,0x71,0xd5,0x55,0x57,0x5d,0x75,0xd5,0xff,
  0x7a,0xf,0x7e,0xe9,0xb7,0x3e,0x8e,0xf4,0x52,0x0,0x69,0xbf,0x36,0x80,0xe0,0xb5,
  0x79,0x26,0xc3,0x6b,0xf3,0x9f,0x40,0xb0,0xb,0xfc,0x35,0x57,0xec,0x1a,0xfe,0x3a,
  0x60,0x17,0xe9,0xaf,0x1,0x6e,0xfd,0xab,0x9f,0xfa,0x1d,0xae,0xba,0xea,0xaa,0xff,
  0x69,0x10,0x57,0x5d,0x75,0xd5,0x55,0x57,0xfd,0xaf,0xf1,0xe0,0x97,0x7e,0xeb,0x97,
  0x6,0x3d,0x28,0xf1,0x4b,0xb,0x5e,0x1a,0x78,0xb0,0xe1,0xa5,0xf9,0x1f,0x4e,0xf0,
  0xdb,0x86,0x5b,0x81,0x5b,0x43,0xfa,0x6d,0xec,0x67,0xdc,0xfa,0xd7,0x3f,0x7d,0x2b,
  0x57,0x5d,0x75,0xd5,0x7f,0x7,0xc4,0x55,0x57,0x5d,0x75,0xd5,0x55,0xff,0x23,0x3d,
  0xf8,0xa5,0xdf,0xfa,0xa5,0x81,0xd7,0x4a,0x78,0x69,0xc1,0x4b,0x1b,0x5e,0x9a,0xff,
  0x63,0x4,0xbf,0x6d,0xf8,0xeb,0x40,0x7f,0xd,0xfe,0x9d,0x5b,0xff,0xfa,0xa7,0x6f,
  0xe5,0xaa,0xab,0xae,0xfa,0xcf,0x86,0xb8,0xea,0xaa,0xab,0xae,0xba,0xea,0xbf,0xdd,
  0x83,0x5f,0xfa,0xad,0x8f,0x83,0x5e,0x2b,0xf1,0x4b,0xb,0x5e,0xdb,0xf0,0xda,0xfc,
  0x3f,0x24,0xd8,0x5,0xfe,0xda,0xf0,0xdb,0x21,0xfd,0xf6,0xad,0x7f,0xf5,0x53,0xbf,
  0xc3,0x55,0x57,0x5d,0xf5,0x1f,0xd,0x71,0xd5,0x55,0x57,0x5d,0x75,0xd5,0x7f,0x8b,
  0x7,0xbf,0xcc,0xdb,0xbc,0x56,0xda,0x6f,0x2d,0x78,0x6d,0xc3,0x4b,0x73,0xd5,0xf3,
  0x25,0xf8,0x6d,0xc1,0x4f,0x3,0xbf,0x73,0xeb,0x5f,0xff,0xf4,0x5f,0x73,0xd5,0x55,
  0x57,0xfd,0x7b,0x21,0xae,0xba,0xea,0xaa,0xab,0xae,0xfa,0x2f,0xf1,0xe0,0x97,0x7e,
  0xeb,0x7,0x3,0x6f,0x65,0x78,0x6d,0xc3,0x5b,0x73,0xd5,0xbf,0x9a,0x60,0x17,0xf8,
  0x6d,0xa1,0x9f,0x6,0xff,0xcc,0xad,0x7f,0xfd,0xd3,0xbb,0x5c,0x75,0xd5,0x55,0xff,
  0x5a,0x88,0xab,0xae,0xba,0xea,0xaa,0xab,0xfe,0xd3,0x3c,0xf8,0xa5,0xdf,0xfa,0xa5,
  0x81,0xd7,0x32,0xbc,0xb7,0xe1,0xa5,0xb9,0xea,0x3f,0x94,0xe0,0xa7,0x5,0xbf,0xd,
  0xfc,0xcc,0xad,0x7f,0xfd,0xd3,0xb7,0x72,0xd5,0x55,0x57,0xbd,0x28,0x10,0x57,0x5d,
  0x75,0xd5,0x55,0x57,0xfd,0x87,0x7a,0xf0,0x4b,0xbf,0xf5,0x4b,0x27,0xbc,0x97,0xe0,
  0xad,0xd,0xf,0xe6,0xaa,0xff,0x12,0x82,0xbf,0x16,0x7c,0x37,0xf0,0x33,0xb7,0xfe,
  0xf5,0x4f,0xdf,0xca,0x55,0x57,0x5d,0xf5,0x82,0x20,0xae,0xba,0xea,0xaa,0xab,0xae,
  0xfa,0x77,0x7b,0xf0,0x4b,0xbf,0xf5,0x71,0xe0,0xbd,0xc,0xef,0x6d,0x78,0x69,0xae,
  0xfa,0x6f,0x25,0xf8,0x69,0xa1,0x9f,0xbe,0xf5,0xaf,0x7f,0xea,0x7b,0xb8,0xea,0xaa,
  0xab,0x9e,0x1b,0xe2,0xaa,0xab,0xae,0xba,0xea,0xaa,0x7f,0xb3,0x7,0xbf,0xf4,0xdb,
  0xbc,0x95,0xf1,0x7b,0x1b,0xde,0x9a,0xab,0xfe,0xc7,0x11,0xec,0x1a,0x7e,0x3a,0xe0,
  0x6b,0x6e,0xfd,0xeb,0x9f,0xfe,0x6b,0xae,0xba,0xea,0x2a,0x0,0xc4,0x55,0x57,0x5d,
  0x75,0xd5,0x55,0xff,0x2a,0xf,0x7e,0xe9,0xb7,0x7e,0x70,0xc2,0x7b,0x9,0x3e,0xda,
  0x70,0x9c,0xab,0xfe,0x57,0x10,0xdc,0x2a,0xf4,0xd9,0xe0,0x9f,0xb9,0xf5,0xaf,0x7f,
  0x7a,0x97,0xab,0xae,0xfa,0xff,0xb,0x71,0xd5,0x55,0x57,0x5d,0x75,0xd5,0x8b,0xe4,
  0xc1,0x2f,0xfd,0xd6,0x2f,0x9d,0xf0,0x51,0xc0,0x7b,0x73,0xd5,0xff,0x5a,0x82,0x5d,
  0xc3,0x77,0x7,0x7c,0xcd,0xad,0x7f,0xfd,0xd3,0xb7,0x72,0xd5,0x55,0xff,0xff,0x20,
  0xae,0xba,0xea,0xaa,0xab,0xae,0x7a,0xa1,0x1e,0xfc,0xd2,0x6f,0xf3,0x5e,0xc6,0xef,
  0x6d,0x78,0x6d,0xae,0xfa,0xbf,0xe6,0xbb,0x3,0xbe,0xe7,0xd6,0xbf,0xfe,0xe9,0xdf,
  0xe6,0xaa,0xab,0xfe,0xff,0x40,0x5c,0x75,0xd5,0x55,0x57,0x5d,0xf5,0x7c,0x3d,0xf8,
  0xa5,0xdf,0xe6,0xbd,0x8c,0x3f,0xdb,0xf0,0x60,0xae,0xfa,0x3f,0x4d,0xf0,0xdb,0x82,
  0xcf,0xb9,0xf5,0xaf,0x7f,0xfa,0xb7,0xb9,0xea,0xaa,0xff,0xfb,0x10,0x57,0x5d,0x75,
  0xd5,0x55,0x57,0x3d,0x87,0x7,0xbf,0xf4,0xdb,0xbc,0x97,0xf1,0x67,0x1b,0x1e,0xcc,
  0x55,0xff,0xaf,0x8,0x7e,0x5b,0xf0,0x39,0xb7,0xfe,0xf5,0x4f,0xff,0x36,0x57,0x5d,
  0xf5,0x7f,0x17,0xe2,0xaa,0xab,0xae,0xba,0xea,0xaa,0xcb,0x1e,0xfc,0xd2,0x6f,0xf3,
  0x5e,0xc6,0x9f,0x6d,0x78,0x30,0x57,0xfd,0xbf,0x26,0xf8,0x6d,0xa1,0xaf,0xbe,0xf5,
  0xaf,0x7f,0xea,0x67,0xb8,0xea,0xaa,0xff,0x7b,0x10,0x57,0x5d,0x75,0xd5,0x55,0xff,
  0xcf,0x3d,0xf8,0xa5,0xdf,0xe6,0xbd,0x8c,0x3f,0xdb,0xf0,0x60,0xae,0xba,0xea,0x1,
  0x4,0x7f,0x2d,0xf8,0x98,0x5b,0xff,0xfa,0xa7,0x7f,0x9b,0xab,0xae,0xfa,0xbf,0x3,
  0x71,0xd5,0x55,0x57,0x5d,0xf5,0xff,0xd4,0x83,0x5f,0xfa,0xad,0x5f,0xdb,0xf0,0x55,
  0x86,0x97,0xe6,0xaa,0xab,0x5e,0x8,0xc1,0x4f,0xb,0x3e,0xe6,0xd6,0xbf,0xfe,0xe9,
  0x5b,0xb9,0xea,0xaa,0xff,0xfd,0x10,0x57,0x5d,0x75,0xd5,0x55,0xff,0xcf,0x3c,0xf8,
  0xa5,0xdf,0xfa,0xc1,0x86,0xaf,0x32,0xbc,0x35,0x57,0x5d,0xf5,0xaf,0xf3,0xd5,0x1,
  0x9f,0x73,0xeb,0x5f,0xff,0xf4,0x2e,0x57,0x5d,0xf5,0xbf,0x17,0xe2,0xaa,0xab,0xae,
  0xba,0xea,0xff,0x89,0x7,0xbf,0xf4,0x5b,0x1f,0x4f,0xf8,0x2c,0xe0,0xa3,0xb9,0xea,
  0xaa,0x7f,0x23,0xc1,0xae,0xe1,0xab,0x6f,0xfb,0xeb,0x9f,0xfe,0x1c,0xae,0xba,0xea,
  0x7f,0x27,0xc4,0x55,0x57,0x5d,0x75,0xd5,0xff,0x3,0xf,0x7e,0xe9,0xb7,0x7e,0x6b,
  0xc3,0x77,0x19,0x8e,0x73,0xd5,0x55,0xff,0x1,0x4,0x7f,0x2d,0xf8,0x98,0x5b,0xff,
  0xfa,0xa7,0x7f,0x9b,0xab,0xae,0xfa,0xdf,0x5,0x71,0xd5,0x55,0x57,0x5d,0xf5,0x7f,
  0xd8,0x83,0x5f,0xfa,0xad,0x1f,0x6c,0xf8,0x2e,0xc3,0x6b,0x73,0xd5,0x55,0xff,0x39,
  0xbe,0x3a,0xe0,0x73,0x6e,0xfd,0xeb,0x9f,0xde,0xe5,0xaa,0xab,0xfe,0x77,0x40,0x5c,
  0x75,0xd5,0x55,0x57,0xfd,0x1f,0x75,0xcb,0x4b,0xbf,0xf5,0x67,0x9,0x3e,0xda,0x70,
  0x9c,0xab,0xae,0xfa,0x4f,0x24,0xd8,0x15,0xbc,0xcf,0xad,0x7f,0xfd,0xd3,0x3f,0xcd,
  0x55,0x57,0xfd,0xcf,0x87,0xb8,0xea,0xaa,0xab,0xae,0xfa,0x3f,0xe6,0xc1,0x2f,0xfd,
  0xd6,0x2f,0x6d,0xf8,0x2e,0xc3,0x4b,0x73,0xd5,0x55,0xff,0x85,0x4,0xbf,0x2d,0x78,
  0x9b,0x5b,0xff,0xfa,0xa7,0x77,0xb9,0xea,0xaa,0xff,0xb9,0x10,0x57,0x5d,0x75,0xd5,
  0x55,0xff,0x87,0xdc,0xf2,0xd2,0x6f,0xfd,0x59,0xc0,0x67,0x73,0xd5,0x55,0xff,0x4d,
  0x4,0xbb,0x82,0xf7,0xb9,0xf5,0xaf,0x7f,0xfa,0xa7,0xb9,0xea,0xaa,0xff,0x99,0x10,
  0x57,0x5d,0x75,0xd5,0x55,0xff,0x7,0x3c,0xf8,0xa5,0xdf,0xfa,0xc1,0x86,0xef,0x32,
  0xbc,0x36,0x57,0x5d,0xf5,0x3f,0xc3,0x77,0x7,0x7c,0xcc,0xad,0x7f,0xfd,0xd3,0xbb,
  0x5c,0x75,0xd5,0xff,0x2c,0x88,0xab,0xae,0xba,0xea,0xaa,0xff,0xe5,0x1e,0xfc,0xd2,
  0x6f,0xfd,0x51,0x86,0xcf,0x36,0x1c,0xe7,0xaa,0xab,0xfe,0x7,0x11,0xdc,0x2a,0x78,
  0x9f,0x5b,0xff,0xfa,0xa7,0x7f,0x9b,0xab,0xae,0xfa,0x9f,0x3,0x71,0xd5,0x55,0x57,
  0x5d,0xf5,0xbf,0xd4,0x83,0x5f,0xfa,0xad,0x8f,0x1b,0xbe,0xcb,0xf0,0xd6,0x5c,0x75,
  0xd5,0xff,0x6c,0x5f,0x7d,0xdb,0x5f,0xff,0xf4,0xc7,0x70,0xd5,0x55,0xff,0x33,0x20,
  0xae,0xba,0xea,0xaa,0xab,0xfe,0x17,0x7a,0xf0,0x4b,0xbf,0xf5,0x4b,0x1b,0x7e,0xca,
  0xf0,0x60,0xae,0xba,0xea,0x7f,0x1,0xc1,0x6f,0xb,0xde,0xe6,0xd6,0xbf,0xfe,0xe9,
  0x5d,0xae,0xba,0xea,0xbf,0x17,0xe2,0xaa,0xab,0xae,0xba,0xea,0x7f,0x99,0x7,0xbf,
  0xf4,0x5b,0xbf,0xb7,0xe1,0xab,0xc,0xc7,0xb9,0xea,0xaa,0xff,0x45,0x4,0xbb,0x82,
  0xb7,0xb9,0xf5,0xaf,0x7f,0xfa,0xb7,0xb9,0xea,0xaa,0xff,0x3e,0x88,0xab,0xae,0xba,
  0xea,0xaa,0xff,0x25,0x1e,0xfc,0xd2,0x6f,0x7d,0x3c,0xe1,0xab,0x80,0xf7,0xe6,0xaa,
  0xab,0xfe,0x17,0xb,0xf8,0xe8,0x5b,0xff,0xfa,0xa7,0xbf,0x86,0xab,0xae,0xfa,0xef,
  0x81,0xb8,0xea,0xaa,0xab,0xae,0xfa,0x5f,0xe0,0xc1,0x2f,0xfd,0xd6,0xf,0x36,0xfc,
  0x94,0xe1,0xa5,0xb9,0xea,0xaa,0xff,0x3,0x4,0x3f,0x2d,0x78,0x9f,0x5b,0xff,0xfa,
  0xa7,0x77,0xb9,0xea,0xaa,0xff,0x5a,0x88,0xab,0xae,0xba,0xea,0xaa,0xff,0xe1,0x1e,
  0xfc,0xd2,0x6f,0xfd,0xd2,0x86,0xdf,0x32,0x1c,0xe7,0xaa,0xab,0xfe,0xf,0x11,0xfc,
  0xb5,0xe0,0x6d,0x6e,0xfd,0xeb,0x9f,0xbe,0x95,0xab,0xae,0xfa,0xaf,0x83,0xb8,0xea,
  0xaa,0xab,0xae,0xfa,0x1f,0xec,0xc1,0x2f,0xfd,0xd6,0xef,0x9d,0xf0,0x5d,0x5c,0x75,
  0xd5,0xff,0x51,0x82,0x5d,0xc1,0xeb,0xdc,0xfa,0xd7,0x3f,0xfd,0xd7,0x5c,0x75,0xd5,
  0x7f,0xd,0xc4,0x55,0x57,0x5d,0x75,0xd5,0xff,0x50,0xb7,0xbc,0xf4,0x5b,0x7f,0x16,
  0xf0,0xd9,0x5c,0x75,0xd5,0xff,0x71,0x82,0x5d,0xc1,0xc7,0xdc,0xfa,0xd7,0x3f,0xfd,
  0xdd,0x5c,0x75,0xd5,0x7f,0x3e,0xc4,0x55,0x57,0x5d,0x75,0xd5,0xff,0x40,0xb7,0xbc,
  0xf4,0x5b,0x7f,0x17,0xf0,0xde,0x5c,0x75,0xd5,0xff,0x23,0x1,0xef,0x73,0xeb,0x5f,
  0xff,0xf4,0x77,0x73,0xd5,0x55,0xff,0xb9,0x10,0x57,0x5d,0x75,0xd5,0x55,0xff,0x83,
  0x3c,0xf8,0xa5,0xdf,0xfa,0xb8,0xe1,0xb7,0xc,0x2f,0xcd,0x55,0x57,0xfd,0xff,0xf4,
  0xdd,0xb7,0xfd,0xf5,0x4f,0xbf,0xf,0x57,0x5d,0xf5,0x9f,0x7,0x71,0xd5,0x55,0x57,
  0x5d,0xf5,0x3f,0xc4,0x83,0x5f,0xfa,0xad,0x8f,0x1b,0x7e,0xcb,0xf0,0xd2,0x5c,0x75,
  0xd5,0xff,0x6f,0xdf,0x7d,0xdb,0x5f,0xff,0xf4,0xfb,0x70,0xd5,0x55,0xff,0x39,0x10,
  0x57,0x5d,0x75,0xd5,0x55,0xff,0x3,0x3c,0xf8,0xa5,0xdf,0xfa,0xb8,0xe1,0xb7,0xc,
  0x2f,0xcd,0x55,0x57,0x5d,0x5,0xf0,0xdd,0xb7,0xfd,0xf5,0x4f,0xbf,0xf,0x57,0x5d,
  0xf5,0x1f,0xf,0x71,0xd5,0x55,0x57,0x5d,0xf5,0xdf,0xec,0xc1,0x2f,0xfd,0xd6,0xf,
  0x36,0xfc,0x94,0xe1,0xa5,0xb9,0xea,0xaa,0xab,0x9e,0x45,0xf0,0xd7,0x82,0xd7,0xb9,
  0xf5,0xaf,0x7f,0x7a,0x97,0xab,0xae,0xfa,0x8f,0x83,0xb8,0xea,0xaa,0xab,0xae,0xfa,
  0x6f,0xf4,0xe0,0x97,0x7e,0xeb,0x97,0x36,0xfc,0x96,0xe1,0x38,0x57,0x5d,0x75,0xd5,
  0xf3,0x10,0xfc,0xb5,0xe0,0x75,0x6e,0xfd,0xeb,0x9f,0xde,0xe5,0xaa,0xab,0xfe,0x63,
  0x20,0xae,0xba,0xea,0xaa,0xab,0xfe,0x9b,0x3c,0xf8,0xa5,0xdf,0xfa,0xa5,0xd,0xbf,
  0x65,0x38,0xce,0x55,0x57,0x5d,0xf5,0x2,0x9,0xfe,0x5a,0xf0,0x3a,0xb7,0xfe,0xf5,
  0x4f,0xef,0x72,0xd5,0x55,0xff,0x7e,0x88,0xab,0xae,0xba,0xea,0xaa,0xff,0x6,0xf,
  0x7e,0xe9,0xb7,0x7e,0x69,0xc3,0x6f,0x19,0x8e,0x73,0xd5,0x55,0x57,0xfd,0x8b,0x4,
  0x7f,0x2d,0x78,0x9d,0x5b,0xff,0xfa,0xa7,0x77,0xb9,0xea,0xaa,0x7f,0x1f,0xc4,0x55,
  0x57,0x5d,0x75,0xd5,0x7f,0xb1,0x7,0xbf,0xf4,0x5b,0xbf,0xb4,0xe1,0xb7,0xc,0xc7,
  0xb9,0xea,0xaa,0xab,0x5e,0x64,0x82,0xbf,0x16,0xbc,0xce,0xad,0x7f,0xfd,0xd3,0xbb,
  0x5c,0x75,0xd5,0xbf,0x1d,0xe2,0xaa,0xab,0xae,0xba,0xea,0xbf,0xd0,0x83,0x5f,0xfa,
  0xad,0x5f,0xda,0xf0,0x5b,0x86,0xe3,0x5c,0x75,0xd5,0x55,0xff,0x6a,0x82,0xbf,0x7e,
  0xc6,0x5f,0xff,0xf4,0xcb,0x70,0xd5,0x55,0xff,0x76,0x88,0xab,0xae,0xba,0xea,0xaa,
  0xff,0x22,0xf,0x7e,0xe9,0xb7,0x7e,0x69,0xc3,0x6f,0x19,0x8e,0x73,0xd5,0x55,0x57,
  0xfd,0x7b,0x7c,0xf7,0x6d,0x7f,0xfd,0xd3,0xef,0xc3,0x55,0x57,0xfd,0xdb,0x20,0xae,
  0xba,0xea,0xaa,0xab,0xfe,0xb,0x3c,0xf8,0xa5,0xdf,0xfa,0xa5,0xd,0xbf,0x65,0x38,
  0xce,0x55,0x57,0x5d,0xf5,0x1f,0xe1,0xbb,0x6f,0xfb,0xeb,0x9f,0x7e,0x1f,0xae,0xba,
  0xea,0x5f,0xf,0x71,0xd5,0x55,0x57,0x5d,0xf5,0x9f,0xec,0xc1,0x2f,0xfd,0xd6,0x2f,
  0x6d,0xf8,0x2d,0xc3,0x71,0xae,0xba,0xea,0xaa,0xff,0x48,0xdf,0x7d,0xdb,0x5f,0xff,
  0xf4,0xfb,0x70,0xd5,0x55,0xff,0x3a,0x88,0xab,0xae,0xba,0xea,0xaa,0xff,0x44,0xf,
  0x7e,0xe9,0xb7,0x7e,0x69,0xc3,0x6f,0x19,0x8e,0x73,0xd5,0x55,0x57,0xfd,0x87,0xb,
  0x78,0x9f,0x5b,0xff,0xfa,0xa7,0xbf,0x9b,0xab,0xae,0x7a,0xd1,0x21,0xae,0xba,0xea,
  0xaa,0xab,0xfe,0x93,0x3c,0xf8,0xa5,0xdf,0xfa,0xa5,0xd,0xbf,0x65,0x38,0xce,0x55,
  0x57,0x5d,0xf5,0x9f,0x26,0xe0,0x7d,0x6e,0xfd,0xeb,0x9f,0xfe,0x6e,0xae,0xba,0xea,
  0x45,0x83,0xb8,0xea,0xaa,0xab,0xae,0xfa,0x4f,0xf0,0xe0,0x97,0x7e,0xeb,0x97,0x36,
  0xfc,0x96,0xe1,0x38,0x57,0x5d,0x75,0xd5,0x7f,0x2a,0xc1,0xae,0xe0,0x75,0x6e,0xfd,
  0xeb,0x9f,0xfe,0x6b,0xae,0xba,0xea,0x5f,0x86,0xb8,0xea,0xaa,0xab,0xae,0xfa,0xf,
  0xf6,0xe0,0x97,0x7e,0xeb,0x97,0x36,0xfc,0x96,0xe1,0x38,0x57,0x5d,0x75,0xd5,0x7f,
  0x9,0xc1,0xae,0xe0,0x65,0x6e,0xfd,0xeb,0x9f,0xbe,0x95,0xab,0xae,0x7a,0xe1,0x10,
  0x57,0x5d,0x75,0xd5,0x55,0xff,0x81,0x1e,0xfc,0xd2,0x6f,0xfd,0xd2,0x86,0xdf,0x32,
  0x1c,0xe7,0xaa,0xab,0xae,0xfa,0x2f,0x25,0xf8,0x6b,0xc1,0xeb,0xdc,0xfa,0xd7,0x3f,
  0xbd,0xcb,0x55,0x57,0xbd,0x60,0x88,0xab,0xae,0xba,0xea,0xaa,0xff,0x20,0xf,0x7e,
  0xe9,0xb7,0x7e,0x69,0xc3,0x6f,0x19,0x8e,0x73,0xd5,0x55,0x57,0xfd,0xb7,0x10,0xfc,
  0xf4,0x33,0xfe,0xfa,0xa7,0xdf,0x86,0xab,0xae,0x7a,0xc1,0x10,0x57,0x5d,0x75,0xd5,
  0x55,0xff,0x1,0x1e,0xfc,0xd2,0x6f,0xfd,0xd2,0x86,0xdf,0x32,0x1c,0xe7,0xaa,0xab,
  0xae,0xfa,0x6f,0x15,0xf0,0x31,0xb7,0xfe,0xf5,0x4f,0x7f,0x35,0x57,0x5d,0xf5,0xfc,
  0x21,0xae,0xba,0xea,0xaa,0xab,0xfe,0x9d,0x1e,0xfc,0xd2,0x6f,0xfd,0xd2,0x86,0xdf,
  0x32,0x1c,0xe7,0xaa,0xab,0xae,0xfa,0x1f,0x21,0xe0,0x65,0x6e,0xfd,0xeb,0x9f,0xfe,
  0x6b,0xae,0xba,0xea,0x79,0x21,0xae,0xba,0xea,0xaa,0xab,0xfe,0x1d,0x1e,0xfc,0xd2,
  0x6f,0xfd,0xd2,0x86,0xdf,0x32,0x1c,0xe7,0xaa,0xab,0xae,0xfa,0x1f,0x43,0xb0,0x2b,
  0x78,0xc8,0xad,0x7f,0xfd,0xd3,0xbb,0x5c,0x75,0xd5,0x73,0x42,0x5c,0x75,0xd5,0x55,
  0x57,0xfd,0x1b,0x3d,0xf8,0xa5,0xdf,0xfa,0xa5,0xd,0xbf,0x65,0x38,0xce,0x55,0x57,
  0x5d,0xf5,0x3f,0x8e,0xe0,0xb7,0x9f,0xf1,0xd7,0x3f,0xfd,0x3a,0x5c,0x75,0xd5,0x73,
  0x42,0x5c,0x75,0xd5,0x55,0x57,0xfd,0x1b,0x3c,0xf8,0xa5,0xdf,0xfa,0xa5,0xd,0xbf,
  0x65,0x38,0xce,0x55,0x57,0x5d,0xf5,0x3f,0xd9,0xd7,0xdc,0xf6,0xd7,0x3f,0xfd,0xd1,
  0x5c,0x75,0xd5,0xb3,0x21,0xae,0xba,0xea,0xaa,0xab,0xfe,0x95,0x1e,0xfc,0xd2,0x6f,
  0xfd,0xd2,0x86,0xdf,0x32,0x1c,0xe7,0xaa,0xab,0xae,0xfa,0x1f,0x2f,0xe0,0x75,0x6e,
  0xfd,0xeb,0x9f,0xfe,0x6d,0xae,0xba,0xea,0xa,0xc4,0x55,0x57,0x5d,0x75,0xd5,0xbf,
  0xc2,0x83,0x5f,0xfa,0xad,0x5f,0xda,0xf0,0x5b,0x86,0xe3,0x5c,0x75,0xd5,0x55,0xff,
  0x2b,0x8,0x6e,0x15,0xbc,0xcc,0xad,0x7f,0xfd,0xd3,0xbb,0x5c,0x75,0x15,0x20,0xae,
  0xba,0xea,0xaa,0xab,0x5e,0x44,0xf,0x7e,0xe9,0xb7,0x7e,0x69,0xc3,0x6f,0x19,0x8e,
  0x73,0xd5,0x55,0x57,0xfd,0x6f,0xf3,0xdd,0xb7,0xfd,0xf5,0x4f,0xbf,0xf,0x57,0x5d,
  0x5,0x88,0xab,0xae,0xba,0xea,0xaa,0x17,0xc1,0x83,0x5f,0xfa,0xad,0x5f,0xda,0xf0,
  0x5b,0x86,0xe3,0x5c,0x75,0xd5,0x55,0xff,0x2b,0x5,0xbc,0xcd,0xad,0x7f,0xfd,0xd3,
  0x3f,0xcd,0x55,0xff,0xdf,0x21,0xae,0xba,0xea,0xaa,0xab,0xfe,0x5,0xf,0x7e,0xe9,
  0xb7,0x7e,0x69,0xc3,0x6f,0x19,0x8e,0x73,0xd5,0xff,0x39,0x82,0x4b,0xc0,0x5f,0xf3,
  0x2,0x18,0x5e,0x8b,0xab,0xfe,0x4f,0x10,0xec,0xa,0x1e,0x72,0xeb,0x5f,0xff,0xf4,
  0x2e,0x57,0xfd,0x7f,0x86,0xb8,0xea,0xaa,0xab,0xae,0x7a,0x21,0x1e,0xfc,0xd2,0x6f,
  0xfd,0xd2,0x86,0xdf,0x32,0x1c,0xe7,0xaa,0xff,0x75,0x4,0xbf,0x63,0xd8,0x5,0xfe,
  0x3a,0xe0,0x56,0xe0,0x56,0xe0,0xaf,0x6f,0xfd,0xeb,0x9f,0xde,0xe5,0xdf,0xe8,0xc1,
  0x2f,0xfd,0xd6,0xf,0x6,0x1e,0xc,0xbc,0x74,0xc2,0x71,0xc1,0x6b,0x3,0xc7,0xd,
  0x2f,0xc5,0x55,0xff,0xe3,0x9,0x7e,0xfb,0x19,0x7f,0xfd,0xd3,0xaf,0xc3,0x55,0xff,
  0x9f,0x21,0xae,0xba,0xea,0xaa,0xab,0x5e,0x80,0x7,0xbf,0xf4,0x5b,0xbf,0xb4,0xe1,
  0xb7,0xc,0xc7,0xb9,0xea,0x7f,0x3c,0xc1,0xdf,0x18,0x7e,0x3b,0xe0,0xb7,0x81,0xdf,
  0xbe,0xf5,0xaf,0x7f,0x7a,0x97,0xff,0x62,0xf,0x7e,0xe9,0xb7,0x7e,0x30,0xf0,0xda,
  0x9,0xaf,0x2d,0x78,0x6d,0xc3,0x83,0xb8,0xea,0x7f,0x9c,0x80,0xb7,0xb9,0xf5,0xaf,
  0x7f,0xfa,0xa7,0xb9,0xea,0xff,0x2b,0xc4,0x55,0x57,0x5d,0x75,0xd5,0xf3,0xf1,0xe0,
  0x97,0x7e,0xeb,0x97,0x36,0xfc,0x96,0xe1,0x38,0x57,0xfd,0x8f,0x24,0xf8,0x1d,0xc3,
  0x6f,0x7,0xfc,0xf6,0xad,0x7f,0xfd,0xd3,0xbf,0xcd,0xff,0x40,0xf,0x7e,0xe9,0xb7,
  0x7e,0x30,0xf0,0xda,0x9,0x2f,0x2d,0x78,0x6d,0xc3,0x4b,0x71,0xd5,0x7f,0x3b,0xc1,
  0xae,0xe0,0x21,0xb7,0xfe,0xf5,0x4f,0xef,0x72,0xd5,0xff,0x47,0x88,0xab,0xae,0xba,
  0xea,0xaa,0xe7,0xf2,0xe0,0x97,0x7e,0xeb,0x97,0x36,0xfc,0x96,0xe1,0x38,0x57,0xfd,
  0x4f,0xf3,0x33,0x1,0x3f,0xd,0xfc,0xf4,0xad,0x7f,0xfd,0xd3,0xbb,0xfc,0x2f,0xf3,
  0xe0,0x97,0x7e,0xeb,0x7,0x3,0x6f,0x6d,0x78,0x6f,0xc3,0x4b,0x71,0xd5,0x7f,0xa7,
  0xaf,0xb9,0xed,0xaf,0x7f,0xfa,0xa3,0xb9,0xea,0xff,0x23,0xc4,0x55,0x57,0x5d,0x75,
  0xd5,0x3,0x3c,0xf8,0xa5,0xdf,0xfa,0xa5,0xd,0xbf,0x65,0x38,0xce,0x55,0xff,0x23,
  0x8,0xfe,0x46,0xf0,0xd5,0xc0,0x4f,0xdf,0xfa,0xd7,0x3f,0xbd,0xcb,0xff,0x11,0xf,
  0x7e,0xe9,0xb7,0x7e,0x70,0xc2,0x47,0xb,0xde,0xda,0xf0,0x20,0xae,0xfa,0x2f,0x17,
  0xf0,0x3a,0xb7,0xfe,0xf5,0x4f,0xff,0x36,0x57,0xfd,0x7f,0x83,0xb8,0xea,0xaa,0xab,
  0xae,0x7a,0xa6,0x7,0xbf,0xf4,0x5b,0xbf,0xb4,0xe1,0xb7,0xc,0xc7,0xb9,0xea,0xbf,
  0x95,0xe0,0x19,0x82,0xaf,0x6,0x7e,0xfa,0xd6,0xbf,0xfe,0xe9,0x5b,0xf9,0x3f,0xee,
  0xc1,0x2f,0xfd,0xd6,0x2f,0x9d,0xf0,0xd1,0x82,0xb7,0x36,0x1c,0xe3,0xaa,0xff,0x12,
  0x82,0xbf,0x7e,0xc6,0x5f,0xff,0xf4,0xcb,0x70,0xd5,0xff,0x37,0x88,0xab,0xae,0xba,
  0xea,0x2a,0xe0,0xc1,0x2f,0xfd,0xd6,0x2f,0x6d,0xf8,0x2d,0xc3,0x71,0xae,0xfa,0x6f,
  0x23,0xf8,0x1b,0xc1,0x57,0xdf,0xfa,0xd7,0x3f,0xfd,0xdd,0xfc,0x3f,0xf4,0xe0,0x97,
  0x7e,0xeb,0xe3,0x9,0x1f,0x2d,0xf8,0x68,0xc3,0x31,0xae,0xfa,0xaf,0xf0,0x39,0xb7,
  0xfd,0xf5,0x4f,0x7f,0x36,0x57,0xfd,0x7f,0x82,0xb8,0xea,0xaa,0xab,0xfe,0xdf,0x7b,
  0xf0,0x4b,0xbf,0xf5,0x4b,0x1b,0x7e,0xcb,0x70,0x9c,0xab,0xfe,0x5b,0x8,0x7e,0x47,
  0xf0,0xd9,0xb7,0xfe,0xf5,0x4f,0xff,0x36,0x57,0xf1,0xe0,0x97,0x7e,0xeb,0xe3,0xc0,
  0x5b,0x1b,0x3e,0xdb,0xf0,0x20,0xae,0xfa,0x4f,0x23,0xd8,0x15,0x3c,0xe4,0xd6,0xbf,
  0xfe,0xe9,0x5d,0xae,0xfa,0xff,0x2,0x71,0xd5,0x55,0x57,0xfd,0xbf,0xf6,0xe0,0x97,
  0x7e,0xeb,0x97,0x36,0xfc,0x96,0xe1,0x38,0x57,0xfd,0x77,0xf8,0x9e,0x80,0xef,0xbe,
  0xf5,0xaf,0x7f,0xfa,0xb7,0xb9,0xea,0xf9,0x7a,0xf0,0x4b,0xbf,0xf5,0x7b,0x1b,0x3e,
  0xdb,0xf0,0x20,0xae,0xfa,0xcf,0xf2,0x35,0xb7,0xfd,0xf5,0x4f,0x7f,0x34,0x57,0xfd,
  0x7f,0x81,0xb8,0xea,0xaa,0xab,0xfe,0xdf,0x7a,0xf0,0x4b,0xbf,0xf5,0x4b,0x1b,0x7e,
  0xcb,0x70,0x9c,0xab,0xfe,0x4b,0x9,0xfe,0x46,0xf0,0xd1,0xb7,0xfe,0xf5,0x4f,0xff,
  0x36,0x57,0xbd,0x48,0x1e,0xfc,0xd2,0x6f,0xfd,0xde,0x86,0xaf,0x36,0x1c,0xe3,0xaa,
  0xff,0x70,0x1,0xf,0xb9,0xf5,0xaf,0x7f,0xfa,0x56,0xae,0xfa,0xff,0x0,0x71,0xd5,
  0x55,0x57,0xfd,0xbf,0xf4,0xe0,0x97,0x7e,0xeb,0x97,0x36,0xfc,0x96,0xe1,0x38,0x57,
  0xfd,0x97,0x11,0x5c,0x12,0x7c,0xf4,0xad,0x7f,0xfd,0xd3,0xdf,0xcd,0x55,0xff,0x6a,
  0xf,0x7e,0xe9,0xb7,0x3e,0x9e,0xf0,0xd9,0xc0,0x47,0x71,0xd5,0x7f,0x28,0xc1,0x4f,
  0x3f,0xe3,0xaf,0x7f,0xfa,0x6d,0xb8,0xea,0xff,0x3,0xc4,0x55,0x57,0x5d,0xf5,0xff,
  0xce,0x83,0x5f,0xfa,0xad,0x5f,0xda,0xf0,0x5b,0x86,0xe3,0x5c,0xf5,0x5f,0xe9,0x6b,
  0x2,0x3e,0xfb,0xd6,0xbf,0xfe,0xe9,0x5d,0xae,0xfa,0x77,0x79,0xf0,0x4b,0xbf,0xf5,
  0x4b,0x1b,0xbe,0xda,0xf0,0x5a,0x5c,0xf5,0x1f,0x26,0xe0,0x75,0x6e,0xfd,0xeb,0x9f,
  0xfe,0x6d,0xae,0xfa,0xbf,0xe,0x71,0xd5,0x55,0x57,0xfd,0xbf,0xf2,0xe0,0x97,0x7e,
  0xeb,0x97,0x36,0xfc,0x96,0xe1,0x38,0x57,0xfd,0x97,0x10,0xfc,0x8e,0xe0,0xa3,0x6f,
  0xfd,0xeb,0x9f,0xfe,0x6b,0xae,0xfa,0xf,0xf5,0xe0,0x97,0x7e,0xeb,0xf7,0x36,0x7c,
  0xb6,0xe1,0x41,0x5c,0xf5,0xef,0x26,0xf8,0xed,0x67,0xfc,0xf5,0x4f,0xbf,0xe,0x57,
  0xfd,0x5f,0x87,0xb8,0xea,0xaa,0xab,0xfe,0xdf,0x78,0xf0,0x4b,0xbf,0xf5,0x4b,0x1b,
  0x7e,0xcb,0x70,0x9c,0xab,0xfe,0xab,0x7c,0xce,0x6d,0x7f,0xfd,0xd3,0x9f,0xcd,0x55,
  0xff,0x69,0x1e,0xfc,0xd2,0x6f,0x7d,0x3c,0xe1,0xbb,0x81,0xb7,0xe2,0xaa,0x7f,0xb7,
  0x80,0xd7,0xb9,0xf5,0xaf,0x7f,0xfa,0xb7,0xb9,0xea,0xff,0x32,0xc4,0x55,0x57,0x5d,
  0xf5,0xff,0xc2,0x83,0x5f,0xfa,0xad,0x5f,0xda,0xf0,0x5b,0x86,0xe3,0x5c,0xf5,0x9f,
  0x4e,0xf0,0xc,0xc1,0x5b,0xdf,0xfa,0xd7,0x3f,0xfd,0xd7,0x5c,0xf5,0x5f,0xe2,0xc1,
  0x2f,0xfd,0xd6,0x1f,0x9d,0xf0,0x55,0x5c,0xf5,0xef,0x22,0xf8,0xed,0x67,0xfc,0xf5,
  0x4f,0xbf,0xe,0x57,0xfd,0x5f,0x86,0xb8,0xea,0xaa,0xab,0xfe,0xcf,0x7b,0xf0,0x4b,
  0xbf,0xf5,0x4b,0x1b,0x7e,0xcb,0x70,0x9c,0xab,0xfe,0x2b,0xfc,0x4c,0xc0,0x7b,0xdf,
  0xfa,0xd7,0x3f,0xbd,0xcb,0x55,0xff,0xa5,0x1e,0xfc,0xd2,0x6f,0xfd,0xd2,0x86,0x9f,
  0x36,0x3c,0x88,0xab,0xfe,0xcd,0x2,0x5e,0xe7,0xd6,0xbf,0xfe,0xe9,0xdf,0xe6,0xaa,
  0xff,0xab,0x10,0x57,0x5d,0x75,0xd5,0xff,0x69,0xf,0x7e,0xe9,0xb7,0x7e,0x69,0xc3,
  0x6f,0x19,0x8e,0x73,0xd5,0x7f,0x2a,0xc1,0x25,0xc1,0x67,0xdf,0xfa,0xd7,0x3f,0xfd,
  0xd5,0x5c,0xf5,0xdf,0xe6,0xc1,0x2f,0xfd,0xd6,0xc7,0x13,0xbe,0x1a,0x78,0x2f,0xae,
  0xfa,0x37,0x11,0xfc,0xf6,0x33,0xfe,0xfa,0xa7,0x5f,0x87,0xab,0xfe,0xaf,0x42,0x5c,
  0x75,0xd5,0x55,0xff,0x67,0x3d,0xf8,0xa5,0xdf,0xfa,0xa5,0xd,0xbf,0x65,0x38,0xce,
  0x55,0xff,0xa9,0x4,0x7f,0x23,0x78,0xef,0x5b,0xff,0xfa,0xa7,0xff,0x9a,0xab,0xfe,
  0x47,0x78,0xf0,0x4b,0xbf,0xf5,0x7b,0x27,0x7c,0x17,0x57,0xfd,0x9b,0x4,0xbc,0xce,
  0xad,0x7f,0xfd,0xd3,0xbf,0xcd,0x55,0xff,0x17,0x21,0xae,0xba,0xea,0xaa,0xff,0x93,
  0x1e,0xfc,0xd2,0x6f,0xfd,0xd2,0x86,0xdf,0x32,0x1c,0xe7,0xaa,0xff,0x54,0x82,0xbf,
  0x11,0xbc,0xf6,0xad,0x7f,0xfd,0xd3,0xbb,0x5c,0xf5,0x3f,0xca,0x83,0x5f,0xfa,0xad,
  0x5f,0xda,0xf0,0xdb,0x86,0x63,0x5c,0xf5,0xaf,0x22,0xf8,0xed,0x67,0xfc,0xf5,0x4f,
  0xbf,0xe,0x57,0xfd,0x5f,0x84,0xb8,0xea,0xaa,0xab,0xfe,0xcf,0x79,0xf0,0x4b,0xbf,
  0xf5,0x4b,0x1b,0x7e,0xcb,0x70,0x9c,0xab,0xfe,0x53,0x9,0x7e,0x47,0xf0,0xd6,0xb7,
  0xfe,0xf5,0x4f,0xef,0x72,0xd5,0xff,0x48,0xf,0x7e,0xe9,0xb7,0x7e,0x69,0xc3,0x6f,
  0x1b,0x8e,0x71,0xd5,0xbf,0x4a,0xc0,0xeb,0xdc,0xfa,0xd7,0x3f,0xfd,0xdb,0x5c,0xf5,
  0x7f,0xd,0xe2,0xaa,0xab,0xae,0xfa,0x3f,0xe5,0xc1,0x2f,0xfd,0xd6,0x2f,0x6d,0xf8,
  0x2d,0xc3,0x71,0xae,0xfa,0xcf,0xf6,0x3d,0xb7,0xfd,0xf5,0x4f,0xbf,0x37,0x57,0xfd,
  0x8f,0xf7,0xe0,0x97,0x7e,0xeb,0x7,0x1b,0x7e,0xda,0xf0,0x52,0x5c,0xf5,0xaf,0xf1,
  0x3d,0xb7,0xfd,0xf5,0x4f,0xbf,0x37,0x57,0xfd,0x5f,0x83,0xb8,0xea,0xaa,0xab,0xfe,
  0xcf,0x78,0xf0,0x4b,0xbf,0xf5,0x4b,0x1b,0x7e,0xcb,0x70,0x9c,0xab,0xfe,0xb3,0x7d,
  0xcf,0x6d,0x7f,0xfd,0xd3,0xef,0xcd,0x55,0xff,0x6b,0x3c,0xf8,0xa5,0xdf,0xfa,0xb8,
  0xe1,0xb7,0xd,0x2f,0xc5,0x55,0x2f,0xb2,0x80,0x87,0xdc,0xfa,0xd7,0x3f,0x7d,0x2b,
  0x57,0xfd,0x5f,0x82,0xb8,0xea,0xaa,0xab,0xfe,0x4f,0x78,0xf0,0x4b,0xbf,0xf5,0x4b,
  0x1b,0x7e,0xcb,0x70,0x9c,0xab,0xfe,0x53,0x5,0xbc,0xcf,0xad,0x7f,0xfd,0xd3,0xdf,
  0xcd,0x55,0xff,0xeb,0x3c,0xf8,0xa5,0xdf,0xfa,0xb8,0xe1,0xa7,0xd,0xaf,0xc5,0x55,
  0x2f,0xaa,0xaf,0xb9,0xed,0xaf,0x7f,0xfa,0xa3,0xb9,0xea,0xff,0x12,0xc4,0x55,0x57,
  0x5d,0xf5,0xbf,0xde,0x83,0x5f,0xfa,0xad,0x5f,0xda,0xf0,0x5b,0x86,0xe3,0x5c,0xf5,
  0x9f,0x2a,0xe0,0x7d,0x6e,0xfd,0xeb,0x9f,0xfe,0x6e,0xae,0xfa,0x5f,0xed,0x41,0x2f,
  0xfd,0xd6,0xbf,0x6d,0x78,0x2d,0xae,0xfa,0x17,0x9,0x76,0x5,0xf,0xb9,0xf5,0xaf,
  0x7f,0x7a,0x97,0xab,0xfe,0xaf,0x40,0x5c,0x75,0xd5,0x55,0xff,0xab,0x3d,0xf8,0xa5,
  0xdf,0xfa,0xa5,0xd,0xbf,0x65,0x38,0xce,0x55,0xff,0xa9,0x2,0xde,0xe7,0xd6,0xbf,
  0xfe,0xe9,0xef,0xe6,0xaa,0xff,0xf5,0x1e,0xfc,0xd2,0x6f,0x7d,0xdc,0xf0,0xdb,0x86,
  0x97,0xe2,0xaa,0x7f,0x51,0xc0,0xfb,0xdc,0xfa,0xd7,0x3f,0xfd,0xdd,0x5c,0xf5,0x7f,
  0x5,0xe2,0xaa,0xab,0xae,0xfa,0x5f,0xeb,0xc1,0x2f,0xfd,0xd6,0x2f,0x6d,0xf8,0x2d,
  0xc3,0x71,0xae,0xfa,0x4f,0x15,0xf0,0x3e,0xb7,0xfe,0xf5,0x4f,0x7f,0x37,0x57,0xfd,
  0x9f,0xf1,0xe0,0x97,0x7e,0xeb,0xe3,0x86,0xdf,0x36,0xbc,0x14,0x57,0xbd,0x50,0x82,
  0x5b,0x9f,0xf1,0xd7,0x3f,0xfd,0x10,0xae,0xfa,0xbf,0x2,0x71,0xd5,0x55,0x57,0xfd,
  0xaf,0xf4,0xe0,0x97,0x7e,0xeb,0x97,0x36,0xfc,0x96,0xe1,0x38,0x57,0xfd,0xa7,0xa,
  0x78,0x9f,0x5b,0xff,0xfa,0xa7,0xbf,0x9b,0xab,0xfe,0xcf,0x79,0xf0,0x4b,0xbf,0xf5,
  0x83,0xd,0x7f,0x6d,0x38,0xc6,0x55,0x2f,0x54,0xc0,0xcb,0xdc,0xfa,0xd7,0x3f,0xfd,
  0xd7,0x5c,0xf5,0x7f,0x1,0xe2,0xaa,0xab,0xae,0xfa,0x5f,0xe7,0xc1,0x2f,0xfd,0xd6,
  0x2f,0x6d,0xf8,0x2d,0xc3,0x71,0xae,0xfa,0x4f,0x15,0xf0,0x3e,0xb7,0xfe,0xf5,0x4f,
  0x7f,0x37,0x57,0xfd,0x9f,0xf5,0xe0,0x97,0x7e,0xeb,0x97,0x36,0xfc,0xb6,0xe1,0x18,
  0x57,0xbd,0x30,0xdf,0x73,0xdb,0x5f,0xff,0xf4,0x7b,0x73,0xd5,0xff,0x5,0x88,0xab,
  0xae,0xba,0xea,0x7f,0x95,0x7,0xbf,0xf4,0x5b,0xbf,0xb4,0xe1,0xb7,0xc,0xc7,0xb9,
  0xea,0x3f,0x55,0xc0,0xfb,0xdc,0xfa,0xd7,0x3f,0xfd,0xdd,0x5c,0xf5,0x7f,0xde,0x83,
  0x5f,0xfa,0xad,0x5f,0x3a,0xe1,0xaf,0xb8,0xea,0x5,0x12,0xec,0x3e,0xe3,0xaf,0x7f,
  0xfa,0x4,0x57,0xfd,0x5f,0x80,0xb8,0xea,0xaa,0xab,0xfe,0xd7,0x78,0xf0,0x4b,0xbf,
  0xf5,0x4b,0x1b,0x7e,0xcb,0x70,0x9c,0xab,0xfe,0x53,0x5,0xbc,0xcf,0xad,0x7f,0xfd,
  0xd3,0xdf,0xcd,0x55,0xff,0x6f,0x3c,0xf8,0xa5,0xdf,0xfa,0xbd,0x13,0xbe,0x8b,0xab,
  0x5e,0xa0,0x80,0xf7,0xb9,0xf5,0xaf,0x7f,0xfa,0xbb,0xb9,0xea,0x7f,0x3b,0xc4,0x55,
  0x57,0x5d,0xf5,0xbf,0xc2,0x83,0x5f,0xfa,0xad,0x5f,0xda,0xf0,0x5b,0x86,0xe3,0x5c,
  0xf5,0x9f,0x2a,0xe0,0x7d,0x6e,0xfd,0xeb,0x9f,0xfe,0x6e,0xae,0xfa,0x7f,0xe7,0x96,
  0x97,0x7e,0xeb,0xef,0x6,0xde,0x8b,0xab,0x5e,0x90,0x9f,0xb9,0xed,0xaf,0x7f,0xfa,
  0xad,0xb9,0xea,0x7f,0x3b,0xc4,0x55,0x57,0x5d,0xf5,0x3f,0xde,0x83,0x5f,0xfa,0xad,
  0x5f,0xda,0xf0,0x5b,0x86,0xe3,0x5c,0xf5,0x9f,0x2a,0xe0,0x7d,0x6e,0xfd,0xeb,0x9f,
  0xfe,0x6e,0xae,0xfa,0x7f,0xe9,0xc1,0x2f,0xfd,0xd6,0xc7,0xd,0x7f,0x6d,0x78,0x10,
  0x57,0x3d,0x5f,0x1,0xf,0xb9,0xf5,0xaf,0x7f,0xfa,0x56,0xae,0xfa,0xdf,0xc,0x71,
  0xd5,0x55,0x57,0xfd,0x8f,0xf6,0xe0,0x97,0x7e,0xeb,0x97,0x36,0xfc,0x96,0xe1,0x38,
  0x57,0xfd,0xa7,0xa,0x78,0x9f,0x5b,0xff,0xfa,0xa7,0xbf,0x9b,0xab,0xfe,0x5f,0x7b,
  0xf0,0x4b,0xbf,0xf5,0x4b,0x27,0xfc,0x15,0x57,0x3d,0x5f,0x1,0x1f,0x73,0xeb,0x5f,
  0xff,0xf4,0x57,0x73,0xd5,0xff,0x66,0x88,0xab,0xae,0xba,0xea,0x7f,0xac,0x7,0xbf,
  0xf4,0x5b,0xbf,0xb4,0xe1,0xb7,0xc,0xc7,0xb9,0xea,0x3f,0x55,0xc0,0xfb,0xdc,0xfa,
  0xd7,0x3f,0xfd,0xdd,0x5c,0x75,0x15,0xf0,0xe0,0x97,0x7e,0xeb,0x8f,0x4e,0xf8,0x2a,
  0xae,0x7a,0x1e,0x82,0xbf,0x7e,0xc6,0x5f,0xff,0xf4,0xcb,0x70,0xd5,0xff,0x66,0x88,
  0xab,0xae,0xba,0xea,0x7f,0xa4,0x7,0xbf,0xf4,0x5b,0xbf,0xb4,0xe1,0xb7,0xc,0xc7,
  0xb9,0xea,0x3f,0x55,0xc0,0xfb,0xdc,0xfa,0xd7,0x3f,0xfd,0xdd,0x5c,0x75,0xd5,0x3,
  0xdc,0xf2,0xd2,0x6f,0xfd,0xd3,0xc0,0x5b,0x71,0xd5,0xf3,0x8,0x78,0xc8,0xad,0x7f,
  0xfd,0xd3,0xb7,0x72,0xd5,0xff,0x56,0x88,0xab,0xae,0xba,0xea,0x7f,0x9c,0x7,0xbf,
  0xf4,0x5b,0xbf,0xb4,0xe1,0xb7,0xc,0xc7,0xb9,0xea,0x3f,0x55,0xc0,0xfb,0xdc,0xfa,
  0xd7,0x3f,0xfd,0xdd,0x5c,0x75,0xd5,0x73,0x79,0xf0,0x4b,0xbf,0xf5,0x71,0xc3,0xad,
  0x86,0x63,0x5c,0xf5,0x1c,0x2,0x3e,0xe6,0xd6,0xbf,0xfe,0xe9,0xaf,0xe6,0xaa,0xff,
  0xad,0x10,0x57,0x5d,0x75,0xd5,0xff,0x28,0xf,0x7e,0xe9,0xb7,0x7e,0x69,0xc3,0x6f,
  0x19,0x8e,0x73,0xd5,0x7f,0xaa,0x80,0xf7,0xb9,0xf5,0xaf,0x7f,0xfa,0xbb,0xb9,0xea,
  0xaa,0x17,0xe0,0xc1,0x2f,0xfd,0xd6,0xef,0x9d,0xf0,0x5d,0x5c,0xf5,0xdc,0x7e,0xe6,
  0xb6,0xbf,0xfe,0xe9,0xb7,0xe6,0xaa,0xff,0xad,0x10,0x57,0x5d,0x75,0xd5,0xff,0x18,
  0xf,0x7e,0xe9,0xb7,0x7e,0x69,0xc3,0x6f,0x19,0x8e,0x73,0xd5,0x7f,0xaa,0x80,0xf7,
  0xb9,0xf5,0xaf,0x7f,0xfa,0xbb,0xb9,0xea,0xaa,0x7f,0xc1,0x83,0x5e,0xfa,0xad,0x7f,
  0xdb,0xf0,0x5a,0x5c,0xf5,0x1c,0x2,0x4e,0xdc,0xfa,0xd7,0x3f,0xbd,0xcb,0x55,0xff,
  0x1b,0x21,0xae,0xba,0xea,0xaa,0xff,0x11,0x1e,0xfc,0xd2,0x6f,0xfd,0xd2,0x86,0xdf,
  0x32,0x1c,0xe7,0xaa,0xff,0x54,0x1,0xef,0x73,0xeb,0x5f,0xff,0xf4,0x77,0x73,0xd5,
  0x55,0x2f,0x82,0x7,0xbf,0xf4,0x5b,0xbf,0x74,0xc2,0x5f,0x71,0xd5,0x73,0x8,0x78,
  0x9f,0x5b,0xff,0xfa,0xa7,0xbf,0x9b,0xab,0xfe,0x37,0x42,0x5c,0x75,0xd5,0x55,0xff,
  0xed,0x1e,0xfc,0xd2,0x6f,0xfd,0xd2,0x86,0xdf,0x32,0x1c,0xe7,0xaa,0xff,0x54,0x1,
  0xef,0x73,0xeb,0x5f,0xff,0xf4,0x77,0x73,0xd5,0x55,0xff,0xa,0xb7,0xbc,0xf4,0x5b,
  0x7f,0x35,0xf0,0x51,0x5c,0xf5,0x40,0xdf,0x73,0xdb,0x5f,0xff,0xf4,0x7b,0x73,0xd5,
  0xff,0x46,0x88,0xab,0xae,0xba,0xea,0xbf,0xd5,0x83,0x5f,0xfa,0xad,0x5f,0xda,0xf0,
  0x5b,0x86,0xe3,0x5c,0xf5,0x9f,0x2a,0xe0,0x7d,0x6e,0xfd,0xeb,0x9f,0xfe,0x6e,0xae,
  0xba,0xea,0x5f,0xe9,0xc1,0x2f,0xfd,0xd6,0xc7,0xd,0xb7,0x1a,0x8e,0x71,0xd5,0x65,
  0x82,0xdd,0x67,0xfc,0xf5,0x4f,0x9f,0xe0,0xaa,0xff,0x8d,0x10,0x57,0x5d,0x75,0xd5,
  0x7f,0x9b,0x7,0xbf,0xf4,0x5b,0xbf,0xb4,0xe1,0xb7,0xc,0xc7,0xb9,0xea,0x3f,0x55,
  0xc0,0xfb,0xdc,0xfa,0xd7,0x3f,0xfd,0xdd,0x5c,0x75,0xd5,0xbf,0xd1,0x83,0x5f,0xfa,
  0xad,0x3f,0x3a,0xe1,0xab,0xb8,0xea,0x59,0x2,0x5e,0xe6,0xd6,0xbf,0xfe,0xe9,0xbf,
  0xe6,0xaa,0xff,0x6d,0x10,0x57,0x5d,0x75,0xd5,0x7f,0x8b,0x7,0xbf,0xf4,0x5b,0xbf,
  0xb4,0xe1,0xb7,0xc,0xc7,0xb9,0xea,0x3f,0x55,0xc0,0xfb,0xdc,0xfa,0xd7,0x3f,0xfd,
  0xdd,0x5c,0x75,0xd5,0xbf,0xd3,0x83,0x5e,0xfa,0xad,0x6f,0x35,0x3c,0x88,0xab,0x2e,
  0xb,0xf8,0x98,0x5b,0xff,0xfa,0xa7,0xbf,0x9a,0xab,0xfe,0xb7,0x41,0x5c,0x75,0xd5,
  0x55,0xff,0xe5,0x1e,0xfc,0xd2,0x6f,0xfd,0xd2,0x86,0xdf,0x32,0x1c,0xe7,0xaa,0xff,
  0x54,0x1,0xef,0x73,0xeb,0x5f,0xff,0xf4,0x77,0x73,0xd5,0x55,0xff,0x1,0x1e,0xfc,
  0xd2,0x6f,0xfd,0xde,0x9,0xdf,0xc5,0x55,0x97,0x9,0x7e,0xe7,0x19,0x7f,0xfd,0xd3,
  0xaf,0xcd,0x55,0xff,0xdb,0x20,0xae,0xba,0xea,0xaa,0xff,0x52,0xf,0x7e,0xe9,0xb7,
  0x7e,0x69,0xc3,0x6f,0x19,0x8e,0x73,0xd5,0x7f,0xaa,0x80,0xf7,0xb9,0xf5,0xaf,0x7f,
  0xfa,0xbb,0xb9,0xea,0xaa,0xff,0x40,0xf,0x7a,0xe9,0xb7,0xbe,0xd5,0xf0,0x20,0xae,
  0xba,0xec,0xb6,0xbf,0xfe,0x69,0x71,0xd5,0xff,0x36,0x88,0xab,0xae,0xba,0xea,0xbf,
  0xcc,0x83,0x5f,0xfa,0xad,0x5f,0xda,0xf0,0x5b,0x86,0xe3,0x5c,0xf5,0x9f,0x2a,0xe0,
  0x7d,0x6e,0xfd,0xeb,0x9f,0xfe,0x6e,0xae,0xba,0xea,0x3f,0xd8,0x83,0x5f,0xfa,0xad,
  0xdf,0x3b,0xe1,0xbb,0xb8,0xea,0xb2,0x80,0xd7,0xb9,0xf5,0xaf,0x7f,0xfa,0xb7,0xb9,
  0xea,0x7f,0x13,0xc4,0x55,0x57,0x5d,0xf5,0x5f,0xe2,0xc1,0x2f,0xfd,0xd6,0x2f,0x6d,
  0xf8,0x2d,0xc3,0x71,0xae,0xfa,0x4f,0x15,0xf0,0x3e,0xb7,0xfe,0xf5,0x4f,0x7f,0x37,
  0x57,0x5d,0xf5,0x9f,0xe0,0xc1,0x2f,0xfd,0xd6,0xc7,0xd,0xb7,0x1a,0x8e,0x71,0x15,
  0xc0,0xe7,0xdc,0xf6,0xd7,0x3f,0xfd,0xd9,0x5c,0xf5,0xbf,0x9,0xe2,0xaa,0xab,0xae,
  0xfa,0x4f,0xf7,0xe0,0x97,0x7e,0xeb,0x97,0x36,0xfc,0x96,0xe1,0x38,0x57,0xfd,0xa7,
  0xa,0x78,0x9f,0x5b,0xff,0xfa,0xa7,0xbf,0x9b,0xab,0xae,0xfa,0x4f,0x74,0xcb,0x4b,
  0xbf,0xf5,0x67,0x3,0x9f,0xc5,0x55,0x0,0x3f,0x73,0xdb,0x5f,0xff,0xf4,0x5b,0x73,
  0xd5,0xff,0x26,0x88,0xab,0xae,0xba,0xea,0x3f,0xd5,0x83,0x5f,0xfa,0xad,0x5f,0xda,
  0xf0,0x5b,0x86,0xe3,0x5c,0xf5,0x9f,0x2a,0xe0,0x7d,0x6e,0xfd,0xeb,0x9f,0xfe,0x6e,
  0xae,0xba,0xea,0x3f,0xd9,0x83,0x5f,0xfa,0xad,0x8f,0x1b,0x6e,0x35,0x1c,0xe3,0xff,
  0x39,0xc1,0xee,0x33,0xfe,0xfa,0xa7,0x4f,0x70,0xd5,0xff,0x26,0x88,0xab,0xae,0xba,
  0xea,0x3f,0xcd,0x83,0x5f,0xfa,0xad,0x5f,0xda,0xf0,0x5b,0x86,0xe3,0x5c,0xf5,0x9f,
  0x2a,0xe0,0x7d,0x6e,0xfd,0xeb,0x9f,0xfe,0x6e,0xae,0xba,0xea,0xbf,0xc8,0x2d,0x2f,
  0xfd,0xd6,0xdf,0xd,0xbc,0x17,0x57,0x11,0xf0,0x90,0x5b,0xff,0xfa,0xa7,0x6f,0xe5,
  0xaa,0xff,0x2d,0x10,0x57,0x5d,0x75,0xd5,0x7f,0x8a,0x7,0xbf,0xf4,0x5b,0xbf,0xb4,
  0xe1,0xb7,0xc,0xc7,0xb9,0xea,0x3f,0x55,0xc0,0xfb,0xdc,0xfa,0xd7,0x3f,0xfd,0xdd,
  0x5c,0x75,0xd5,0x7f,0xa1,0x7,0xbf,0xf4,0x5b,0xbf,0x74,0xc2,0x5f,0x71,0x15,0x1,
  0xef,0x73,0xeb,0x5f,0xff,0xf4,0x77,0x73,0xd5,0xff,0x16,0x88,0xab,0xae,0xba,0xea,
  0x3f,0xdc,0x83,0x5f,0xfa,0xad,0x5f,0xda,0xf0,0x5b,0x86,0xe3,0x5c,0xf5,0x9f,0x2a,
  0xe0,0x7d,0x6e,0xfd,0xeb,0x9f,0xfe,0x6e,0xae,0xba,0xea,0xbf,0xc1,0x83,0x5e,0xfa,
  0xad,0x6f,0x35,0x3c,0x88,0xab,0xbe,0xe6,0xb6,0xbf,0xfe,0xe9,0x8f,0xe6,0xaa,0xff,
  0x2d,0x10,0x57,0x5d,0x75,0xd5,0x7f,0xa8,0x7,0xbf,0xf4,0x5b,0xbf,0xb4,0xe1,0xb7,
  0xc,0xc7,0xb9,0xea,0x3f,0x55,0xc0,0xfb,0xdc,0xfa,0xd7,0x3f,0xfd,0xdd,0x5c,0x75,
  0xd5,0x7f,0x93,0x5b,0x5e,0xfa,0xad,0xbf,0x1a,0xf8,0x28,0xfe,0x9f,0x13,0xfc,0xce,
  0x33,0xfe,0xfa,0xa7,0x5f,0x9b,0xab,0xfe,0xb7,0x40,0x5c,0x75,0xd5,0x55,0xff,0x61,
  0x1e,0xfc,0xd2,0x6f,0xfd,0xd2,0x86,0xdf,0x32,0x1c,0xe7,0xaa,0xff,0x54,0x1,0xef,
  0x73,0xeb,0x5f,0xff,0xf4,0x77,0x73,0xd5,0x55,0xff,0x8d,0x1e,0xfc,0xd2,0x6f,0xfd,
  0xd2,0x9,0x7f,0xc5,0x55,0xdc,0xf6,0xd7,0x3f,0x2d,0xae,0xfa,0xdf,0x2,0x71,0xd5,
  0x55,0x57,0xfd,0x87,0x78,0xf0,0x4b,0xbf,0xf5,0x4b,0x1b,0x7e,0xcb,0x70,0x9c,0xab,
  0xfe,0x53,0x5,0xbc,0xcf,0xad,0x7f,0xfd,0xd3,0xdf,0xcd,0x55,0x57,0xfd,0xf,0xf0,
  0xa0,0x97,0x7e,0xeb,0xbf,0x36,0xbc,0x14,0xff,0xcf,0x5,0x3c,0xe4,0xd6,0xbf,0xfe,
  0xe9,0x5b,0xb9,0xea,0x7f,0x3,0xc4,0x55,0x57,0x5d,0xf5,0xef,0xf6,0xe0,0x97,0x7e,
  0xeb,0x97,0x36,0xfc,0x96,0xe1,0x38,0x57,0xfd,0xa7,0xa,0x78,0x9f,0x5b,0xff,0xfa,
  0xa7,0xbf,0x9b,0xab,0xae,0xfa,0x1f,0xe2,0xc1,0x2f,0xfd,0xd6,0x1f,0x9d,0xf0,0x55,
  0xfc,0x3f,0x17,0xf0,0x3a,0xb7,0xfe,0xf5,0x4f,0xff,0x36,0x57,0xfd,0x6f,0x80,0xb8,
  0xea,0xaa,0xab,0xfe,0x5d,0x1e,0xfc,0xd2,0x6f,0xfd,0xd2,0x86,0xdf,0x32,0x1c,0xe7,
  0xaa,0xff,0x54,0x1,0xef,0x73,0xeb,0x5f,0xff,0xf4,0x77,0x73,0xd5,0x55,0xff,0x83,
  0x3c,0xf8,0xa5,0xdf,0xfa,0xc1,0x9,0x4f,0xe7,0xaa,0xcf,0xb9,0xed,0xaf,0x7f,0xfa,
  0xb3,0xb9,0xea,0x7f,0x3,0xc4,0x55,0x57,0x5d,0xf5,0x6f,0xf6,0xe0,0x97,0x7e,0xeb,
  0x97,0x36,0xfc,0x96,0xe1,0x38,0x57,0xfd,0xa7,0xa,0x78,0x9f,0x5b,0xff,0xfa,0xa7,
  0xbf,0x9b,0xab,0xae,0xfa,0x1f,0xe8,0x41,0x2f,0xfd,0xd6,0x7f,0x6d,0x78,0x29,0xfe,
  0x7f,0xfb,0x9e,0xdb,0xfe,0xfa,0xa7,0xdf,0x9b,0xab,0xfe,0x37,0x40,0x5c,0x75,0xd5,
  0x55,0xff,0x26,0xf,0x7e,0xe9,0xb7,0x7e,0x69,0xc3,0x6f,0x19,0x8e,0x73,0xd5,0x7f,
  0xaa,0x80,0xf7,0xb9,0xf5,0xaf,0x7f,0xfa,0xbb,0xb9,0xea,0xaa,0xff,0xa1,0x6e,0x79,
  0xe9,0xb7,0xfe,0x6e,0xe0,0xbd,0xf8,0x7f,0x4c,0xf0,0x3b,0xcf,0xf8,0xeb,0x9f,0x7e,
  0x6d,0xae,0xfa,0xdf,0x0,0x71,0xd5,0x55,0x57,0xfd,0xab,0x3d,0xf8,0xa5,0xdf,0xfa,
  0xa5,0xd,0xbf,0x65,0x38,0xce,0x55,0xff,0xa9,0x2,0xde,0xe7,0xd6,0xbf,0xfe,0xe9,
  0xef,0xe6,0xaa,0x17,0xea,0xc1,0x2f,0xfd,0xd6,0xf,0x6,0xbd,0x56,0xe2,0x7,0xb,
  0x5e,0x1b,0x38,0x6e,0x78,0x69,0x9e,0xf,0xc1,0xad,0xc0,0xad,0x86,0xbf,0xe,0xb8,
  0x15,0xf8,0x9d,0x5b,0xff,0xfa,0xa7,0xff,0x9a,0xab,0xfe,0xcd,0x1e,0xfc,0xd2,0x6f,
  0xfd,0xde,0x9,0xdf,0xc5,0xff,0x73,0xb7,0xfd,0xf5,0x4f,0x8b,0xab,0xfe,0x37,0x40,
  0x5c,0x75,0xd5,0x55,0xff,0x2a,0xf,0x7e,0xe9,0xb7,0x7e,0x69,0xc3,0x6f,0x19,0x8e,
  0x73,0xd5,0x7f,0xaa,0x80,0xf7,0xb9,0xf5,0xaf,0x7f,0xfa,0xbb,0xb9,0xea,0xf9,0x7a,
  0xf0,0x4b,0xbf,0xf5,0x4b,0x27,0xbc,0x97,0xe0,0xad,0xd,0xf,0xe6,0xdf,0x41,0xb0,
  0xb,0xfc,0xb6,0xd0,0x77,0xdf,0xfa,0xd7,0x3f,0xf5,0x33,0x5c,0xf5,0xaf,0xf2,0xe0,
  0x97,0x7e,0xeb,0x7,0x27,0x3c,0x9d,0xff,0xe7,0x6e,0xfb,0xeb,0x9f,0x16,0x57,0xfd,
  0x6f,0x80,0xb8,0xea,0xaa,0xab,0x5e,0x64,0xf,0x7e,0xe9,0xb7,0x7e,0x69,0xc3,0x6f,
  0x19,0x8e,0x73,0xd5,0x7f,0xaa,0x80,0xf7,0xb9,0xf5,0xaf,0x7f,0xfa,0xbb,0xb9,0xea,
  0x39,0x3c,0xf8,0xa5,0xdf,0xfa,0x78,0xc2,0x47,0x9,0xde,0xdb,0xf0,0x60,0xfe,0x13,
  0x8,0x76,0xd,0x3f,0x1d,0xf0,0x39,0xb7,0xfe,0xf5,0x4f,0xdf,0xca,0x55,0x2f,0x92,
  0x7,0xbd,0xf4,0x5b,0xdf,0x6a,0x78,0x10,0xff,0x8f,0x5,0xbc,0xce,0xad,0x7f,0xfd,
  0xd3,0xbf,0xcd,0x55,0xff,0xd3,0x21,0xae,0xba,0xea,0xaa,0x17,0xc9,0x83,0x5f,0xfa,
  0xad,0x5f,0xda,0xf0,0x5b,0x86,0xe3,0x5c,0xf5,0x9f,0x2a,0xe0,0x7d,0x6e,0xfd,0xeb,
  0x9f,0xfe,0x6e,0xae,0x7a,0x96,0x7,0xbf,0xf4,0x5b,0x1f,0x4f,0xf8,0x28,0xc1,0x47,
  0x1b,0x8e,0xf3,0x5f,0xe7,0xbb,0x3,0x3e,0xe7,0xd6,0xbf,0xfe,0xe9,0x5b,0xb9,0xea,
  0x85,0xba,0xe5,0xa5,0xdf,0xfa,0xbb,0x81,0xf7,0xe2,0xff,0xb1,0x80,0xd7,0xb9,0xf5,
  0xaf,0x7f,0xfa,0xb7,0xb9,0xea,0x7f,0x3a,0xc4,0x55,0x57,0x5d,0xf5,0x2f,0x7a,0xf0,
  0x4b,0xbf,0xf5,0x4b,0x1b,0x7e,0xcb,0x70,0x9c,0xab,0xfe,0x53,0x5,0xbc,0xcf,0xad,
  0x7f,0xfd,0xd3,0xdf,0xcd,0x55,0xcf,0xf2,0xe0,0x97,0x7e,0x9b,0xf7,0x32,0xfe,0x6a,
  0xc3,0x71,0xfe,0xfb,0x7c,0x75,0xc0,0xe7,0xdc,0xfa,0xd7,0x3f,0xbd,0xcb,0x55,0xcf,
  0xd7,0x83,0x5f,0xfa,0xad,0xdf,0x3b,0xe1,0xbb,0xf8,0x7f,0x2c,0xe0,0x63,0x6e,0xfd,
  0xeb,0x9f,0xfe,0x6a,0xae,0xfa,0x9f,0xe,0x71,0xd5,0x55,0x57,0xbd,0x50,0xf,0x7e,
  0xe9,0xb7,0x7e,0x69,0xc3,0x6f,0x19,0x8e,0x73,0xd5,0x7f,0xaa,0x80,0xf7,0xb9,0xf5,
  0xaf,0x7f,0xfa,0xbb,0xb9,0xea,0xb2,0x7,0xbf,0xf4,0x5b,0x3f,0xd8,0xf0,0x5d,0x86,
  0xd7,0xe6,0x7f,0x0,0xc1,0xae,0xe0,0x6d,0x6e,0xfd,0xeb,0x9f,0xfe,0x6d,0xae,0x7a,
  0x1e,0xf,0x7e,0xe9,0xb7,0x7e,0xe9,0x84,0xbf,0xe2,0xff,0xb7,0xcf,0xb9,0xed,0xaf,
  0x7f,0xfa,0xb3,0xb9,0xea,0x7f,0x3a,0xc4,0x55,0x57,0x5d,0xf5,0x2,0x3d,0xf8,0xa5,
  0xdf,0xfa,0xa5,0xd,0xbf,0x65,0x38,0xce,0x55,0xff,0xa9,0x2,0xde,0xe7,0xd6,0xbf,
  0xfe,0xe9,0xef,0xe6,0xaa,0xcb,0x1e,0xfc,0xd2,0x6f,0xfd,0xd6,0x86,0xef,0x32,0x1c,
  0xe7,0x7f,0x9e,0xaf,0xbe,0xed,0xaf,0x7f,0xfa,0x63,0xb8,0xea,0x79,0xdc,0xf2,0xd2,
  0x6f,0x6d,0xfe,0x7f,0xfb,0x99,0xdb,0xfe,0xfa,0xa7,0xdf,0x9a,0xab,0xfe,0xa7,0x43,
  0x5c,0x75,0xd5,0x55,0xcf,0xd7,0x83,0x5f,0xfa,0xad,0x5f,0xda,0xf0,0x5b,0x86,0xe3,
  0x5c,0xf5,0x9f,0x2a,0xe0,0x7d,0x6e,0xfd,0xeb,0x9f,0xfe,0x6e,0xae,0xba,0xec,0x96,
  0x97,0x7e,0xeb,0xaf,0x2,0x3e,0x9a,0xff,0xc1,0x4,0x7f,0x2d,0x78,0x9d,0x5b,0xff,
  0xfa,0xa7,0x77,0xb9,0xea,0x59,0x1e,0xf4,0xd2,0x6f,0x7d,0xab,0xe1,0x41,0xfc,0x3f,
  0x25,0xf8,0x9d,0x67,0xfc,0xf5,0x4f,0xbf,0x36,0x57,0xfd,0x4f,0x87,0xb8,0xea,0xaa,
  0xab,0x9e,0xc7,0x83,0x5f,0xfa,0xad,0x5f,0xda,0xf0,0x5b,0x86,0xe3,0x5c,0xf5,0x9f,
  0x2a,0xe0,0x7d,0x6e,0xfd,0xeb,0x9f,0xfe,0x6e,0xae,0xba,0xec,0x96,0x97,0x7e,0xeb,
  0xef,0x2,0xde,0x9b,0xff,0x5,0x4,0x7f,0x2d,0x78,0x9d,0x5b,0xff,0xfa,0xa7,0x77,
  0xb9,0xea,0xb2,0x7,0xbd,0xf4,0x5b,0xff,0xb6,0xe1,0xb5,0xf8,0x7f,0x4a,0xf0,0x3b,
  0xcf,0xf8,0xeb,0x9f,0x7e,0x6d,0xae,0xfa,0x9f,0xe,0x71,0xd5,0x55,0x57,0x3d,0x87,
  0x7,0xbf,0xf4,0x5b,0xbf,0xb4,0xe1,0xb7,0xc,0xc7,0xb9,0xea,0x3f,0x55,0xc0,0xfb,
  0xdc,0xfa,0xd7,0x3f,0xfd,0xdd,0x5c,0x75,0xd9,0x2d,0x2f,0xfd,0xd6,0xdf,0x5,0xbc,
  0x37,0xff,0x8b,0x8,0xfe,0x5a,0xf0,0x3a,0xb7,0xfe,0xf5,0x4f,0xef,0x72,0x15,0xb7,
  0xbc,0xf4,0x5b,0x7f,0x35,0xf0,0x51,0xfc,0x3f,0x25,0xb8,0xf5,0x19,0x7f,0xfd,0xd3,
  0xf,0xe1,0xaa,0xff,0xe9,0x10,0x57,0x5d,0x75,0xd5,0xb3,0x3c,0xf8,0xa5,0xdf,0xfa,
  0xa5,0xd,0xbf,0x65,0x38,0xce,0x55,0xff,0xa9,0x2,0xde,0xe7,0xd6,0xbf,0xfe,0xe9,
  0xef,0xe6,0xaa,0xcb,0x6e,0x79,0xe9,0xb7,0xfe,0x2e,0xe0,0xbd,0xf9,0x5f,0x48,0xf0,
  0xd7,0x82,0xd7,0xb9,0xf5,0xaf,0x7f,0x7a,0x97,0xff,0xe7,0x1e,0xfc,0xd2,0x6f,0xfd,
  0xd1,0x9,0x5f,0xc5,0xff,0x63,0xb7,0xfd,0xf5,0x4f,0x8b,0xab,0xfe,0xa7,0x43,0x5c,
  0x75,0xd5,0x55,0x97,0x3d,0xf8,0xa5,0xdf,0xfa,0xa5,0xd,0xbf,0x65,0x38,0xce,0x55,
  0xff,0xa9,0x2,0xde,0xe7,0xd6,0xbf,0xfe,0xe9,0xef,0xe6,0xaa,0xcb,0x6e,0x79,0xe9,
  0xb7,0xfe,0x2e,0xe0,0xbd,0xf9,0x5f,0x4c,0xf0,0xd7,0xcf,0xf8,0xeb,0x9f,0x7e,0x19,
  0xfe,0x9f,0x7b,0xf0,0x4b,0xbf,0xf5,0x6b,0x27,0xfc,0x16,0xff,0x8f,0xdd,0xf6,0xd7,
  0x3f,0x2d,0xae,0xfa,0x9f,0xe,0x71,0xd5,0x55,0x57,0xf1,0xe0,0x97,0x7e,0xeb,0x97,
  0x36,0xfc,0x96,0xe1,0x38,0x57,0xfd,0xa7,0xa,0x78,0x9f,0x5b,0xff,0xfa,0xa7,0xbf,
  0x9b,0xab,0x2e,0xbb,0xe5,0xa5,0xdf,0xfa,0xbb,0x80,0xf7,0xe6,0xff,0x86,0xaf,0xb9,
  0xed,0xaf,0x7f,0xfa,0xa3,0xf9,0x7f,0xec,0xc1,0x2f,0xfd,0xd6,0xf,0x4e,0x78,0x3a,
  0xff,0x8f,0xdd,0xf6,0xd7,0x3f,0x2d,0xae,0xfa,0x9f,0xe,0x71,0xd5,0x55,0xff,0xcf,
  0x3d,0xf8,0xa5,0xdf,0xfa,0xa5,0xd,0xbf,0x65,0x38,0xce,0x55,0xff,0xa9,0x2,0xde,
  0xe7,0xd6,0xbf,0xfe,0xe9,0xef,0xe6,0xaa,0xcb,0x6e,0x79,0xe9,0xb7,0xfe,0x2e,0xe0,
  0xbd,0xf9,0x3f,0x24,0xe0,0x6d,0x6e,0xfd,0xeb,0x9f,0xfe,0x69,0xfe,0x1f,0xbb,0xe5,
  0xa5,0xdf,0xda,0xfc,0x3f,0x16,0xf0,0x3a,0xb7,0xfe,0xf5,0x4f,0xff,0x36,0x57,0xfd,
  0x4f,0x86,0xb8,0xea,0xaa,0xff,0xc7,0x1e,0xfc,0xd2,0x6f,0xfd,0xd2,0x86,0xdf,0x32,
  0x1c,0xe7,0xaa,0xff,0x54,0x1,0xef,0x73,0xeb,0x5f,0xff,0xf4,0x77,0x73,0xd5,0x65,
  0xb7,0xbc,0xf4,0x5b,0x7f,0x17,0xf0,0xde,0xfc,0x1f,0x23,0xd8,0x15,0x3c,0xe4,0xd6,
  0xbf,0xfe,0xe9,0x5d,0xfe,0x9f,0xba,0xe5,0xa5,0xdf,0xda,0xfc,0x3f,0x16,0xf0,0x3a,
  0xb7,0xfe,0xf5,0x4f,0xff,0x36,0x57,0xfd,0x4f,0x86,0xb8,0xea,0xaa,0xff,0xa7,0x1e,
  0xfc,0xd2,0x6f,0xfd,0xd2,0x86,0xdf,0x32,0x1c,0xe7,0xaa,0xff,0x54,0x1,0xef,0x73,
  0xeb,0x5f,0xff,0xf4,0x77,0x73,0xd5,0x65,0xb7,0xbc,0xf4,0x5b,0x7f,0x17,0xf0,0xde,
  0xfc,0xdf,0xf5,0x35,0xb7,0xfd,0xf5,0x4f,0x7f,0x34,0xff,0x4f,0xdd,0xf2,0xd2,0x6f,
  0x6d,0xfe,0x1f,0xb,0x78,0x9d,0x5b,0xff,0xfa,0xa7,0x7f,0x9b,0xab,0xfe,0x27,0x43,
  0x5c,0x75,0xd5,0xff,0x43,0xf,0x7e,0xe9,0xb7,0x7e,0x69,0xc3,0x6f,0x19,0x8e,0x73,
  0xd5,0x7f,0xaa,0x80,0xf7,0xb9,0xf5,0xaf,0x7f,0xfa,0xbb,0xb9,0xea,0xb2,0x5b,0x5e,
  0xfa,0xad,0xbf,0xb,0x78,0x6f,0xfe,0x8f,0xb,0x78,0x99,0x5b,0xff,0xfa,0xa7,0xff,
  0x9a,0xff,0x87,0x6e,0x79,0xe9,0xb7,0x36,0xff,0x8f,0x5,0xbc,0xce,0xad,0x7f,0xfd,
  0xd3,0xbf,0xcd,0x55,0xff,0x93,0x21,0xae,0xba,0xea,0xff,0x99,0x7,0xbf,0xf4,0x5b,
  0xbf,0xb4,0xe1,0xb7,0xc,0xc7,0xb9,0xea,0x3f,0x55,0xc0,0xfb,0xdc,0xfa,0xd7,0x3f,
  0xfd,0xdd,0x5c,0x75,0xd9,0x2d,0x2f,0xfd,0xd6,0xdf,0x5,0xbc,0x37,0xff,0xf,0x8,
  0x7e,0xfb,0x19,0x7f,0xfd,0xd3,0xaf,0xc3,0xff,0x43,0xf,0x7a,0xe9,0xb7,0xfe,0x6d,
  0xc3,0x6b,0xf1,0xff,0x54,0xc0,0xeb,0xdc,0xfa,0xd7,0x3f,0xfd,0xdb,0x5c,0xf5,0x3f,
  0x19,0xe2,0xaa,0xab,0xfe,0x1f,0x79,0xf0,0x4b,0xbf,0xf5,0x4b,0x1b,0x7e,0xcb,0x70,
  0x9c,0xab,0xfe,0x53,0x5,0xbc,0xcf,0xad,0x7f,0xfd,0xd3,0xdf,0xcd,0x55,0x97,0xdd,
  0xf2,0xd2,0x6f,0xfd,0x5d,0xc0,0x7b,0xf3,0xff,0x48,0xc0,0x43,0x6e,0xfd,0xeb,0x9f,
  0xbe,0x95,0xff,0x67,0x1e,0xf4,0xd2,0x6f,0xfd,0xdb,0x86,0xd7,0xe2,0xff,0xa9,0x80,
  0xd7,0xb9,0xf5,0xaf,0x7f,0xfa,0xb7,0xb9,0xea,0x7f,0x32,0xc4,0x55,0x57,0xfd,0x3f,
  0xf1,0xe0,0x97,0x7e,0xeb,0x97,0x36,0xfc,0x96,0xe1,0x38,0x57,0xfd,0xa7,0xa,0x78,
  0x9f,0x5b,0xff,0xfa,0xa7,0xbf,0x9b,0xab,0x2e,0xbb,0xe5,0xa5,0xdf,0xfa,0xbb,0x80,
  0xf7,0xe6,0xff,0x9f,0xef,0xb9,0xed,0xaf,0x7f,0xfa,0xbd,0xf9,0x7f,0xe6,0x41,0x2f,
  0xfd,0xd6,0xbf,0x6d,0x78,0x2d,0xfe,0x9f,0xa,0x78,0x9d,0x5b,0xff,0xfa,0xa7,0x7f,
  0x9b,0xab,0xfe,0x27,0x43,0x5c,0x75,0xd5,0xff,0x3,0xf,0x7e,0xe9,0xb7,0x7e,0x69,
  0xc3,0x6f,0x19,0x8e,0x73,0xd5,0x7f,0xaa,0x80,0xf7,0xb9,0xf5,0xaf,0x7f,0xfa,0xbb,
  0xb9,0xea,0xb2,0x5b,0x5e,0xfa,0xad,0xbf,0xb,0x78,0x6f,0xfe,0x9f,0xa,0x38,0x71,
  0xeb,0x5f,0xff,0xf4,0x2e,0xff,0x8f,0x3c,0xe8,0xa5,0xdf,0xfa,0xb7,0xd,0xaf,0xc5,
  0xff,0x53,0x1,0xaf,0x73,0xeb,0x5f,0xff,0xf4,0x6f,0x73,0xd5,0xff,0x64,0x88,0xab,
  0xae,0xfa,0x3f,0xee,0xc1,0x2f,0xfd,0xd6,0x2f,0x6d,0xf8,0x2d,0xc3,0x71,0xae,0xfa,
  0x4f,0x15,0xf0,0x3e,0xb7,0xfe,0xf5,0x4f,0x7f,0x37,0x57,0x5d,0x76,0xcb,0x4b,0xbf,
  0xf5,0x77,0x1,0xef,0xcd,0xff,0x63,0x1,0xef,0x73,0xeb,0x5f,0xff,0xf4,0x77,0xf3,
  0xff,0xc8,0x83,0x5e,0xfa,0xad,0x7f,0xdb,0xf0,0x5a,0xfc,0x3f,0x15,0xf0,0x3a,0xb7,
  0xfe,0xf5,0x4f,0xff,0x36,0x57,0xfd,0x4f,0x86,0xb8,0xea,0xaa,0xff,0xc3,0x1e,0xfc,
  0xd2,0x6f,0xfd,0xd2,0x86,0xdf,0x32,0x1c,0xe7,0xaa,0xff,0x54,0x1,0xef,0x73,0xeb,
  0x5f,0xff,0xf4,0x77,0x73,0xd5,0x65,0xb7,0xbc,0xf4,0x5b,0x7f,0x17,0xf0,0xde,0x5c,
  0xf5,0x33,0xb7,0xfd,0xf5,0x4f,0xbf,0x35,0xff,0x8f,0x3c,0xe8,0xa5,0xdf,0xfa,0xb7,
  0xd,0xaf,0xc5,0xff,0x53,0x1,0xaf,0x73,0xeb,0x5f,0xff,0xf4,0x6f,0x73,0xd5,0xff,
  0x64,0x88,0xab,0xae,0xfa,0x3f,0xea,0xc1,0x2f,0xfd,0xd6,0x2f,0x6d,0xf8,0x2d,0xc3,
  0x71,0xae,0xfa,0x4f,0x15,0xf0,0x3e,0xb7,0xfe,0xf5,0x4f,0x7f,0x37,0x57,0x5d,0x76,
  0xcb,0x4b,0xbf,0xf5,0x77,0x1,0xef,0xcd,0x55,0x97,0xdd,0xf6,0xd7,0x3f,0x2d,0xfe,
  0x1f,0x79,0xd0,0x4b,0xbf,0xf5,0x6f,0x1b,0x5e,0x8b,0xff,0xa7,0x2,0x5e,0xe7,0xd6,
  0xbf,0xfe,0xe9,0xdf,0xe6,0xaa,0xff,0xc9,0x10,0x57,0x5d,0xf5,0x7f,0xd0,0x83,0x5f,
  0xfa,0xad,0x5f,0xda,0xf0,0x5b,0x86,0xe3,0x5c,0xf5,0x9f,0x2a,0xe0,0x7d,0x6e,0xfd,
  0xeb,0x9f,0xfe,0x6e,0xae,0xba,0xec,0x96,0x97,0x7e,0xeb,0xef,0x2,0xde,0x9b,0xab,
  0x9e,0x25,0xe0,0x75,0x6e,0xfd,0xeb,0x9f,0xfe,0x6d,0xfe,0x9f,0x78,0xd0,0x4b,0xbf,
  0xf5,0x45,0xc3,0x71,0xfe,0x9f,0xa,0x78,0x9d,0x5b,0xff,0xfa,0xa7,0x7f,0x9b,0xab,
  0xfe,0x27,0x43,0x5c,0x75,0xd5,0xff,0x31,0xf,0x7e,0xe9,0xb7,0x7e,0x69,0xc3,0x6f,
  0x19,0x8e,0x73,0xd5,0x7f,0xaa,0x80,0xf7,0xb9,0xf5,0xaf,0x7f,0xfa,0xbb,0xb9,0xea,
  0xb2,0x5b,0x5e,0xfa,0xad,0xbf,0xb,0x78,0x6f,0xae,0x7a,0x6e,0x9f,0x73,0xdb,0x5f,
  0xff,0xf4,0x67,0xf3,0xff,0xc4,0x2d,0x2f,0xfd,0xd6,0xe6,0xff,0xb1,0x80,0xd7,0xb9,
  0xf5,0xaf,0x7f,0xfa,0xb7,0xb9,0xea,0x7f,0x32,0xc4,0x55,0x57,0xfd,0x1f,0xf2,0xe0,
  0x97,0x7e,0xeb,0x97,0x36,0xfc,0x96,0xe1,0x38,0x57,0xfd,0xa7,0xa,0x78,0x9f,0x5b,
  0xff,0xfa,0xa7,0xbf,0x9b,0xab,0x2e,0xbb,0xe5,0xa5,0xdf,0xfa,0xbb,0x80,0xf7,0xe6,
  0xaa,0xe7,0x21,0xf8,0x9d,0x67,0xfc,0xf5,0x4f,0xbf,0x36,0xff,0x4f,0xdc,0xf2,0xd2,
  0x6f,0x6d,0xfe,0x1f,0xb,0x78,0x9d,0x5b,0xff,0xfa,0xa7,0x7f,0x9b,0xab,0xfe,0x27,
  0x43,0x5c,0x75,0xd5,0xff,0x11,0xf,0x7e,0xe9,0xb7,0x7e,0x69,0xc3,0x6f,0x19,0x8e,
  0x73,0xd5,0x7f,0xaa,0x80,0xf7,0xb9,0xf5,0xaf,0x7f,0xfa,0xbb,0xb9,0xea,0xb2,0x5b,
  0x5e,0xfa,0xad,0xbf,0xb,0x78,0x6f,0xae,0x7a,0xbe,0x4,0x7f,0xfd,0x8c,0xbf,0xfe,
  0xe9,0x97,0xe1,0xff,0x89,0x5b,0x5e,0xfa,0xad,0xcd,0xff,0x63,0x1,0xaf,0x73,0xeb,
  0x5f,0xff,0xf4,0x6f,0x73,0xd5,0xff,0x64,0x88,0xab,0xae,0xfa,0x3f,0xe0,0xc1,0x2f,
  0xfd,0xd6,0x2f,0x6d,0xf8,0x2d,0xc3,0x71,0xae,0xfa,0x4f,0x15,0xf0,0x3e,0xb7,0xfe,
  0xf5,0x4f,0x7f,0x37,0x57,0x5d,0x76,0xcb,0x4b,0xbf,0xf5,0x77,0x1,0xef,0xcd,0x55,
  0x2f,0xd4,0x6d,0x7f,0xfd,0xd3,0xe2,0xff,0x81,0x7,0xbf,0xf4,0x5b,0x1f,0x4f,0xb8,
  0xc8,0xff,0x63,0x1,0x27,0x6e,0xfd,0xeb,0x9f,0xde,0xe5,0xaa,0xff,0xc9,0x10,0x57,
  0x5d,0xf5,0xbf,0xdc,0x83,0x5f,0xfa,0xad,0x5f,0xda,0xf0,0x5b,0x86,0xe3,0x5c,0xf5,
  0x9f,0x2a,0xe0,0x7d,0x6e,0xfd,0xeb,0x9f,0xfe,0x6e,0xae,0xba,0xec,0x96,0x97,0x7e,
  0xeb,0xef,0x2,0xde,0x9b,0xab,0xfe,0x45,0xb7,0xfd,0xf5,0x4f,0x8b,0xff,0x7,0x1e,
  0xfc,0xd2,0x6f,0xfd,0xda,0x9,0xbf,0xc5,0xff,0x63,0xb7,0xfd,0xf5,0x4f,0x8b,0xab,
  0xfe,0xa7,0x43,0x5c,0x75,0xd5,0xff,0x62,0xf,0x7e,0xe9,0xb7,0x7e,0x69,0xc3,0x6f,
  0x19,0x8e,0x73,0xd5,0x7f,0xaa,0x80,0xf7,0xb9,0xf5,0xaf,0x7f,0xfa,0xbb,0xb9,0xea,
  0xb2,0x5b,0x5e,0xfa,0xad,0xbf,0xb,0x78,0x6f,0xae,0x7a,0x91,0xdc,0xf6,0xd7,0x3f,
  0x2d,0xfe,0x1f,0x78,0xf0,0x4b,0xbf,0xf5,0x7b,0x27,0x7c,0x17,0xff,0x8f,0xdd,0xf6,
  0xd7,0x3f,0x2d,0xae,0xfa,0x9f,0xe,0x71,0xd5,0x55,0xff,0x4b,0x3d,0xf8,0xa5,0xdf,
  0xfa,0xa5,0xd,0xbf,0x65,0x38,0xce,0x55,0xff,0xa9,0x2,0xde,0xe7,0xd6,0xbf,0xfe,
  0xe9,0xef,0xe6,0xaa,0xcb,0x6e,0x79,0xe9,0xb7,0xfe,0x2e,0xe0,0xbd,0xb9,0xea,0x45,
  0x16,0xf0,0x3a,0xb7,0xfe,0xf5,0x4f,0xff,0x36,0xff,0xc7,0xdd,0xf2,0xd2,0x6f,0xfd,
  0xd9,0xc0,0x67,0xf1,0xff,0x94,0xe0,0xd2,0x33,0xfe,0xfa,0xa7,0x8f,0x73,0xd5,0xff,
  0x74,0x88,0xab,0xae,0xfa,0x5f,0xe8,0xc1,0x2f,0xfd,0xd6,0x2f,0x6d,0xf8,0x2d,0xc3,
  0x71,0xae,0xfa,0x4f,0x15,0xf0,0x3e,0xb7,0xfe,0xf5,0x4f,0x7f,0x37,0x57,0x5d,0x76,
  0xcb,0x4b,0xbf,0xf5,0x77,0x1,0xef,0xcd,0x55,0xff,0x2a,0x1,0x2f,0x73,0xeb,0x5f,
  0xff,0xf4,0x5f,0xf3,0x7f,0xdc,0x2d,0x2f,0xfd,0xd6,0x3f,0xd,0xbc,0x15,0xff,0x4f,
  0x9,0x7e,0xe7,0x19,0x7f,0xfd,0xd3,0xaf,0xcd,0x55,0xff,0xd3,0x21,0xae,0xba,0xea,
  0x7f,0x99,0x7,0xbf,0xf4,0x5b,0xbf,0xb4,0xe1,0xb7,0xc,0xc7,0xb9,0xea,0x3f,0x55,
  0xc0,0xfb,0xdc,0xfa,0xd7,0x3f,0xfd,0xdd,0x5c,0x75,0xd9,0x2d,0x2f,0xfd,0xd6,0xdf,
  0x5,0xbc,0x37,0x57,0xfd,0xab,0xdd,0xf6,0xd7,0x3f,0x2d,0xfe,0x1f,0x78,0xd0,0x4b,
  0xbf,0xf5,0x5f,0x19,0x5e,0x9a,0xff,0xa7,0x4,0xbf,0xf3,0x8c,0xbf,0xfe,0xe9,0xd7,
  0xe6,0xaa,0xff,0xe9,0x10,0x57,0x5d,0xf5,0xbf,0xc8,0x83,0x5f,0xfa,0xad,0x5f,0xda,
  0xf0,0x5b,0x86,0xe3,0x5c,0xf5,0x9f,0x2a,0xe0,0x7d,0x6e,0xfd,0xeb,0x9f,0xfe,0x6e,
  0xae,0xba,0xec,0x96,0x97,0x7e,0xeb,0xef,0x2,0xde,0x9b,0xab,0xfe,0x4d,0x6e,0xfb,
  0xeb,0x9f,0x16,0xff,0xf,0xdc,0xf2,0xd2,0x6f,0x6d,0xfe,0x1f,0x13,0xfc,0xce,0x33,
  0xfe,0xfa,0xa7,0x5f,0x9b,0xab,0xfe,0xa7,0x43,0x5c,0x75,0xd5,0xff,0x12,0xf,0x7e,
  0xe9,0xb7,0x7e,0x69,0xc3,0x6f,0x19,0x8e,0x73,0xd5,0x7f,0xaa,0x80,0xf7,0xb9,0xf5,
  0xaf,0x7f,0xfa,0xbb,0xb9,0xea,0xb2,0x5b,0x5e,0xfa,0xad,0xbf,0xb,0x78,0x6f,0xae,
  0xfa,0x37,0xbb,0xed,0xaf,0x7f,0x5a,0xfc,0x1f,0xf7,0xe0,0x97,0x7e,0xeb,0x7,0x27,
  0x3c,0x9d,0xff,0xdf,0x3e,0xe7,0xb6,0xbf,0xfe,0xe9,0xcf,0xe6,0xaa,0xff,0xe9,0x10,
  0x57,0x5d,0xf5,0xbf,0xc0,0x83,0x5f,0xfa,0xad,0x5f,0xda,0xf0,0x5b,0x86,0xe3,0x5c,
  0xf5,0x9f,0x2a,0xe0,0x7d,0x6e,0xfd,0xeb,0x9f,0xfe,0x6e,0xae,0xba,0xec,0x96,0x97,
  0x7e,0xeb,0xef,0x2,0xde,0x9b,0xab,0xfe,0xcd,0x4,0xbf,0xf3,0x8c,0xbf,0xfe,0xe9,
  0xd7,0xe6,0xff,0xb8,0x7,0xbf,0xf4,0x5b,0xbf,0x75,0xc2,0x4f,0xf1,0xff,0xdb,0xe7,
  0xdc,0xf6,0xd7,0x3f,0xfd,0xd9,0x5c,0xf5,0x3f,0x1d,0xe2,0xaa,0xab,0xfe,0x87,0x7b,
  0xf0,0x4b,0xbf,0xf5,0x4b,0x1b,0x7e,0xcb,0x70,0x9c,0xab,0xfe,0x53,0x5,0xbc,0xcf,
  0xad,0x7f,0xfd,0xd3,0xdf,0xcd,0x55,0x97,0xdd,0xf2,0xd2,0x6f,0xfd,0x5d,0xc0,0x7b,
  0x73,0xd5,0xbf,0xd7,0xcf,0xdc,0xf6,0xd7,0x3f,0xfd,0xd6,0xfc,0x1f,0x77,0xcb,0x4b,
  0xbf,0xf5,0x57,0x3,0x1f,0xc5,0xff,0x63,0x1,0xaf,0x73,0xeb,0x5f,0xff,0xf4,0x6f,
  0x73,0xd5,0xff,0x74,0x88,0xab,0xae,0xfa,0x1f,0xec,0xc1,0x2f,0xfd,0xd6,0x2f,0x6d,
  0xf8,0x2d,0xc3,0x71,0xae,0xfa,0x4f,0x15,0xf0,0x3e,0xb7,0xfe,0xf5,0x4f,0x7f,0x37,
  0x57,0x5d,0x76,0xcb,0x4b,0xbf,0xf5,0x77,0x1,0xef,0xcd,0x55,0xff,0x11,0x3e,0xe7,
  0xb6,0xbf,0xfe,0xe9,0xcf,0xe6,0xff,0xb8,0x7,0xbd,0xf4,0x5b,0xff,0x95,0xe1,0xa5,
  0xf9,0x7f,0x2c,0xe0,0x75,0x6e,0xfd,0xeb,0x9f,0xfe,0x6d,0xae,0xfa,0x9f,0xe,0x71,
  0xd5,0x55,0xff,0x43,0x3d,0xf8,0xa5,0xdf,0xfa,0xa5,0xd,0xbf,0x65,0x38,0xce,0x55,
  0xff,0xa9,0x2,0xde,0xe7,0xd6,0xbf,0xfe,0xe9,0xef,0xe6,0xaa,0xcb,0x6e,0x79,0xe9,
  0xb7,0xfe,0x2e,0xe0,0xbd,0xb9,0xea,0x3f,0x44,0xc0,0xeb,0xdc,0xfa,0xd7,0x3f,0xfd,
  0xdb,0xfc,0x1f,0xf6,0xe0,0x97,0x7e,0xeb,0xe3,0x9,0x17,0xf9,0x7f,0xee,0xb6,0xbf,
  0xfe,0x69,0x71,0xd5,0xff,0x6,0x88,0xab,0xae,0xfa,0x1f,0xe8,0xc1,0x2f,0xfd,0xd6,
  0x2f,0x6d,0xf8,0x2d,0xc3,0x71,0xae,0xfa,0x4f,0x15,0xf0,0x3e,0xb7,0xfe,0xf5,0x4f,
  0x7f,0x37,0x57,0x5d,0x76,0xcb,0x4b,0xbf,0xf5,0x77,0x1,0xef,0xcd,0x55,0xff,0x61,
  0x6e,0xfb,0xeb,0x9f,0x16,0xff,0xc7,0x3d,0xf8,0xa5,0xdf,0xfa,0xad,0x13,0x7e,0x8a,
  0xff,0xe7,0x6e,0xfb,0xeb,0x9f,0x16,0x57,0xfd,0x6f,0x80,0xb8,0xea,0xaa,0xff,0x61,
  0x1e,0xfc,0xd2,0x6f,0xfd,0xd2,0x86,0xdf,0x32,0x1c,0xe7,0xaa,0xff,0x54,0x1,0xef,
  0x73,0xeb,0x5f,0xff,0xf4,0x77,0x73,0xd5,0x65,0xb7,0xbc,0xf4,0x5b,0x7f,0x17,0xf0,
  0xde,0x5c,0xf5,0x1f,0xe9,0x67,0x6e,0xfb,0xeb,0x9f,0x7e,0x6b,0xfe,0x8f,0xbb,0xe5,
  0xa5,0xdf,0xfa,0xb3,0x81,0xcf,0xe2,0xff,0x31,0xc1,0xdf,0x3c,0xe3,0xaf,0x7f,0xfa,
  0xa5,0xb9,0xea,0x7f,0x3,0xc4,0x55,0x57,0xfd,0xf,0xf2,0xe0,0x97,0x7e,0xeb,0x97,
  0x36,0xfc,0x96,0xe1,0x38,0x57,0xfd,0xa7,0xa,0x78,0x9f,0x5b,0xff,0xfa,0xa7,0xbf,
  0x9b,0xab,0x78,0xf0,0x4b,0xbf,0xf5,0x71,0xc3,0x77,0x19,0xde,0x9a,0xab,0xfe,0x43,
  0x5,0xbc,0xcf,0xad,0x7f,0xfd,0xd3,0xdf,0xcd,0xff,0x71,0xf,0x7a,0xe9,0xb7,0xfe,
  0x6d,0xc3,0x6b,0xf1,0xff,0xdb,0xcf,0xdc,0xf6,0xd7,0x3f,0xfd,0xd6,0x5c,0xf5,0xbf,
  0x1,0xe2,0xaa,0xab,0xfe,0x87,0x78,0xf0,0x4b,0xbf,0xf5,0x4b,0x1b,0x7e,0xcb,0x70,
  0x9c,0xab,0xfe,0x53,0x5,0xbc,0xcf,0xad,0x7f,0xfd,0xd3,0xdf,0xcd,0x55,0x3c,0xf8,
  0xa5,0xdf,0xfa,0xb8,0xe1,0xb7,0xc,0x2f,0xcd,0x55,0xff,0xa1,0x4,0x97,0x4,0xf,
  0xbe,0xf5,0xaf,0x7f,0x7a,0x97,0xff,0xc3,0x1e,0xfc,0xd2,0x6f,0x7d,0x3c,0xe1,0x22,
  0x57,0x7d,0xce,0x6d,0x7f,0xfd,0xd3,0x9f,0xcd,0x55,0xff,0x1b,0x20,0xae,0xba,0xea,
  0x7f,0x80,0x7,0xbf,0xf4,0x5b,0xbf,0xb4,0xe1,0xb7,0xc,0xc7,0xb9,0xea,0x3f,0x55,
  0xc0,0xfb,0xdc,0xfa,0xd7,0x3f,0xfd,0xdd,0x5c,0xc5,0x83,0x5f,0xfa,0xad,0x8f,0x1b,
  0x7e,0xcb,0xf0,0xd2,0x5c,0xf5,0x9f,0xe1,0x7b,0x6e,0xfb,0xeb,0x9f,0x7e,0x6f,0xfe,
  0x8f,0x7b,0xf0,0x4b,0xbf,0xf5,0x7b,0x27,0x7c,0x17,0xff,0xcf,0x5,0xbc,0xcd,0xad,
  0x7f,0xfd,0xd3,0x3f,0xcd,0x55,0xff,0x1b,0x20,0xae,0xba,0xea,0xbf,0xd9,0x83,0x5f,
  0xfa,0xad,0x5f,0xda,0xf0,0x5b,0x86,0xe3,0x5c,0xf5,0x9f,0x2a,0xe0,0x7d,0x6e,0xfd,
  0xeb,0x9f,0xfe,0x6e,0xae,0xe2,0xc1,0x2f,0xfd,0xd6,0xc7,0xd,0xbf,0x65,0x78,0x69,
  0xae,0xfa,0x4f,0x11,0xf0,0x90,0x5b,0xff,0xfa,0xa7,0x6f,0xe5,0xff,0xb8,0x5b,0x5e,
  0xfa,0xad,0x7f,0x1a,0x78,0x2b,0xfe,0x9f,0xb,0x78,0x99,0x5b,0xff,0xfa,0xa7,0xff,
  0x9a,0xab,0xfe,0x37,0x40,0x5c,0x75,0xd5,0x7f,0xa3,0x7,0xbf,0xf4,0x5b,0xbf,0xb4,
  0xe1,0xb7,0xc,0xc7,0xb9,0xea,0x3f,0x55,0xc0,0xfb,0xdc,0xfa,0xd7,0x3f,0xfd,0xdd,
  0x5c,0xc5,0x83,0x5f,0xfa,0xad,0x8f,0x1b,0x7e,0xcb,0xf0,0xd2,0x5c,0xf5,0x9f,0xe5,
  0x7b,0x6e,0xfb,0xeb,0x9f,0x7e,0x6f,0xfe,0x8f,0x7b,0xf0,0x4b,0xbf,0xf5,0xf1,0x84,
  0x8b,0x5c,0xc5,0x6d,0x7f,0xfd,0xd3,0xe2,0xaa,0xff,0x2d,0x10,0x57,0x5d,0xf5,0xdf,
  0xe4,0xc1,0x2f,0xfd,0xd6,0x2f,0x6d,0xf8,0x2d,0xc3,0x71,0xae,0xfa,0x4f,0x15,0xf0,
  0x3e,0xb7,0xfe,0xf5,0x4f,0x7f,0x37,0x57,0xf1,0xe0,0x97,0x7e,0xeb,0xe3,0x86,0xdf,
  0x32,0xbc,0x34,0x57,0xfd,0xa7,0x9,0x78,0xc8,0xad,0x7f,0xfd,0xd3,0xb7,0xf2,0x7f,
  0xdc,0x83,0x5f,0xfa,0xad,0x3f,0x3a,0xe1,0xab,0xf8,0x7f,0x4e,0xf0,0x3b,0xcf,0xf8,
  0xeb,0x9f,0x7e,0x6d,0xae,0xfa,0xdf,0x2,0x71,0xd5,0x55,0xff,0xd,0x1e,0xfc,0xd2,
  0x6f,0xfd,0xd2,0x86,0xdf,0x32,0x1c,0xe7,0xaa,0xff,0x54,0x1,0xef,0x73,0xeb,0x5f,
  0xff,0xf4,0x77,0x73,0x15,0xf,0x7e,0xe9,0xb7,0x3e,0x6e,0xf8,0x2d,0xc3,0x4b,0x73,
  0xd5,0x7f,0xa6,0xcf,0xb9,0xed,0xaf,0x7f,0xfa,0xb3,0xf9,0x7f,0xe0,0x41,0x2f,0xfd,
  0xd6,0x7f,0x65,0x78,0x69,0xae,0xfa,0x9e,0xdb,0xfe,0xfa,0xa7,0xdf,0x9b,0xab,0xfe,
  0xb7,0x40,0x5c,0x75,0xd5,0x7f,0xb1,0x7,0xbf,0xf4,0x5b,0xbf,0xb4,0xe1,0xb7,0xc,
  0xc7,0xb9,0xea,0x3f,0x55,0xc0,0xfb,0xdc,0xfa,0xd7,0x3f,0xfd,0xdd,0x5c,0xc5,0x83,
  0x5f,0xfa,0xad,0x8f,0x1b,0x7e,0xcb,0xf0,0xd2,0x5c,0xf5,0x9f,0x46,0xf0,0xc,0xc1,
  0x4b,0xdf,0xfa,0xd7,0x3f,0xbd,0xcb,0xff,0x71,0xf,0x7e,0xe9,0xb7,0x7e,0x70,0xc2,
  0xd3,0xb9,0x8a,0x80,0x8f,0xb9,0xf5,0xaf,0x7f,0xfa,0xab,0xb9,0xea,0x7f,0xb,0xc4,
  0x55,0x57,0xfd,0x17,0x7a,0xf0,0x4b,0xbf,0xf5,0x4b,0x1b,0x7e,0xcb,0x70,0x9c,0xab,
  0xfe,0x53,0x5,0xbc,0xcf,0xad,0x7f,0xfd,0xd3,0xdf,0xcd,0x55,0x3c,0xf8,0xa5,0xdf,
  0xfa,0xb8,0xe1,0xb7,0xc,0x2f,0xcd,0x55,0xff,0xa9,0x2,0x5e,0xe6,0xd6,0xbf,0xfe,
  0xe9,0xbf,0xe6,0xff,0x81,0x7,0xbf,0xf4,0x5b,0x7f,0x74,0xc2,0x57,0x71,0x15,0x1,
  0x2f,0x73,0xeb,0x5f,0xff,0xf4,0x5f,0x73,0xd5,0xff,0x16,0x88,0xab,0xae,0xfa,0x2f,
  0xf2,0xe0,0x97,0x7e,0xeb,0x97,0x36,0xfc,0x96,0xe1,0x38,0x57,0xfd,0xa7,0xa,0x78,
  0x9f,0x5b,0xff,0xfa,0xa7,0xbf,0x9b,0xab,0x78,0xf0,0x4b,0xbf,0xf5,0x71,0xc3,0x6f,
  0x19,0x5e,0x9a,0xab,0xfe,0xb3,0x7d,0xce,0x6d,0x7f,0xfd,0xd3,0x9f,0xcd,0xff,0x13,
  0xf,0x7a,0xe9,0xb7,0x7e,0xba,0xe1,0xc1,0x5c,0xc5,0x6d,0x7f,0xfd,0xd3,0xe2,0xaa,
  0xff,0x4d,0x10,0x57,0x5d,0xf5,0x5f,0xe0,0xc1,0x2f,0xfd,0xd6,0x2f,0x6d,0xf8,0x2d,
  0xc3,0x71,0xae,0xfa,0x4f,0x15,0xf0,0x3e,0xb7,0xfe,0xf5,0x4f,0x7f,0x37,0x57,0xf1,
  0xe0,0x97,0x7e,0xeb,0xe3,0x86,0xdf,0x32,0xbc,0x34,0x57,0xfd,0x67,0xfb,0x9e,0xdb,
  0xfe,0xfa,0xa7,0xdf,0x9b,0xff,0x27,0x1e,0xfc,0xd2,0x6f,0xfd,0xde,0x9,0xdf,0xc5,
  0x55,0x8,0x7e,0xe7,0x19,0x7f,0xfd,0xd3,0xaf,0xcd,0x55,0xff,0x9b,0x20,0xae,0xba,
  0xea,0x3f,0xd9,0x83,0x5f,0xfa,0xad,0x5f,0xda,0xf0,0x5b,0x86,0xe3,0x5c,0xf5,0x9f,
  0x2a,0xe0,0x7d,0x6e,0xfd,0xeb,0x9f,0xfe,0x6e,0xae,0xe2,0xc1,0x2f,0xfd,0xd6,0xc7,
  0xd,0xbf,0x65,0x78,0x69,0xae,0xfa,0x4f,0x25,0xf8,0x9b,0x67,0xfc,0xf5,0x4f,0xbf,
  0x34,0xff,0x8f,0x3c,0xe8,0xa5,0xdf,0xfa,0xe9,0x86,0x7,0x73,0x15,0xc0,0xe7,0xdc,
  0xf6,0xd7,0x3f,0xfd,0xd9,0x5c,0xf5,0xbf,0x9,0xe2,0xaa,0xab,0xfe,0x13,0x3d,0xf8,
  0xa5,0xdf,0xfa,0xa5,0xd,0xbf,0x65,0x38,0xce,0x55,0xff,0xa9,0x2,0xde,0xe7,0xd6,
  0xbf,0xfe,0xe9,0xef,0xe6,0x2a,0x1e,0xfc,0xd2,0x6f,0x7d,0xdc,0xf0,0x5b,0x86,0x97,
  0xe6,0xaa,0xff,0x54,0x82,0xbf,0x11,0xbc,0xf6,0xad,0x7f,0xfd,0xd3,0xbb,0xfc,0x3f,
  0xf1,0xe0,0x97,0x7e,0xeb,0xd7,0x4e,0xf8,0x2d,0xae,0xba,0x2c,0xe0,0x6d,0x6e,0xfd,
  0xeb,0x9f,0xfe,0x69,0xae,0xfa,0xdf,0x4,0x71,0xd5,0x55,0xff,0x49,0x1e,0xfc,0xd2,
  0x6f,0xfd,0xd2,0x86,0xdf,0x32,0x1c,0xe7,0xaa,0xff,0x54,0x1,0xef,0x73,0xeb,0x5f,
  0xff,0xf4,0x77,0x73,0x15,0xf,0x7e,0xe9,0xb7,0x3e,0x6e,0xf8,0x2d,0xc3,0x4b,0x73,
  0xd5,0x7f,0x2a,0xc1,0xdf,0x8,0x5e,0xfb,0xd6,0xbf,0xfe,0xe9,0x5d,0xfe,0x1f,0x79,
  0xd0,0x4b,0xbf,0xf5,0x6f,0x19,0x5e,0x9b,0xab,0x2e,0xb,0x38,0x71,0xeb,0x5f,0xff,
  0xf4,0x2e,0x57,0xfd,0x6f,0x82,0xb8,0xea,0xaa,0xff,0x4,0xf,0x7e,0xe9,0xb7,0x7e,
  0x69,0xc3,0x6f,0x19,0x8e,0x73,0xd5,0x7f,0xaa,0x80,0xf7,0xb9,0xf5,0xaf,0x7f,0xfa,
  0xbb,0xb9,0x8a,0x7,0xbf,0xf4,0x5b,0x1f,0x37,0xfc,0x96,0xe1,0xa5,0xb9,0xea,0x3f,
  0x95,0xe0,0x6f,0x4,0xaf,0x7d,0xeb,0x5f,0xff,0xf4,0x2e,0xff,0x8f,0x3c,0xf8,0xa5,
  0xdf,0xfa,0xb5,0x13,0x7e,0x8b,0xab,0x2e,0x13,0xfc,0xcd,0x33,0xfe,0xfa,0xa7,0x5f,
  0x9a,0xab,0xfe,0xb7,0x41,0x5c,0x75,0xd5,0x7f,0xb0,0x7,0xbf,0xf4,0x5b,0xbf,0xb4,
  0xe1,0xb7,0xc,0xc7,0xb9,0xea,0x3f,0x55,0xc0,0xfb,0xdc,0xfa,0xd7,0x3f,0xfd,0xdd,
  0x5c,0xc5,0x83,0x5f,0xfa,0xad,0x8f,0x1b,0x7e,0xcb,0xf0,0xd2,0x5c,0xf5,0x9f,0x4a,
  0xf0,0x37,0x82,0xd7,0xbe,0xf5,0xaf,0x7f,0x7a,0x97,0xff,0x67,0x6e,0x79,0xe9,0xb7,
  0xfe,0x69,0xe0,0xad,0xb8,0xea,0x7e,0x9f,0x73,0xdb,0x5f,0xff,0xf4,0x67,0x73,0xd5,
  0xff,0x36,0x88,0xab,0xae,0xfa,0xf,0xf4,0xe0,0x97,0x7e,0xeb,0x97,0x36,0xfc,0x96,
  0xe1,0x38,0x57,0xfd,0xa7,0xa,0x78,0x9f,0x5b,0xff,0xfa,0xa7,0xbf,0x9b,0xab,0x78,
  0xf0,0x4b,0xbf,0xf5,0x71,0xc3,0x6f,0x19,0x5e,0x9a,0xab,0xfe,0x53,0x9,0xfe,0x46,
  0xf0,0xda,0xb7,0xfe,0xf5,0x4f,0xef,0xf2,0xff,0xcc,0x83,0x5f,0xfa,0xad,0x5f,0x3b,
  0xe1,0xb7,0xb8,0xea,0x59,0x2,0x5e,0xe7,0xd6,0xbf,0xfe,0xe9,0xdf,0xe6,0xaa,0xff,
  0x6d,0x10,0x57,0x5d,0xf5,0x1f,0xe4,0xc1,0x2f,0xfd,0xd6,0x2f,0x6d,0xf8,0x2d,0xc3,
  0x71,0xae,0xfa,0x4f,0x15,0xf0,0x3e,0xb7,0xfe,0xf5,0x4f,0x7f,0x37,0x57,0xf1,0xe0,
  0x97,0x7e,0xeb,0xe3,0x86,0xdf,0x32,0xbc,0x34,0x57,0xfd,0xa7,0x12,0xfc,0x8d,0xe0,
  0xb5,0x6f,0xfd,0xeb,0x9f,0xde,0xe5,0xff,0xa1,0x7,0xbd,0xf4,0x5b,0xff,0x95,0xe1,
  0xa5,0xb9,0xea,0x59,0x6e,0xfb,0xeb,0x9f,0x16,0x57,0xfd,0x6f,0x84,0xb8,0xea,0xaa,
  0xff,0x0,0xf,0x7e,0xe9,0xb7,0x7e,0x69,0xc3,0x6f,0x19,0x8e,0x73,0xd5,0x7f,0xaa,
  0x80,0xf7,0xb9,0xf5,0xaf,0x7f,0xfa,0xbb,0xb9,0x8a,0x7,0xbf,0xf4,0x5b,0x1f,0x37,
  0xfc,0x96,0xe1,0xa5,0xb9,0xea,0x3f,0x95,0xe0,0x6f,0x4,0xaf,0x7d,0xeb,0x5f,0xff,
  0xf4,0x2e,0xff,0xf,0x3d,0xf8,0xa5,0xdf,0xfa,0xa3,0x13,0xbe,0x8a,0xab,0x1e,0xe8,
  0x67,0x6e,0xfb,0xeb,0x9f,0x7e,0x6b,0xae,0xfa,0xdf,0x8,0x71,0xd5,0x55,0xff,0x4e,
  0xf,0x7e,0xe9,0xb7,0x7e,0x69,0xc3,0x6f,0x19,0x8e,0x73,0xd5,0x7f,0xaa,0x80,0xf7,
  0xb9,0xf5,0xaf,0x7f,0xfa,0xbb,0xb9,0x8a,0x7,0xbf,0xf4,0x5b,0x1f,0x37,0xfc,0x96,
  0xe1,0xa5,0xb9,0xea,0x3f,0x95,0xe0,0x6f,0x4,0xaf,0x7d,0xeb,0x5f,0xff,0xf4,0x2e,
  0xff,0xf,0x3d,0xf8,0xa5,0xdf,0xfa,0xb8,0xe1,0xe9,0x86,0xe3,0x5c,0xf5,0x2c,0x1,
  0x1f,0x73,0xeb,0x5f,0xff,0xf4,0x57,0x73,0xd5,0xff,0x46,0x88,0xab,0xae,0xfa,0x77,
  0x78,0xf0,0x4b,0xbf,0xf5,0x4b,0x1b,0x7e,0xcb,0x70,0x9c,0xab,0xfe,0x53,0x5,0xbc,
  0xcf,0xad,0x7f,0xfd,0xd3,0xdf,0xcd,0x55,0x3c,0xf8,0xa5,0xdf,0xfa,0xb8,0xe1,0xb7,
  0xc,0x2f,0xcd,0x55,0xff,0xa9,0x4,0x7f,0x23,0x78,0xed,0x5b,0xff,0xfa,0xa7,0x77,
  0xf9,0x7f,0xea,0x96,0x97,0x7e,0xeb,0xaf,0x6,0x3e,0x8a,0xab,0x9e,0x43,0xc0,0x43,
  0x6e,0xfd,0xeb,0x9f,0xbe,0x95,0xab,0xfe,0x37,0x42,0x5c,0x75,0xd5,0xbf,0xd1,0x83,
  0x5f,0xfa,0xad,0x5f,0xda,0xf0,0x5b,0x86,0xe3,0x5c,0xf5,0x9f,0x2a,0xe0,0x7d,0x6e,
  0xfd,0xeb,0x9f,0xfe,0x6e,0xae,0xe2,0xc1,0x2f,0xfd,0xd6,0xc7,0xd,0xbf,0x65,0x78,
  0x69,0xae,0xfa,0x4f,0x25,0xf8,0x1b,0xc1,0x6b,0xdf,0xfa,0xd7,0x3f,0xbd,0xcb,0xff,
  0x53,0xf,0x7e,0xe9,0xb7,0x7e,0xe9,0x84,0xbf,0xe2,0xaa,0xe7,0x20,0xf8,0x9b,0x67,
  0xfc,0xf5,0x4f,0xbf,0x34,0x57,0xfd,0x6f,0x85,0xb8,0xea,0xaa,0x7f,0x83,0x7,0xbf,
  0xf4,0x5b,0xbf,0xb4,0xe1,0xb7,0xc,0xc7,0xb9,0xea,0x3f,0x55,0xc0,0xfb,0xdc,0xfa,
  0xd7,0x3f,0xfd,0xdd,0x5c,0xc5,0x83,0x5f,0xfa,0xad,0x8f,0x1b,0x7e,0xcb,0xf0,0xd2,
  0x5c,0xf5,0x9f,0x4a,0xf0,0x37,0x82,0xd7,0xbe,0xf5,0xaf,0x7f,0x7a,0x97,0xff,0xc7,
  0x1e,0xf4,0xd2,0x6f,0xfd,0x5b,0x86,0xd7,0xe6,0xaa,0xe7,0x10,0xf0,0x31,0xb7,0xfe,
  0xf5,0x4f,0x7f,0x35,0x57,0xfd,0x6f,0x85,0xb8,0xea,0xaa,0x7f,0xa5,0x7,0xbf,0xf4,
  0x5b,0xbf,0xb4,0xe1,0xb7,0xc,0xc7,0xb9,0xea,0x3f,0x55,0xc0,0xfb,0xdc,0xfa,0xd7,
  0x3f,0xfd,0xdd,0x5c,0xc5,0x83,0x5f,0xfa,0xad,0x8f,0x1b,0x7e,0xcb,0xf0,0xd2,0x5c,
  0xf5,0x9f,0x4a,0xf0,0x37,0x82,0xd7,0xbe,0xf5,0xaf,0x7f,0x7a,0x97,0xff,0xc7,0x6e,
  0x79,0xe9,0xb7,0xfe,0x6c,0xe0,0xb3,0xb8,0xea,0x79,0x4,0x3c,0xe4,0xd6,0xbf,0xfe,
  0xe9,0x5b,0xb9,0xea,0x7f,0x2b,0xc4,0x55,0x57,0xfd,0x2b,0x3c,0xf8,0xa5,0xdf,0xfa,
  0xa5,0xd,0xbf,0x65,0x38,0xce,0x55,0xff,0xa9,0x2,0xde,0xe7,0xd6,0xbf,0xfe,0xe9,
  0xef,0xe6,0x2a,0x1e,0xfc,0xd2,0x6f,0x7d,0xdc,0xf0,0x5b,0x86,0x97,0xe6,0xaa,0xff,
  0x54,0x82,0xbf,0x11,0xbc,0xf6,0xad,0x7f,0xfd,0xd3,0xbb,0xfc,0x3f,0xf6,0xe0,0x97,
  0x7e,0xeb,0xd7,0x4e,0xf8,0x2d,0xae,0x7a,0x1e,0x82,0x67,0x3c,0xe3,0xaf,0x7f,0xfa,
  0xc1,0x5c,0xf5,0xbf,0x19,0xe2,0xaa,0xab,0x5e,0x44,0xf,0x7e,0xe9,0xb7,0x7e,0x69,
  0xc3,0x6f,0x19,0x8e,0x73,0xd5,0x7f,0xaa,0x80,0xf7,0xb9,0xf5,0xaf,0x7f,0xfa,0xbb,
  0xb9,0x8a,0x7,0xbf,0xf4,0x5b,0x1f,0x37,0xfc,0x96,0xe1,0xa5,0xb9,0xea,0x3f,0x95,
  0xe0,0x6f,0x4,0xaf,0x7d,0xeb,0x5f,0xff,0xf4,0x2e,0xff,0x8f,0x3d,0xf8,0xa5,0xdf,
  0xfa,0xb8,0xe1,0xaf,0xc,0xf,0xe6,0xaa,0xe7,0xe7,0x6b,0x6e,0xfb,0xeb,0x9f,0xfe,
  0x68,0xae,0xfa,0xdf,0xc,0x71,0xd5,0x55,0x2f,0x82,0x7,0xbf,0xf4,0x5b,0xbf,0xb4,
  0xe1,0xb7,0xc,0xc7,0xb9,0xea,0x3f,0x55,0xc0,0xfb,0xdc,0xfa,0xd7,0x3f,0xfd,0xdd,
  0x5c,0xc5,0x83,0x5f,0xfa,0xad,0x8f,0x1b,0x7e,0xcb,0xf0,0xd2,0x5c,0xf5,0x9f,0x4a,
  0xf0,0x37,0x82,0xd7,0xbe,0xf5,0xaf,0x7f,0x7a,0x97,0xff,0xe7,0x1e,0xf4,0xd2,0x6f,
  0xfd,0x53,0x86,0xb7,0xe6,0xaa,0xe7,0x2b,0xe0,0x65,0x6e,0xfd,0xeb,0x9f,0xfe,0x6b,
  0xae,0xfa,0xdf,0xc,0x71,0xd5,0x55,0xff,0x82,0x7,0xbf,0xf4,0x5b,0xbf,0xb4,0xe1,
  0xb7,0xc,0xc7,0xb9,0xea,0x3f,0x55,0xc0,0xfb,0xdc,0xfa,0xd7,0x3f,0xfd,0xdd,0x5c,
  0xc5,0x83,0x5f,0xfa,0xad,0x8f,0x1b,0x7e,0xcb,0xf0,0xd2,0x5c,0xf5,0x9f,0x4a,0xf0,
  0x37,0x82,0xd7,0xbe,0xf5,0xaf,0x7f,0x7a,0x97,0xff,0xe7,0x1e,0xfc,0xd2,0x6f,0xfd,
  0xd1,0x9,0x5f,0xc5,0x55,0xcf,0x97,0xe0,0x6f,0x9e,0xf1,0xd7,0x3f,0xfd,0xd2,0x5c,
  0xf5,0xbf,0x1d,0xe2,0xaa,0xab,0x5e,0x88,0x7,0xbf,0xf4,0x5b,0xbf,0xb4,0xe1,0xb7,
  0xc,0xc7,0xb9,0xea,0x3f,0x55,0xc0,0xfb,0xdc,0xfa,0xd7,0x3f,0xfd,0xdd,0x5c,0xc5,
  0x83,0x5f,0xfa,0xad,0x8f,0x1b,0x7e,0xcb,0xf0,0xd2,0x5c,0xf5,0x9f,0x4a,0xf0,0x37,
  0x82,0xd7,0xbe,0xf5,0xaf,0x7f,0x7a,0x97,0xff,0xe7,0x1e,0xfc,0xd2,0x6f,0xfd,0xd2,
  0x9,0x7f,0xc5,0x55,0x2f,0x50,0xc0,0xfb,0xdc,0xfa,0xd7,0x3f,0xfd,0xdd,0x5c,0xf5,
  0xbf,0x1d,0xe2,0xaa,0xab,0x5e,0x80,0x7,0xbf,0xf4,0x5b,0xbf,0xb4,0xe1,0xb7,0xc,
  0xc7,0xb9,0xea,0x3f,0x55,0xc0,0xfb,0xdc,0xfa,0xd7,0x3f,0xfd,0xdd,0x5c,0xc5,0x83,
  0x5f,0xfa,0xad,0x8f,0x1b,0x7e,0xcb,0xf0,0xd2,0x5c,0xf5,0x9f,0x4a,0xf0,0x37,0x82,
  0xd7,0xbe,0xf5,0xaf,0x7f,0x7a,0x97,0xff,0xe7,0x1e,0xfc,0xd2,0x6f,0x7d,0xdc,0xf0,
  0x5b,0x86,0x97,0xe6,0xaa,0x17,0x28,0xe0,0xc4,0xad,0x7f,0xfd,0xd3,0xbb,0x5c,0xf5,
  0xbf,0x1d,0xe2,0xaa,0xab,0x9e,0x8f,0x7,0xbf,0xf4,0x5b,0xbf,0xb4,0xe1,0xb7,0xc,
  0xc7,0xb9,0xea,0x3f,0x55,0xc0,0xfb,0xdc,0xfa,0xd7,0x3f,0xfd,0xdd,0x5c,0xc5,0x83,
  0x5f,0xfa,0xad,0x8f,0x1b,0x7e,0xcb,0xf0,0xd2,0x5c,0xf5,0x9f,0x4a,0xf0,0x37,0x82,
  0xd7,0xbe,0xf5,0xaf,0x7f,0x7a,0x97,0xff,0xe7,0x1e,0xfc,0xd2,0x6f,0x7d,0xdc,0xf0,
  0x5b,0x86,0x97,0xe6,0xaa,0x17,0xe6,0x7b,0x6e,0xfb,0xeb,0x9f,0x7e,0x6f,0xae,0xfa,
  0xbf,0x0,0x71,0xd5,0x55,0xcf,0xe5,0xc1,0x2f,0xfd,0xd6,0x2f,0x6d,0xf8,0x2d,0xc3,
  0x71,0xae,0xfa,0x4f,0x15,0xf0,0x3e,0xb7,0xfe,0xf5,0x4f,0x7f,0x37,0x57,0xf1,0xe0,
  0x97,0x7e,0xeb,0xe3,0x86,0xdf,0x32,0xbc,0x34,0x57,0xfd,0xa7,0x12,0xfc,0x8d,0xe0,
  0xb5,0x6f,0xfd,0xeb,0x9f,0xde,0xe5,0x2a,0x1e,0xf4,0xd2,0x6f,0xfd,0x57,0x86,0x97,
  0xe6,0xaa,0x17,0x2a,0xe0,0x6d,0x6e,0xfd,0xeb,0x9f,0xfe,0x69,0xae,0xfa,0xbf,0x0,
  0x71,0xd5,0x55,0xf,0xf0,0xe0,0x97,0x7e,0xeb,0x97,0x36,0xfc,0x96,0xe1,0x38,0x57,
  0xfd,0xa7,0xa,0x78,0x9f,0x5b,0xff,0xfa,0xa7,0xbf,0x9b,0xab,0x78,0xf0,0x4b,0xbf,
  0xf5,0x71,0xc3,0x6f,0x19,0x5e,0x9a,0xab,0xfe,0x53,0x9,0xfe,0x46,0xf0,0xda,0xb7,
  0xfe,0xf5,0x4f,0xef,0x72,0x15,0xb7,0xbc,0xf4,0x5b,0x7f,0x17,0xf0,0xde,0x5c,0xf5,
  0x42,0x9,0x9e,0xf1,0x8c,0xbf,0xfe,0xe9,0x7,0x73,0xd5,0xff,0x15,0x88,0xab,0xae,
  0x7a,0xa6,0x7,0xbf,0xf4,0x5b,0xbf,0xb4,0xe1,0xb7,0xc,0xc7,0xb9,0xea,0x3f,0x55,
  0xc0,0xfb,0xdc,0xfa,0xd7,0x3f,0xfd,0xdd,0x5c,0xc5,0x83,0x5f,0xfa,0xad,0x8f,0x1b,
  0x7e,0xcb,0xf0,0xd2,0x5c,0xf5,0x9f,0x4a,0xf0,0x37,0x82,0xd7,0xbe,0xf5,0xaf,0x7f,
  0x7a,0x97,0xab,0xb8,0xe5,0xa5,0xdf,0xfa,0xbb,0x80,0xf7,0xe6,0xaa,0x17,0xc5,0xe7,
  0xdc,0xf6,0xd7,0x3f,0xfd,0xd9,0x5c,0xf5,0x7f,0x5,0xe2,0xaa,0xab,0x80,0x7,0xbf,
  0xf4,0x5b,0xbf,0xb4,0xe1,0xb7,0xc,0xc7,0xb9,0xea,0x3f,0x55,0xc0,0xfb,0xdc,0xfa,
  0xd7,0x3f,0xfd,0xdd,0x5c,0xc5,0x83,0x5f,0xfa,0xad,0x8f,0x1b,0x7e,0xcb,0xf0,0xd2,
  0x5c,0xf5,0x9f,0x4a,0xf0,0x37,0x82,0xd7,0xbe,0xf5,0xaf,0x7f,0x7a,0x97,0xab,0x78,
  0xf0,0x4b,0xbf,0xf5,0x47,0x27,0x7c,0x15,0x57,0xbd,0x48,0x2,0x4e,0xdc,0xfa,0xd7,
  0x3f,0xbd,0xcb,0x55,0xff,0x57,0x20,0xae,0xfa,0x7f,0xef,0xc1,0x2f,0xfd,0xd6,0x2f,
  0x6d,0xf8,0x2d,0xc3,0x71,0xae,0xfa,0x4f,0x15,0xf0,0x3e,0xb7,0xfe,0xf5,0x4f,0x7f,
  0x37,0x57,0xf1,0xe0,0x97,0x7e,0xeb,0xe3,0x86,0xdf,0x32,0xbc,0x34,0x57,0xfd,0xa7,
  0x12,0xfc,0x8d,0xe0,0xb5,0x6f,0xfd,0xeb,0x9f,0xde,0xe5,0x2a,0x1e,0xfc,0xd2,0x6f,
  0xfd,0xde,0x9,0xdf,0xc5,0x55,0x2f,0xaa,0xef,0xb9,0xed,0xaf,0x7f,0xfa,0xbd,0xb9,
  0xea,0xff,0x12,0xc4,0x55,0xff,0xaf,0x3d,0xf8,0xa5,0xdf,0xfa,0xa5,0xd,0xbf,0x65,
  0x38,0xce,0x55,0xff,0xa9,0x2,0xde,0xe7,0xd6,0xbf,0xfe,0xe9,0xef,0xe6,0x2a,0x1e,
  0xfc,0xd2,0x6f,0x7d,0xdc,0xf0,0x5b,0x86,0x97,0xe6,0xaa,0xff,0x54,0x82,0xbf,0x11,
  0xbc,0xf6,0xad,0x7f,0xfd,0xd3,0xbb,0x5c,0xc5,0x83,0x5f,0xfa,0xad,0xdf,0x3b,0xe1,
  0xbb,0xb8,0xea,0x45,0x16,0xf0,0x32,0xb7,0xfe,0xf5,0x4f,0xff,0x35,0x57,0xfd,0x5f,
  0x82,0xb8,0xea,0xff,0xad,0x7,0xbf,0xf4,0x5b,0xbf,0xb4,0xe1,0xb7,0xc,0xc7,0xb9,
  0xea,0x3f,0x55,0xc0,0xfb,0xdc,0xfa,0xd7,0x3f,0xfd,0xdd,0x5c,0xc5,0x83,0x5f,0xfa,
  0xad,0x8f,0x1b,0x7e,0xcb,0xf0,0xd2,0x5c,0xf5,0x9f,0x4a,0xf0,0x37,0x82,0xd7,0xbe,
  0xf5,0xaf,0x7f,0x7a,0x97,0xab,0x78,0xf0,0x4b,0xbf,0xf5,0x7b,0x27,0x7c,0x17,0x57,
  0xbd,0xc8,0x4,0xbf,0xf3,0x8c,0xbf,0xfe,0xe9,0xd7,0xe6,0xaa,0xff,0x6b,0x10,0x57,
  0xfd,0xbf,0xf4,0xe0,0x97,0x7e,0xeb,0x97,0x36,0xfc,0x96,0xe1,0x38,0x57,0xfd,0xa7,
  0xa,0x78,0x9f,0x5b,0xff,0xfa,0xa7,0xbf,0x9b,0xab,0x78,0xf0,0x4b,0xbf,0xf5,0x71,
  0xc3,0x6f,0x19,0x5e,0x9a,0xab,0xfe,0x53,0x9,0xfe,0x46,0xf0,0xda,0xb7,0xfe,0xf5,
  0x4f,0xef,0x72,0x15,0xf,0x7e,0xe9,0xb7,0x7e,0xef,0x84,0xef,0xe2,0xaa,0x7f,0x95,
  0x80,0xf7,0xb9,0xf5,0xaf,0x7f,0xfa,0xbb,0xb9,0xea,0xff,0x1a,0xc4,0x55,0xff,0xef,
  0x3c,0xf8,0xa5,0xdf,0xfa,0xa5,0xd,0xbf,0x65,0x38,0xce,0x55,0xff,0xa9,0x2,0xde,
  0xe7,0xd6,0xbf,0xfe,0xe9,0xef,0xe6,0x2a,0x1e,0xfc,0xd2,0x6f,0x7d,0xdc,0xf0,0x5b,
  0x86,0x97,0xe6,0xaa,0xff,0x54,0x82,0xbf,0x11,0xbc,0xf6,0xad,0x7f,0xfd,0xd3,0xbb,
  0x5c,0xc5,0x83,0x5f,0xfa,0xad,0xdf,0x3b,0xe1,0xbb,0xb8,0xea,0x5f,0x45,0xf0,0x8c,
  0x67,0xfc,0xf5,0x4f,0x3f,0x98,0xab,0xfe,0x2f,0x42,0x5c,0xf5,0xff,0xca,0x83,0x5f,
  0xfa,0xad,0x5f,0xda,0xf0,0x5b,0x86,0xe3,0x5c,0xf5,0x9f,0x2a,0xe0,0x7d,0x6e,0xfd,
  0xeb,0x9f,0xfe,0x6e,0xae,0xe2,0xc1,0x2f,0xfd,0xd6,0xc7,0xd,0xbf,0x65,0x78,0x69,
  0xae,0xfa,0x4f,0x25,0xf8,0x1b,0xc1,0x6b,0xdf,0xfa,0xd7,0x3f,0xbd,0xcb,0x55,0x3c,
  0xf8,0xa5,0xdf,0xfa,0xbd,0x13,0xbe,0x8b,0xab,0xfe,0xd5,0x2,0xde,0xe7,0xd6,0xbf,
  0xfe,0xe9,0xef,0xe6,0xaa,0xff,0x8b,0x10,0x57,0xfd,0xbf,0xf1,0xe0,0x97,0x7e,0xeb,
  0x97,0x36,0xfc,0x96,0xe1,0x38,0x57,0xfd,0xa7,0xa,0x78,0x9f,0x5b,0xff,0xfa,0xa7,
  0xbf,0x9b,0xab,0x78,0xf0,0x4b,0xbf,0xf5,0x71,0xc3,0x6f,0x19,0x5e,0x9a,0xab,0xfe,
  0x53,0x9,0xfe,0x46,0xf0,0xda,0xb7,0xfe,0xf5,0x4f,0xef,0x72,0x15,0xf,0x7e,0xe9,
  0xb7,0x7e,0xef,0x84,0xef,0xe2,0xaa,0x7f,0x35,0xc1,0x33,0x9e,0xf1,0xd7,0x3f,0xfd,
  0x60,0xae,0xfa,0xbf,0xa,0x71,0xd5,0xff,0xb,0xf,0x7e,0xe9,0xb7,0x7e,0x69,0xc3,
  0x6f,0x19,0x8e,0x73,0xd5,0x7f,0xaa,0x80,0xf7,0xb9,0xf5,0xaf,0x7f,0xfa,0xbb,0xb9,
  0x8a,0x7,0xbf,0xf4,0x5b,0x1f,0x37,0xfc,0x96,0xe1,0xa5,0xb9,0xea,0x3f,0x95,0xe0,
  0x6f,0x4,0xaf,0x7d,0xeb,0x5f,0xff,0xf4,0x2e,0x57,0xf1,0xe0,0x97,0x7e,0xeb,0xf7,
  0x4e,0xf8,0x2e,0xae,0xfa,0x37,0x9,0x78,0x9f,0x5b,0xff,0xfa,0xa7,0xbf,0x9b,0xab,
  0xfe,0xaf,0x42,0x5c,0xf5,0x7f,0xde,0x83,0x5f,0xfa,0xad,0x8f,0x1b,0x7e,0xcb,0xf0,
  0xd2,0x5c,0xf5,0x9f,0x2a,0xe0,0x7d,0x6e,0xfd,0xeb,0x9f,0xfe,0x6e,0xae,0xe2,0xc1,
  0x2f,0xfd,0xd6,0xc7,0xd,0xbf,0x65,0x78,0x69,0xae,0xfa,0x4f,0x25,0xf8,0x1b,0xc1,
  0x6b,0xdf,0xfa,0xd7,0x3f,0xbd,0xcb,0x55,0x3c,0xf8,0xa5,0xdf,0xfa,0xbd,0x13,0xbe,
  0x8b,0xab,0xfe,0x4d,0x4,0xcf,0x78,0xc6,0x5f,0xff,0xf4,0x83,0xb9,0xea,0xff,0x32,
  0xc4,0x55,0xff,0xa7,0x3d,0xf8,0xa5,0xdf,0xfa,0xb8,0xe1,0xb7,0xc,0x2f,0xcd,0x55,
  0xff,0xa9,0x2,0xde,0xe7,0xd6,0xbf,0xfe,0xe9,0xef,0xe6,0x2a,0x1e,0xfc,0xd2,0x6f,
  0x7d,0xdc,0xf0,0x5b,0x86,0x97,0xe6,0xaa,0xff,0x54,0x82,0xbf,0x11,0xbc,0xf6,0xad,
  0x7f,0xfd,0xd3,0xbb,0x5c,0xc5,0x83,0x5f,0xfa,0xad,0xdf,0x3b,0xe1,0xbb,0xb8,0xea,
  0xdf,0x2c,0xe0,0x7d,0x6e,0xfd,0xeb,0x9f,0xfe,0x6e,0xae,0xfa,0xbf,0xc,0x71,0xd5,
  0xff,0x59,0xf,0x7e,0xe9,0xb7,0x3e,0x6e,0xf8,0x2d,0xc3,0x4b,0x73,0xd5,0x7f,0xaa,
  0x80,0xf7,0xb9,0xf5,0xaf,0x7f,0xfa,0xbb,0xb9,0x8a,0x7,0xbf,0xf4,0x5b,0x1f,0x37,
  0xfc,0x96,0xe1,0xa5,0xb9,0xea,0x3f,0x95,0xe0,0x6f,0x4,0xaf,0x7d,0xeb,0x5f,0xff,
  0xf4,0x2e,0x57,0xf1,0xe0,0x97,0x7e,0xeb,0xf7,0x4e,0xf8,0x2e,0xae,0xfa,0x37,0x13,
  0x3c,0xe3,0x19,0x7f,0xfd,0xd3,0xf,0xe6,0xaa,0xff,0xeb,0x10,0x57,0xfd,0x9f,0xf4,
  0xe0,0x97,0x7e,0xeb,0xe3,0x86,0xdf,0x32,0xbc,0x34,0x57,0xfd,0xa7,0xa,0x78,0x9f,
  0x5b,0xff,0xfa,0xa7,0xbf,0x9b,0xab,0x78,0xf0,0x4b,0xbf,0xf5,0x71,0xc3,0x6f,0x19,
  0x5e,0x9a,0xab,0xfe,0x53,0x9,0xfe,0x46,0xf0,0xda,0xb7,0xfe,0xf5,0x4f,0xef,0x72,
  0x15,0xf,0x7e,0xe9,0xb7,0x7e,0xef,0x84,0xef,0xe2,0xaa,0x7f,0x97,0x80,0xf7,0xb9,
  0xf5,0xaf,0x7f,0xfa,0xbb,0xb9,0xea,0xff,0x3a,0xc4,0x55,0xff,0xe7,0x3c,0xf8,0xa5,
  0xdf,0xfa,0xb8,0xe1,0xb7,0xc,0x2f,0xcd,0x55,0xff,0xa9,0x2,0xde,0xe7,0xd6,0xbf,
  0xfe,0xe9,0xef,0xe6,0x2a,0x1e,0xfc,0xd2,0x6f,0x7d,0xdc,0xf0,0x5b,0x86,0x97,0xe6,
  0xaa,0xff,0x54,0x82,0xbf,0x11,0xbc,0xf6,0xad,0x7f,0xfd,0xd3,0xbb,0x5c,0xc5,0x83,
  0x5f,0xfa,0xad,0xdf,0x3b,0xe1,0xbb,0xb8,0xea,0xdf,0x45,0xf0,0x3b,0xcf,0xf8,0xeb,
  0x9f,0x7e,0x6d,0xae,0xfa,0xff,0x0,0x71,0xd5,0xff,0x39,0xb7,0xbc,0xf4,0x5b,0x7f,
  0x17,0xf0,0xde,0x5c,0xf5,0x9f,0x2a,0xe0,0x7d,0x6e,0xfd,0xeb,0x9f,0xfe,0x6e,0xae,
  0xe2,0xc1,0x2f,0xfd,0xd6,0xc7,0xd,0xbf,0x65,0x78,0x69,0xae,0xfa,0x4f,0x25,0xf8,
  0x1b,0xc1,0x6b,0xdf,0xfa,0xd7,0x3f,0xbd,0xcb,0x55,0x3c,0xf8,0xa5,0xdf,0xfa,0xbd,
  0x13,0xbe,0x8b,0xab,0xfe,0xdd,0x2,0x5e,0xe7,0xd6,0xbf,0xfe,0xe9,0xdf,0xe6,0xaa,
  0xff,0xf,0x10,0x57,0xfd,0x9f,0x72,0xcb,0x4b,0xbf,0xf5,0x77,0x1,0xef,0xcd,0x55,
  0xff,0xa9,0x2,0xde,0xe7,0xd6,0xbf,0xfe,0xe9,0xef,0xe6,0x2a,0x1e,0xfc,0xd2,0x6f,
  0x7d,0xdc,0xf0,0x5b,0x86,0x97,0xe6,0xaa,0xff,0x54,0x82,0xbf,0x11,0xbc,0xf6,0xad,
  0x7f,0xfd,0xd3,0xbb,0x5c,0xc5,0x83,0x5f,0xfa,0xad,0xdf,0x3b,0xe1,0xbb,0xb8,0xea,
  0x3f,0xc2,0xcf,0xdc,0xf6,0xd7,0x3f,0xfd,0xd6,0x5c,0xf5,0xff,0x5,0xe2,0xaa,0xff,
  0x33,0x1e,0xfc,0xd2,0x6f,0xfd,0xde,0x9,0xdf,0xc5,0x55,0xff,0xa9,0x2,0xde,0xe7,
  0xd6,0xbf,0xfe,0xe9,0xef,0xe6,0x2a,0x1e,0xfc,0xd2,0x6f,0x7d,0xdc,0xf0,0x5b,0x86,
  0x97,0xe6,0xaa,0xff,0x54,0x82,0xbf,0x11,0xbc,0xf6,0xad,0x7f,0xfd,0xd3,0xbb,0x5c,
  0xc5,0x83,0x5f,0xfa,0xad,0xdf,0x3b,0xe1,0xbb,0xb8,0xea,0x3f,0x44,0xc0,0x43,0x6e,
  0xfd,0xeb,0x9f,0xbe,0x95,0xab,0xfe,0xbf,0x40,0x5c,0xf5,0x7f,0xc2,0x83,0x5f,0xfa,
  0xad,0xdf,0x3a,0xe1,0xa7,0xb8,0xea,0x3f,0x55,0xc0,0xfb,0xdc,0xfa,0xd7,0x3f,0xfd,
  0xdd,0x5c,0xc5,0x83,0x5f,0xfa,0xad,0x8f,0x1b,0x7e,0xcb,0xf0,0xd2,0x5c,0xf5,0x9f,
  0x4a,0xf0,0x37,0x82,0xd7,0xbe,0xf5,0xaf,0x7f,0x7a,0x97,0xab,0x78,0xf0,0x4b,0xbf,
  0xf5,0x7b,0x27,0x7c,0x17,0x57,0xfd,0x47,0xf9,0x9a,0xdb,0xfe,0xfa,0xa7,0x3f,0x9a,
  0xab,0xfe,0x3f,0x41,0x5c,0xf5,0xbf,0xde,0x83,0x5f,0xfa,0xad,0x5f,0xda,0xf0,0x5b,
  0x86,0xe3,0x5c,0xf5,0x9f,0x26,0xe0,0x7d,0x6e,0xfd,0xeb,0x9f,0xfe,0x6e,0xae,0xe2,
  0xc1,0x2f,0xfd,0xd6,0xc7,0xd,0xbf,0x65,0x78,0x69,0xae,0xfa,0x4f,0x25,0xf8,0x1b,
  0xc1,0x6b,0xdf,0xfa,0xd7,0x3f,0xbd,0xcb,0x55,0x3c,0xf8,0xa5,0xdf,0xfa,0xbd,0x13,
  0xbe,0x8b,0xab,0xfe,0x43,0x8,0x2e,0x9,0x1e,0x7c,0xeb,0x5f,0xff,0xf4,0x2e,0x57,
  0xfd,0x7f,0x82,0xb8,0xea,0x7f,0xb5,0x7,0xbf,0xf4,0x5b,0x1f,0x37,0x3c,0xdd,0x70,
  0x9c,0xab,0xfe,0xd3,0x4,0xbc,0xcf,0xad,0x7f,0xfd,0xd3,0xdf,0xcd,0x55,0x3c,0xf8,
  0xa5,0xdf,0xfa,0xb8,0xe1,0xb7,0xc,0x2f,0xcd,0x55,0xff,0xa9,0x4,0x7f,0x23,0x78,
  0xed,0x5b,0xff,0xfa,0xa7,0x77,0xb9,0x8a,0x7,0xbf,0xf4,0x5b,0xbf,0x77,0xc2,0x77,
  0x71,0xd5,0x7f,0x98,0x80,0xb7,0xb9,0xf5,0xaf,0x7f,0xfa,0xa7,0xb9,0xea,0xff,0x1b,
  0xc4,0x55,0xff,0x6b,0x3d,0xf8,0xa5,0xdf,0xfa,0xb8,0xe1,0xb7,0xc,0x2f,0xcd,0x55,
  0xff,0x69,0x2,0xde,0xe7,0xd6,0xbf,0xfe,0xe9,0xef,0xe6,0x2a,0x1e,0xfc,0xd2,0x6f,
  0x7d,0xdc,0xf0,0x5b,0x86,0x97,0xe6,0xaa,0xff,0x54,0x82,0xbf,0x11,0xbc,0xf6,0xad,
  0x7f,0xfd,0xd3,0xbb,0x5c,0xc5,0x83,0x5f,0xfa,0xad,0xdf,0x3b,0xe1,0xbb,0xb8,0xea,
  0x3f,0x8c,0xe0,0x77,0x9e,0xf1,0xd7,0x3f,0xfd,0xda,0x5c,0xf5,0xff,0x11,0xe2,0xaa,
  0xff,0xb5,0x1e,0xf4,0xd2,0x6f,0xfd,0x53,0x86,0xb7,0xe6,0xaa,0xff,0x34,0x1,0xef,
  0x73,0xeb,0x5f,0xff,0xf4,0x77,0x73,0x15,0xf,0x7e,0xe9,0xb7,0x3e,0x6e,0xf8,0x2d,
  0xc3,0x4b,0x73,0xd5,0x7f,0x2a,0xc1,0xdf,0x8,0x5e,0xfb,0xd6,0xbf,0xfe,0xe9,0x5d,
  0xae,0xe2,0xc1,0x2f,0xfd,0xd6,0xef,0x9d,0xf0,0x5d,0x5c,0xf5,0x1f,0x46,0x70,0x49,
  0xf0,0xd2,0xb7,0xfe,0xf5,0x4f,0xdf,0xca,0x55,0xff,0x1f,0x21,0xae,0xfa,0x5f,0xe9,
  0x96,0x97,0x7e,0xeb,0xaf,0x6,0x3e,0x8a,0xab,0xfe,0xd3,0x4,0xbc,0xcf,0xad,0x7f,
  0xfd,0xd3,0xdf,0xcd,0x55,0x3c,0xf8,0xa5,0xdf,0xfa,0xb8,0xe1,0xb7,0xc,0x2f,0xcd,
  0x55,0xff,0xa9,0x4,0x7f,0x23,0x78,0xed,0x5b,0xff,0xfa,0xa7,0x77,0xb9,0x8a,0x7,
  0xbf,0xf4,0x5b,0xbf,0x77,0xc2,0x77,0x71,0xd5,0x7f,0xb4,0xcf,0xb9,0xed,0xaf,0x7f,
  0xfa,0xb3,0xb9,0xea,0xff,0x2b,0xc4,0x55,0xff,0xeb,0x3c,0xf8,0xa5,0xdf,0xfa,0xad,
  0x13,0x7e,0x8a,0xab,0xfe,0xd3,0x4,0xbc,0xcf,0xad,0x7f,0xfd,0xd3,0xdf,0xcd,0x55,
  0x3c,0xf8,0xa5,0xdf,0xfa,0xb8,0xe1,0xb7,0xc,0x2f,0xcd,0x55,0xff,0xa9,0x4,0x7f,
  0x23,0x78,0xed,0x5b,0xff,0xfa,0xa7,0x77,0xb9,0x8a,0x7,0xbf,0xf4,0x5b,0xbf,0x77,
  0xc2,0x77,0x71,0xd5,0x7f,0x28,0xc1,0xdf,0x3c,0xe3,0xaf,0x7f,0xfa,0xa5,0xb9,0xea,
  0xff,0x33,0xc4,0x55,0xff,0xab,0x3c,0xf8,0xa5,0xdf,0xfa,0xc1,0x86,0xbf,0x32,0x1c,
  0xe7,0xaa,0xff,0x14,0x1,0xef,0x73,0xeb,0x5f,0xff,0xf4,0x77,0x73,0x15,0xf,0x7e,
  0xe9,0xb7,0x3e,0x6e,0xf8,0x2d,0xc3,0x4b,0x73,0xd5,0x7f,0x2a,0xc1,0xdf,0x8,0x5e,
  0xfb,0xd6,0xbf,0xfe,0xe9,0x5d,0xae,0xe2,0xc1,0x2f,0xfd,0xd6,0xef,0x9d,0xf0,0x5d,
  0x5c,0xf5,0x1f,0x2e,0xe0,0x65,0x6e,0xfd,0xeb,0x9f,0xfe,0x6b,0xae,0xfa,0xff,0xc,
  0x71,0xd5,0xff,0x1a,0xf,0x7e,0xe9,0xb7,0x3e,0x6e,0xf8,0x2d,0xc3,0x4b,0x73,0xd5,
  0x7f,0x8a,0x80,0xf7,0xb9,0xf5,0xaf,0x7f,0xfa,0xbb,0xb9,0x8a,0x7,0xbf,0xf4,0x5b,
  0x1f,0x37,0xfc,0x96,0xe1,0xa5,0xb9,0xea,0x3f,0x95,0xe0,0x6f,0x4,0xaf,0x7d,0xeb,
  0x5f,0xff,0xf4,0x2e,0x57,0xf1,0xe0,0x97,0x7e,0xeb,0xf7,0x4e,0xf8,0x2e,0xae,0xfa,
  0xf,0x17,0xf0,0x31,0xb7,0xfe,0xf5,0x4f,0x7f,0x35,0x57,0xfd,0x7f,0x87,0xb8,0xea,
  0x7f,0x8d,0x5b,0x5e,0xfa,0xad,0xbf,0xb,0x78,0x6f,0xae,0xfa,0x4f,0x11,0xf0,0x3e,
  0xb7,0xfe,0xf5,0x4f,0x7f,0x37,0x57,0xf1,0xe0,0x97,0x7e,0xeb,0xe3,0x86,0xdf,0x32,
  0xbc,0x34,0x57,0xfd,0xa7,0x12,0xfc,0x8d,0xe0,0xb5,0x6f,0xfd,0xeb,0x9f,0xde,0xe5,
  0x2a,0x1e,0xfc,0xd2,0x6f,0xfd,0xde,0x9,0xdf,0xc5,0x55,0xff,0xe1,0x4,0xbf,0xf3,
  0x8c,0xbf,0xfe,0xe9,0xd7,0xe6,0xaa,0xab,0x0,0x71,0xd5,0xff,0xa,0xf,0x7e,0xe9,
  0xb7,0x7e,0xef,0x84,0xef,0xe2,0xaa,0xff,0x14,0x1,0xef,0x73,0xeb,0x5f,0xff,0xf4,
  0x77,0x73,0x15,0xf,0x7e,0xe9,0xb7,0x3e,0x6e,0xf8,0x2d,0xc3,0x4b,0x73,0xd5,0x7f,
  0x2a,0xc1,0xdf,0x8,0x5e,0xfb,0xd6,0xbf,0xfe,0xe9,0x5d,0xae,0xe2,0xc1,0x2f,0xfd,
  0xd6,0xef,0x9d,0xf0,0x5d,0x5c,0xf5,0x1f,0x4e,0x70,0x49,0xf0,0xd2,0xb7,0xfe,0xf5,
  0x4f,0xdf,0xca,0x55,0x57,0x1,0xe2,0xaa,0xff,0xf1,0x1e,0xfc,0xd2,0x6f,0xfd,0xd2,
  0x9,0x7f,0xc5,0x55,0xff,0x29,0x2,0xde,0xe7,0xd6,0xbf,0xfe,0xe9,0xef,0xe6,0x2a,
  0x1e,0xfc,0xd2,0x6f,0x7d,0xdc,0xf0,0x5b,0x86,0x97,0xe6,0xaa,0xff,0x54,0x82,0xbf,
  0x11,0xbc,0xf6,0xad,0x7f,0xfd,0xd3,0xbb,0x5c,0xc5,0x83,0x5f,0xfa,0xad,0xdf,0x3b,
  0xe1,0xbb,0xb8,0xea,0x3f,0x45,0xc0,0xfb,0xdc,0xfa,0xd7,0x3f,0xfd,0xdd,0x5c,0x75,
  0xd5,0x15,0x88,0xab,0xfe,0x47,0x7b,0xf0,0x4b,0xbf,0xf5,0x71,0xc3,0x5f,0x19,0x1e,
  0xcc,0x55,0xff,0xe1,0x2,0xde,0xe7,0xd6,0xbf,0xfe,0xe9,0xef,0xe6,0x2a,0x1e,0xfc,
  0xd2,0x6f,0x7d,0xdc,0xf0,0x5b,0x86,0x97,0xe6,0xaa,0xff,0x54,0x82,0xbf,0x11,0xbc,
  0xf6,0xad,0x7f,0xfd,0xd3,0xbb,0x5c,0xc5,0x83,0x5f,0xfa,0xad,0xdf,0x3b,0xe1,0xbb,
  0xb8,0xea,0x3f,0xcb,0xcf,0xdc,0xf6,0xd7,0x3f,0xfd,0xd6,0x5c,0x75,0xd5,0xb3,0x21,
  0xae,0xfa,0x1f,0xed,0x41,0x2f,0xfd,0xd6,0x3f,0x65,0x78,0x6b,0xae,0xfa,0xf,0x17,
  0xf0,0x3e,0xb7,0xfe,0xf5,0x4f,0x7f,0x37,0x57,0xf1,0xe0,0x97,0x7e,0xeb,0xe3,0x86,
  0xdf,0x32,0xbc,0x34,0x57,0xfd,0xa7,0x12,0xfc,0x8d,0xe0,0xb5,0x6f,0xfd,0xeb,0x9f,
  0xde,0xe5,0x2a,0x1e,0xfc,0xd2,0x6f,0xfd,0xde,0x9,0xdf,0xc5,0x55,0xff,0x29,0x4,
  0xcf,0x10,0xbc,0xf4,0xad,0x7f,0xfd,0xd3,0xbb,0x5c,0x75,0xd5,0xb3,0x21,0xae,0xfa,
  0x1f,0xeb,0xc1,0x2f,0xfd,0xd6,0xef,0x9d,0xf0,0x5d,0x5c,0xf5,0x1f,0x2e,0xe0,0x7d,
  0x6e,0xfd,0xeb,0x9f,0xfe,0x6e,0xae,0xe2,0xc1,0x2f,0xfd,0xd6,0xc7,0xd,0xbf,0x65,
  0x78,0x69,0xae,0xfa,0x4f,0x25,0xf8,0x1b,0xc1,0x6b,0xdf,0xfa,0xd7,0x3f,0xbd,0xcb,
  0x55,0x3c,0xf8,0xa5,0xdf,0xfa,0xbd,0x13,0xbe,0x8b,0xab,0xfe,0x53,0x8,0x2e,0x9,
  0x5e,0xfb,0xd6,0xbf,0xfe,0xe9,0xbf,0xe6,0xaa,0xab,0x9e,0x13,0xe2,0xaa,0xff,0x91,
  0x1e,0xfc,0xd2,0x6f,0xfd,0x60,0xc3,0x5f,0x19,0x8e,0x73,0xd5,0x7f,0xa8,0x80,0xf7,
  0xb9,0xf5,0xaf,0x7f,0xfa,0xbb,0xb9,0x8a,0x7,0xbf,0xf4,0x5b,0x1f,0x37,0xfc,0x96,
  0xe1,0xa5,0xb9,0xea,0x3f,0x95,0xe0,0x6f,0x4,0xaf,0x7d,0xeb,0x5f,0xff,0xf4,0x2e,
  0x57,0xf1,0xe0,0x97,0x7e,0xeb,0xf7,0x4e,0xf8,0x2e,0xae,0xfa,0x4f,0x13,0xf0,0x3e,
  0xb7,0xfe,0xf5,0x4f,0x7f,0x37,0x57,0x5d,0xf5,0xbc,0x10,0x57,0xfd,0x8f,0xf4,0xa0,
  0x97,0x7e,0xeb,0xdf,0x32,0xbc,0x36,0x57,0xfd,0x87,0xa,0x78,0x9f,0x5b,0xff,0xfa,
  0xa7,0xbf,0x9b,0xab,0x78,0xf0,0x4b,0xbf,0xf5,0x71,0xc3,0x6f,0x19,0x5e,0x9a,0xab,
  0xfe,0x53,0x9,0xfe,0x46,0xf0,0xda,0xb7,0xfe,0xf5,0x4f,0xef,0x72,0x15,0xf,0x7e,
  0xe9,0xb7,0x7e,0xef,0x84,0xef,0xe2,0xaa,0xff,0x4c,0xdf,0x73,0xdb,0x5f,0xff,0xf4,
  0x7b,0x73,0xd5,0x55,0xcf,0x1f,0xe2,0xaa,0xff,0x71,0x6e,0x79,0xe9,0xb7,0xfe,0x6c,
  0xe0,0xb3,0xb8,0xea,0x3f,0x54,0xc0,0xfb,0xdc,0xfa,0xd7,0x3f,0xfd,0xdd,0x5c,0xc5,
  0x83,0x5f,0xfa,0xad,0x8f,0x1b,0x7e,0xcb,0xf0,0xd2,0x5c,0xf5,0x9f,0x4a,0xf0,0x37,
  0x82,0xd7,0xbe,0xf5,0xaf,0x7f,0x7a,0x97,0xab,0x78,0xf0,0x4b,0xbf,0xf5,0x7b,0x27,
  0x7c,0x17,0x57,0xfd,0xa7,0x11,0xfc,0xcd,0x33,0xfe,0xfa,0xa7,0x5f,0x9a,0xab,0xae,
  0x7a,0xc1,0x10,0x57,0xfd,0x8f,0xf2,0xe0,0x97,0x7e,0xeb,0x97,0x4e,0xf8,0x2b,0xae,
  0xfa,0xf,0x15,0xf0,0x3e,0xb7,0xfe,0xf5,0x4f,0x7f,0x37,0x57,0xf1,0xe0,0x97,0x7e,
  0xeb,0xe3,0x86,0xdf,0x32,0xbc,0x34,0x57,0xfd,0xa7,0x12,0xfc,0x8d,0xe0,0xb5,0x6f,
  0xfd,0xeb,0x9f,0xde,0xe5,0x2a,0x1e,0xfc,0xd2,0x6f,0xfd,0xde,0x9,0xdf,0xc5,0x55,
  0xff,0x69,0x4,0x97,0x4,0x2f,0x7d,0xeb,0x5f,0xff,0xf4,0xad,0x5c,0x75,0xd5,0xb,
  0x86,0xb8,0xea,0x7f,0x8c,0x7,0xbf,0xf4,0x5b,0x1f,0x37,0xfc,0x96,0xe1,0xa5,0xb9,
  0xea,0x3f,0x4c,0xc0,0xfb,0xdc,0xfa,0xd7,0x3f,0xfd,0xdd,0x5c,0xc5,0x83,0x5f,0xfa,
  0xad,0x8f,0x1b,0x7e,0xcb,0xf0,0xd2,0x5c,0xf5,0x9f,0x4a,0xf0,0x37,0x82,0xd7,0xbe,
  0xf5,0xaf,0x7f,0x7a,0x97,0xab,0x78,0xf0,0x4b,0xbf,0xf5,0x7b,0x27,0x7c,0x17,0x57,
  0xfd,0xa7,0x11,0x5c,0x12,0xbc,0xf6,0xad,0x7f,0xfd,0xd3,0x7f,0xcd,0x55,0x57,0xbd,
  0x70,0x88,0xab,0xfe,0xc7,0xb8,0xe5,0xa5,0xdf,0xfa,0xab,0x81,0x8f,0xe2,0xaa,0xff,
  0x30,0x1,0xef,0x73,0xeb,0x5f,0xff,0xf4,0x77,0x73,0x15,0xf,0x7e,0xe9,0xb7,0x3e,
  0x6e,0xf8,0x2d,0xc3,0x4b,0x73,0xd5,0x7f,0x2a,0xc1,0xdf,0x8,0x5e,0xfb,0xd6,0xbf,
  0xfe,0xe9,0x5d,0xae,0xe2,0xc1,0x2f,0xfd,0xd6,0xef,0x9d,0xf0,0x5d,0x5c,0xf5,0x9f,
  0x2a,0xe0,0x7d,0x6e,0xfd,0xeb,0x9f,0xfe,0x6e,0xae,0xba,0xea,0x5f,0x86,0xb8,0xea,
  0x7f,0x84,0x7,0xbf,0xf4,0x5b,0xbf,0x76,0xc2,0x6f,0x71,0xd5,0x7f,0x98,0x80,0xf7,
  0xb9,0xf5,0xaf,0x7f,0xfa,0xbb,0xb9,0x8a,0x7,0xbf,0xf4,0x5b,0x1f,0x37,0xfc,0x96,
  0xe1,0xa5,0xb9,0xea,0x3f,0x95,0xe0,0x6f,0x4,0xaf,0x7d,0xeb,0x5f,0xff,0xf4,0x2e,
  0x57,0xf1,0xe0,0x97,0x7e,0xeb,0xf7,0x4e,0xf8,0x2e,0xae,0xfa,0x4f,0x15,0xf0,0x31,
  0xb7,0xfe,0xf5,0x4f,0x7f,0x35,0x57,0x5d,0xf5,0xa2,0x41,0x5c,0xf5,0x3f,0xc2,0x83,
  0x5e,0xfa,0xad,0x9f,0x6e,0x78,0x30,0x57,0xfd,0x87,0x8,0x78,0x9f,0x5b,0xff,0xfa,
  0xa7,0xbf,0x9b,0xab,0x78,0xf0,0x4b,0xbf,0xf5,0x71,0xc3,0x6f,0x19,0x5e,0x9a,0xab,
  0xfe,0x53,0x9,0xfe,0x46,0xf0,0xda,0xb7,0xfe,0xf5,0x4f,0xef,0x72,0x15,0xf,0x7e,
  0xe9,0xb7,0x7e,0xef,0x84,0xef,0xe2,0xaa,0xff,0x6c,0xdf,0x73,0xdb,0x5f,0xff,0xf4,
  0x7b,0x73,0xd5,0x55,0x2f,0x3a,0xc4,0x55,0xff,0xed,0x6e,0x79,0xe9,0xb7,0xfe,0x6c,
  0xe0,0xb3,0xb8,0xea,0x3f,0x44,0xc0,0xfb,0xdc,0xfa,0xd7,0x3f,0xfd,0xdd,0x5c,0xc5,
  0x83,0x5f,0xfa,0xad,0x8f,0x1b,0x7e,0xcb,0xf0,0xd2,0x5c,0xf5,0x9f,0x4a,0xf0,0x37,
  0x82,0xd7,0xbe,0xf5,0xaf,0x7f,0x7a,0x97,0xab,0x78,0xf0,0x4b,0xbf,0xf5,0x7b,0x27,
  0x7c,0x17,0x57,0xfd,0xa7,0x12,0xfc,0xce,0x33,0xfe,0xfa,0xa7,0x5f,0x9b,0xab,0xae,
  0xfa,0xd7,0x41,0x5c,0xf5,0xdf,0xea,0xc1,0x2f,0xfd,0xd6,0xf,0x4e,0x78,0x3a,0x57,
  0xfd,0x87,0x8,0x78,0x9f,0x5b,0xff,0xfa,0xa7,0xbf,0x9b,0xab,0x78,0xf0,0x4b,0xbf,
  0xf5,0x71,0xc3,0x6f,0x19,0x5e,0x9a,0xab,0xfe,0x53,0x9,0xfe,0x46,0xf0,0xda,0xb7,
  0xfe,0xf5,0x4f,0xef,0x72,0x15,0xf,0x7e,0xe9,0xb7,0x7e,0xef,0x84,0xef,0xe2,0xaa,
  0xff,0x54,0x82,0xbf,0x11,0xbc,0xf6,0xad,0x7f,0xfd,0xd3,0xbb,0x5c,0x75,0xd5,0xbf,
  0xe,0xe2,0xaa,0xff,0x56,0xf,0x7a,0xe9,0xb7,0xfe,0x2d,0xc3,0x6b,0x73,0xd5,0xbf,
  0x5b,0xc0,0xfb,0xdc,0xfa,0xd7,0x3f,0xfd,0xdd,0x5c,0xc5,0x83,0x5f,0xfa,0xad,0x8f,
  0x1b,0x7e,0xcb,0xf0,0xd2,0x5c,0xf5,0x9f,0x4a,0xf0,0x37,0x82,0xd7,0xbe,0xf5,0xaf,
  0x7f,0x7a,0x97,0xab,0x78,0xf0,0x4b,0xbf,0xf5,0x7b,0x27,0x7c,0x17,0x57,0xfd,0xa7,
  0x12,0xfc,0x8d,0xe0,0xb5,0x6f,0xfd,0xeb,0x9f,0xde,0xe5,0xaa,0xab,0xfe,0xf5,0x10,
  0x57,0xfd,0xb7,0x79,0xf0,0x4b,0xbf,0xf5,0x7b,0x27,0x7c,0x17,0x57,0xfd,0xbb,0x5,
  0xbc,0xcf,0xad,0x7f,0xfd,0xd3,0xdf,0xcd,0x55,0x3c,0xf8,0xa5,0xdf,0xfa,0xb8,0xe1,
  0xb7,0xc,0x2f,0xcd,0x55,0xff,0xa9,0x4,0x7f,0x23,0x78,0xed,0x5b,0xff,0xfa,0xa7,
  0x77,0xb9,0x8a,0x7,0xbf,0xf4,0x5b,0xbf,0x77,0xc2,0x77,0x71,0xd5,0x7f,0x2a,0xc1,
  0xdf,0x8,0x5e,0xfb,0xd6,0xbf,0xfe,0xe9,0x5d,0xae,0xba,0xea,0xdf,0x6,0x71,0xd5,
  0x7f,0x8b,0x7,0xbf,0xf4,0x5b,0x1f,0x37,0x3c,0xdd,0x70,0x9c,0xab,0xfe,0x5d,0x2,
  0xde,0xe7,0xd6,0xbf,0xfe,0xe9,0xef,0xe6,0x2a,0x1e,0xfc,0xd2,0x6f,0x7d,0xdc,0xf0,
  0x5b,0x86,0x97,0xe6,0xaa,0xff,0x54,0x82,0xbf,0x11,0xbc,0xf6,0xad,0x7f,0xfd,0xd3,
  0xbb,0x5c,0xc5,0x83,0x5f,0xfa,0xad,0xdf,0x3b,0xe1,0xbb,0xb8,0xea,0x3f,0x95,0xe0,
  0x92,0xe0,0xc1,0xb7,0xfe,0xf5,0x4f,0xef,0x72,0xd5,0x55,0xff,0x76,0x88,0xab,0xfe,
  0x5b,0xdc,0xf2,0xd2,0x6f,0xfd,0xdd,0xc0,0x7b,0x71,0xd5,0xbf,0x4b,0xc0,0xfb,0xdc,
  0xfa,0xd7,0x3f,0xfd,0xdd,0x5c,0xc5,0x83,0x5f,0xfa,0xad,0x8f,0x1b,0x7e,0xcb,0xf0,
  0xd2,0x5c,0xf5,0x9f,0x4a,0xf0,0x37,0x82,0xd7,0xbe,0xf5,0xaf,0x7f,0x7a,0x97,0xab,
  0x78,0xf0,0x4b,0xbf,0xf5,0x7b,0x27,0x7c,0x17,0x57,0xfd,0xa7,0x12,0x5c,0x12,0xbc,
  0xf6,0xad,0x7f,0xfd,0xd3,0x7f,0xcd,0x55,0x57,0xfd,0xfb,0x20,0xae,0xfa,0x2f,0xf7,
  0xe0,0x97,0x7e,0xeb,0xd7,0x4e,0xf8,0x2d,0xae,0xfa,0x77,0x9,0x78,0x9f,0x5b,0xff,
  0xfa,0xa7,0xbf,0x9b,0xab,0x78,0xf0,0x4b,0xbf,0xf5,0x71,0xc3,0x6f,0x19,0x5e,0x9a,
  0xab,0xfe,0x53,0x9,0xfe,0x46,0xf0,0xda,0xb7,0xfe,0xf5,0x4f,0xef,0x72,0x15,0xf,
  0x7e,0xe9,0xb7,0x7e,0xef,0x84,0xef,0xe2,0xaa,0xff,0x54,0x82,0x4b,0x82,0xd7,0xbe,
  0xf5,0xaf,0x7f,0xfa,0xaf,0xb9,0xea,0xaa,0x7f,0x3f,0xc4,0x55,0xff,0xe5,0x1e,0xf4,
  0xd2,0x6f,0xfd,0x5b,0x86,0xd7,0xe6,0xaa,0x7f,0xb3,0x80,0xf7,0xb9,0xf5,0xaf,0x7f,
  0xfa,0xbb,0xb9,0x8a,0x7,0xbf,0xf4,0x5b,0x1f,0x37,0xfc,0x96,0xe1,0xa5,0xb9,0xea,
  0x3f,0x95,0xe0,0x6f,0x4,0xaf,0x7d,0xeb,0x5f,0xff,0xf4,0x2e,0x57,0xf1,0xe0,0x97,
  0x7e,0xeb,0xf7,0x4e,0xf8,0x2e,0xae,0xfa,0x4f,0x25,0xb8,0x24,0x78,0xed,0x5b,0xff,
  0xfa,0xa7,0xff,0x9a,0xab,0xae,0xfa,0x8f,0x81,0xb8,0xea,0xbf,0xd4,0x83,0x5f,0xfa,
  0xad,0xdf,0x3b,0xe1,0xbb,0xb8,0xea,0xdf,0x2c,0xe0,0x7d,0x6e,0xfd,0xeb,0x9f,0xfe,
  0x6e,0xae,0xe2,0xc1,0x2f,0xfd,0xd6,0xc7,0xd,0xbf,0x65,0x78,0x69,0xae,0xfa,0x4f,
  0x25,0xf8,0x1b,0xc1,0x6b,0xdf,0xfa,0xd7,0x3f,0xbd,0xcb,0x55,0x3c,0xf8,0xa5,0xdf,
  0xfa,0xbd,0x13,0xbe,0x8b,0xab,0xfe,0x53,0x9,0x2e,0x9,0x5e,0xfb,0xd6,0xbf,0xfe,
  0xe9,0xbf,0xe6,0xaa,0xab,0xfe,0xe3,0x20,0xae,0xfa,0x2f,0xf3,0xe0,0x97,0x7e,0xeb,
  0xe3,0x86,0xbf,0x32,0x3c,0x98,0xab,0xfe,0x4d,0x2,0xde,0xe7,0xd6,0xbf,0xfe,0xe9,
  0xef,0xe6,0x2a,0x1e,0xfc,0xd2,0x6f,0x7d,0xdc,0xf0,0x5b,0x86,0x97,0xe6,0xaa,0xff,
  0x54,0x82,0xbf,0x11,0xbc,0xf6,0xad,0x7f,0xfd,0xd3,0xbb,0x5c,0xc5,0x83,0x5f,0xfa,
  0xad,0xdf,0x3b,0xe1,0xbb,0xb8,0xea,0x3f,0x95,0xe0,0x92,0xe0,0xb5,0x6f,0xfd,0xeb,
  0x9f,0xfe,0x6b,0xae,0xba,0xea,0x3f,0x16,0xe2,0xaa,0xff,0x32,0xb7,0xbc,0xf4,0x5b,
  0x7f,0x36,0xf0,0x59,0x5c,0xf5,0x6f,0x12,0xf0,0x3e,0xb7,0xfe,0xf5,0x4f,0x7f,0x37,
  0x57,0xf1,0xe0,0x97,0x7e,0xeb,0xe3,0x86,0xdf,0x32,0xbc,0x34,0x57,0xfd,0xa7,0x12,
  0xfc,0x8d,0xe0,0xb5,0x6f,0xfd,0xeb,0x9f,0xde,0xe5,0x2a,0x1e,0xfc,0xd2,0x6f,0xfd,
  0xde,0x9,0xdf,0xc5,0x55,0xff,0xa9,0x4,0x97,0x4,0xaf,0x7d,0xeb,0x5f,0xff,0xf4,
  0x5f,0x73,0xd5,0x55,0xff,0xf1,0x10,0x57,0xfd,0x97,0x78,0xf0,0x4b,0xbf,0xf5,0x71,
  0xc3,0xd3,0xd,0xc7,0xb9,0xea,0x5f,0x2d,0xe0,0x7d,0x6e,0xfd,0xeb,0x9f,0xfe,0x6e,
  0xae,0xe2,0xc1,0x2f,0xfd,0xd6,0xc7,0xd,0xbf,0x65,0x78,0x69,0xae,0xfa,0x4f,0x25,
  0xf8,0x1b,0xc1,0x6b,0xdf,0xfa,0xd7,0x3f,0xbd,0xcb,0x55,0x3c,0xf8,0xa5,0xdf,0xfa,
  0xbd,0x13,0xbe,0x8b,0xab,0xfe,0x53,0x9,0x2e,0x9,0x5e,0xfb,0xd6,0xbf,0xfe,0xe9,
  0xbf,0xe6,0xaa,0xab,0xfe,0x73,0x20,0xae,0xfa,0x2f,0x71,0xcb,0x4b,0xbf,0xf5,0x77,
  0x3,0xef,0xc5,0x55,0xff,0x6a,0x1,0xef,0x73,0xeb,0x5f,0xff,0xf4,0x77,0x73,0x15,
  0xf,0x7e,0xe9,0xb7,0x3e,0x6e,0xf8,0x2d,0xc3,0x4b,0x73,0xd5,0x7f,0x2a,0xc1,0xdf,
  0x8,0x5e,0xfb,0xd6,0xbf,0xfe,0xe9,0x5d,0xae,0xe2,0xc1,0x2f,0xfd,0xd6,0xef,0x9d,
  0xf0,0x5d,0x5c,0xf5,0x9f,0x4a,0x70,0x49,0xf0,0xda,0xb7,0xfe,0xf5,0x4f,0xff,0x35,
  0x57,0x5d,0xf5,0x9f,0x7,0x71,0xd5,0x7f,0xba,0x7,0xbf,0xf4,0x5b,0x3f,0x38,0xe1,
  0xe9,0x5c,0xf5,0xaf,0x16,0xf0,0x3e,0xb7,0xfe,0xf5,0x4f,0x7f,0x37,0x57,0xf1,0xe0,
  0x97,0x7e,0xeb,0xe3,0x86,0xdf,0x32,0xbc,0x34,0x57,0xfd,0xa7,0x12,0xfc,0x8d,0xe0,
  0xb5,0x6f,0xfd,0xeb,0x9f,0xde,0xe5,0x2a,0x1e,0xfc,0xd2,0x6f,0xfd,0xde,0x9,0xdf,
  0xc5,0x55,0xff,0xa9,0x4,0x97,0x4,0xaf,0x7d,0xeb,0x5f,0xff,0xf4,0x5f,0x73,0xd5,
  0x55,0xff,0xb9,0x10,0x57,0xfd,0xa7,0x7b,0xd0,0x4b,0xbf,0xf5,0x6f,0x19,0x5e,0x9b,
  0xab,0xfe,0xb5,0xbe,0xe6,0xb6,0xbf,0xfe,0xe9,0x8f,0xe6,0x2a,0x1e,0xfc,0xd2,0x6f,
  0x7d,0xdc,0xf0,0x5b,0x86,0x97,0xe6,0xaa,0xff,0x54,0x82,0xbf,0x11,0xbc,0xf6,0xad,
  0x7f,0xfd,0xd3,0xbb,0x5c,0xc5,0x83,0x5f,0xfa,0xad,0xdf,0x3b,0xe1,0xbb,0xb8,0xea,
  0x3f,0x95,0xe0,0x92,0xe0,0xb5,0x6f,0xfd,0xeb,0x9f,0xfe,0x6b,0xae,0xba,0xea,0x3f,
  0x1f,0xe2,0xaa,0xff,0x54,0xf,0x7e,0xe9,0xb7,0x7e,0xed,0x84,0xdf,0xe2,0xaa,0x7f,
  0xad,0xef,0xb9,0xed,0xaf,0x7f,0xfa,0xbd,0xb9,0x8a,0x7,0xbf,0xf4,0x5b,0x1f,0x37,
  0xfc,0x96,0xe1,0xa5,0xb9,0xea,0x3f,0x95,0xe0,0x6f,0x4,0xaf,0x7d,0xeb,0x5f,0xff,
  0xf4,0x2e,0x57,0xf1,0xe0,0x97,0x7e,0xeb,0xf7,0x4e,0xf8,0x2e,0xae,0xfa,0x4f,0x25,
  0xb8,0x24,0x78,0xed,0x5b,0xff,0xfa,0xa7,0xff,0x9a,0xab,0xae,0xfa,0xaf,0x81,0xb8,
  0xea,0x3f,0xd5,0x83,0x5e,0xfa,0xad,0x7f,0xcb,0xf0,0xda,0x5c,0xf5,0xaf,0xf1,0x3d,
  0xb7,0xfd,0xf5,0x4f,0xbf,0x37,0x57,0xf1,0xe0,0x97,0x7e,0xeb,0xe3,0x86,0xdf,0x32,
  0xbc,0x34,0x57,0xfd,0xa7,0x12,0xfc,0x8d,0xe0,0xb5,0x6f,0xfd,0xeb,0x9f,0xde,0xe5,
  0x2a,0x1e,0xfc,0xd2,0x6f,0xfd,0xde,0x9,0xdf,0xc5,0x55,0xff,0xa9,0x4,0x97,0x4,
  0xaf,0x7d,0xeb,0x5f,0xff,0xf4,0x5f,0x73,0xd5,0x55,0xff,0x75,0x10,0x57,0xfd,0xa7,
  0x79,0xf0,0x4b,0xbf,0xf5,0x6b,0x27,0xfc,0x16,0x57,0xfd,0x6b,0x7c,0xcf,0x6d,0x7f,
  0xfd,0xd3,0xef,0xcd,0x55,0x3c,0xf8,0xa5,0xdf,0xfa,0xb8,0xe1,0xb7,0xc,0x2f,0xcd,
  0x55,0xff,0xa9,0x4,0x7f,0x23,0x78,0xed,0x5b,0xff,0xfa,0xa7,0x77,0xb9,0x8a,0x7,
  0xbf,0xf4,0x5b,0xbf,0x77,0xc2,0x77,0x71,0xd5,0x7f,0x2a,0xc1,0x25,0xc1,0x6b,0xdf,
  0xfa,0xd7,0x3f,0xfd,0xd7,0x5c,0x75,0xd5,0x7f,0x2d,0xc4,0x55,0xff,0x69,0x1e,0xf4,
  0xd2,0x6f,0xfd,0x5b,0x86,0xd7,0xe6,0xaa,0x17,0x89,0xe0,0x6f,0x4,0xaf,0x7d,0xeb,
  0x5f,0xff,0xf4,0x2e,0xff,0xcf,0x3d,0xf8,0xa5,0xdf,0xfa,0xb8,0xe1,0xb7,0xc,0x2f,
  0xcd,0x55,0xff,0xa9,0x4,0x7f,0x23,0x78,0xed,0x5b,0xff,0xfa,0xa7,0x77,0xb9,0x8a,
  0x7,0xbf,0xf4,0x5b,0xbf,0x77,0xc2,0x77,0x71,0xd5,0x7f,0x2a,0xc1,0x25,0xc1,0x6b,
  0xdf,0xfa,0xd7,0x3f,0xfd,0xd7,0x5c,0x75,0xd5,0x7f,0x3d,0xc4,0x55,0xff,0x29,0x1e,
  0xfc,0xd2,0x6f,0xfd,0xda,0x9,0xbf,0xc5,0x55,0x2f,0x12,0xc1,0x33,0x4,0x2f,0x7d,
  0xeb,0x5f,0xff,0xf4,0x2e,0xff,0xcf,0x3d,0xf8,0xa5,0xdf,0xfa,0xb8,0xe1,0xb7,0xc,
  0x2f,0xcd,0x55,0xff,0xa9,0x4,0x7f,0x23,0x78,0xed,0x5b,0xff,0xfa,0xa7,0x77,0xb9,
  0x8a,0x7,0xbf,0xf4,0x5b,0xbf,0x77,0xc2,0x77,0x71,0xd5,0x7f,0x2a,0xc1,0x25,0xc1,
  0x6b,0xdf,0xfa,0xd7,0x3f,0xfd,0xd7,0x5c,0x75,0xd5,0x7f,0xf,0xc4,0x55,0xff,0x29,
  0x1e,0xf4,0xd2,0x6f,0xfd,0x5b,0x86,0xd7,0xe6,0xaa,0x7f,0x91,0xe0,0x92,0xe0,0xb5,
  0x6f,0xfd,0xeb,0x9f,0xfe,0x6b,0xfe,0x9f,0x7b,0xf0,0x4b,0xbf,0xf5,0x71,0xc3,0x6f,
  0x19,0x5e,0x9a,0xab,0xfe,0x53,0x9,0xfe,0x46,0xf0,0xda,0xb7,0xfe,0xf5,0x4f,0xef,
  0x72,0x15,0xf,0x7e,0xe9,0xb7,0x7e,0xef,0x84,0xef,0xe2,0xaa,0xff,0x54,0x82,0x4b,
  0x82,0xd7,0xbe,0xf5,0xaf,0x7f,0xfa,0xaf,0xb9,0xea,0xaa,0xff,0x3e,0x88,0xab,0xfe,
  0xc3,0x3d,0xf8,0xa5,0xdf,0xfa,0xb5,0x13,0x7e,0x8b,0xab,0x5e,0x24,0x1,0xaf,0x73,
  0xeb,0x5f,0xff,0xf4,0x6f,0xf3,0xff,0xdc,0x83,0x5f,0xfa,0xad,0x8f,0x1b,0x7e,0xcb,
  0xf0,0xd2,0x5c,0xf5,0x9f,0x4a,0xf0,0x37,0x82,0xd7,0xbe,0xf5,0xaf,0x7f,0x7a,0x97,
  0xab,0x78,0xf0,0x4b,0xbf,0xf5,0x7b,0x27,0x7c,0x17,0x57,0xfd,0xa7,0x12,0x5c,0x12,
  0xbc,0xf6,0xad,0x7f,0xfd,0xd3,0x7f,0xcd,0x55,0x57,0xfd,0xf7,0x42,0x5c,0xf5,0x1f,
  0xee,0x41,0x2f,0xfd,0xd6,0xbf,0x65,0x78,0x6d,0xae,0xfa,0x17,0x5,0xbc,0xcf,0xad,
  0x7f,0xfd,0xd3,0xdf,0xcd,0xff,0x73,0xf,0x7e,0xe9,0xb7,0x3e,0x6e,0xf8,0x2d,0xc3,
  0x4b,0x73,0xd5,0x7f,0x2a,0xc1,0xdf,0x8,0x5e,0xfb,0xd6,0xbf,0xfe,0xe9,0x5d,0xae,
  0xe2,0xc1,0x2f,0xfd,0xd6,0xef,0x9d,0xf0,0x5d,0x5c,0xf5,0x9f,0x4a,0x70,0x49,0xf0,
  0xda,0xb7,0xfe,0xf5,0x4f,0xff,0x35,0x57,0x5d,0xf5,0xdf,0xf,0x71,0xd5,0x7f,0xa8,
  0x7,0xbf,0xf4,0x5b,0xbf,0x76,0xc2,0x6f,0x71,0xd5,0x8b,0xe2,0x7b,0x6e,0xfb,0xeb,
  0x9f,0x7e,0x6f,0xfe,0x9f,0x7b,0xf0,0x4b,0xbf,0xf5,0x71,0xc3,0x6f,0x19,0x5e,0x9a,
  0xab,0xfe,0x53,0x9,0xfe,0x46,0xf0,0xda,0xb7,0xfe,0xf5,0x4f,0xef,0x72,0x15,0xf,
  0x7e,0xe9,0xb7,0x7e,0xef,0x84,0xef,0xe2,0xaa,0xff,0x54,0x82,0x4b,0x82,0xd7,0xbe,
  0xf5,0xaf,0x7f,0xfa,0xaf,0xb9,0xea,0xaa,0xff,0x19,0x10,0x57,0xfd,0x87,0xba,0xe5,
  0xa5,0xdf,0xfa,0xbb,0x81,0xf7,0xe2,0xaa,0x17,0x4a,0xf0,0x37,0x82,0xd7,0xbe,0xf5,
  0xaf,0x7f,0x7a,0x97,0xff,0xc7,0x1e,0xfc,0xd2,0x6f,0x7d,0xdc,0xf0,0x5b,0x86,0x97,
  0xe6,0xaa,0xff,0x54,0x82,0xbf,0x11,0xbc,0xf6,0xad,0x7f,0xfd,0xd3,0xbb,0x5c,0xc5,
  0x83,0x5f,0xfa,0xad,0xdf,0x3b,0xe1,0xbb,0xb8,0xea,0x3f,0x95,0xe0,0x92,0xe0,0xb5,
  0x6f,0xfd,0xeb,0x9f,0xfe,0x6b,0xae,0xba,0xea,0x7f,0xe,0xc4,0x55,0xff,0x61,0x1e,
  0xfc,0xd2,0x6f,0xfd,0xe0,0x84,0xa7,0x73,0xd5,0xb,0x25,0xb8,0x24,0x78,0xe9,0x5b,
  0xff,0xfa,0xa7,0x6f,0xe5,0xff,0xb1,0x7,0xbf,0xf4,0x5b,0x1f,0x37,0xfc,0x96,0xe1,
  0xa5,0xb9,0xea,0x3f,0x95,0xe0,0x6f,0x4,0xaf,0x7d,0xeb,0x5f,0xff,0xf4,0x2e,0x57,
  0xf1,0xe0,0x97,0x7e,0xeb,0xf7,0x4e,0xf8,0x2e,0xae,0xfa,0x4f,0x25,0xb8,0x24,0x78,
  0xed,0x5b,0xff,0xfa,0xa7,0xff,0x9a,0xab,0xae,0xfa,0x9f,0x5,0x71,0xd5,0x7f,0x98,
  0x5b,0x5e,0xfa,0xad,0x3f,0x1b,0xf8,0x2c,0xae,0x7a,0xa1,0x2,0xde,0xe6,0xd6,0xbf,
  0xfe,0xe9,0x9f,0xe6,0xff,0xb1,0x7,0xbf,0xf4,0x5b,0x1f,0x37,0xfc,0x96,0xe1,0xa5,
  0xb9,0xea,0x3f,0x95,0xe0,0x6f,0x4,0xaf,0x7d,0xeb,0x5f,0xff,0xf4,0x2e,0x57,0xf1,
  0xe0,0x97,0x7e,0xeb,0xf7,0x4e,0xf8,0x2e,0xae,0xfa,0x4f,0x25,0xb8,0x24,0x78,0xed,
  0x5b,0xff,0xfa,0xa7,0xff,0x9a,0xab,0xae,0xfa,0x9f,0x7,0x71,0xd5,0x7f,0x88,0x7,
  0xbf,0xf4,0x5b,0x1f,0x37,0x3c,0xdd,0x70,0x9c,0xab,0x5e,0x98,0xcf,0xb9,0xed,0xaf,
  0x7f,0xfa,0xb3,0xf9,0x7f,0xec,0xc1,0x2f,0xfd,0xd6,0xc7,0xd,0xbf,0x65,0x78,0x69,
  0xae,0xfa,0x4f,0x25,0xf8,0x1b,0xc1,0x6b,0xdf,0xfa,0xd7,0x3f,0xbd,0xcb,0x55,0x3c,
  0xf8,0xa5,0xdf,0xfa,0xbd,0x13,0xbe,0x8b,0xab,0xfe,0x53,0x9,0x2e,0x9,0x5e,0xfb,
  0xd6,0xbf,0xfe,0xe9,0xbf,0xe6,0xaa,0xab,0xfe,0x67,0x42,0x5c,0xf5,0x1f,0xe2,0xc1,
  0x2f,0xfd,0xd6,0xef,0x9d,0xf0,0x5d,0x5c,0xf5,0x2,0x9,0xfe,0xe6,0x19,0x7f,0xfd,
  0xd3,0x2f,0xcd,0xff,0x63,0xf,0x7e,0xe9,0xb7,0x3e,0x6e,0xf8,0x2d,0xc3,0x4b,0x73,
  0xd5,0x7f,0x2a,0xc1,0xdf,0x8,0x5e,0xfb,0xd6,0xbf,0xfe,0xe9,0x5d,0xae,0xe2,0xc1,
  0x2f,0xfd,0xd6,0xef,0x9d,0xf0,0x5d,0x5c,0xf5,0x9f,0x4a,0x70,0x49,0xf0,0xda,0xb7,
  0xfe,0xf5,0x4f,0xff,0x35,0x57,0x5d,0xf5,0x3f,0x17,0xe2,0xaa,0xff,0x10,0xf,0x7a,
  0xe9,0xb7,0x7e,0xba,0xe1,0xc1,0x5c,0xf5,0x7c,0x9,0x2e,0x9,0x5e,0xfa,0xd6,0xbf,
  0xfe,0xe9,0x5b,0xf9,0x7f,0xea,0xc1,0x2f,0xfd,0xd6,0xc7,0xd,0xbf,0x65,0x78,0x69,
  0xae,0xfa,0x4f,0x25,0xf8,0x1b,0xc1,0x6b,0xdf,0xfa,0xd7,0x3f,0xbd,0xcb,0x55,0x3c,
  0xf8,0xa5,0xdf,0xfa,0xbd,0x13,0xbe,0x8b,0xab,0xfe,0x53,0x9,0x2e,0x9,0x5e,0xfb,
  0xd6,0xbf,0xfe,0xe9,0xbf,0xe6,0xaa,0xab,0xfe,0x67,0x43,0x5c,0xf5,0xef,0xf6,0xe0,
  0x97,0x7e,0xeb,0xd7,0x4e,0xf8,0x2d,0xae,0x7a,0x81,0x2,0x3e,0xe6,0xd6,0xbf,0xfe,
  0xe9,0xaf,0xe6,0xff,0xa9,0x7,0xbf,0xf4,0x5b,0x1f,0x37,0xfc,0x96,0xe1,0xa5,0xb9,
  0xea,0x3f,0x95,0xe0,0x6f,0x4,0xaf,0x7d,0xeb,0x5f,0xff,0xf4,0x2e,0x57,0xf1,0xe0,
  0x97,0x7e,0xeb,0xf7,0x4e,0xf8,0x2e,0xae,0xfa,0x4f,0x25,0xb8,0x24,0x78,0xed,0x5b,
  0xff,0xfa,0xa7,0xff,0x9a,0xab,0xae,0xfa,0x9f,0xf,0x71,0xd5,0xbf,0xdb,0x2d,0x2f,
  0xfd,0xd6,0x3f,0xd,0xbc,0x15,0x57,0x3d,0x5f,0x82,0xdf,0x79,0xc6,0x5f,0xff,0xf4,
  0x6b,0xf3,0xff,0xd4,0x83,0x5f,0xfa,0xad,0x8f,0x1b,0x7e,0xcb,0xf0,0xd2,0x5c,0xf5,
  0x9f,0x4a,0xf0,0x37,0x82,0xd7,0xbe,0xf5,0xaf,0x7f,0x7a,0x97,0xab,0x78,0xf0,0x4b,
  0xbf,0xf5,0x7b,0x27,0x7c,0x17,0x57,0xfd,0xa7,0x12,0x5c,0x12,0xbc,0xf6,0xad,0x7f,
  0xfd,0xd3,0x7f,0xcd,0x55,0x57,0xfd,0xef,0x80,0xb8,0xea,0xdf,0xe5,0xc1,0x2f,0xfd,
  0xd6,0xf,0x4e,0x78,0x3a,0x57,0x3d,0x5f,0x82,0x4b,0x82,0x7,0xdf,0xfa,0xd7,0x3f,
  0xbd,0xcb,0xff,0x43,0xf,0x7e,0xe9,0xb7,0x3e,0x6e,0xf8,0x2d,0xc3,0x4b,0x73,0xd5,
  0x7f,0x2a,0xc1,0xdf,0x8,0x5e,0xfb,0xd6,0xbf,0xfe,0xe9,0x5d,0xae,0xe2,0xc1,0x2f,
  0xfd,0xd6,0xef,0x9d,0xf0,0x5d,0x5c,0xf5,0x9f,0x4a,0x70,0x49,0xf0,0xda,0xb7,0xfe,
  0xf5,0x4f,0xff,0x35,0x57,0x5d,0xf5,0xbf,0x7,0xe2,0xaa,0x7f,0x97,0x5b,0x5e,0xfa,
  0xad,0xbf,0x1a,0xf8,0x28,0xae,0x7a,0xbe,0x2,0xde,0xe6,0xd6,0xbf,0xfe,0xe9,0x9f,
  0xe6,0xff,0xa1,0x7,0xbf,0xf4,0x5b,0x1f,0x37,0xfc,0x96,0xe1,0xa5,0xb9,0xea,0x3f,
  0x95,0xe0,0x6f,0x4,0xaf,0x7d,0xeb,0x5f,0xff,0xf4,0x2e,0x57,0xf1,0xe0,0x97,0x7e,
  0xeb,0xf7,0x4e,0xf8,0x2e,0xae,0xfa,0x4f,0x25,0xb8,0x24,0x78,0xed,0x5b,0xff,0xfa,
  0xa7,0xff,0x9a,0xab,0xae,0xfa,0xdf,0x5,0x71,0xd5,0xbf,0xcb,0x83,0x5e,0xfa,0xad,
  0x9f,0x6e,0x78,0x30,0x57,0x3d,0x3f,0x3f,0x73,0xdb,0x5f,0xff,0xf4,0x5b,0xf3,0xff,
  0xd0,0x83,0x5f,0xfa,0xad,0x8f,0x1b,0x7e,0xcb,0xf0,0xd2,0x5c,0xf5,0x9f,0x4a,0xf0,
  0x37,0x82,0xd7,0xbe,0xf5,0xaf,0x7f,0x7a,0x97,0xab,0x78,0xf0,0x4b,0xbf,0xf5,0x7b,
  0x27,0x7c,0x17,0x57,0xfd,0xa7,0x12,0x5c,0x12,0xbc,0xf6,0xad,0x7f,0xfd,0xd3,0x7f,
  0xcd,0x55,0x57,0xfd,0xef,0x83,0xb8,0xea,0xdf,0xec,0xc1,0x2f,0xfd,0xd6,0x6f,0x9d,
  0xf0,0x53,0x5c,0xf5,0x3c,0x4,0x97,0x4,0x2f,0x7d,0xeb,0x5f,0xff,0xf4,0xad,0xfc,
  0x3f,0xf3,0xe0,0x97,0x7e,0xeb,0xe3,0x86,0xdf,0x32,0xbc,0x34,0x57,0xfd,0xa7,0x12,
  0xfc,0x8d,0xe0,0xb5,0x6f,0xfd,0xeb,0x9f,0xde,0xe5,0x2a,0x1e,0xfc,0xd2,0x6f,0xfd,
  0xde,0x9,0xdf,0xc5,0x55,0xff,0xa9,0x4,0x97,0x4,0xaf,0x7d,0xeb,0x5f,0xff,0xf4,
  0x5f,0x73,0xd5,0x55,0xff,0x3b,0x21,0xae,0xfa,0x37,0xbb,0xe5,0xa5,0xdf,0xfa,0xa7,
  0x81,0xb7,0xe2,0xaa,0xe7,0x11,0xf0,0x31,0xb7,0xfe,0xf5,0x4f,0x7f,0x35,0xff,0xcf,
  0x3c,0xf8,0xa5,0xdf,0xfa,0xb8,0xe1,0xb7,0xc,0x2f,0xcd,0x55,0xff,0xa9,0x4,0x7f,
  0x23,0x78,0xed,0x5b,0xff,0xfa,0xa7,0x77,0xb9,0x8a,0x7,0xbf,0xf4,0x5b,0xbf,0x77,
  0xc2,0x77,0x71,0xd5,0x7f,0x2a,0xc1,0x25,0xc1,0x6b,0xdf,0xfa,0xd7,0x3f,0xfd,0xd7,
  0x5c,0x75,0xd5,0xff,0x5e,0x88,0xab,0xfe,0x4d,0x1e,0xfc,0xd2,0x6f,0x7d,0x3c,0xe1,
  0x22,0x57,0x3d,0xf,0xc1,0xdf,0x3c,0xe3,0xaf,0x7f,0xfa,0xa5,0xf9,0x7f,0xe6,0xc1,
  0x2f,0xfd,0xd6,0xc7,0xd,0xbf,0x65,0x78,0x69,0xae,0xfa,0x4f,0x25,0xf8,0x1b,0xc1,
  0x6b,0xdf,0xfa,0xd7,0x3f,0xbd,0xcb,0x55,0x3c,0xf8,0xa5,0xdf,0xfa,0xbd,0x13,0xbe,
  0x8b,0xab,0xfe,0x53,0x9,0x2e,0x9,0x5e,0xfb,0xd6,0xbf,0xfe,0xe9,0xbf,0xe6,0xaa,
  0xab,0xfe,0x77,0x43,0x5c,0xf5,0x6f,0xf2,0xe0,0x97,0x7e,0xeb,0x8f,0x4e,0xf8,0x2a,
  0xae,0x7a,0x1e,0x1,0x2f,0x73,0xeb,0x5f,0xff,0xf4,0x5f,0xf3,0xff,0xc8,0x83,0x5f,
  0xfa,0xad,0x8f,0x1b,0x7e,0xcb,0xf0,0xd2,0x5c,0xf5,0x9f,0x4a,0xf0,0x37,0x82,0xd7,
  0xbe,0xf5,0xaf,0x7f,0x7a,0x97,0xab,0x78,0xf0,0x4b,0xbf,0xf5,0x7b,0x27,0x7c,0x17,
  0x57,0xfd,0xa7,0x12,0x5c,0x12,0xbc,0xf6,0xad,0x7f,0xfd,0xd3,0x7f,0xcd,0x55,0x57,
  0xfd,0xef,0x87,0xb8,0xea,0xdf,0xe4,0x41,0x2f,0xfd,0xd6,0x7f,0x65,0x78,0x69,0xae,
  0x7a,0x6e,0xdf,0x73,0xdb,0x5f,0xff,0xf4,0x7b,0xf3,0xff,0xc8,0x83,0x5f,0xfa,0xad,
  0x8f,0x1b,0x7e,0xcb,0xf0,0xd2,0x5c,0xf5,0x9f,0x4a,0xf0,0x37,0x82,0xd7,0xbe,0xf5,
  0xaf,0x7f,0x7a,0x97,0xab,0x78,0xf0,0x4b,0xbf,0xf5,0x7b,0x27,0x7c,0x17,0x57,0xfd,
  0xa7,0x12,0x5c,0x12,0xbc,0xf6,0xad,0x7f,0xfd,0xd3,0x7f,0xcd,0x55,0x57,0xfd,0xdf,
  0x80,0xb8,0xea,0x5f,0xed,0xc1,0x2f,0xfd,0xd6,0x2f,0x9d,0xf0,0x57,0x5c,0xf5,0x1c,
  0x4,0x97,0x4,0xf,0xbe,0xf5,0xaf,0x7f,0x7a,0x97,0xff,0x27,0x1e,0xfc,0xd2,0x6f,
  0x7d,0xdc,0xf0,0x5b,0x86,0x97,0xe6,0xaa,0xff,0x54,0x82,0xbf,0x11,0xbc,0xf6,0xad,
  0x7f,0xfd,0xd3,0xbb,0x5c,0xc5,0x83,0x5f,0xfa,0xad,0xdf,0x3b,0xe1,0xbb,0xb8,0xea,
  0x3f,0x95,0xe0,0x92,0xe0,0xb5,0x6f,0xfd,0xeb,0x9f,0xfe,0x6b,0xae,0xba,0xea,0xff,
  0xe,0xc4,0x55,0xff,0x6a,0xb7,0xbc,0xf4,0x5b,0x7f,0x35,0xf0,0x51,0x5c,0xf5,0xdc,
  0x3e,0xe7,0xb6,0xbf,0xfe,0xe9,0xcf,0xe6,0xff,0x89,0x7,0xbf,0xf4,0x5b,0x1f,0x37,
  0xfc,0x96,0xe1,0xa5,0xb9,0xea,0x3f,0x95,0xe0,0x6f,0x4,0xaf,0x7d,0xeb,0x5f,0xff,
  0xf4,0x2e,0x57,0xf1,0xe0,0x97,0x7e,0xeb,0xf7,0x4e,0xf8,0x2e,0xae,0xfa,0x4f,0x25,
  0xb8,0x24,0x78,0xed,0x5b,0xff,0xfa,0xa7,0xff,0x9a,0xab,0xae,0xfa,0xbf,0x5,0x71,
  0xd5,0xbf,0xda,0x83,0x5e,0xfa,0xad,0x9f,0x6e,0x78,0x30,0x57,0x3d,0x8b,0xe0,0x19,
  0x82,0x97,0xbe,0xf5,0xaf,0x7f,0x7a,0x97,0xff,0x7,0x1e,0xfc,0xd2,0x6f,0x7d,0xdc,
  0xf0,0x5b,0x86,0x97,0xe6,0xaa,0xff,0x54,0x82,0xbf,0x11,0xbc,0xf6,0xad,0x7f,0xfd,
  0xd3,0xbb,0x5c,0xc5,0x83,0x5f,0xfa,0xad,0xdf,0x3b,0xe1,0xbb,0xb8,0xea,0x3f,0x95,
  0xe0,0x92,0xe0,0xb5,0x6f,0xfd,0xeb,0x9f,0xfe,0x6b,0xae,0xba,0xea,0xff,0x1e,0xc4,
  0x55,0xff,0x2a,0xf,0x7e,0xe9,0xb7,0x7e,0xe9,0x84,0xbf,0xe2,0xaa,0xe7,0x10,0xf0,
  0x3e,0xb7,0xfe,0xf5,0x4f,0x7f,0x37,0xff,0xf,0x3c,0xf8,0xa5,0xdf,0xfa,0xb8,0xe1,
  0xb7,0xc,0x2f,0xcd,0x55,0xff,0xa9,0x4,0x7f,0x23,0x78,0xed,0x5b,0xff,0xfa,0xa7,
  0x77,0xb9,0x8a,0x7,0xbf,0xf4,0x5b,0xbf,0x77,0xc2,0x77,0x71,0xd5,0x7f,0x2a,0xc1,
  0x25,0xc1,0x6b,0xdf,0xfa,0xd7,0x3f,0xfd,0xd7,0x5c,0x75,0xd5,0xff,0x4d,0x88,0xab,
  0xfe,0x55,0x6e,0x79,0xe9,0xb7,0xfe,0x6a,0xe0,0xa3,0xb8,0xea,0x59,0x4,0x7f,0xf3,
  0x8c,0xbf,0xfe,0xe9,0x97,0xe6,0xff,0x81,0x7,0xbf,0xf4,0x5b,0x1f,0x37,0xfc,0x96,
  0xe1,0xa5,0xb9,0xea,0x3f,0x95,0xe0,0x6f,0x4,0xaf,0x7d,0xeb,0x5f,0xff,0xf4,0x2e,
  0x57,0xf1,0xe0,0x97,0x7e,0xeb,0xf7,0x4e,0xf8,0x2e,0xae,0xfa,0x4f,0x25,0xb8,0x24,
  0x78,0xed,0x5b,0xff,0xfa,0xa7,0xff,0x9a,0xab,0xae,0xfa,0xbf,0xb,0x71,0xd5,0xbf,
  0xca,0x83,0x5e,0xfa,0xad,0x9f,0x6e,0x78,0x30,0x57,0x3d,0x4b,0xc0,0xeb,0xdc,0xfa,
  0xd7,0x3f,0xfd,0xdb,0xfc,0x1f,0xf7,0xe0,0x97,0x7e,0xeb,0xe3,0x86,0xdf,0x32,0xbc,
  0x34,0x57,0xfd,0xa7,0x12,0xfc,0x8d,0xe0,0xb5,0x6f,0xfd,0xeb,0x9f,0xde,0xe5,0x2a,
  0x1e,0xfc,0xd2,0x6f,0xfd,0xde,0x9,0xdf,0xc5,0x55,0xff,0xa9,0x4,0x97,0x4,0xaf,
  0x7d,0xeb,0x5f,0xff,0xf4,0x5f,0x73,0xd5,0x55,0xff,0xb7,0x21,0xae,0x7a,0x91,0x3d,
  0xf8,0xa5,0xdf,0xfa,0xa5,0x13,0xfe,0x8a,0xab,0x9e,0x45,0xf0,0x3b,0xcf,0xf8,0xeb,
  0x9f,0x7e,0x6d,0xfe,0x8f,0x7b,0xf0,0x4b,0xbf,0xf5,0x71,0xc3,0x6f,0x19,0x5e,0x9a,
  0xab,0xfe,0x53,0x9,0xfe,0x46,0xf0,0xda,0xb7,0xfe,0xf5,0x4f,0xef,0x72,0x15,0xf,
  0x7e,0xe9,0xb7,0x7e,0xef,0x84,0xef,0xe2,0xaa,0xff,0x54,0x82,0x4b,0x82,0xd7,0xbe,
  0xf5,0xaf,0x7f,0xfa,0xaf,0xb9,0xea,0xaa,0xff,0xfb,0x10,0x57,0xbd,0xc8,0x6e,0x79,
  0xe9,0xb7,0xfe,0x6a,0xe0,0xa3,0xb8,0xea,0x59,0x2,0x5e,0xe7,0xd6,0xbf,0xfe,0xe9,
  0xdf,0xe6,0xff,0xb8,0x7,0xbd,0xf4,0x5b,0xff,0x96,0xe1,0xb5,0xb9,0xea,0x3f,0x95,
  0xe0,0x6f,0x4,0xaf,0x7d,0xeb,0x5f,0xff,0xf4,0x2e,0x57,0xf1,0xe0,0x97,0x7e,0xeb,
  0xf7,0x4e,0xf8,0x2e,0xae,0xfa,0x4f,0x25,0xb8,0x24,0x78,0xed,0x5b,0xff,0xfa,0xa7,
  0xff,0x9a,0xab,0xae,0xfa,0xff,0x1,0x71,0xd5,0x8b,0xec,0x41,0x2f,0xfd,0xd6,0x4f,
  0x37,0x3c,0x98,0xab,0x2e,0x13,0xfc,0xce,0x33,0xfe,0xfa,0xa7,0x5f,0x9b,0xff,0xe3,
  0x6e,0x79,0xe9,0xb7,0xfe,0x2e,0xe0,0xbd,0xb9,0xea,0x3f,0x95,0xe0,0x6f,0x4,0xaf,
  0x7d,0xeb,0x5f,0xff,0xf4,0x2e,0x57,0xf1,0xe0,0x97,0x7e,0xeb,0xf7,0x4e,0xf8,0x2e,
  0xae,0xfa,0x4f,0x25,0xb8,0x24,0x78,0xed,0x5b,0xff,0xfa,0xa7,0xff,0x9a,0xab,0xae,
  0xfa,0xff,0x3,0x71,0xd5,0x8b,0xe4,0xc1,0x2f,0xfd,0xd6,0x2f,0x9d,0xf0,0x57,0x5c,
  0xf5,0x2c,0x1,0xaf,0x73,0xeb,0x5f,0xff,0xf4,0x6f,0xf3,0x7f,0xd8,0x2d,0x2f,0xfd,
  0xd6,0xdf,0x5,0xbc,0x37,0x57,0xfd,0xa7,0x12,0xfc,0x8d,0xe0,0xb5,0x6f,0xfd,0xeb,
  0x9f,0xde,0xe5,0x2a,0x1e,0xfc,0xd2,0x6f,0xfd,0xde,0x9,0xdf,0xc5,0x55,0xff,0xa9,
  0x4,0x97,0x4,0xaf,0x7d,0xeb,0x5f,0xff,0xf4,0x5f,0x73,0xd5,0x55,0xff,0xbf,0x20,
  0xae,0x7a,0x91,0x3c,0xf8,0xa5,0xdf,0xfa,0xa3,0x13,0xbe,0x8a,0xab,0x2e,0x13,0xfc,
  0xce,0x33,0xfe,0xfa,0xa7,0x5f,0x9b,0xff,0xc3,0x1e,0xfc,0xd2,0x6f,0xfd,0xd1,0x9,
  0x5f,0xc5,0x55,0xff,0xa9,0x4,0x7f,0x23,0x78,0xed,0x5b,0xff,0xfa,0xa7,0x77,0xb9,
  0x8a,0x7,0xbf,0xf4,0x5b,0xbf,0x77,0xc2,0x77,0x71,0xd5,0x7f,0x2a,0xc1,0x25,0xc1,
  0x6b,0xdf,0xfa,0xd7,0x3f,0xfd,0xd7,0x5c,0x75,0xd5,0xff,0x3f,0x88,0xab,0x5e,0x24,
  0xf,0x7a,0xe9,0xb7,0xfe,0x2b,0xc3,0x4b,0x73,0xd5,0x65,0x1,0xef,0x73,0xeb,0x5f,
  0xff,0xf4,0x77,0xf3,0x7f,0xd4,0x83,0x5f,0xfa,0xad,0xdf,0x3b,0xe1,0xbb,0xb8,0xea,
  0x3f,0x95,0xe0,0x6f,0x4,0xaf,0x7d,0xeb,0x5f,0xff,0xf4,0x2e,0x57,0xf1,0xe0,0x97,
  0x7e,0xeb,0xf7,0x4e,0xf8,0x2e,0xae,0xfa,0x4f,0x25,0xb8,0x24,0x78,0xed,0x5b,0xff,
  0xfa,0xa7,0xff,0x9a,0xab,0xae,0xfa,0xff,0x9,0x71,0xd5,0xbf,0xe8,0xc1,0x2f,0xfd,
  0xd6,0xc7,0x13,0x2e,0x72,0xd5,0x65,0x82,0x67,0x3c,0xe3,0xaf,0x7f,0xfa,0xc1,0xfc,
  0x1f,0xf5,0xe0,0x97,0x7e,0xeb,0xb7,0x4e,0xf8,0x29,0xae,0xfa,0x4f,0x25,0xf8,0x1b,
  0xc1,0x6b,0xdf,0xfa,0xd7,0x3f,0xbd,0xcb,0x55,0x3c,0xf8,0xa5,0xdf,0xfa,0xbd,0x13,
  0xbe,0x8b,0xab,0xfe,0x53,0x9,0x2e,0x9,0x5e,0xfb,0xd6,0xbf,0xfe,0xe9,0xbf,0xe6,
  0xaa,0xab,0xfe,0xff,0x42,0x5c,0xf5,0x2f,0x7a,0xf0,0x4b,0xbf,0xf5,0x7b,0x27,0x7c,
  0x17,0x57,0xdd,0xef,0x73,0x6e,0xfb,0xeb,0x9f,0xfe,0x6c,0xfe,0xf,0x7a,0xf0,0x4b,
  0xbf,0xf5,0x71,0xc3,0xd3,0xd,0xc7,0xb9,0xea,0x3f,0x8d,0xe0,0x6f,0x4,0xaf,0x7d,
  0xeb,0x5f,0xff,0xf4,0x2e,0x57,0xf1,0xe0,0x97,0x7e,0xeb,0xf7,0x4e,0xf8,0x2e,0xae,
  0xfa,0x4f,0x25,0xb8,0x24,0x78,0xed,0x5b,0xff,0xfa,0xa7,0xff,0x9a,0xab,0xae,0xfa,
  0xff,0xd,0x71,0xd5,0xbf,0xe8,0x96,0x97,0x7e,0xeb,0xef,0x6,0xde,0x8b,0xab,0x2e,
  0xb,0x38,0x71,0xeb,0x5f,0xff,0xf4,0x2e,0xff,0x7,0x3d,0xe8,0xa5,0xdf,0xfa,0xb7,
  0xc,0xaf,0xcd,0x55,0xff,0x69,0x4,0x7f,0x23,0x78,0xed,0x5b,0xff,0xfa,0xa7,0x77,
  0xb9,0x8a,0x7,0xbf,0xf4,0x5b,0xbf,0x77,0xc2,0x77,0x71,0xd5,0x7f,0x2a,0xc1,0x25,
  0xc1,0x6b,0xdf,0xfa,0xd7,0x3f,0xfd,0xd7,0x5c,0x75,0xd5,0x55,0x88,0xab,0xfe,0x45,
  0xf,0x7a,0xe9,0xb7,0x7e,0xba,0xe1,0xc1,0x5c,0x5,0xf0,0x3d,0xb7,0xfd,0xf5,0x4f,
  0xbf,0x37,0xff,0x7,0xdd,0xf2,0xd2,0x6f,0xfd,0xd9,0xc0,0x67,0x71,0xd5,0x7f,0x1a,
  0xc1,0xdf,0x8,0x5e,0xfb,0xd6,0xbf,0xfe,0xe9,0x5d,0xae,0xe2,0xc1,0x2f,0xfd,0xd6,
  0xef,0x9d,0xf0,0x5d,0x5c,0xf5,0x9f,0x4a,0x70,0x49,0xf0,0xda,0xb7,0xfe,0xf5,0x4f,
  0xff,0x35,0x57,0x5d,0x75,0x15,0x0,0xe2,0xaa,0x17,0xea,0xc1,0x2f,0xfd,0xd6,0xf,
  0x4e,0x78,0x3a,0x57,0x5d,0x16,0xf0,0x90,0x5b,0xff,0xfa,0xa7,0x6f,0xe5,0xff,0x98,
  0x7,0xbf,0xf4,0x5b,0xbf,0x76,0xc2,0x6f,0x71,0xd5,0x7f,0x1a,0xc1,0xdf,0x8,0x5e,
  0xfb,0xd6,0xbf,0xfe,0xe9,0x5d,0xae,0xe2,0xc1,0x2f,0xfd,0xd6,0xef,0x9d,0xf0,0x5d,
  0x5c,0xf5,0x9f,0x4a,0x70,0x49,0xf0,0xda,0xb7,0xfe,0xf5,0x4f,0xff,0x35,0x57,0x5d,
  0x75,0xd5,0xfd,0x10,0x57,0xbd,0x50,0xf,0x7e,0xe9,0xb7,0xfe,0xe8,0x84,0xaf,0xe2,
  0x2a,0x4,0xbf,0xf3,0x8c,0xbf,0xfe,0xe9,0xd7,0xe6,0xff,0x98,0x7,0xbf,0xf4,0x5b,
  0x1f,0x37,0xfc,0x95,0xe1,0xc1,0x5c,0xf5,0x9f,0x42,0xf0,0x37,0x82,0xd7,0xbe,0xf5,
  0xaf,0x7f,0x7a,0x97,0xab,0x78,0xf0,0x4b,0xbf,0xf5,0x7b,0x27,0x7c,0x17,0x57,0xfd,
  0xa7,0x12,0x5c,0x12,0xbc,0xf6,0xad,0x7f,0xfd,0xd3,0x7f,0xcd,0x55,0x57,0x5d,0xf5,
  0x40,0x88,0xab,0x5e,0xa8,0x5b,0x5e,0xfa,0xad,0x7f,0x1a,0x78,0x2b,0xae,0x22,0xe0,
  0x7d,0x6e,0xfd,0xeb,0x9f,0xfe,0x6e,0xfe,0x8f,0x79,0xd0,0x4b,0xbf,0xf5,0x4f,0x19,
  0xde,0x9a,0xab,0xfe,0x53,0x8,0xfe,0x46,0xf0,0xda,0xb7,0xfe,0xf5,0x4f,0xef,0x72,
  0x15,0xf,0x7e,0xe9,0xb7,0x7e,0xef,0x84,0xef,0xe2,0xaa,0xff,0x54,0x82,0x4b,0x82,
  0xd7,0xbe,0xf5,0xaf,0x7f,0xfa,0xaf,0xb9,0xea,0xaa,0xab,0x9e,0x1b,0xe2,0xaa,0x17,
  0xea,0x41,0x2f,0xfd,0xd6,0x17,0xd,0xc7,0xf9,0x7f,0x4e,0x70,0x49,0xf0,0xe0,0x5b,
  0xff,0xfa,0xa7,0x77,0xf9,0x3f,0xe4,0xc1,0x2f,0xfd,0xd6,0x1f,0x9d,0xf0,0x55,0x5c,
  0xf5,0x9f,0x42,0xf0,0x37,0x82,0xd7,0xbe,0xf5,0xaf,0x7f,0x7a,0x97,0xab,0x78,0xf0,
  0x4b,0xbf,0xf5,0x7b,0x27,0x7c,0x17,0x57,0xfd,0xa7,0x12,0x5c,0x12,0xbc,0xf6,0xad,
  0x7f,0xfd,0xd3,0x7f,0xcd,0x55,0x57,0x5d,0xf5,0xfc,0x20,0xae,0x7a,0x81,0x1e,0xfc,
  0xd2,0x6f,0xfd,0xda,0x9,0xbf,0xc5,0x55,0x0,0xdf,0x73,0xdb,0x5f,0xff,0xf4,0x7b,
  0xf3,0x7f,0xc8,0x83,0x5f,0xfa,0xad,0x1f,0x6c,0xf8,0x2b,0xc3,0x71,0xae,0xfa,0xf,
  0x27,0xf8,0x1b,0xc1,0x6b,0xdf,0xfa,0xd7,0x3f,0xbd,0xcb,0x55,0x3c,0xf8,0xa5,0xdf,
  0xfa,0xbd,0x13,0xbe,0x8b,0xab,0xfe,0x53,0x9,0x2e,0x9,0x5e,0xfb,0xd6,0xbf,0xfe,
  0xe9,0xbf,0xe6,0xaa,0xab,0xae,0x7a,0x41,0x10,0x57,0xbd,0x40,0xf,0x7e,0xe9,0xb7,
  0xfe,0xe8,0x84,0xaf,0xe2,0x2a,0x2,0x5e,0xe7,0xd6,0xbf,0xfe,0xe9,0xdf,0xe6,0xff,
  0x90,0x5b,0x5e,0xfa,0xad,0xbf,0x1b,0x78,0x2f,0xae,0xfa,0xf,0x27,0xf8,0x1b,0xc1,
  0x6b,0xdf,0xfa,0xd7,0x3f,0xbd,0xcb,0x55,0x3c,0xf8,0xa5,0xdf,0xfa,0xbd,0x13,0xbe,
  0x8b,0xab,0xfe,0x53,0x9,0x2e,0x9,0x5e,0xfb,0xd6,0xbf,0xfe,0xe9,0xbf,0xe6,0xaa,
  0xab,0xae,0x7a,0x61,0x10,0x57,0xbd,0x40,0xb7,0xbc,0xf4,0x5b,0xff,0x34,0xf0,0x56,
  0xfc,0x3f,0x27,0x78,0xc6,0x33,0xfe,0xfa,0xa7,0x1f,0xcc,0xff,0x21,0xf,0x7e,0xe9,
  0xb7,0x7e,0xed,0x84,0xdf,0xe2,0xaa,0xff,0x70,0x82,0xbf,0x11,0xbc,0xf6,0xad,0x7f,
  0xfd,0xd3,0xbb,0x5c,0xc5,0x83,0x5f,0xfa,0xad,0xdf,0x3b,0xe1,0xbb,0xb8,0xea,0x3f,
  0x95,0xe0,0x92,0xe0,0xb5,0x6f,0xfd,0xeb,0x9f,0xfe,0x6b,0xae,0xba,0xea,0xaa,0x7f,
  0x9,0xe2,0xaa,0x17,0xe8,0x41,0x2f,0xfd,0xd6,0x4f,0x37,0x3c,0x98,0xab,0xbe,0xe6,
  0xb6,0xbf,0xfe,0xe9,0x8f,0xe6,0xff,0x90,0x7,0xbd,0xf4,0x5b,0xff,0x95,0xe1,0xa5,
  0xb9,0xea,0x3f,0x94,0xe0,0x6f,0x4,0xaf,0x7d,0xeb,0x5f,0xff,0xf4,0x2e,0x57,0xf1,
  0xe0,0x97,0x7e,0xeb,0xf7,0x4e,0xf8,0x2e,0xae,0xfa,0x4f,0x25,0xb8,0x24,0x78,0xed,
  0x5b,0xff,0xfa,0xa7,0xff,0x9a,0xab,0xae,0xba,0xea,0x45,0x81,0xb8,0xea,0xf9,0x7a,
  0xf0,0x4b,0xbf,0xf5,0x83,0x13,0x9e,0xce,0x55,0x4,0xbc,0xcc,0xad,0x7f,0xfd,0xd3,
  0x7f,0xcd,0xff,0x11,0xf,0x7e,0xe9,0xb7,0xfe,0xe8,0x84,0xaf,0xe2,0xaa,0xff,0x50,
  0x82,0xbf,0x11,0xbc,0xf6,0xad,0x7f,0xfd,0xd3,0xbb,0x5c,0xc5,0x83,0x5f,0xfa,0xad,
  0xdf,0x3b,0xe1,0xbb,0xb8,0xea,0x3f,0x95,0xe0,0x92,0xe0,0xb5,0x6f,0xfd,0xeb,0x9f,
  0xfe,0x6b,0xae,0xba,0xea,0xaa,0x17,0x15,0xe2,0xaa,0xe7,0xeb,0xc1,0x2f,0xfd,0xd6,
  0x6f,0x9d,0xf0,0x53,0xfc,0x3f,0x27,0x78,0xc6,0x33,0xfe,0xfa,0xa7,0x1f,0xcc,0xff,
  0x11,0xf,0x7e,0xe9,0xb7,0x3e,0x6e,0x78,0xba,0xe1,0x38,0x57,0xfd,0x87,0x11,0xfc,
  0x8d,0xe0,0xb5,0x6f,0xfd,0xeb,0x9f,0xde,0xe5,0x2a,0x1e,0xfc,0xd2,0x6f,0xfd,0xde,
  0x9,0xdf,0xc5,0x55,0xff,0xa9,0x4,0x97,0x4,0xaf,0x7d,0xeb,0x5f,0xff,0xf4,0x5f,
  0x73,0xd5,0xb,0xf5,0xe0,0x97,0x7e,0xeb,0x97,0x6,0x5e,0x2b,0xe1,0xc1,0x82,0x97,
  0x6,0x1e,0x6c,0x78,0x30,0xcf,0x87,0xe0,0x56,0xe0,0x56,0xc3,0x5f,0x7,0xfa,0x6b,
  0xf0,0xef,0xdc,0xfa,0xd7,0x3f,0x7d,0x2b,0x57,0xfd,0x5f,0x82,0xb8,0xea,0xf9,0xba,
  0xe5,0xa5,0xdf,0xfa,0xab,0x81,0x8f,0xe2,0xaa,0xaf,0xb9,0xed,0xaf,0x7f,0xfa,0xa3,
  0xf9,0x3f,0xe2,0x96,0x97,0x7e,0xeb,0xef,0x6,0xde,0x8b,0xab,0xfe,0xc3,0x8,0xfe,
  0x46,0xf0,0xda,0xb7,0xfe,0xf5,0x4f,0xef,0x72,0x15,0xf,0x7e,0xe9,0xb7,0x7e,0xef,
  0x84,0xef,0xe2,0xaa,0xff,0x54,0x82,0x4b,0x82,0xd7,0xbe,0xf5,0xaf,0x7f,0xfa,0xaf,
  0xb9,0xea,0xf9,0x7a,0xf0,0x4b,0xbf,0xcd,0x5b,0x25,0x7e,0x6b,0xc1,0x5b,0x1b,0x8e,
  0xf3,0xef,0x20,0xb8,0xd5,0xf0,0xdb,0x81,0x7e,0xfa,0xd6,0xbf,0xfe,0xa9,0x9f,0xe1,
  0xaa,0xff,0xed,0x10,0x57,0x3d,0x5f,0xf,0x7a,0xe9,0xb7,0xfe,0x6d,0xc3,0x6b,0xf1,
  0xff,0x5c,0xc0,0xcb,0xdc,0xfa,0xd7,0x3f,0xfd,0xd7,0xfc,0x1f,0xf0,0xe0,0x97,0x7e,
  0xeb,0x7,0x27,0x3c,0x9d,0xab,0xfe,0xc3,0x8,0xfe,0x46,0xf0,0xda,0xb7,0xfe,0xf5,
  0x4f,0xef,0x72,0x15,0xf,0x7e,0xe9,0xb7,0x7e,0xef,0x84,0xef,0xe2,0xaa,0xff,0x54,
  0x82,0x4b,0x82,0xd7,0xbe,0xf5,0xaf,0x7f,0xfa,0xaf,0xb9,0xea,0x39,0x3c,0xf8,0xa5,
  0xdf,0xfa,0xc1,0x9,0x1f,0x25,0x78,0x6f,0xc3,0x71,0xfe,0x13,0x8,0x6e,0x35,0x7c,
  0x77,0xc0,0xd7,0xdc,0xfa,0xd7,0x3f,0xbd,0xcb,0x55,0xff,0x1b,0x21,0xae,0x7a,0xbe,
  0x6e,0x79,0xe9,0xb7,0x36,0xff,0xcf,0x9,0x9e,0xf1,0x8c,0xbf,0xfe,0xe9,0x7,0xf3,
  0x7f,0xc4,0x2d,0x2f,0xfd,0xd6,0xdf,0xd,0xbc,0x17,0x57,0xfd,0x87,0x10,0xfc,0x8d,
  0xe0,0xb5,0x6f,0xfd,0xeb,0x9f,0xde,0xe5,0x2a,0x1e,0xfc,0xd2,0x6f,0xfd,0xde,0x9,
  0xdf,0xc5,0x55,0xff,0xa9,0x4,0x97,0x4,0xaf,0x7d,0xeb,0x5f,0xff,0xf4,0x5f,0x73,
  0xd5,0xb3,0x3c,0xf8,0xa5,0xdf,0xfa,0xc1,0x9,0x9f,0x5,0xbc,0x37,0xff,0x45,0x4,
  0xbb,0x86,0x9f,0xe,0xf8,0x98,0x5b,0xff,0xfa,0xa7,0x77,0xb9,0xea,0x7f,0x13,0xc4,
  0x55,0xcf,0xe3,0xc1,0x2f,0xfd,0xd6,0x2f,0x9d,0xf0,0x57,0x5c,0xf5,0x35,0xb7,0xfd,
  0xf5,0x4f,0x7f,0x34,0xff,0x7,0x3c,0xf8,0xa5,0xdf,0xfa,0xc1,0x9,0x4f,0xe7,0xaa,
  0xff,0x10,0x82,0xbf,0x11,0xbc,0xf6,0xad,0x7f,0xfd,0xd3,0xbb,0x5c,0xc5,0x83,0x5f,
  0xfa,0xad,0xdf,0x3b,0xe1,0xbb,0xb8,0xea,0x3f,0x95,0xe0,0x92,0xe0,0xb5,0x6f,0xfd,
  0xeb,0x9f,0xfe,0x6b,0xae,0xba,0xec,0xc1,0x2f,0xfd,0xd6,0xc7,0x13,0x3e,0x4a,0xf0,
  0xd1,0x86,0xe3,0xfc,0x37,0x10,0xec,0xa,0x3e,0xfb,0xd6,0xbf,0xfe,0xe9,0xaf,0xe1,
  0xaa,0xff,0x2d,0x10,0x57,0x3d,0x8f,0x7,0xbf,0xf4,0x5b,0x7f,0x74,0xc2,0x57,0xf1,
  0xff,0x5c,0xc0,0xdb,0xdc,0xfa,0xd7,0x3f,0xfd,0xd3,0xfc,0x1f,0x70,0xcb,0x4b,0xbf,
  0xf5,0x57,0x3,0x1f,0xc5,0x55,0xff,0x6e,0x82,0xbf,0x11,0xbc,0xf6,0xad,0x7f,0xfd,
  0xd3,0xbb,0x5c,0xc5,0x83,0x5f,0xfa,0xad,0xdf,0x3b,0xe1,0xbb,0xb8,0xea,0x3f,0x95,
  0xe0,0x92,0xe0,0xb5,0x6f,0xfd,0xeb,0x9f,0xfe,0x6b,0xae,0xba,0xec,0xc1,0x2f,0xfd,
  0xd6,0x2f,0x6d,0xf8,0x29,0xc3,0x83,0xf9,0x1f,0x40,0xf0,0xd7,0x82,0xf7,0xb9,0xf5,
  0xaf,0x7f,0xfa,0xaf,0xb9,0xea,0x7f,0x3a,0xc4,0x55,0xcf,0xe3,0x96,0x97,0x7e,0xeb,
  0xaf,0x6,0x3e,0x8a,0xff,0xe7,0x2,0x4e,0xdc,0xfa,0xd7,0x3f,0xbd,0xcb,0xff,0x72,
  0xf,0x7e,0xe9,0xb7,0x3e,0x6e,0x78,0xba,0xe1,0x38,0x57,0xfd,0xbb,0x8,0xfe,0x46,
  0xf0,0xda,0xb7,0xfe,0xf5,0x4f,0xef,0x72,0x15,0xf,0x7e,0xe9,0xb7,0x7e,0xef,0x84,
  0xef,0xe2,0xaa,0xff,0x54,0x82,0x4b,0x82,0xd7,0xbe,0xf5,0xaf,0x7f,0xfa,0xaf,0xb9,
  0xea,0xb2,0x5b,0x5e,0xfa,0xad,0x3f,0xb,0xf8,0x6c,0xfe,0x87,0x11,0xec,0xa,0x3e,
  0xe6,0xd6,0xbf,0xfe,0xe9,0xef,0xe6,0xaa,0xff,0xc9,0x10,0x57,0x3d,0x8f,0x7,0xbd,
  0xf4,0x5b,0xff,0xb6,0xe1,0xb5,0xf8,0x7f,0x4c,0xf0,0x3b,0xcf,0xf8,0xeb,0x9f,0x7e,
  0x6d,0xfe,0xf,0xb8,0xe5,0xa5,0xdf,0xfa,0xb3,0x81,0xcf,0xe2,0xaa,0x7f,0x17,0xc1,
  0xdf,0x8,0x5e,0xfb,0xd6,0xbf,0xfe,0xe9,0x5d,0xae,0xe2,0xc1,0x2f,0xfd,0xd6,0xef,
  0x9d,0xf0,0x5d,0x5c,0xf5,0x9f,0x4a,0x70,0x49,0xf0,0xda,0xb7,0xfe,0xf5,0x4f,0xff,
  0x35,0x57,0xf1,0xe0,0x97,0x7e,0xeb,0xe3,0x9,0x5f,0x5,0xbc,0x37,0xff,0xb3,0x7d,
  0xf7,0x6d,0x7f,0xfd,0xd3,0xef,0xc3,0x55,0xff,0x53,0x21,0xae,0x7a,0x1e,0xf,0x7a,
  0xe9,0xb7,0xbe,0x68,0x38,0xce,0xff,0x6f,0x9f,0x73,0xdb,0x5f,0xff,0xf4,0x67,0xf3,
  0x7f,0xc0,0x83,0x5e,0xfa,0xad,0x2f,0x1a,0x8e,0x73,0xd5,0xbf,0x99,0xe0,0x6f,0x4,
  0xaf,0x7d,0xeb,0x5f,0xff,0xf4,0x2e,0x57,0xf1,0xe0,0x97,0x7e,0xeb,0xf7,0x4e,0xf8,
  0x2e,0xae,0xfa,0x4f,0x25,0xb8,0x24,0x78,0xed,0x5b,0xff,0xfa,0xa7,0xff,0x9a,0xab,
  0x78,0xf0,0x4b,0xbf,0xf5,0x71,0xc3,0x6f,0x19,0x5e,0x9a,0xff,0x1d,0xbe,0x3b,0xe0,
  0x63,0x6e,0xfd,0xeb,0x9f,0xde,0xe5,0xaa,0xff,0x69,0x10,0x57,0x3d,0x87,0x7,0xbf,
  0xf4,0x5b,0x1f,0x4f,0xb8,0xc8,0xff,0x73,0x1,0xaf,0x73,0xeb,0x5f,0xff,0xf4,0x6f,
  0xf3,0xbf,0xdc,0x83,0x5f,0xfa,0xad,0xdf,0x3b,0xe1,0xbb,0xb8,0xea,0xdf,0x4c,0xf0,
  0x37,0x82,0xd7,0xbe,0xf5,0xaf,0x7f,0x7a,0x97,0xab,0x78,0xf0,0x4b,0xbf,0xf5,0x7b,
  0x27,0x7c,0x17,0x57,0xfd,0xa7,0x12,0x5c,0x12,0xbc,0xf6,0xad,0x7f,0xfd,0xd3,0x7f,
  0xcd,0x55,0x3c,0xf8,0xa5,0xdf,0xfa,0xb8,0xe1,0xb7,0xc,0x2f,0xcd,0xff,0x22,0x82,
  0xbf,0x7e,0xc6,0x5f,0xff,0xf4,0xcb,0x70,0xd5,0xff,0x34,0x88,0xab,0x9e,0xc3,0x83,
  0x5f,0xfa,0xad,0x5f,0x3b,0xe1,0xb7,0xf8,0x7f,0x4c,0x70,0xe9,0x19,0x7f,0xfd,0xd3,
  0xc7,0xf9,0x3f,0xe0,0x41,0x2f,0xfd,0xd6,0x7f,0x65,0x78,0x69,0xae,0xfa,0x37,0x11,
  0xfc,0x8d,0xe0,0xb5,0x6f,0xfd,0xeb,0x9f,0xde,0xe5,0x2a,0x1e,0xfc,0xd2,0x6f,0xfd,
  0xde,0x9,0xdf,0xc5,0x55,0xff,0xa9,0x4,0x97,0x4,0xaf,0x7d,0xeb,0x5f,0xff,0xf4,
  0x5f,0x73,0x15,0xf,0x7e,0xe9,0xb7,0x3e,0x6e,0xf8,0x2d,0xc3,0x4b,0xf3,0xbf,0xd3,
  0x77,0xdf,0xf6,0xd7,0x3f,0xfd,0x3e,0x5c,0xf5,0x3f,0x9,0xe2,0xaa,0xe7,0xf0,0xe0,
  0x97,0x7e,0xeb,0x8f,0x4e,0xf8,0x2a,0xfe,0x1f,0x13,0xfc,0xce,0x33,0xfe,0xfa,0xa7,
  0x5f,0x9b,0xff,0xe5,0x1e,0xfc,0xd2,0x6f,0xfd,0xd2,0x9,0x7f,0xc5,0x55,0xff,0x26,
  0x82,0xbf,0x11,0xbc,0xf6,0xad,0x7f,0xfd,0xd3,0xbb,0x5c,0xc5,0x83,0x5f,0xfa,0xad,
  0xdf,0x3b,0xe1,0xbb,0xb8,0xea,0x3f,0x95,0xe0,0x92,0xe0,0xb5,0x6f,0xfd,0xeb,0x9f,
  0xfe,0x6b,0xae,0xe2,0xc1,0x2f,0xfd,0xd6,0xc7,0xd,0xbf,0x65,0x78,0x69,0xfe,0x77,
  0xfb,0xee,0xdb,0xfe,0xfa,0xa7,0xdf,0x87,0xab,0xfe,0xa7,0x40,0x5c,0xf5,0x1c,0x6e,
  0x79,0xe9,0xb7,0xfe,0x6a,0xe0,0xa3,0xf8,0xff,0xed,0x73,0x6e,0xfb,0xeb,0x9f,0xfe,
  0x6c,0xfe,0x97,0xbb,0xe5,0xa5,0xdf,0xfa,0xab,0x81,0x8f,0xe2,0xaa,0x7f,0x35,0xc1,
  0xdf,0x8,0x5e,0xfb,0xd6,0xbf,0xfe,0xe9,0x5d,0xae,0xe2,0xc1,0x2f,0xfd,0xd6,0xef,
  0x9d,0xf0,0x5d,0x5c,0xf5,0x9f,0x4a,0x70,0x49,0xf0,0xda,0xb7,0xfe,0xf5,0x4f,0xff,
  0x35,0x57,0xf1,0xe0,0x97,0x7e,0xeb,0xe3,0x86,0xdf,0x32,0xbc,0x34,0xff,0x7,0x4,
  0xbc,0xcf,0xad,0x7f,0xfd,0xd3,0xdf,0xcd,0x55,0xff,0x13,0x20,0xae,0x7a,0xe,0xf,
  0x7a,0xe9,0xb7,0xfe,0x6d,0xc3,0x6b,0xf1,0xff,0x58,0xc0,0xeb,0xdc,0xfa,0xd7,0x3f,
  0xfd,0xdb,0xfc,0x2f,0xf7,0xa0,0x97,0x7e,0xeb,0xa7,0x1b,0x1e,0xcc,0x55,0xff,0x2a,
  0x82,0xbf,0x11,0xbc,0xf6,0xad,0x7f,0xfd,0xd3,0xbb,0x5c,0xc5,0x83,0x5f,0xfa,0xad,
  0xdf,0x3b,0xe1,0xbb,0xb8,0xea,0x3f,0x95,0xe0,0x92,0xe0,0xb5,0x6f,0xfd,0xeb,0x9f,
  0xfe,0x6b,0xae,0xe2,0xc1,0x2f,0xfd,0xd6,0xc7,0xd,0xbf,0x65,0x78,0x69,0xfe,0x8f,
  0x10,0xec,0xa,0x5e,0xe6,0xd6,0xbf,0xfe,0xe9,0x5b,0xb9,0xea,0xbf,0x1b,0xe2,0xaa,
  0xe7,0xf0,0xa0,0x97,0x7e,0xeb,0x8b,0x86,0xe3,0xfc,0x3f,0x16,0x70,0xe2,0xd6,0xbf,
  0xfe,0xe9,0x5d,0xfe,0x17,0x7b,0xf0,0x4b,0xbf,0xf5,0x4b,0x27,0xfc,0x15,0x57,0xfd,
  0xab,0x8,0xfe,0x46,0xf0,0xda,0xb7,0xfe,0xf5,0x4f,0xef,0x72,0x15,0xf,0x7e,0xe9,
  0xb7,0x7e,0xef,0x84,0xef,0xe2,0xaa,0xff,0x54,0x82,0x4b,0x82,0xd7,0xbe,0xf5,0xaf,
  0x7f,0xfa,0xaf,0xb9,0x8a,0x7,0xbf,0xf4,0x5b,0x1f,0x37,0xfc,0x96,0xe1,0xa5,0xf9,
  0x3f,0x46,0xf0,0xd7,0xcf,0xf8,0xeb,0x9f,0x7e,0x19,0xae,0xfa,0xef,0x86,0xb8,0xea,
  0x39,0xdc,0xf2,0xd2,0x6f,0x6d,0xfe,0x1f,0x13,0xfc,0xcd,0x33,0xfe,0xfa,0xa7,0x5f,
  0x9a,0xff,0xe5,0x6e,0x79,0xe9,0xb7,0xfe,0x6a,0xe0,0xa3,0xb8,0xea,0x45,0x26,0xf8,
  0x1b,0xc1,0x6b,0xdf,0xfa,0xd7,0x3f,0xbd,0xcb,0x55,0x3c,0xf8,0xa5,0xdf,0xfa,0xbd,
  0x13,0xbe,0x8b,0xab,0xfe,0x53,0x9,0x2e,0x9,0x5e,0xfb,0xd6,0xbf,0xfe,0xe9,0xbf,
  0xe6,0x2a,0x1e,0xfc,0xd2,0x6f,0x7d,0xdc,0xf0,0x5b,0x86,0x97,0xe6,0xff,0xa8,0x80,
  0xf7,0xb9,0xf5,0xaf,0x7f,0xfa,0xbb,0xb9,0xea,0xbf,0x13,0xe2,0xaa,0x67,0x79,0xf0,
  0x4b,0xbf,0xf5,0x4b,0x27,0xfc,0x15,0xff,0xbf,0x7d,0xcf,0x6d,0x7f,0xfd,0xd3,0xef,
  0xcd,0xff,0x72,0xf,0x7a,0xe9,0xb7,0xbe,0x68,0x38,0xce,0x55,0x2f,0x12,0xc1,0xdf,
  0x8,0x5e,0xfb,0xd6,0xbf,0xfe,0xe9,0x5d,0xae,0xe2,0xc1,0x2f,0xfd,0xd6,0xef,0x9d,
  0xf0,0x5d,0x5c,0xf5,0x9f,0x4a,0x70,0x49,0xf0,0xda,0xb7,0xfe,0xf5,0x4f,0xff,0x35,
  0x57,0xf1,0xe0,0x97,0x7e,0xeb,0xe3,0x86,0xdf,0x32,0xbc,0x34,0xff,0x87,0x9,0x76,
  0x5,0xf,0xb9,0xf5,0xaf,0x7f,0x7a,0x97,0xab,0xfe,0xbb,0x20,0xae,0x7a,0x96,0x7,
  0xbf,0xf4,0x5b,0xbf,0x76,0xc2,0x6f,0xf1,0xff,0x58,0xc0,0xc7,0xdc,0xfa,0xd7,0x3f,
  0xfd,0xd5,0xfc,0x2f,0xf6,0xe0,0x97,0x7e,0xeb,0xb7,0x4e,0xf8,0x29,0xae,0x7a,0x91,
  0x8,0xfe,0x46,0xf0,0xda,0xb7,0xfe,0xf5,0x4f,0xef,0x72,0x15,0xf,0x7e,0xe9,0xb7,
  0x7e,0xef,0x84,0xef,0xe2,0xaa,0xff,0x54,0x82,0x4b,0x82,0xd7,0xbe,0xf5,0xaf,0x7f,
  0xfa,0xaf,0xb9,0x8a,0x7,0xbf,0xf4,0x5b,0x1f,0x37,0xfc,0x96,0xe1,0xa5,0xf9,0xff,
  0xe1,0x73,0x6e,0xfb,0xeb,0x9f,0xfe,0x6c,0xae,0xfa,0xef,0x82,0xb8,0xea,0x59,0x1e,
  0xfc,0xd2,0x6f,0xfd,0xd1,0x9,0x5f,0xc5,0xff,0x63,0x1,0xaf,0x73,0xeb,0x5f,0xff,
  0xf4,0x6f,0xf3,0xbf,0xd8,0x2d,0x2f,0xfd,0xd6,0x5f,0xd,0x7c,0x14,0x57,0xfd,0x8b,
  0x4,0x7f,0x23,0x78,0xed,0x5b,0xff,0xfa,0xa7,0x77,0xb9,0x8a,0x7,0xbf,0xf4,0x5b,
  0xbf,0x77,0xc2,0x77,0x71,0xd5,0x7f,0x2a,0xc1,0x25,0xc1,0x6b,0xdf,0xfa,0xd7,0x3f,
  0xfd,0xd7,0x5c,0xc5,0x83,0x5f,0xfa,0xad,0x8f,0x1b,0x7e,0xcb,0xf0,0xd2,0xfc,0x3f,
  0x21,0xd8,0x15,0x3c,0xe4,0xd6,0xbf,0xfe,0xe9,0x5d,0xae,0xfa,0xef,0x80,0xb8,0xea,
  0x59,0x6e,0x79,0xe9,0xb7,0xfe,0x6c,0xe0,0xb3,0xf8,0x7f,0x2c,0xe0,0xc4,0xad,0x7f,
  0xfd,0xd3,0xbb,0xfc,0x2f,0xf6,0xa0,0x97,0x7e,0xeb,0xbf,0x32,0xbc,0x34,0x57,0xbd,
  0x50,0x82,0xbf,0x11,0xbc,0xf6,0xad,0x7f,0xfd,0xd3,0xbb,0x5c,0xc5,0x83,0x5f,0xfa,
  0xad,0xdf,0x3b,0xe1,0xbb,0xb8,0xea,0x3f,0x95,0xe0,0x92,0xe0,0xb5,0x6f,0xfd,0xeb,
  0x9f,0xfe,0x6b,0xae,0xe2,0xc1,0x2f,0xfd,0xd6,0xc7,0xd,0xbf,0x65,0x78,0x69,0xfe,
  0x9f,0x9,0xf8,0x98,0x5b,0xff,0xfa,0xa7,0xbf,0x9a,0xab,0xfe,0x3b,0x20,0xae,0x7a,
  0x96,0x5b,0x5e,0xfa,0xad,0x7f,0x1a,0x78,0x2b,0xfe,0x9f,0x12,0x5c,0x7a,0xc6,0x5f,
  0xff,0xf4,0x71,0xfe,0x17,0x7b,0xf0,0x4b,0xbf,0xf5,0xf1,0x84,0x8b,0x5c,0xf5,0x42,
  0x9,0xfe,0x46,0xf0,0xda,0xb7,0xfe,0xf5,0x4f,0xef,0x72,0x15,0xf,0x7e,0xe9,0xb7,
  0x7e,0xef,0x84,0xef,0xe2,0xaa,0xff,0x54,0x82,0x4b,0x82,0xd7,0xbe,0xf5,0xaf,0x7f,
  0xfa,0xaf,0xb9,0x8a,0x7,0xbf,0xf4,0x5b,0x1f,0x37,0xfc,0x96,0xe1,0xa5,0xf9,0x7f,
  0x48,0x70,0xeb,0x33,0xfe,0xfa,0xa7,0x1f,0xc2,0x55,0xff,0x1d,0x10,0x57,0x3d,0xcb,
  0x83,0x5e,0xfa,0xad,0x7f,0xdb,0xf0,0x5a,0xfc,0x3f,0x25,0xf8,0x9d,0x67,0xfc,0xf5,
  0x4f,0xbf,0x36,0xff,0x8b,0x3d,0xf8,0xa5,0xdf,0xfa,0xad,0x13,0x7e,0x8a,0xab,0x5e,
  0x20,0xc1,0xdf,0x8,0x5e,0xfb,0xd6,0xbf,0xfe,0xe9,0x5d,0xae,0xe2,0xc1,0x2f,0xfd,
  0xd6,0xef,0x9d,0xf0,0x5d,0x5c,0xf5,0x9f,0x4a,0x70,0x49,0xf0,0xda,0xb7,0xfe,0xf5,
  0x4f,0xff,0x35,0x57,0xf1,0xe0,0x97,0x7e,0xeb,0xe3,0x86,0xdf,0x32,0xbc,0x34,0xff,
  0x8f,0x5,0xbc,0xcc,0xad,0x7f,0xfd,0xd3,0x7f,0xcd,0x55,0xff,0xd5,0x10,0x57,0x3d,
  0xcb,0x83,0x5e,0xfa,0xad,0x9f,0x6e,0x78,0x30,0xff,0x7f,0x7d,0xcd,0x6d,0x7f,0xfd,
  0xd3,0x1f,0xcd,0xff,0x62,0xb7,0xbc,0xf4,0x5b,0x7f,0x35,0xf0,0x51,0x5c,0xf5,0x7c,
  0x9,0xfe,0x46,0xf0,0xda,0xb7,0xfe,0xf5,0x4f,0xef,0x72,0x15,0xf,0x7e,0xe9,0xb7,
  0x7e,0xef,0x84,0xef,0xe2,0xaa,0xff,0x54,0x82,0x4b,0x82,0xd7,0xbe,0xf5,0xaf,0x7f,
  0xfa,0xaf,0xb9,0x8a,0x7,0xbf,0xf4,0x5b,0x1f,0x37,0xfc,0x96,0xe1,0xa5,0xb9,0xea,
  0x6b,0x6e,0xfb,0xeb,0x9f,0xfe,0x68,0xae,0xfa,0xaf,0x86,0xb8,0xea,0x59,0x6e,0x79,
  0xe9,0xb7,0x36,0xff,0x8f,0x5,0x7c,0xcc,0xad,0x7f,0xfd,0xd3,0x5f,0xcd,0xff,0x62,
  0xf,0x7a,0xe9,0xb7,0xfe,0x2b,0xc3,0x4b,0x73,0xd5,0xf3,0x10,0xfc,0x8d,0xe0,0xb5,
  0x6f,0xfd,0xeb,0x9f,0xde,0xe5,0x2a,0x1e,0xfc,0xd2,0x6f,0xfd,0xde,0x9,0xdf,0xc5,
  0x55,0xff,0xa9,0x4,0x97,0x4,0xaf,0x7d,0xeb,0x5f,0xff,0xf4,0x5f,0x73,0x15,0xf,
  0x7e,0xe9,0xb7,0x3e,0x6e,0xf8,0x2d,0xc3,0x4b,0x73,0x15,0x82,0xbf,0x7e,0xc6,0x5f,
  0xff,0xf4,0xcb,0x70,0xd5,0x7f,0x35,0xc4,0x55,0xcf,0x72,0xcb,0x4b,0xbf,0xb5,0xf9,
  0x7f,0x2c,0xe0,0x75,0x6e,0xfd,0xeb,0x9f,0xfe,0x6d,0xfe,0x97,0x7a,0xf0,0x4b,0xbf,
  0xf5,0xf1,0x84,0x8b,0x5c,0xf5,0x3c,0x4,0x7f,0x23,0x78,0xed,0x5b,0xff,0xfa,0xa7,
  0x77,0xb9,0x8a,0x7,0xbf,0xf4,0x5b,0xbf,0x77,0xc2,0x77,0x71,0xd5,0x7f,0x2a,0xc1,
  0x25,0xc1,0x6b,0xdf,0xfa,0xd7,0x3f,0xfd,0xd7,0x5c,0xc5,0x83,0x5f,0xfa,0xad,0x8f,
  0x1b,0x7e,0xcb,0xf0,0xd2,0x5c,0xf5,0x2c,0x1,0x27,0x6e,0xfd,0xeb,0x9f,0xde,0xe5,
  0xaa,0xff,0x4a,0x88,0xab,0x2e,0x7b,0xf0,0x4b,0xbf,0xf5,0x6b,0x27,0xfc,0x16,0xff,
  0x8f,0x5,0xbc,0xcc,0xad,0x7f,0xfd,0xd3,0x7f,0xcd,0xff,0x52,0xf,0x7e,0xe9,0xb7,
  0x7e,0xeb,0x84,0x9f,0xe2,0xaa,0xe7,0x20,0xf8,0x1b,0xc1,0x6b,0xdf,0xfa,0xd7,0x3f,
  0xbd,0xcb,0x55,0x3c,0xf8,0xa5,0xdf,0xfa,0xbd,0x13,0xbe,0x8b,0xab,0xfe,0x53,0x9,
  0x2e,0x9,0x5e,0xfb,0xd6,0xbf,0xfe,0xe9,0xbf,0xe6,0x2a,0x1e,0xfc,0xd2,0x6f,0x7d,
  0xdc,0xf0,0x5b,0x86,0x97,0xe6,0xaa,0xe7,0x10,0xf0,0x36,0xb7,0xfe,0xf5,0x4f,0xff,
  0x34,0x57,0xfd,0x57,0x42,0x5c,0x75,0xd9,0x83,0x5f,0xfa,0xad,0x5f,0x3b,0xe1,0xb7,
  0xf8,0x7f,0xec,0xb6,0xbf,0xfe,0x69,0xf1,0xbf,0xd8,0x2d,0x2f,0xfd,0xd6,0x9f,0xd,
  0x7c,0x16,0x57,0x3d,0x8b,0xe0,0x6f,0x4,0xaf,0x7d,0xeb,0x5f,0xff,0xf4,0x2e,0x57,
  0xf1,0xe0,0x97,0x7e,0xeb,0xf7,0x4e,0xf8,0x2e,0xae,0xfa,0x4f,0x25,0xb8,0x24,0x78,
  0xed,0x5b,0xff,0xfa,0xa7,0xff,0x9a,0xab,0x78,0xf0,0x4b,0xbf,0xf5,0x71,0xc3,0x6f,
  0x19,0x5e,0x9a,0xab,0x9e,0x9f,0xcf,0xb9,0xed,0xaf,0x7f,0xfa,0xb3,0xb9,0xea,0xbf,
  0x12,0xe2,0xaa,0xcb,0x1e,0xfc,0xd2,0x6f,0xfd,0xda,0x9,0xbf,0xc5,0xff,0x53,0x82,
  0x4b,0xcf,0xf8,0xeb,0x9f,0x3e,0xce,0xff,0x62,0xb7,0xbc,0xf4,0x5b,0xff,0x34,0xf0,
  0x56,0x5c,0x75,0x99,0xe0,0x92,0xe0,0xc1,0xb7,0xfe,0xf5,0x4f,0xef,0x72,0x15,0xf,
  0x7e,0xe9,0xb7,0x7e,0xef,0x84,0xef,0xe2,0xaa,0xff,0x54,0x82,0x4b,0x82,0xd7,0xbe,
  0xf5,0xaf,0x7f,0xfa,0xaf,0xb9,0x8a,0x7,0xbf,0xf4,0x5b,0x1f,0x37,0xfc,0x96,0xe1,
  0xa5,0xb9,0xea,0x5,0xf9,0x9e,0xdb,0xfe,0xfa,0xa7,0xdf,0x9b,0xab,0xfe,0x2b,0x21,
  0xae,0xba,0xec,0xc1,0x2f,0xfd,0xd6,0x1f,0x9d,0xf0,0x55,0xfc,0x3f,0x25,0xf8,0x9d,
  0x67,0xfc,0xf5,0x4f,0xbf,0x36,0xff,0x8b,0x3d,0xe8,0xa5,0xdf,0xfa,0xb7,0xd,0xaf,
  0xc5,0x55,0x97,0x5,0xbc,0xcc,0xad,0x7f,0xfd,0xd3,0x7f,0xcd,0x55,0x3c,0xf8,0xa5,
  0xdf,0xfa,0xbd,0x13,0xbe,0x8b,0xab,0xfe,0x53,0x9,0x2e,0x9,0x5e,0xfb,0xd6,0xbf,
  0xfe,0xe9,0xbf,0xe6,0x2a,0x1e,0xfc,0xd2,0x6f,0x7d,0xdc,0xf0,0x5b,0x86,0x97,0xe6,
  0xaa,0x17,0x48,0xf0,0x3b,0xcf,0xf8,0xeb,0x9f,0x7e,0x6d,0xae,0xfa,0xaf,0x84,0xb8,
  0xea,0xb2,0x5b,0x5e,0xfa,0xad,0x3f,0x1b,0xf8,0x2c,0xfe,0x9f,0x12,0xfc,0xce,0x33,
  0xfe,0xfa,0xa7,0x5f,0x9b,0xff,0xc5,0x6e,0x79,0xe9,0xb7,0x36,0x57,0x5d,0x16,0xf0,
  0x3e,0xb7,0xfe,0xf5,0x4f,0x7f,0x37,0x57,0xf1,0xe0,0x97,0x7e,0xeb,0xf7,0x4e,0xf8,
  0x2e,0xae,0xfa,0x4f,0x25,0xb8,0x24,0x78,0xed,0x5b,0xff,0xfa,0xa7,0xff,0x9a,0xab,
  0x78,0xf0,0x4b,0xbf,0xf5,0x71,0xc3,0x6f,0x19,0x5e,0x9a,0xab,0x5e,0x28,0xc1,0xef,
  0x3c,0xe3,0xaf,0x7f,0xfa,0xb5,0xb9,0xea,0xbf,0x12,0xe2,0xaa,0xcb,0x6e,0x79,0xe9,
  0xb7,0xfe,0x6c,0xe0,0xb3,0xf8,0xff,0xeb,0x73,0x6e,0xfb,0xeb,0x9f,0xfe,0x6c,0xfe,
  0x97,0x7a,0xf0,0x4b,0xbf,0xf5,0xf1,0x84,0x8b,0x5c,0x5,0xf0,0x33,0xb7,0xfd,0xf5,
  0x4f,0xbf,0x35,0x57,0xf1,0xe0,0x97,0x7e,0xeb,0xf7,0x4e,0xf8,0x2e,0xae,0xfa,0x4f,
  0x25,0xb8,0x24,0x78,0xed,0x5b,0xff,0xfa,0xa7,0xff,0x9a,0xab,0x78,0xf0,0x4b,0xbf,
  0xf5,0x71,0xc3,0x6f,0x19,0x5e,0x9a,0xab,0x5e,0x24,0xb7,0xfd,0xf5,0x4f,0x8b,0xab,
  0xfe,0x2b,0x21,0xae,0xba,0xec,0x96,0x97,0x7e,0xeb,0xaf,0x6,0x3e,0x8a,0xff,0xbf,
  0x3e,0xe7,0xb6,0xbf,0xfe,0xe9,0xcf,0xe6,0x7f,0xa9,0x7,0xbf,0xf4,0x5b,0xbf,0x76,
  0xc2,0x6f,0x71,0x15,0x1,0xf,0xb9,0xf5,0xaf,0x7f,0xfa,0x56,0xfe,0x9f,0x7b,0xf0,
  0x4b,0xbf,0xf5,0x7b,0x27,0x7c,0x17,0x57,0xfd,0xa7,0x12,0x5c,0x12,0xbc,0xf6,0xad,
  0x7f,0xfd,0xd3,0x7f,0xcd,0x55,0x3c,0xf8,0xa5,0xdf,0xfa,0xb8,0xe1,0xb7,0xc,0x2f,
  0xcd,0x55,0x2f,0xb2,0xdb,0xfe,0xfa,0xa7,0xc5,0x55,0xff,0x95,0x10,0x57,0x5d,0xf6,
  0xa0,0x97,0x7e,0xeb,0xdf,0x36,0xbc,0x16,0xff,0x7f,0x7d,0xce,0x6d,0x7f,0xfd,0xd3,
  0x9f,0xcd,0xff,0x52,0xf,0x7e,0xe9,0xb7,0x7e,0xef,0x84,0xef,0xe2,0xaa,0xef,0xb9,
  0xed,0xaf,0x7f,0xfa,0xbd,0xf9,0x7f,0xee,0xc1,0x2f,0xfd,0xd6,0xef,0x9d,0xf0,0x5d,
  0x5c,0xf5,0x9f,0x4a,0x70,0x49,0xf0,0xda,0xb7,0xfe,0xf5,0x4f,0xff,0x35,0x57,0xf1,
  0xe0,0x97,0x7e,0xeb,0xe3,0x86,0xdf,0x32,0xbc,0x34,0x57,0xfd,0xab,0xdc,0xf6,0xd7,
  0x3f,0x2d,0xae,0xfa,0xaf,0x84,0xb8,0xea,0xb2,0x7,0xbd,0xf4,0x5b,0xff,0xb6,0xe1,
  0xb5,0xf8,0x7f,0x2a,0xe0,0x6d,0x6e,0xfd,0xeb,0x9f,0xfe,0x69,0xfe,0x97,0xba,0xe5,
  0xa5,0xdf,0xfa,0xb3,0x81,0xcf,0xe2,0xff,0xb9,0x80,0x87,0xdc,0xfa,0xd7,0x3f,0x7d,
  0x2b,0xff,0x8f,0x3d,0xf8,0xa5,0xdf,0xfa,0xbd,0x13,0xbe,0x8b,0xab,0xfe,0x53,0x9,
  0x2e,0x9,0x5e,0xfb,0xd6,0xbf,0xfe,0xe9,0xbf,0xe6,0x2a,0x1e,0xfc,0xd2,0x6f,0x7d,
  0xdc,0xf0,0x5b,0x86,0x97,0xe6,0xaa,0x7f,0xb5,0xdb,0xfe,0xfa,0xa7,0xc5,0x55,0xff,
  0x95,0x10,0x57,0x5d,0xf6,0xa0,0x97,0x7e,0xeb,0xdf,0x36,0xbc,0x16,0xff,0x4f,0x5,
  0xbc,0xce,0xad,0x7f,0xfd,0xd3,0xbf,0xcd,0xff,0x52,0xb7,0xbc,0xf4,0x5b,0xff,0x34,
  0xf0,0x56,0xfc,0xff,0xf6,0x3d,0xb7,0xfd,0xf5,0x4f,0xbf,0x37,0xff,0x8f,0x3d,0xf8,
  0xa5,0xdf,0xfa,0xbd,0x13,0xbe,0x8b,0xab,0xfe,0x53,0x9,0x2e,0x9,0x5e,0xfb,0xd6,
  0xbf,0xfe,0xe9,0xbf,0xe6,0x2a,0x1e,0xfc,0xd2,0x6f,0x7d,0xdc,0xf0,0x5b,0x86,0x97,
  0xe6,0xaa,0x7f,0x35,0xc1,0xef,0x3c,0xe3,0xaf,0x7f,0xfa,0xb5,0xb9,0xea,0xbf,0x12,
  0xe2,0xaa,0xcb,0x1e,0xf4,0xd2,0x6f,0xfd,0xdb,0x86,0xd7,0xe2,0xff,0xa9,0x80,0xd7,
  0xb9,0xf5,0xaf,0x7f,0xfa,0xb7,0xf9,0x5f,0xea,0x41,0x2f,0xfd,0xd6,0xbf,0x6d,0x78,
  0x2d,0xfe,0x1f,0xb,0x78,0x9b,0x5b,0xff,0xfa,0xa7,0x7f,0x9a,0xff,0xa7,0x1e,0xfc,
  0xd2,0x6f,0xfd,0xde,0x9,0xdf,0xc5,0x55,0xff,0xa9,0x4,0x97,0x4,0xaf,0x7d,0xeb,
  0x5f,0xff,0xf4,0x5f,0x73,0x15,0xf,0x7e,0xe9,0xb7,0x3e,0x6e,0xf8,0x2d,0xc3,0x4b,
  0x73,0xd5,0xbf,0x89,0xe0,0x77,0x9e,0xf1,0xd7,0x3f,0xfd,0xda,0x5c,0xf5,0x5f,0x9,
  0x71,0xd5,0x65,0xf,0x7a,0xe9,0xb7,0xfe,0x6d,0xc3,0x6b,0xf1,0xff,0x54,0xc0,0xeb,
  0xdc,0xfa,0xd7,0x3f,0xfd,0xdb,0xfc,0x2f,0xf5,0xa0,0x97,0x7e,0xeb,0xdf,0x36,0xbc,
  0x16,0xff,0x8f,0x5,0x9c,0xb8,0xf5,0xaf,0x7f,0x7a,0x97,0xff,0x87,0x1e,0xfc,0xd2,
  0x6f,0xfd,0xde,0x9,0xdf,0xc5,0x55,0xff,0xa9,0x4,0x97,0x4,0xaf,0x7d,0xeb,0x5f,
  0xff,0xf4,0x5f,0x73,0x15,0xf,0x7e,0xe9,0xb7,0x3e,0x6e,0xf8,0x2d,0xc3,0x4b,0x73,
  0xd5,0xbf,0xc7,0xf7,0xdc,0xf6,0xd7,0x3f,0xfd,0xde,0x5c,0xf5,0x5f,0x9,0x71,0xd5,
  0x65,0xf,0x7a,0xe9,0xb7,0xfe,0x6d,0xc3,0x6b,0xf1,0xff,0xd4,0x6d,0x7f,0xfd,0xd3,
  0xe2,0x7f,0xb1,0x7,0xbd,0xf4,0x5b,0xff,0xb6,0xe1,0xb5,0xf8,0x7f,0x4a,0xf0,0x3b,
  0xcf,0xf8,0xeb,0x9f,0x7e,0x6d,0xfe,0x1f,0x7a,0xf0,0x4b,0xbf,0xf5,0x7b,0x27,0x7c,
  0x17,0x57,0xfd,0xa7,0x12,0x5c,0x12,0xbc,0xf6,0xad,0x7f,0xfd,0xd3,0x7f,0xcd,0x55,
  0x3c,0xf8,0xa5,0xdf,0xfa,0xb8,0xe1,0xb7,0xc,0x2f,0xcd,0x55,0xff,0x5e,0x9f,0x73,
  0xdb,0x5f,0xff,0xf4,0x67,0x73,0xd5,0x7f,0x25,0xc4,0x55,0x97,0x3d,0xe8,0xa5,0xdf,
  0xfa,0xaf,0xc,0x2f,0xcd,0xff,0x53,0xb7,0xfd,0xf5,0x4f,0x8b,0xff,0xc5,0x1e,0xf4,
  0xd2,0x6f,0x7d,0xd1,0x70,0x9c,0xff,0xa7,0x2,0x3e,0xe6,0xd6,0xbf,0xfe,0xe9,0xaf,
  0xe6,0xff,0x99,0x7,0xbf,0xf4,0x5b,0xbf,0x77,0xc2,0x77,0x71,0xd5,0x7f,0x2a,0xc1,
  0x25,0xc1,0x6b,0xdf,0xfa,0xd7,0x3f,0xfd,0xd7,0x5c,0xc5,0x83,0x5f,0xfa,0xad,0x8f,
  0x1b,0x7e,0xcb,0xf0,0xd2,0x5c,0xf5,0xef,0x16,0xf0,0x3a,0xb7,0xfe,0xf5,0x4f,0xff,
  0x36,0x57,0xfd,0x57,0x42,0x5c,0x75,0xd9,0x2d,0x2f,0xfd,0xd6,0xe6,0xff,0xb1,0xdb,
  0xfe,0xfa,0xa7,0xc5,0xff,0x62,0xb7,0xbc,0xf4,0x5b,0x9b,0xff,0xc7,0x2,0x5e,0xe7,
  0xd6,0xbf,0xfe,0xe9,0xdf,0xe6,0xff,0x91,0x7,0xbf,0xf4,0x5b,0xbf,0x77,0xc2,0x77,
  0x71,0xd5,0x7f,0x2a,0xc1,0x25,0xc1,0x6b,0xdf,0xfa,0xd7,0x3f,0xfd,0xd7,0x5c,0xc5,
  0x83,0x5f,0xfa,0xad,0x8f,0x1b,0x7e,0xcb,0xf0,0xd2,0x5c,0xf5,0x1f,0x22,0xe0,0xc4,
  0xad,0x7f,0xfd,0xd3,0xbb,0x5c,0xf5,0x5f,0x9,0x71,0xd5,0x65,0xb7,0xbc,0xf4,0x5b,
  0x9b,0xff,0xc7,0x6e,0xfb,0xeb,0x9f,0x16,0xff,0x8b,0xdd,0xf2,0xd2,0x6f,0x6d,0xfe,
  0x1f,0xb,0x78,0x9d,0x5b,0xff,0xfa,0xa7,0x7f,0x9b,0xff,0x27,0x1e,0xfc,0xd2,0x6f,
  0xfd,0xde,0x9,0xdf,0xc5,0x55,0xff,0xa9,0x4,0x97,0x4,0xaf,0x7d,0xeb,0x5f,0xff,
  0xf4,0x5f,0x73,0x15,0xf,0x7e,0xe9,0xb7,0x3e,0x6e,0xf8,0x2d,0xc3,0x4b,0x73,0xd5,
  0x7f,0x8,0xc1,0xdf,0x3c,0xe3,0xaf,0x7f,0xfa,0xa5,0xb9,0xea,0xbf,0x1a,0xe2,0xaa,
  0xcb,0x6e,0x79,0xe9,0xb7,0x36,0xff,0x8f,0xdd,0xf6,0xd7,0x3f,0x2d,0xfe,0x17,0xbb,
  0xe5,0xa5,0xdf,0xda,0xfc,0x3f,0x16,0xf0,0x90,0x5b,0xff,0xfa,0xa7,0x6f,0xe5,0xff,
  0x81,0x7,0xbf,0xf4,0x5b,0xbf,0x77,0xc2,0x77,0x71,0xd5,0x7f,0x2a,0xc1,0x25,0xc1,
  0x6b,0xdf,0xfa,0xd7,0x3f,0xfd,0xd7,0x5c,0xc5,0x83,0x5f,0xfa,0xad,0x8f,0x1b,0x7e,
  0xcb,0xf0,0xd2,0x5c,0xf5,0x1f,0xe9,0x73,0x6e,0xfb,0xeb,0x9f,0xfe,0x6c,0xae,0xfa,
  0xaf,0x86,0xb8,0xea,0xb2,0x5b,0x5e,0xfa,0xad,0xcd,0xff,0x63,0xb7,0xfd,0xf5,0x4f,
  0x8b,0xff,0xc5,0x6e,0x79,0xe9,0xb7,0x36,0xff,0x8f,0xdd,0xf6,0xd7,0x3f,0x2d,0xfe,
  0x1f,0x78,0xf0,0x4b,0xbf,0xf5,0x7b,0x27,0x7c,0x17,0x57,0xfd,0xa7,0x12,0x5c,0x12,
  0xbc,0xf6,0xad,0x7f,0xfd,0xd3,0x7f,0xcd,0x55,0x3c,0xf8,0xa5,0xdf,0xfa,0xb8,0xe1,
  0xb7,0xc,0x2f,0xcd,0x55,0xff,0xa1,0x2,0x1e,0x72,0xeb,0x5f,0xff,0xf4,0xad,0x5c,
  0xf5,0x5f,0xd,0x71,0xd5,0x65,0xb7,0xbc,0xf4,0x5b,0x9b,0xff,0xc7,0x6e,0xfb,0xeb,
  0x9f,0x16,0xff,0x8b,0xdd,0xf2,0xd2,0x6f,0x6d,0xfe,0x1f,0xbb,0xed,0xaf,0x7f,0x5a,
  0xfc,0x1f,0xf7,0xe0,0x97,0x7e,0xeb,0xf7,0x4e,0xf8,0x2e,0xae,0xfa,0x4f,0x25,0xb8,
  0x24,0x78,0xed,0x5b,0xff,0xfa,0xa7,0xff,0x9a,0xab,0x78,0xf0,0x4b,0xbf,0xf5,0x71,
  0xc3,0x6f,0x19,0x5e,0x9a,0xab,0xfe,0x43,0x9,0xfe,0xe6,0x19,0x7f,0xfd,0xd3,0x2f,
  0xcd,0x55,0xff,0x1d,0x10,0x57,0x5d,0x76,0xcb,0x4b,0xbf,0xb5,0xf9,0x7f,0xec,0xb6,
  0xbf,0xfe,0x69,0xf1,0xbf,0xd8,0x2d,0x2f,0xfd,0xd6,0xe6,0xff,0xb1,0xdb,0xfe,0xfa,
  0xa7,0xc5,0xff,0x61,0xf,0x7e,0xe9,0xb7,0x7e,0xef,0x84,0xef,0xe2,0xaa,0xff,0x54,
  0x82,0x4b,0x82,0xd7,0xbe,0xf5,0xaf,0x7f,0xfa,0xaf,0xb9,0x8a,0x7,0xbf,0xf4,0x5b,
  0x1f,0x37,0xfc,0x96,0xe1,0xa5,0xb9,0xea,0x3f,0x5c,0xc0,0xfb,0xdc,0xfa,0xd7,0x3f,
  0xfd,0xdd,0x5c,0xf5,0xdf,0x1,0x71,0xd5,0x65,0xb7,0xbc,0xf4,0x5b,0x9b,0xff,0xc7,
  0x6e,0xfb,0xeb,0x9f,0x16,0xff,0x8b,0xdd,0xf2,0xd2,0x6f,0x6d,0xfe,0x1f,0xb,0x78,
  0x99,0x5b,0xff,0xfa,0xa7,0xff,0x9a,0xff,0x83,0x1e,0xfc,0xd2,0x6f,0xfd,0xde,0x9,
  0xdf,0xc5,0x55,0xff,0xa9,0x4,0x97,0x4,0xaf,0x7d,0xeb,0x5f,0xff,0xf4,0x5f,0x73,
  0x15,0xf,0x7e,0xe9,0xb7,0x3e,0x6e,0xf8,0x2d,0xc3,0x4b,0x73,0xd5,0x7f,0x38,0xc1,
  0x33,0x9e,0xf1,0xd7,0x3f,0xfd,0x60,0xae,0xfa,0xef,0x82,0xb8,0xea,0xb2,0x5b,0x5e,
  0xfa,0xad,0xcd,0xff,0x63,0xb7,0xfd,0xf5,0x4f,0x8b,0xff,0xc5,0x6e,0x79,0xe9,0xb7,
  0x36,0xff,0x8f,0x5,0xbc,0xce,0xad,0x7f,0xfd,0xd3,0xbf,0xcd,0xff,0x31,0xf,0x7e,
  0xe9,0xb7,0x7e,0xef,0x84,0xef,0xe2,0xaa,0xff,0x54,0x82,0x4b,0x82,0xd7,0xbe,0xf5,
  0xaf,0x7f,0xfa,0xaf,0xb9,0x8a,0x7,0xbf,0xf4,0x5b,0x1f,0x37,0xfc,0x96,0xe1,0xa5,
  0xb9,0xea,0x3f,0xcb,0xe7,0xdc,0xf6,0xd7,0x3f,0xfd,0xd9,0x5c,0xf5,0xdf,0x5,0x71,
  0xd5,0x65,0xf,0x7a,0xe9,0xb7,0xbe,0xd5,0xf0,0x20,0xfe,0x9f,0xba,0xed,0xaf,0x7f,
  0x5a,0xfc,0x2f,0x76,0xcb,0x4b,0xbf,0xb5,0xf9,0x7f,0x2c,0xe0,0x6d,0x6e,0xfd,0xeb,
  0x9f,0xfe,0x69,0xfe,0xf,0x79,0xf0,0x4b,0xbf,0xf5,0x7b,0x27,0x7c,0x17,0x57,0xfd,
  0xa7,0x12,0x5c,0x12,0xbc,0xf6,0xad,0x7f,0xfd,0xd3,0x7f,0xcd,0x55,0x3c,0xf8,0xa5,
  0xdf,0xfa,0xb8,0xe1,0xb7,0xc,0x2f,0xcd,0x55,0xff,0x29,0x4,0xcf,0x10,0xbc,0xf4,
  0xad,0x7f,0xfd,0xd3,0xbb,0x5c,0xf5,0xdf,0x5,0x71,0xd5,0x65,0xf,0x7a,0xe9,0xb7,
  0xfe,0x6d,0xc3,0x6b,0xf1,0xff,0xd4,0x6d,0x7f,0xfd,0xd3,0xe2,0x7f,0xb1,0x7,0xbd,
  0xf4,0x5b,0xff,0xb6,0xe1,0xb5,0xf8,0xff,0xeb,0x6b,0x6e,0xfb,0xeb,0x9f,0xfe,0x68,
  0xfe,0x8f,0x78,0xf0,0x4b,0xbf,0xf5,0x7b,0x27,0x7c,0x17,0x57,0xfd,0xa7,0x12,0x5c,
  0x12,0xbc,0xf6,0xad,0x7f,0xfd,0xd3,0x7f,0xcd,0x55,0x3c,0xf8,0xa5,0xdf,0xfa,0xb8,
  0xe1,0xb7,0xc,0x2f,0xcd,0x55,0xff,0x69,0x2,0xde,0xe6,0xd6,0xbf,0xfe,0xe9,0x9f,
  0xe6,0xaa,0xff,0x4e,0x88,0xab,0x2e,0x7b,0xd0,0x4b,0xbf,0xf5,0x6f,0x1b,0x5e,0x8b,
  0xff,0xa7,0x2,0x4e,0xdc,0xfa,0xd7,0x3f,0xbd,0xcb,0xff,0x52,0xf,0x7a,0xe9,0xb7,
  0xfe,0x6d,0xc3,0x6b,0xf1,0xff,0x94,0xe0,0xd6,0x67,0xfc,0xf5,0x4f,0x3f,0x84,0xff,
  0x3,0x1e,0xfc,0xd2,0x6f,0xfd,0xde,0x9,0xdf,0xc5,0x55,0xff,0xa9,0x4,0x97,0x4,
  0xaf,0x7d,0xeb,0x5f,0xff,0xf4,0x5f,0x73,0x15,0xf,0x7e,0xe9,0xb7,0x3e,0x6e,0xf8,
  0x2d,0xc3,0x4b,0x73,0xd5,0x7f,0x1a,0xc1,0xef,0x3c,0xe3,0xaf,0x7f,0xfa,0xb5,0xb9,
  0xea,0xbf,0x1b,0xe2,0xaa,0xcb,0x1e,0xf4,0xd2,0x6f,0xfd,0xdb,0x86,0xd7,0xe2,0xff,
  0xa9,0x80,0xd7,0xb9,0xf5,0xaf,0x7f,0xfa,0xb7,0xf9,0x5f,0xea,0x41,0x2f,0xfd,0xd6,
  0xbf,0x6d,0x78,0x2d,0xfe,0x1f,0xb,0x78,0x99,0x5b,0xff,0xfa,0xa7,0xff,0x9a,0xff,
  0xc5,0x1e,0xfc,0xd2,0x6f,0xfd,0xde,0x9,0xdf,0xc5,0x55,0xff,0xa9,0x4,0x97,0x4,
  0xaf,0x7d,0xeb,0x5f,0xff,0xf4,0x5f,0x73,0x15,0xf,0x7e,0xe9,0xb7,0x3e,0x6e,0xf8,
  0x2d,0xc3,0x4b,0x73,0xd5,0x7f,0x1a,0xc1,0x25,0xc1,0x83,0x6f,0xfd,0xeb,0x9f,0xde,
  0xe5,0xaa,0xff,0x6e,0x88,0xab,0x2e,0x7b,0xd0,0x4b,0xbf,0xf5,0x6f,0x1b,0x5e,0x8b,
  0xff,0xa7,0x2,0x5e,0xe7,0xd6,0xbf,0xfe,0xe9,0xdf,0xe6,0x7f,0xa9,0x7,0xbd,0xf4,
  0x5b,0xff,0xb6,0xe1,0xb5,0xf8,0x7f,0x2c,0xe0,0x63,0x6e,0xfd,0xeb,0x9f,0xfe,0x6a,
  0xfe,0x97,0x7a,0xf0,0x4b,0xbf,0xf5,0x7b,0x27,0x7c,0x17,0x57,0xfd,0xa7,0x12,0x5c,
  0x12,0xbc,0xf6,0xad,0x7f,0xfd,0xd3,0x7f,0xcd,0x55,0x3c,0xf8,0xa5,0xdf,0xfa,0xb8,
  0xe1,0xb7,0xc,0x2f,0xcd,0x55,0xff,0xa9,0x2,0x5e,0xe7,0xd6,0xbf,0xfe,0xe9,0xdf,
  0xe6,0xaa,0xff,0x9,0x10,0x57,0x5d,0xf6,0xa0,0x97,0x7e,0xeb,0xdf,0x36,0xbc,0x16,
  0xff,0x4f,0x5,0xbc,0xce,0xad,0x7f,0xfd,0xd3,0xbf,0xcd,0xff,0x52,0xb7,0xbc,0xf4,
  0x5b,0x7f,0x35,0xf0,0x51,0xfc,0x3f,0x26,0xb8,0xf5,0x19,0x7f,0xfd,0xd3,0xf,0xe1,
  0x7f,0xa1,0x7,0xbf,0xf4,0x5b,0xbf,0x77,0xc2,0x77,0x71,0xd5,0x7f,0x2a,0xc1,0x25,
  0xc1,0x6b,0xdf,0xfa,0xd7,0x3f,0xfd,0xd7,0x5c,0xc5,0x83,0x5f,0xfa,0xad,0x8f,0x1b,
  0x7e,0xcb,0xf0,0xd2,0x5c,0xf5,0x9f,0xed,0x73,0x6e,0xfb,0xeb,0x9f,0xfe,0x6c,0xae,
  0xfa,0x9f,0x2,0x71,0xd5,0x65,0xf,0x7a,0xe9,0xb7,0xfe,0x6d,0xc3,0x6b,0xf1,0xff,
  0x54,0xc0,0xc7,0xdc,0xfa,0xd7,0x3f,0xfd,0xd5,0xfc,0x2f,0xf5,0xe0,0x97,0x7e,0xeb,
  0x8f,0x4e,0xf8,0x2a,0xfe,0x9f,0xb,0x78,0x9f,0x5b,0xff,0xfa,0xa7,0xbf,0x9b,0xff,
  0x45,0x1e,0xfc,0xd2,0x6f,0xfd,0xde,0x9,0xdf,0xc5,0x55,0xff,0xa9,0x4,0x97,0x4,
  0xaf,0x7d,0xeb,0x5f,0xff,0xf4,0x5f,0x73,0x15,0xf,0x7e,0xe9,0xb7,0x3e,0x6e,0xf8,
  0x2d,0xc3,0x4b,0x73,0xd5,0x7f,0xb6,0xef,0xb9,0xed,0xaf,0x7f,0xfa,0xbd,0xb9,0xea,
  0x7f,0x12,0xc4,0x55,0x97,0xdd,0xf2,0xd2,0x6f,0xfd,0xdd,0xc0,0x7b,0xf1,0xff,0xd7,
  0xe7,0xdc,0xf6,0xd7,0x3f,0xfd,0xd9,0xfc,0x2f,0xf5,0xe0,0x97,0x7e,0xeb,0xd7,0x4e,
  0xf8,0x2d,0xfe,0x9f,0x13,0xdc,0xfa,0x8c,0xbf,0xfe,0xe9,0x87,0xf0,0xbf,0xc4,0x83,
  0x5f,0xfa,0xad,0xdf,0x3b,0xe1,0xbb,0xb8,0xea,0x3f,0x95,0xe0,0x92,0xe0,0xb5,0x6f,
  0xfd,0xeb,0x9f,0xfe,0x6b,0xae,0xe2,0xc1,0x2f,0xfd,0xd6,0xc7,0xd,0xbf,0x65,0x78,
  0x69,0xae,0xfa,0xcf,0xf6,0x3d,0xb7,0xfd,0xf5,0x4f,0xbf,0x37,0x57,0xfd,0x4f,0x83,
  0xb8,0xea,0xb2,0x5b,0x5e,0xfa,0xad,0x3f,0x1b,0xf8,0x2c,0xfe,0xff,0xfa,0x9c,0xdb,
  0xfe,0xfa,0xa7,0x3f,0x9b,0xff,0xa5,0x1e,0xfc,0xd2,0x6f,0xfd,0xe0,0x84,0xa7,0x73,
  0x15,0x1,0xef,0x73,0xeb,0x5f,0xff,0xf4,0x77,0xf3,0x3f,0xdc,0x83,0x5f,0xfa,0xad,
  0xdf,0x3b,0xe1,0xbb,0xb8,0xea,0x3f,0x95,0xe0,0x92,0xe0,0xb5,0x6f,0xfd,0xeb,0x9f,
  0xfe,0x6b,0xae,0xe2,0xc1,0x2f,0xfd,0xd6,0xc7,0xd,0xbf,0x65,0x78,0x69,0xae,0xfa,
  0xcf,0xf6,0x3d,0xb7,0xfd,0xf5,0x4f,0xbf,0x37,0x57,0xfd,0x4f,0x84,0xb8,0xea,0xb2,
  0x5b,0x5e,0xfa,0xad,0x3f,0x1b,0xf8,0x2c,0xfe,0xff,0xfa,0x9e,0xdb,0xfe,0xfa,0xa7,
  0xdf,0x9b,0xff,0xc5,0x6e,0x79,0xe9,0xb7,0x36,0x57,0x21,0xb8,0x55,0xf0,0x32,0xb7,
  0xfe,0xf5,0x4f,0xef,0xf2,0x3f,0xd4,0x83,0x5f,0xfa,0xad,0xdf,0x3b,0xe1,0xbb,0xb8,
  0xea,0x3f,0x95,0xe0,0x92,0xe0,0xb5,0x6f,0xfd,0xeb,0x9f,0xfe,0x6b,0xae,0xe2,0xc1,
  0x2f,0xfd,0xd6,0xc7,0xd,0xbf,0x65,0x78,0x69,0xae,0xfa,0xcf,0xf6,0x3d,0xb7,0xfd,
  0xf5,0x4f,0xbf,0x37,0x57,0xfd,0x4f,0x85,0xb8,0xea,0xb2,0x5b,0x5e,0xfa,0xad,0x3f,
  0x1b,0xf8,0x2c,0xfe,0x9f,0x12,0xfc,0xce,0x33,0xfe,0xfa,0xa7,0x5f,0x9b,0xff,0xc5,
  0x1e,0xf4,0xd2,0x6f,0xfd,0xd7,0x86,0x97,0xe2,0x2a,0x4,0x7f,0xfd,0x8c,0xbf,0xfe,
  0xe9,0x97,0xe1,0x7f,0xa0,0x7,0xbf,0xf4,0x5b,0xbf,0x77,0xc2,0x77,0x71,0xd5,0x7f,
  0x2a,0xc1,0x25,0xc1,0x6b,0xdf,0xfa,0xd7,0x3f,0xfd,0xd7,0x5c,0xc5,0x83,0x5f,0xfa,
  0xad,0x8f,0x1b,0x7e,0xcb,0xf0,0xd2,0x5c,0xf5,0x9f,0xed,0x7b,0x6e,0xfb,0xeb,0x9f,
  0x7e,0x6f,0xae,0xfa,0x9f,0xc,0x71,0xd5,0x65,0xf,0x7e,0xe9,0xb7,0x7e,0xed,0x84,
  0xdf,0xe2,0xff,0x29,0xc1,0x5f,0x3f,0xe3,0xaf,0x7f,0xfa,0x65,0xf8,0x5f,0xec,0x41,
  0x2f,0xfd,0xd6,0xbf,0x6d,0x78,0x2d,0xae,0xba,0xdf,0x77,0xdf,0xf6,0xd7,0x3f,0xfd,
  0x3e,0xfc,0xf,0xf2,0xe0,0x97,0x7e,0xeb,0xf7,0x4e,0xf8,0x2e,0xae,0xfa,0x4f,0x25,
  0xb8,0x24,0x78,0xed,0x5b,0xff,0xfa,0xa7,0xff,0x9a,0xab,0x78,0xf0,0x4b,0xbf,0xf5,
  0x71,0xc3,0x6f,0x19,0x5e,0x9a,0xab,0xfe,0xb3,0x7d,0xcf,0x6d,0x7f,0xfd,0xd3,0xef,
  0xcd,0x55,0xff,0xd3,0x21,0xae,0xba,0xec,0xc1,0x2f,0xfd,0xd6,0xaf,0x9d,0xf0,0x5b,
  0xfc,0x3f,0x76,0xdb,0x5f,0xff,0xb4,0xf8,0x5f,0xec,0x96,0x97,0x7e,0xeb,0xcf,0x6,
  0x3e,0x8b,0xab,0x9e,0x25,0xe0,0x7d,0x6e,0xfd,0xeb,0x9f,0xfe,0x6e,0xfe,0x7,0x78,
  0xf0,0x4b,0xbf,0xf5,0x7b,0x27,0x7c,0x17,0x57,0xfd,0xa7,0x12,0x5c,0x12,0xbc,0xf6,
  0xad,0x7f,0xfd,0xd3,0x7f,0xcd,0x55,0x3c,0xf8,0xa5,0xdf,0xfa,0xb8,0xe1,0xb7,0xc,
  0x2f,0xcd,0x55,0xff,0xd9,0xbe,0xe7,0xb6,0xbf,0xfe,0xe9,0xf7,0xe6,0xaa,0xff,0xd,
  0x10,0x57,0x5d,0xf6,0xe0,0x97,0x7e,0xeb,0xd7,0x4e,0xf8,0x2d,0xfe,0x1f,0xb,0x38,
  0x71,0xeb,0x5f,0xff,0xf4,0x2e,0xff,0x4b,0x3d,0xf8,0xa5,0xdf,0xfa,0xbd,0x13,0xbe,
  0x8b,0xab,0x9e,0x43,0xc0,0xfb,0xdc,0xfa,0xd7,0x3f,0xfd,0xdd,0xfc,0x37,0x7a,0xf0,
  0x4b,0xbf,0xf5,0x7b,0x27,0x7c,0x17,0x57,0xfd,0xa7,0x12,0x5c,0x12,0xbc,0xf6,0xad,
  0x7f,0xfd,0xd3,0x7f,0xcd,0x55,0x3c,0xf8,0xa5,0xdf,0xfa,0xb8,0xe1,0xb7,0xc,0x2f,
  0xcd,0x55,0xff,0xd9,0xbe,0xe7,0xb6,0xbf,0xfe,0xe9,0xf7,0xe6,0xaa,0xff,0x2d,0x10,
  0x57,0x5d,0xf6,0xe0,0x97,0x7e,0xeb,0x7,0x27,0x3c,0x9d,0xff,0xc7,0x2,0x5e,0xe7,
  0xd6,0xbf,0xfe,0xe9,0xdf,0xe6,0x7f,0xa9,0x7,0xbf,0xf4,0x5b,0x3f,0x38,0xe1,0xe9,
  0x5c,0xf5,0x3c,0x2,0x3e,0xfa,0xd6,0xbf,0xfe,0xe9,0xaf,0xe1,0xbf,0xc1,0x2d,0x2f,
  0xfd,0xd6,0x5f,0x5,0x7c,0x34,0x57,0xfd,0xa7,0x12,0x5c,0x12,0xbc,0xf6,0xad,0x7f,
  0xfd,0xd3,0x7f,0xcd,0x55,0x3c,0xf8,0xa5,0xdf,0xfa,0xb8,0xe1,0xb7,0xc,0x2f,0xcd,
  0x55,0xff,0xd9,0xbe,0xe7,0xb6,0xbf,0xfe,0xe9,0xf7,0xe6,0xaa,0xff,0x4d,0x10,0x57,
  0x3d,0xcb,0x2d,0x2f,0xfd,0xd6,0xe6,0xff,0xb1,0x80,0xb7,0xb9,0xf5,0xaf,0x7f,0xfa,
  0xa7,0xf9,0x5f,0xec,0x41,0x2f,0xfd,0xd6,0xb7,0x1a,0x1e,0xc4,0x55,0xcf,0x43,0xf0,
  0xd3,0x82,0xf7,0xb9,0xf5,0xaf,0x7f,0x7a,0x97,0xff,0x2,0xf,0x7e,0xe9,0xb7,0x3e,
  0x6e,0xf8,0x29,0xc3,0x6b,0x73,0xd5,0x7f,0x2a,0xc1,0x25,0xc1,0x6b,0xdf,0xfa,0xd7,
  0x3f,0xfd,0xd7,0x5c,0xc5,0x83,0x5f,0xfa,0xad,0x8f,0x1b,0x7e,0xcb,0xf0,0xd2,0x5c,
  0xf5,0x9f,0xed,0x7b,0x6e,0xfb,0xeb,0x9f,0x7e,0x6f,0xae,0xfa,0xdf,0x6,0x71,0xd5,
  0xb3,0xdc,0xf2,0xd2,0x6f,0x6d,0xfe,0x7f,0xfb,0x9c,0xdb,0xfe,0xfa,0xa7,0x3f,0x9b,
  0xff,0xc5,0x6e,0x79,0xe9,0xb7,0xfe,0x6e,0xe0,0xbd,0xb8,0xea,0xf9,0x12,0xdc,0x2a,
  0xf8,0x98,0x5b,0xff,0xfa,0xa7,0x7f,0x9a,0xff,0x44,0xf,0x7e,0xe9,0xb7,0x7e,0x6b,
  0xc3,0x77,0x19,0x8e,0x73,0xd5,0x7f,0x2a,0xc1,0x25,0xc1,0x6b,0xdf,0xfa,0xd7,0x3f,
  0xfd,0xd7,0x5c,0xc5,0x83,0x5f,0xfa,0xad,0x8f,0x1b,0x7e,0xcb,0xf0,0xd2,0x5c,0xf5,
  0x9f,0xed,0x7b,0x6e,0xfb,0xeb,0x9f,0x7e,0x6f,0xae,0xfa,0xdf,0x8,0x71,0xd5,0xb3,
  0x3c,0xe8,0xa5,0xdf,0xfa,0xb7,0xd,0xaf,0xc5,0xff,0x5f,0x3f,0x73,0xdb,0x5f,0xff,
  0xf4,0x5b,0xf3,0xbf,0xd8,0x83,0x5f,0xfa,0xad,0xdf,0x3b,0xe1,0xbb,0xb8,0xea,0x85,
  0x12,0xfc,0xb6,0xe0,0x73,0x6e,0xfd,0xeb,0x9f,0xfe,0x6d,0xfe,0x3,0x3d,0xf8,0xa5,
  0xdf,0xfa,0xb5,0xd,0x9f,0x65,0x78,0x6d,0xae,0xfa,0x4f,0x27,0xb8,0x24,0x78,0xed,
  0x5b,0xff,0xfa,0xa7,0xff,0x9a,0xab,0x78,0xf0,0x4b,0xbf,0xf5,0x71,0xc3,0x6f,0x19,
  0x5e,0x9a,0xab,0xfe,0xb3,0x7d,0xcf,0x6d,0x7f,0xfd,0xd3,0xef,0xcd,0x55,0xff,0x5b,
  0x21,0xae,0x7a,0x96,0x7,0xbd,0xf4,0x5b,0xff,0xb6,0xe1,0xb5,0xf8,0x7f,0x4a,0xf0,
  0xd7,0xcf,0xf8,0xeb,0x9f,0x7e,0x19,0xfe,0x17,0x7b,0xf0,0x4b,0xbf,0xf5,0x83,0x13,
  0x9e,0xce,0x55,0x2f,0x12,0xc1,0x6f,0xb,0x7d,0x37,0xf8,0x67,0x6e,0xfd,0xeb,0x9f,
  0xde,0xe5,0xdf,0xe0,0xc1,0x2f,0xfd,0xd6,0xc7,0x41,0x6f,0x65,0xfc,0xde,0x86,0xd7,
  0xe6,0xaa,0xff,0x12,0x82,0x4b,0x82,0xd7,0xbe,0xf5,0xaf,0x7f,0xfa,0xaf,0xb9,0x8a,
  0x7,0xbf,0xf4,0x5b,0x1f,0x37,0xfc,0x96,0xe1,0xa5,0xb9,0xea,0x3f,0xdb,0xf7,0xdc,
  0xf6,0xd7,0x3f,0xfd,0xde,0x5c,0xf5,0xbf,0x19,0xe2,0xaa,0x67,0xb9,0xe5,0xa5,0xdf,
  0xfa,0xb3,0x81,0xcf,0xe2,0xff,0xb1,0xdb,0xfe,0xfa,0xa7,0xc5,0xff,0x72,0xf,0x7a,
  0xe9,0xb7,0xbe,0xd5,0xf0,0x20,0xae,0xfa,0x57,0x11,0xfc,0xb4,0xe0,0xb7,0x91,0xfe,
  0x1a,0xfb,0x6f,0x6e,0xfd,0xeb,0x9f,0xde,0xe5,0x5,0x78,0xf0,0xcb,0xbc,0xcd,0x6b,
  0x61,0xbf,0xb4,0xe1,0xb5,0x81,0xd7,0x36,0x1c,0xe7,0xaa,0xff,0x32,0x82,0x4b,0x82,
  0xd7,0xbe,0xf5,0xaf,0x7f,0xfa,0xaf,0xb9,0x8a,0x7,0xbf,0xf4,0x5b,0x1f,0x37,0xfc,
  0x96,0xe1,0xa5,0xb9,0xea,0x3f,0xdb,0xf7,0xdc,0xf6,0xd7,0x3f,0xfd,0xde,0x5c,0xf5,
  0xbf,0x1d,0xe2,0xaa,0x67,0xb9,0xe5,0xa5,0xdf,0xfa,0xb3,0x81,0xcf,0xe2,0xff,0xb1,
  0x80,0x97,0xb9,0xf5,0xaf,0x7f,0xfa,0xaf,0xf9,0x5f,0xec,0x96,0x97,0x7e,0xeb,0xef,
  0x6,0xde,0x8b,0xab,0xfe,0xdd,0x4,0x7f,0xd,0xec,0x72,0xc5,0x71,0xc3,0x4b,0x73,
  0xd5,0x7f,0x2b,0xc1,0x25,0xc1,0x6b,0xdf,0xfa,0xd7,0x3f,0xfd,0xd7,0x5c,0xc5,0x83,
  0x5f,0xfa,0xad,0x8f,0x1b,0x7e,0xcb,0xf0,0xd2,0x5c,0xf5,0x9f,0xed,0x7b,0x6e,0xfb,
  0xeb,0x9f,0x7e,0x6f,0xae,0xfa,0xbf,0x0,0x71,0xd5,0xb3,0x3c,0xf8,0xa5,0xdf,0xfa,
  0xb5,0x13,0x7e,0x8b,0xff,0xc7,0x2,0xde,0xe6,0xd6,0xbf,0xfe,0xe9,0x9f,0xe6,0x7f,
  0xb1,0x7,0xbf,0xf4,0x5b,0xbf,0x77,0xc2,0x77,0x71,0xd5,0x55,0xff,0xc7,0x8,0x2e,
  0x9,0x5e,0xfb,0xd6,0xbf,0xfe,0xe9,0xbf,0xe6,0x2a,0x1e,0xfc,0xd2,0x6f,0x7d,0xdc,
  0xf0,0x5b,0x86,0x97,0xe6,0xaa,0xff,0x6c,0xdf,0x73,0xdb,0x5f,0xff,0xf4,0x7b,0x73,
  0xd5,0xff,0x15,0x88,0xab,0x9e,0xe5,0xc1,0x2f,0xfd,0xd6,0xaf,0x9d,0xf0,0x5b,0xfc,
  0xff,0xf6,0x39,0xb7,0xfd,0xf5,0x4f,0x7f,0x36,0xff,0x8b,0x3d,0xf8,0xa5,0xdf,0xfa,
  0x78,0xc2,0x45,0xae,0xba,0xea,0xff,0x10,0xc1,0x25,0xc1,0x6b,0xdf,0xfa,0xd7,0x3f,
  0xfd,0xd7,0x5c,0xc5,0x83,0x5f,0xfa,0xad,0x8f,0x1b,0x7e,0xcb,0xf0,0xd2,0x5c,0xf5,
  0x9f,0xed,0x7b,0x6e,0xfb,0xeb,0x9f,0x7e,0x6f,0xae,0xfa,0xbf,0x4,0x71,0xd5,0xb3,
  0x3c,0xf8,0xa5,0xdf,0xfa,0x78,0xc2,0x45,0xfe,0x1f,0x13,0xfc,0xce,0x33,0xfe,0xfa,
  0xa7,0x5f,0x9b,0xff,0xe5,0x6e,0x79,0xe9,0xb7,0xfe,0x69,0xe0,0xad,0xb8,0xea,0xaa,
  0xff,0x3,0x4,0x97,0x4,0xaf,0x7d,0xeb,0x5f,0xff,0xf4,0x5f,0x73,0x15,0xf,0x7e,
  0xe9,0xb7,0x3e,0x6e,0xf8,0x2d,0xc3,0x4b,0x73,0xd5,0x7f,0xb6,0xef,0xb9,0xed,0xaf,
  0x7f,0xfa,0xbd,0xb9,0xea,0xff,0x1a,0xc4,0x55,0xcf,0xe1,0x96,0x97,0x7e,0x6b,0xf3,
  0xff,0x98,0x60,0xf7,0x19,0x7f,0xfd,0xd3,0x27,0xf8,0x5f,0xee,0xc1,0x2f,0xfd,0xd6,
  0x6f,0x9d,0xf0,0x53,0x5c,0x75,0xd5,0xff,0x72,0x82,0x4b,0x82,0xd7,0xbe,0xf5,0xaf,
  0x7f,0xfa,0xaf,0xb9,0x8a,0x7,0xbf,0xf4,0x5b,0x1f,0x37,0xfc,0x96,0xe1,0xa5,0xb9,
  0xea,0x3f,0xdb,0xf7,0xdc,0xf6,0xd7,0x3f,0xfd,0xde,0x5c,0xf5,0x7f,0x11,0xe2,0xaa,
  0xe7,0xf0,0xa0,0x97,0x7e,0xeb,0xbf,0x36,0xbc,0x14,0xff,0x8f,0x5,0xbc,0xcc,0xad,
  0x7f,0xfd,0xd3,0x7f,0xcd,0xff,0x72,0xf,0x7a,0xe9,0xb7,0xde,0x35,0x1c,0xe3,0xaa,
  0xab,0xfe,0x97,0x12,0x5c,0x12,0xbc,0xf6,0xad,0x7f,0xfd,0xd3,0x7f,0xcd,0x55,0x3c,
  0xf8,0xa5,0xdf,0xfa,0xb8,0xe1,0xb7,0xc,0x2f,0xcd,0x55,0xff,0xd9,0xbe,0xe7,0xb6,
  0xbf,0xfe,0xe9,0xf7,0xe6,0xaa,0xff,0xab,0x10,0x57,0x3d,0x87,0x5b,0x5e,0xfa,0xad,
  0x7f,0x1a,0x78,0x2b,0xfe,0x1f,0xb,0x78,0x9f,0x5b,0xff,0xfa,0xa7,0xbf,0x9b,0xff,
  0xe5,0x6e,0x79,0xe9,0xb7,0xfe,0x6e,0xe0,0xbd,0xb8,0xea,0xaa,0xff,0x85,0x4,0x97,
  0x4,0xaf,0x7d,0xeb,0x5f,0xff,0xf4,0x5f,0x73,0x15,0xf,0x7e,0xe9,0xb7,0x3e,0x6e,
  0xf8,0x2d,0xc3,0x4b,0x73,0xd5,0x7f,0xb6,0xef,0xb9,0xed,0xaf,0x7f,0xfa,0xbd,0xb9,
  0xea,0xff,0x32,0xc4,0x55,0xcf,0xe1,0x96,0x97,0x7e,0xeb,0xcf,0x6,0x3e,0x8b,0xff,
  0xdf,0xbe,0xe7,0xb6,0xbf,0xfe,0xe9,0xf7,0xe6,0x7f,0xb9,0x7,0xbf,0xf4,0x5b,0xbf,
  0x75,0xc2,0x4f,0x71,0xd5,0x55,0xff,0xcb,0x8,0x2e,0x9,0x5e,0xfb,0xd6,0xbf,0xfe,
  0xe9,0xbf,0xe6,0x2a,0x1e,0xfc,0xd2,0x6f,0x7d,0xdc,0xf0,0x5b,0x86,0x97,0xe6,0xaa,
  0xff,0x6c,0xdf,0x73,0xdb,0x5f,0xff,0xf4,0x7b,0x73,0xd5,0xff,0x75,0x88,0xab,0x9e,
  0xc3,0x83,0x5f,0xfa,0xad,0xdf,0x3a,0xe1,0xa7,0xf8,0x7f,0x4c,0xf0,0xd7,0xcf,0xf8,
  0xeb,0x9f,0x7e,0x19,0xfe,0xf,0x78,0xd0,0x4b,0xbf,0xf5,0xae,0xe1,0x18,0x57,0x5d,
  0xf5,0xbf,0x84,0xe0,0x92,0xe0,0xb5,0x6f,0xfd,0xeb,0x9f,0xfe,0x6b,0xae,0xe2,0xc1,
  0x2f,0xfd,0xd6,0xc7,0xd,0xbf,0x65,0x78,0x69,0xae,0xfa,0xcf,0xf6,0x3d,0xb7,0xfd,
  0xf5,0x4f,0xbf,0x37,0x57,0xfd,0x7f,0x80,0xb8,0xea,0x39,0x3c,0xf8,0xa5,0xdf,0xfa,
  0xc1,0x9,0x4f,0xe7,0xff,0xb9,0x80,0x87,0xdc,0xfa,0xd7,0x3f,0x7d,0x2b,0xff,0xcb,
  0xdd,0xf2,0xd2,0x6f,0xfd,0xd9,0xc0,0x67,0x71,0xd5,0x55,0xff,0xb,0x8,0x2e,0x9,
  0x5e,0xfb,0xd6,0xbf,0xfe,0xe9,0xbf,0xe6,0x2a,0x1e,0xfc,0xd2,0x6f,0x7d,0xdc,0xf0,
  0x5b,0x86,0x97,0xe6,0xaa,0xff,0x6c,0xdf,0x73,0xdb,0x5f,0xff,0xf4,0x7b,0x73,0xd5,
  0xff,0x17,0x88,0xab,0x9e,0xc7,0x2d,0x2f,0xfd,0xd6,0xe6,0xff,0xb9,0x80,0xf7,0xb9,
  0xf5,0xaf,0x7f,0xfa,0xbb,0xf9,0x5f,0xee,0xc1,0x2f,0xfd,0xd6,0xf,0x4e,0x78,0x3a,
  0x57,0x5d,0xf5,0x3f,0x9c,0xe0,0x92,0xe0,0xb5,0x6f,0xfd,0xeb,0x9f,0xfe,0x6b,0xae,
  0xe2,0xc1,0x2f,0xfd,0xd6,0xc7,0xd,0xbf,0x65,0x78,0x69,0xae,0xfa,0xcf,0xf6,0x3d,
  0xb7,0xfd,0xf5,0x4f,0xbf,0x37,0x57,0xfd,0x7f,0x82,0xb8,0xea,0x79,0x3c,0xe8,0xa5,
  0xdf,0xfa,0xb7,0xd,0xaf,0xc5,0xff,0x6f,0xdf,0x73,0xdb,0x5f,0xff,0xf4,0x7b,0xf3,
  0x7f,0xc0,0x2d,0x2f,0xfd,0xd6,0xdf,0xd,0xbc,0x17,0x57,0x5d,0xf5,0x3f,0x94,0xe0,
  0x92,0xe0,0xb5,0x6f,0xfd,0xeb,0x9f,0xfe,0x6b,0xae,0xe2,0xc1,0x2f,0xfd,0xd6,0xc7,
  0xd,0xbf,0x65,0x78,0x69,0xae,0xfa,0xcf,0xf6,0x3d,0xb7,0xfd,0xf5,0x4f,0xbf,0x37,
  0x57,0xfd,0x7f,0x83,0xb8,0xea,0x79,0xdc,0xf2,0xd2,0x6f,0xfd,0xdd,0xc0,0x7b,0xf1,
  0xff,0x98,0xe0,0xd6,0x67,0xfc,0xf5,0x4f,0x3f,0x84,0xff,0x3,0x1e,0xfc,0xd2,0x6f,
  0xfd,0xe0,0x84,0xa7,0x73,0xd5,0x55,0xff,0x3,0x9,0x2e,0x9,0x5e,0xfb,0xd6,0xbf,
  0xfe,0xe9,0xbf,0xe6,0x2a,0x1e,0xfc,0xd2,0x6f,0x7d,0xdc,0xf0,0x5b,0x86,0x97,0xe6,
  0xaa,0xff,0x6c,0xdf,0x73,0xdb,0x5f,0xff,0xf4,0x7b,0x73,0xd5,0xff,0x47,0x88,0xab,
  0x9e,0xc7,0x2d,0x2f,0xfd,0xd6,0x9f,0xd,0x7c,0x16,0xff,0xcf,0x5,0xbc,0xcc,0xad,
  0x7f,0xfd,0xd3,0x7f,0xcd,0xff,0x1,0xb7,0xbc,0xf4,0x5b,0xff,0x34,0xf0,0x56,0x5c,
  0x75,0xd5,0xff,0x20,0x82,0x4b,0x82,0xd7,0xbe,0xf5,0xaf,0x7f,0xfa,0xaf,0xb9,0x8a,
  0x7,0xbf,0xf4,0x5b,0x1f,0x37,0xfc,0x96,0xe1,0xa5,0xb9,0xea,0x3f,0xdb,0xf7,0xdc,
  0xf6,0xd7,0x3f,0xfd,0xde,0x5c,0xf5,0xff,0x15,0xe2,0xaa,0xe7,0xf1,0xe0,0x97,0x7e,
  0xeb,0xd7,0x4e,0xf8,0x2d,0xfe,0x9f,0xb,0xf8,0x98,0x5b,0xff,0xfa,0xa7,0xbf,0x9a,
  0xff,0x3,0x1e,0xfc,0xd2,0x6f,0xfd,0xda,0x9,0xbf,0xc5,0x55,0x57,0xfd,0xf,0x21,
  0xb8,0x24,0x78,0xed,0x5b,0xff,0xfa,0xa7,0xff,0x9a,0xab,0x78,0xf0,0x4b,0xbf,0xf5,
  0x71,0xc3,0x6f,0x19,0x5e,0x9a,0xab,0xfe,0xb3,0x7d,0xcf,0x6d,0x7f,0xfd,0xd3,0xef,
  0xcd,0x55,0xff,0x9f,0x21,0xae,0x7a,0x1e,0xf,0x7e,0xe9,0xb7,0x3e,0x9e,0x70,0x91,
  0xab,0x7e,0xe6,0xb6,0xbf,0xfe,0xe9,0xb7,0xe6,0xff,0x88,0x7,0xbd,0xf4,0x5b,0xff,
  0xb6,0xe1,0xb5,0xb8,0xea,0xaa,0xff,0x66,0x82,0x4b,0x82,0xd7,0xbe,0xf5,0xaf,0x7f,
  0xfa,0xaf,0xb9,0x8a,0x7,0xbf,0xf4,0x5b,0x1f,0x37,0xfc,0x96,0xe1,0xa5,0xb9,0xea,
  0x3f,0xdb,0xf7,0xdc,0xf6,0xd7,0x3f,0xfd,0xde,0x5c,0xf5,0xff,0x1d,0xe2,0xaa,0xe7,
  0xeb,0x41,0x2f,0xfd,0xd6,0xb7,0x1a,0x1e,0xc4,0xff,0x73,0x1,0x27,0x6e,0xfd,0xeb,
  0x9f,0xde,0xe5,0xff,0x80,0x7,0xbf,0xf4,0x5b,0xbf,0x75,0xc2,0x4f,0x71,0xd5,0x55,
  0xff,0x8d,0x4,0x97,0x4,0xaf,0x7d,0xeb,0x5f,0xff,0xf4,0x5f,0x73,0x15,0xf,0x7e,
  0xe9,0xb7,0x3e,0x6e,0xf8,0x2d,0xc3,0x4b,0x73,0xd5,0x7f,0xb6,0xef,0xb9,0xed,0xaf,
  0x7f,0xfa,0xbd,0xb9,0xea,0x2a,0x40,0x5c,0xf5,0x7c,0xdd,0xf2,0xd2,0x6f,0xfd,0xdd,
  0xc0,0x7b,0xf1,0xff,0x5c,0xc0,0xfb,0xdc,0xfa,0xd7,0x3f,0xfd,0xdd,0xfc,0x1f,0xf1,
  0xa0,0x97,0x7e,0xeb,0xdf,0x36,0xbc,0x16,0x57,0x5d,0xf5,0xdf,0x40,0x70,0x49,0xf0,
  0xda,0xb7,0xfe,0xf5,0x4f,0xff,0x35,0x57,0xf1,0xe0,0x97,0x7e,0xeb,0xe3,0x86,0xdf,
  0x32,0xbc,0x34,0x57,0xfd,0x67,0xfb,0x9e,0xdb,0xfe,0xfa,0xa7,0xdf,0x9b,0xab,0xae,
  0xba,0x2,0x71,0xd5,0xf3,0xf5,0xe0,0x97,0x7e,0xeb,0x8f,0x4e,0xf8,0x2a,0xae,0xfa,
  0x99,0xdb,0xfe,0xfa,0xa7,0xdf,0x9a,0xff,0x23,0x1e,0xfc,0xd2,0x6f,0xfd,0xd2,0x9,
  0x7f,0xc5,0x55,0x57,0xfd,0x17,0x13,0x5c,0x12,0xbc,0xf6,0xad,0x7f,0xfd,0xd3,0x7f,
  0xcd,0x55,0x3c,0xf8,0xa5,0xdf,0xfa,0xb8,0xe1,0xb7,0xc,0x2f,0xcd,0x55,0xff,0xd9,
  0xbe,0xe7,0xb6,0xbf,0xfe,0xe9,0xf7,0xe6,0xaa,0xab,0x9e,0xd,0x71,0xd5,0xf3,0xf5,
  0xe0,0x97,0x7e,0xeb,0x97,0x4e,0xf8,0x2b,0xae,0x22,0xe0,0xc4,0xad,0x7f,0xfd,0xd3,
  0xbb,0xfc,0x1f,0x71,0xcb,0x4b,0xbf,0xf5,0x77,0x3,0xef,0xc5,0x55,0x57,0xfd,0x17,
  0x11,0x5c,0x12,0xbc,0xf6,0xad,0x7f,0xfd,0xd3,0x7f,0xcd,0x55,0x3c,0xf8,0xa5,0xdf,
  0xfa,0xb8,0xe1,0xb7,0xc,0x2f,0xcd,0x55,0xff,0xd9,0xbe,0xe7,0xb6,0xbf,0xfe,0xe9,
  0xf7,0xe6,0xaa,0xab,0x9e,0x13,0xe2,0xaa,0x17,0xe8,0x96,0x97,0x7e,0x6b,0x73,0x15,
  0x1,0xef,0x73,0xeb,0x5f,0xff,0xf4,0x77,0xf3,0x7f,0xc4,0x83,0x5f,0xfa,0xad,0x8f,
  0x1b,0x6e,0x35,0x1c,0xe3,0xaa,0xab,0xfe,0x93,0x9,0x2e,0x9,0x5e,0xfb,0xd6,0xbf,
  0xfe,0xe9,0xbf,0xe6,0x2a,0x1e,0xfc,0xd2,0x6f,0x7d,0xdc,0xf0,0x5b,0x86,0x97,0xe6,
  0xaa,0xff,0x6c,0xdf,0x73,0xdb,0x5f,0xff,0xf4,0x7b,0x73,0xd5,0x55,0xcf,0xb,0x71,
  0xd5,0xb,0xf4,0xa0,0x97,0x7e,0xeb,0xdf,0x36,0xbc,0x16,0x57,0xfd,0xcc,0x6d,0x7f,
  0xfd,0xd3,0x6f,0xcd,0xff,0x21,0xf,0x7e,0xe9,0xb7,0xfe,0xe8,0x84,0xaf,0xe2,0xaa,
  0xab,0xfe,0x13,0x9,0x2e,0x9,0x5e,0xfb,0xd6,0xbf,0xfe,0xe9,0xbf,0xe6,0x2a,0x1e,
  0xfc,0xd2,0x6f,0x7d,0xdc,0xf0,0x5b,0x86,0x97,0xe6,0xaa,0xff,0x6c,0xdf,0x73,0xdb,
  0x5f,0xff,0xf4,0x7b,0x73,0xd5,0x55,0xcf,0x1f,0xe2,0xaa,0x17,0xe8,0x96,0x97,0x7e,
  0xeb,0xaf,0x6,0x3e,0x8a,0xab,0x8,0x38,0x71,0xeb,0x5f,0xff,0xf4,0x2e,0xff,0x87,
  0x3c,0xe8,0xa5,0xdf,0xfa,0xaf,0xd,0x2f,0xc5,0x55,0x57,0xfd,0x27,0x10,0x5c,0x12,
  0xbc,0xf6,0xad,0x7f,0xfd,0xd3,0x7f,0xcd,0x55,0x3c,0xf8,0xa5,0xdf,0xfa,0xb8,0xe1,
  0xb7,0xc,0x2f,0xcd,0x55,0xff,0xd9,0xbe,0xe7,0xb6,0xbf,0xfe,0xe9,0xf7,0xe6,0xaa,
  0xab,0x5e,0x30,0xc4,0x55,0x2f,0xd0,0x83,0x5f,0xfa,0xad,0xdf,0x3a,0xe1,0xa7,0xb8,
  0x8a,0x80,0x8f,0xb9,0xf5,0xaf,0x7f,0xfa,0xab,0xf9,0x3f,0xe4,0xc1,0x2f,0xfd,0xd6,
  0xaf,0x9d,0xf0,0x5b,0x5c,0x75,0xd5,0x7f,0x30,0xc1,0x25,0xc1,0x6b,0xdf,0xfa,0xd7,
  0x3f,0xfd,0xd7,0x5c,0xc5,0x83,0x5f,0xfa,0xad,0x8f,0x1b,0x7e,0xcb,0xf0,0xd2,0x5c,
  0xf5,0x9f,0xed,0x7b,0x6e,0xfb,0xeb,0x9f,0x7e,0x6f,0xae,0xba,0xea,0x85,0x43,0x5c,
  0xf5,0x2,0x3d,0xf8,0xa5,0xdf,0xfa,0x78,0xc2,0x45,0xae,0x42,0xf0,0xd7,0xcf,0xf8,
  0xeb,0x9f,0x7e,0x19,0xfe,0x8f,0xb9,0xe5,0xa5,0xdf,0xfa,0xab,0x81,0x8f,0xe2,0xaa,
  0xab,0xfe,0x83,0x8,0x2e,0x9,0x5e,0xfb,0xd6,0xbf,0xfe,0xe9,0xbf,0xe6,0x2a,0x1e,
  0xfc,0xd2,0x6f,0x7d,0xdc,0xf0,0x5b,0x86,0x97,0xe6,0xaa,0xff,0x6c,0xdf,0x73,0xdb,
  0x5f,0xff,0xf4,0x7b,0x73,0xd5,0x55,0xff,0x32,0xc4,0x55,0x2f,0xd4,0x83,0x5e,0xfa,
  0xad,0xff,0xda,0xf0,0x52,0x5c,0x45,0xc0,0xcb,0xdc,0xfa,0xd7,0x3f,0xfd,0xd7,0xfc,
  0x1f,0xf2,0xe0,0x97,0x7e,0xeb,0xe3,0x86,0xbf,0x36,0x3c,0x88,0xab,0xae,0xfa,0x77,
  0x12,0x5c,0x12,0xbc,0xf6,0xad,0x7f,0xfd,0xd3,0x7f,0xcd,0x55,0x3c,0xf8,0xa5,0xdf,
  0xfa,0xb8,0xe1,0xb7,0xc,0x2f,0xcd,0x55,0xff,0xd9,0xbe,0xe7,0xb6,0xbf,0xfe,0xe9,
  0xf7,0xe6,0xaa,0xab,0x5e,0x34,0x88,0xab,0x5e,0xa8,0x5b,0x5e,0xfa,0xad,0xbf,0x1a,
  0xf8,0x28,0xae,0x2,0xf8,0x9a,0xdb,0xfe,0xfa,0xa7,0x3f,0x9a,0xff,0x63,0x1e,0xfc,
  0xd2,0x6f,0xfd,0xd2,0x9,0x7f,0xc5,0x55,0x57,0xfd,0x3b,0x8,0x2e,0x9,0x5e,0xfb,
  0xd6,0xbf,0xfe,0xe9,0xbf,0xe6,0x2a,0x1e,0xfc,0xd2,0x6f,0x7d,0xdc,0xf0,0x5b,0x86,
  0x97,0xe6,0xaa,0xff,0x6c,0xdf,0x73,0xdb,0x5f,0xff,0xf4,0x7b,0x73,0xd5,0x55,0x2f,
  0x3a,0xc4,0x55,0x2f,0xd4,0x83,0x5f,0xfa,0xad,0x5f,0x3b,0xe1,0xb7,0xb8,0xa,0xc1,
  0xee,0x33,0xfe,0xfa,0xa7,0x4f,0xf0,0x7f,0xd0,0x83,0x5f,0xfa,0xad,0x3f,0x3a,0xe1,
  0xab,0xb8,0xea,0xaa,0x7f,0x3,0xc1,0x25,0xc1,0x6b,0xdf,0xfa,0xd7,0x3f,0xfd,0xd7,
  0x5c,0xc5,0x83,0x5f,0xfa,0xad,0x8f,0x1b,0x7e,0xcb,0xf0,0xd2,0x5c,0xf5,0x9f,0xed,
  0x7b,0x6e,0xfb,0xeb,0x9f,0x7e,0x6f,0xae,0xba,0xea,0x5f,0x7,0x71,0xd5,0xbf,0xe8,
  0x96,0x97,0x7e,0x6b,0x73,0xd5,0x65,0x1,0xef,0x73,0xeb,0x5f,0xff,0xf4,0x77,0xf3,
  0x7f,0xd0,0x2d,0x2f,0xfd,0xd6,0x3f,0xd,0xbc,0x15,0x57,0x5d,0xf5,0xaf,0x20,0xb8,
  0x24,0x78,0xed,0x5b,0xff,0xfa,0xa7,0xff,0x9a,0xab,0x78,0xf0,0x4b,0xbf,0xf5,0x71,
  0xc3,0x6f,0x19,0x5e,0x9a,0xab,0xfe,0xb3,0x7d,0xcf,0x6d,0x7f,0xfd,0xd3,0xef,0xcd,
  0x55,0x57,0xfd,0xeb,0x21,0xae,0xfa,0x17,0xdd,0xf2,0xd2,0x6f,0xfd,0xd3,0xc0,0x5b,
  0x71,0x15,0x82,0x5b,0x9f,0xf1,0xd7,0x3f,0xfd,0x10,0xfe,0xf,0x7a,0xf0,0x4b,0xbf,
  0xf5,0x71,0xc3,0xad,0x86,0x63,0x5c,0x75,0xd5,0x8b,0x40,0x70,0x49,0xf0,0xda,0xb7,
  0xfe,0xf5,0x4f,0xff,0x35,0x57,0xf1,0xe0,0x97,0x7e,0xeb,0xe3,0x86,0xdf,0x32,0xbc,
  0x34,0x57,0xfd,0x67,0xfb,0x9e,0xdb,0xfe,0xfa,0xa7,0xdf,0x9b,0xab,0xae,0xfa,0xb7,
  0x41,0x5c,0xf5,0x2f,0x7a,0xf0,0x4b,0xbf,0xf5,0x47,0x27,0x7c,0x15,0x57,0x5d,0x16,
  0xf0,0x3a,0xb7,0xfe,0xf5,0x4f,0xff,0x36,0xff,0x7,0x3d,0xf8,0xa5,0xdf,0xfa,0xb5,
  0x13,0x7e,0x8b,0xab,0xae,0xfa,0x17,0x8,0x2e,0x9,0x5e,0xfb,0xd6,0xbf,0xfe,0xe9,
  0xbf,0xe6,0x2a,0x1e,0xfc,0xd2,0x6f,0x7d,0xdc,0xf0,0x5b,0x86,0x97,0xe6,0xaa,0xff,
  0x6c,0xdf,0x73,0xdb,0x5f,0xff,0xf4,0x7b,0x73,0xd5,0x55,0xff,0x76,0x88,0xab,0xfe,
  0x45,0xf,0x7e,0xe9,0xb7,0x7e,0xe9,0x84,0xbf,0xe2,0xaa,0xfb,0xfd,0xcc,0x6d,0x7f,
  0xfd,0xd3,0x6f,0xcd,0xff,0x51,0xb7,0xbc,0xf4,0x5b,0x7f,0x36,0xf0,0x59,0x5c,0x75,
  0xd5,0xb,0x20,0xb8,0x24,0x78,0xed,0x5b,0xff,0xfa,0xa7,0xff,0x9a,0xab,0x78,0xf0,
  0x4b,0xbf,0xf5,0x71,0xc3,0x6f,0x19,0x5e,0x9a,0xab,0xfe,0xb3,0x7d,0xcf,0x6d,0x7f,
  0xfd,0xd3,0xef,0xcd,0x55,0x57,0xfd,0xfb,0x20,0xae,0x7a,0x91,0x3c,0xe8,0xa5,0xdf,
  0x7a,0xd7,0x70,0x8c,0xab,0x2e,0xb,0x78,0xc8,0xad,0x7f,0xfd,0xd3,0xb7,0xf2,0x7f,
  0xd4,0x2d,0x2f,0xfd,0xd6,0xdf,0xd,0xbc,0x17,0x57,0x5d,0xf5,0x5c,0x4,0x97,0x4,
  0xaf,0x7d,0xeb,0x5f,0xff,0xf4,0x5f,0x73,0x15,0xf,0x7e,0xe9,0xb7,0x3e,0x6e,0xf8,
  0x2d,0xc3,0x4b,0x73,0xd5,0x7f,0xb6,0xef,0xb9,0xed,0xaf,0x7f,0xfa,0xbd,0xb9,0xea,
  0xaa,0x7f,0x3f,0xc4,0x55,0x2f,0x92,0x5b,0x5e,0xfa,0xad,0xbf,0x1b,0x78,0x2f,0xae,
  0xba,0xdf,0xf7,0xdc,0xf6,0xd7,0x3f,0xfd,0xde,0xfc,0x1f,0x76,0xcb,0x4b,0xbf,0xf5,
  0x4f,0x3,0x6f,0xc5,0x55,0x57,0x3d,0x93,0xe0,0x92,0xe0,0xb5,0x6f,0xfd,0xeb,0x9f,
  0xfe,0x6b,0xae,0xe2,0xc1,0x2f,0xfd,0xd6,0xc7,0xd,0xbf,0x65,0x78,0x69,0xae,0xfa,
  0xcf,0xf6,0x3d,0xb7,0xfd,0xf5,0x4f,0xbf,0x37,0x57,0x5d,0xf5,0x1f,0x3,0x71,0xd5,
  0x8b,0xe4,0xc1,0x2f,0xfd,0xd6,0x6f,0x9d,0xf0,0x53,0x5c,0xf5,0x2c,0x1,0x27,0x6e,
  0xfd,0xeb,0x9f,0xde,0xe5,0xff,0xa8,0x7,0xbf,0xf4,0x5b,0x1f,0x37,0xfc,0xb6,0xe1,
  0xa5,0xb8,0xea,0xff,0x3d,0xc1,0x25,0xc1,0x6b,0xdf,0xfa,0xd7,0x3f,0xfd,0xd7,0x5c,
  0xc5,0x83,0x5f,0xfa,0xad,0x8f,0x1b,0x7e,0xcb,0xf0,0xd2,0x5c,0xf5,0x9f,0xed,0x7b,
  0x6e,0xfb,0xeb,0x9f,0x7e,0x6f,0xae,0xba,0xea,0x3f,0xe,0xe2,0xaa,0x17,0xd9,0x83,
  0x5e,0xfa,0xad,0x77,0xd,0xc7,0xb8,0xea,0x7e,0x9f,0x73,0xdb,0x5f,0xff,0xf4,0x67,
  0xf3,0x7f,0xd8,0x83,0x5f,0xfa,0xad,0x8f,0x1b,0x7e,0xdb,0xf0,0x52,0x5c,0xf5,0xff,
  0x96,0xe0,0x92,0xe0,0xb5,0x6f,0xfd,0xeb,0x9f,0xfe,0x6b,0xae,0xe2,0xc1,0x2f,0xfd,
  0xd6,0xc7,0xd,0xbf,0x65,0x78,0x69,0xae,0xfa,0xcf,0xf6,0x3d,0xb7,0xfd,0xf5,0x4f,
  0xbf,0x37,0x57,0x5d,0xf5,0x1f,0xb,0x71,0xd5,0x8b,0xec,0x96,0x97,0x7e,0xeb,0xef,
  0x6,0xde,0x8b,0xab,0x2e,0x13,0xec,0xa,0x1e,0x72,0xeb,0x5f,0xff,0xf4,0x2e,0xff,
  0x87,0x3d,0xf8,0xa5,0xdf,0xfa,0xc1,0x86,0xbf,0x36,0x1c,0xe3,0xaa,0xff,0x77,0x4,
  0x97,0x4,0xaf,0x7d,0xeb,0x5f,0xff,0xf4,0x5f,0x73,0x15,0xf,0x7e,0xe9,0xb7,0x3e,
  0x6e,0xf8,0x2d,0xc3,0x4b,0x73,0xd5,0x7f,0xb6,0xef,0xb9,0xed,0xaf,0x7f,0xfa,0xbd,
  0xb9,0xea,0xaa,0xff,0x78,0x88,0xab,0x5e,0x64,0xf,0x7e,0xe9,0xb7,0x7e,0xeb,0x84,
  0x9f,0xe2,0xaa,0x7,0xfa,0x9c,0xdb,0xfe,0xfa,0xa7,0x3f,0x9b,0xff,0xe3,0x1e,0xfc,
  0xd2,0x6f,0xfd,0xd2,0x86,0xdf,0x36,0x1c,0xe3,0xaa,0xff,0x37,0x4,0x97,0x4,0xaf,
  0x7d,0xeb,0x5f,0xff,0xf4,0x5f,0x73,0x15,0xf,0x7e,0xe9,0xb7,0x3e,0x6e,0xf8,0x2d,
  0xc3,0x4b,0x73,0xd5,0x7f,0xb6,0xef,0xb9,0xed,0xaf,0x7f,0xfa,0xbd,0xb9,0xea,0xaa,
  0xff,0x1c,0x88,0xab,0x5e,0x64,0xf,0x7e,0xe9,0xb7,0x3e,0x9e,0x70,0x91,0xab,0x9e,
  0x45,0xb0,0x2b,0x78,0xc8,0xad,0x7f,0xfd,0xd3,0xbb,0xfc,0x1f,0xf7,0xe0,0x97,0x7e,
  0xeb,0x97,0x36,0xfc,0xb6,0xe1,0x18,0x57,0xfd,0x9f,0x27,0xb8,0x24,0x78,0xed,0x5b,
  0xff,0xfa,0xa7,0xff,0x9a,0xab,0x78,0xf0,0x4b,0xbf,0xf5,0x71,0xc3,0x6f,0x19,0x5e,
  0x9a,0xab,0xfe,0xb3,0x7d,0xcf,0x6d,0x7f,0xfd,0xd3,0xef,0xcd,0x55,0x57,0xfd,0xe7,
  0x41,0x5c,0xf5,0xaf,0x72,0xcb,0x4b,0xbf,0xf5,0x4f,0x3,0x6f,0xc5,0x55,0xf,0xf4,
  0x39,0xb7,0xfd,0xf5,0x4f,0x7f,0x36,0xff,0xf,0x3c,0xf8,0xa5,0xdf,0xfa,0xa5,0xd,
  0xbf,0x6d,0x38,0xc6,0x55,0xff,0x67,0x9,0xfe,0x46,0xf0,0xd6,0xb7,0xfe,0xf5,0x4f,
  0xdf,0xca,0x55,0x3c,0xf8,0xa5,0xdf,0xfa,0xb8,0xe1,0xb7,0xc,0x2f,0xcd,0x55,0xff,
  0xd9,0xbe,0xe7,0xb6,0xbf,0xfe,0xe9,0xf7,0xe6,0xaa,0xab,0xfe,0x73,0x21,0xae,0xfa,
  0x57,0x79,0xf0,0x4b,0xbf,0xf5,0x7b,0x27,0x7c,0x17,0x57,0x3d,0x87,0x80,0x87,0xdc,
  0xfa,0xd7,0x3f,0x7d,0x2b,0xff,0xf,0x3c,0xf8,0xa5,0xdf,0xfa,0xc1,0x86,0x9f,0x36,
  0xbc,0x14,0x57,0xfd,0x9f,0x23,0xf8,0x1b,0xc1,0x6b,0xdf,0xfa,0xd7,0x3f,0xbd,0xcb,
  0x55,0x3c,0xf8,0xa5,0xdf,0xfa,0xb8,0xe1,0xb7,0xc,0x2f,0xcd,0x55,0xff,0xd9,0xbe,
  0xe7,0xb6,0xbf,0xfe,0xe9,0xf7,0xe6,0xaa,0xab,0xfe,0xf3,0x21,0xae,0xfa,0x57,0x79,
  0xf0,0x4b,0xbf,0xf5,0xf1,0x84,0x8b,0x5c,0xf5,0xdc,0xbe,0xe7,0xb6,0xbf,0xfe,0xe9,
  0xf7,0xe6,0xff,0x89,0x7,0xbf,0xf4,0x5b,0x1f,0x37,0xfc,0xb6,0xe1,0xa5,0xb8,0xea,
  0xff,0x92,0x9f,0x9,0x78,0xef,0x5b,0xff,0xfa,0xa7,0x77,0xb9,0x8a,0x7,0xbf,0xf4,
  0x5b,0x1f,0x37,0xfc,0x96,0xe1,0xa5,0xb9,0xea,0x3f,0xdb,0xf7,0xdc,0xf6,0xd7,0x3f,
  0xfd,0xde,0x5c,0x75,0xd5,0x7f,0xd,0xc4,0x55,0xff,0x6a,0xb7,0xbc,0xf4,0x5b,0xff,
  0x34,0xf0,0x56,0x5c,0xf5,0x1c,0x2,0x5e,0xe7,0xd6,0xbf,0xfe,0xe9,0xdf,0xe6,0xff,
  0x89,0x7,0xbf,0xf4,0x5b,0x1f,0x4f,0xf8,0x6e,0xe0,0xad,0xb8,0xea,0xff,0x82,0xef,
  0xb9,0xed,0xaf,0x7f,0xfa,0xbd,0xb9,0xea,0xb2,0x7,0xbf,0xf4,0x5b,0x1f,0x37,0xfc,
  0x96,0xe1,0xa5,0xb9,0xea,0x3f,0xdb,0xf7,0xdc,0xf6,0xd7,0x3f,0xfd,0xde,0x5c,0x75,
  0xd5,0x7f,0x1d,0xc4,0x55,0xff,0x6a,0xf,0x7e,0xe9,0xb7,0x7e,0xef,0x84,0xef,0xe2,
  0xaa,0xe7,0x20,0xf8,0xed,0x67,0xfc,0xf5,0x4f,0xbf,0xe,0xff,0xcf,0xdc,0xf2,0xd2,
  0x6f,0xfd,0xdd,0xc0,0x7b,0x71,0xd5,0xff,0x66,0xdf,0x73,0xdb,0x5f,0xff,0xf4,0x7b,
  0x73,0xd5,0x65,0xf,0x7e,0xe9,0xb7,0x3e,0x6e,0xf8,0x2d,0xc3,0x4b,0x73,0xd5,0x7f,
  0xb6,0xef,0xb9,0xed,0xaf,0x7f,0xfa,0xbd,0xb9,0xea,0xaa,0xff,0x5a,0x88,0xab,0xfe,
  0x4d,0x1e,0xf4,0xd2,0x6f,0xbd,0x6b,0x38,0xc6,0x55,0xcf,0x21,0xe0,0x6d,0x6e,0xfd,
  0xeb,0x9f,0xfe,0x69,0xfe,0x9f,0xb9,0xe5,0xa5,0xdf,0xfa,0xb3,0x81,0xcf,0xe2,0xaa,
  0xff,0x75,0x2,0xde,0xe7,0xd6,0xbf,0xfe,0xe9,0xef,0xe6,0xaa,0xcb,0x1e,0xfc,0xd2,
  0x6f,0x7d,0xdc,0xf0,0x5b,0x86,0x97,0xe6,0xaa,0xff,0x6c,0xdf,0x73,0xdb,0x5f,0xff,
  0xf4,0x7b,0x73,0xd5,0x55,0xff,0xf5,0x10,0x57,0xfd,0x9b,0xdc,0xf2,0xd2,0x6f,0xfd,
  0xdd,0xc0,0x7b,0x71,0xd5,0x73,0x10,0xdc,0xfa,0x8c,0xbf,0xfe,0xe9,0x87,0xf0,0xff,
  0xd0,0x83,0x5f,0xfa,0xad,0x5f,0xdb,0xf0,0xd3,0x86,0x63,0x5c,0xf5,0x3f,0x9e,0xe0,
  0x19,0x82,0xb7,0xbe,0xf5,0xaf,0x7f,0xfa,0xaf,0xb9,0xea,0xb2,0x7,0xbf,0xf4,0x5b,
  0x1f,0x37,0xfc,0x96,0xe1,0xa5,0xb9,0xea,0x3f,0xdb,0xf7,0xdc,0xf6,0xd7,0x3f,0xfd,
  0xde,0x5c,0x75,0xd5,0x7f,0xf,0xc4,0x55,0xff,0x26,0xf,0x7e,0xe9,0xb7,0x7e,0xe9,
  0x84,0xbf,0xe2,0xaa,0xe7,0xe7,0x73,0x6e,0xfb,0xeb,0x9f,0xfe,0x6c,0xfe,0x1f,0x7a,
  0xf0,0x4b,0xbf,0xf5,0x71,0xc3,0x4f,0x1b,0x5e,0x8b,0xab,0xfe,0x27,0xfb,0x99,0x80,
  0xf7,0xbe,0xf5,0xaf,0x7f,0x7a,0x97,0xab,0x2e,0x7b,0xf0,0x4b,0xbf,0xf5,0x71,0xc3,
  0x6f,0x19,0x5e,0x9a,0xab,0xfe,0xb3,0x7d,0xcf,0x6d,0x7f,0xfd,0xd3,0xef,0xcd,0x55,
  0x57,0xfd,0xf7,0x41,0x5c,0xf5,0x6f,0xf6,0xa0,0x97,0x7e,0xeb,0xbf,0x36,0xbc,0x14,
  0x57,0x3d,0x8f,0x80,0x87,0xdc,0xfa,0xd7,0x3f,0x7d,0x2b,0xff,0x4f,0xdd,0xf2,0xd2,
  0x6f,0xfd,0xd9,0xc0,0x67,0x71,0xd5,0xff,0x28,0x82,0x4b,0x82,0x8f,0xbe,0xf5,0xaf,
  0x7f,0xfa,0xbb,0xb9,0xea,0x59,0x1e,0xfc,0xd2,0x6f,0x7d,0xdc,0xf0,0x5b,0x86,0x97,
  0xe6,0xaa,0xff,0x6c,0xdf,0x73,0xdb,0x5f,0xff,0xf4,0x7b,0x73,0xd5,0x55,0xff,0xbd,
  0x10,0x57,0xfd,0x9b,0x3d,0xf8,0xa5,0xdf,0xfa,0xa3,0x13,0xbe,0x8a,0xab,0x9e,0x87,
  0xe0,0xb7,0x9f,0xf1,0xd7,0x3f,0xfd,0x3a,0xfc,0x3f,0xf6,0xe0,0x97,0x7e,0xeb,0x97,
  0x36,0xfc,0xb4,0xe1,0x41,0x5c,0xf5,0xdf,0x4e,0xf0,0x37,0x82,0xf7,0xbe,0xf5,0xaf,
  0x7f,0xfa,0xaf,0xb9,0xea,0x59,0x1e,0xfc,0xd2,0x6f,0x7d,0xdc,0xf0,0x5b,0x86,0x97,
  0xe6,0xaa,0xff,0x6c,0xdf,0x73,0xdb,0x5f,0xff,0xf4,0x7b,0x73,0xd5,0x55,0xff,0xfd,
  0x10,0x57,0xfd,0x9b,0x3d,0xf8,0xa5,0xdf,0xfa,0x78,0xc2,0x45,0xae,0x7a,0xbe,0x2,
  0xde,0xe7,0xd6,0xbf,0xfe,0xe9,0xef,0xe6,0xff,0xb1,0x7,0xbf,0xf4,0x5b,0x1f,0x4f,
  0xf8,0x6e,0xe0,0xad,0xb8,0xea,0xbf,0xd3,0xd7,0x4,0x7c,0xf6,0xad,0x7f,0xfd,0xd3,
  0xbb,0x5c,0xf5,0x2c,0xf,0x7e,0xe9,0xb7,0x3e,0x6e,0xf8,0x2d,0xc3,0x4b,0x73,0xd5,
  0x7f,0xb6,0xef,0xb9,0xed,0xaf,0x7f,0xfa,0xbd,0xb9,0xea,0xaa,0xff,0x19,0x10,0x57,
  0xfd,0xbb,0xdc,0xf2,0xd2,0x6f,0xfd,0xd3,0xc0,0x5b,0x71,0xd5,0xf3,0x10,0xec,0xa,
  0x1e,0x72,0xeb,0x5f,0xff,0xf4,0x2e,0xff,0xcf,0x3d,0xf8,0xa5,0xdf,0xfa,0xb5,0xd,
  0xdf,0x6d,0x78,0x10,0x57,0xfd,0x97,0x11,0xfc,0x8e,0xe0,0xb3,0x6f,0xfd,0xeb,0x9f,
  0xfe,0x6d,0xae,0x7a,0xe,0xf,0x7e,0xe9,0xb7,0x3e,0x6e,0xf8,0x2d,0xc3,0x4b,0x73,
  0xd5,0x7f,0xb6,0xef,0xb9,0xed,0xaf,0x7f,0xfa,0xbd,0xb9,0xea,0xaa,0xff,0x39,0x10,
  0x57,0xfd,0xbb,0x3c,0xf8,0xa5,0xdf,0xfa,0xad,0x13,0x7e,0x8a,0xab,0x9e,0x2f,0xc1,
  0x4f,0x3f,0xe3,0xaf,0x7f,0xfa,0x6d,0xb8,0xea,0xb2,0x5b,0x5e,0xfa,0xad,0x3f,0x5b,
  0xf0,0xd1,0x86,0x63,0x5c,0xf5,0x9f,0x46,0x70,0x49,0xf0,0xd1,0xb7,0xfe,0xf5,0x4f,
  0x7f,0x37,0x57,0x3d,0x8f,0x7,0xbf,0xf4,0x5b,0x1f,0x37,0xfc,0x96,0xe1,0xa5,0xb9,
  0xea,0x3f,0xdb,0xf7,0xdc,0xf6,0xd7,0x3f,0xfd,0xde,0x5c,0x75,0xd5,0xff,0x2c,0x88,
  0xab,0xfe,0xdd,0x1e,0xf4,0xd2,0x6f,0x7d,0xab,0xe1,0x41,0x5c,0xf5,0x7c,0x5,0xbc,
  0xcf,0xad,0x7f,0xfd,0xd3,0xdf,0xcd,0x55,0x97,0x3d,0xf8,0xa5,0xdf,0xfa,0x78,0xc2,
  0x57,0x3,0xef,0xc5,0x55,0xff,0x19,0xbe,0x26,0xe0,0xb3,0x6f,0xfd,0xeb,0x9f,0xde,
  0xe5,0xaa,0xe7,0xf1,0xe0,0x97,0x7e,0xeb,0xe3,0x86,0xdf,0x32,0xbc,0x34,0x57,0xfd,
  0x67,0xfb,0x9e,0xdb,0xfe,0xfa,0xa7,0xdf,0x9b,0xab,0xae,0xfa,0x9f,0x7,0x71,0xd5,
  0xbf,0xdb,0x83,0x5f,0xfa,0xad,0x3f,0x3a,0xe1,0xab,0xb8,0xea,0xf9,0x12,0xec,0xa,
  0x5e,0xe6,0xd6,0xbf,0xfe,0xe9,0x5b,0xb9,0xea,0x59,0x1e,0xfc,0xd2,0x6f,0xfd,0xda,
  0x86,0xaf,0x36,0xbc,0x14,0x57,0xfd,0xbb,0x9,0x7e,0x47,0xf0,0xd1,0xb7,0xfe,0xf5,
  0x4f,0xff,0x35,0x57,0x3d,0x5f,0xf,0x7e,0xe9,0xb7,0x3e,0x6e,0xf8,0x2d,0xc3,0x4b,
  0x73,0xd5,0x7f,0xb6,0xef,0xb9,0xed,0xaf,0x7f,0xfa,0xbd,0xb9,0xea,0xaa,0xff,0x99,
  0x10,0x57,0xfd,0xbb,0x3d,0xf8,0xa5,0xdf,0xfa,0xb8,0xe1,0x56,0xc3,0x31,0xae,0x7a,
  0xbe,0x4,0xbf,0xfd,0x8c,0xbf,0xfe,0xe9,0xd7,0xe1,0xaa,0xe7,0xf1,0xe0,0x97,0x7e,
  0xeb,0xf7,0x36,0x7c,0xb4,0xe1,0xa5,0xb8,0xea,0x5f,0x4d,0xf0,0x3b,0x82,0xcf,0xbe,
  0xf5,0xaf,0x7f,0xfa,0xb7,0xb9,0xea,0x5,0x7a,0xf0,0x4b,0xbf,0xf5,0x71,0xc3,0x6f,
  0x19,0x5e,0x9a,0xab,0xfe,0xb3,0x7d,0xcf,0x6d,0x7f,0xfd,0xd3,0xef,0xcd,0x55,0x57,
  0xfd,0xcf,0x85,0xb8,0xea,0x3f,0xc4,0x2d,0x2f,0xfd,0xd6,0xdf,0xd,0xbc,0x17,0x57,
  0xbd,0x40,0x1,0x1f,0x73,0xeb,0x5f,0xff,0xf4,0x57,0x73,0xd5,0xf3,0xf5,0xe0,0x97,
  0x7e,0xeb,0xd7,0x36,0x7c,0xb6,0xe1,0xb5,0xb8,0xea,0x45,0xf1,0x33,0x1,0x5f,0x7d,
  0xeb,0x5f,0xff,0xf4,0x6f,0x73,0xd5,0xb,0xf5,0xe0,0x97,0x7e,0xeb,0xe3,0x86,0xdf,
  0x32,0xbc,0x34,0x57,0xfd,0x67,0xfb,0x9e,0xdb,0xfe,0xfa,0xa7,0xdf,0x9b,0xab,0xae,
  0xfa,0x9f,0xd,0x71,0xd5,0x7f,0x88,0x7,0xbf,0xf4,0x5b,0x3f,0x38,0xe1,0xe9,0x5c,
  0xf5,0x42,0x5,0xbc,0xcc,0xad,0x7f,0xfd,0xd3,0x7f,0xcd,0x55,0x2f,0xd0,0x83,0x5f,
  0xfa,0xad,0x5f,0x3b,0xe1,0xbd,0x81,0xf7,0xe2,0xaa,0xe7,0xe7,0x7b,0x2,0x3e,0xfb,
  0xd6,0xbf,0xfe,0xe9,0x5b,0xb9,0xea,0x5f,0xf4,0xe0,0x97,0x7e,0xeb,0xe3,0x86,0xdf,
  0x32,0xbc,0x34,0x57,0xfd,0x67,0xfb,0x9e,0xdb,0xfe,0xfa,0xa7,0xdf,0x9b,0xab,0xae,
  0xfa,0x9f,0xf,0x71,0xd5,0x7f,0x98,0x5b,0x5e,0xfa,0xad,0x7f,0x1a,0x78,0x2b,0xae,
  0x7a,0x81,0x4,0xb7,0xa,0x5e,0xe6,0xd6,0xbf,0xfe,0xe9,0x5d,0xae,0x7a,0xa1,0x1e,
  0xfc,0xd2,0x6f,0xfd,0xe0,0x84,0xcf,0x16,0xbc,0xb5,0xe1,0x18,0xff,0x8f,0x9,0x2e,
  0x19,0xbe,0x3a,0xe0,0xbb,0x6f,0xfd,0xeb,0x9f,0xbe,0x95,0xab,0x5e,0x24,0xf,0x7e,
  0xe9,0xb7,0x3e,0x6e,0xf8,0x2d,0xc3,0x4b,0x73,0xd5,0x7f,0xb6,0xef,0xb9,0xed,0xaf,
  0x7f,0xfa,0xbd,0xb9,0xea,0xaa,0xff,0x1d,0x10,0x57,0xfd,0x87,0x79,0xf0,0x4b,0xbf,
  0xf5,0x6b,0x27,0xfc,0x16,0x57,0xbd,0x50,0x82,0x9f,0x7e,0xc6,0x5f,0xff,0xf4,0xdb,
  0x70,0xd5,0x8b,0xec,0xc1,0x2f,0xfd,0xd6,0xef,0x9d,0xf0,0xd6,0xc0,0x5b,0xf1,0xff,
  0x84,0xe0,0x92,0xe1,0xa7,0x3,0x7e,0xfa,0xd6,0xbf,0xfe,0xe9,0x9f,0xe6,0xaa,0x7f,
  0x95,0x7,0xbf,0xf4,0x5b,0x1f,0x37,0xfc,0x96,0xe1,0xa5,0xb9,0xea,0x3f,0xdb,0xf7,
  0xdc,0xf6,0xd7,0x3f,0xfd,0xde,0x5c,0x75,0xd5,0xff,0x1e,0x88,0xab,0xfe,0x43,0x3d,
  0xe8,0xa5,0xdf,0xfa,0x56,0xc3,0x83,0xb8,0xea,0x85,0xa,0xf8,0x98,0x5b,0xff,0xfa,
  0xa7,0xbf,0x9a,0xab,0xfe,0x55,0x1e,0xfc,0xd2,0x6f,0x7d,0x1c,0x78,0xeb,0x84,0xb7,
  0x6,0xde,0x8a,0xff,0x9b,0x7e,0x26,0xe0,0xa7,0x81,0x9f,0xbe,0xf5,0xaf,0x7f,0x7a,
  0x97,0xab,0xfe,0xd5,0x1e,0xfc,0xd2,0x6f,0x7d,0xdc,0xf0,0x5b,0x86,0x97,0xe6,0xaa,
  0xff,0x6c,0xdf,0x73,0xdb,0x5f,0xff,0xf4,0x7b,0x73,0xd5,0x55,0xff,0xbb,0x20,0xae,
  0xfa,0xf,0xf5,0xe0,0x97,0x7e,0xeb,0xf7,0x4e,0xf8,0x2e,0xae,0xfa,0x17,0x5,0xbc,
  0xce,0xad,0x7f,0xfd,0xd3,0xbf,0xcd,0x55,0xff,0x26,0xf,0x7e,0xe9,0xb7,0x7e,0x30,
  0xf0,0xd6,0x86,0xb7,0x6,0x5e,0xda,0x70,0x8c,0xff,0x85,0x4,0x97,0xc,0xbf,0x1d,
  0xf0,0xd3,0xc0,0x4f,0xdf,0xfa,0xd7,0x3f,0xbd,0xcb,0x55,0xff,0x66,0xf,0x7e,0xe9,
  0xb7,0x3e,0x6e,0xf8,0x2d,0xc3,0x4b,0x73,0xd5,0x7f,0xb6,0xef,0xb9,0xed,0xaf,0x7f,
  0xfa,0xbd,0xb9,0xea,0xaa,0xff,0x7d,0x10,0x57,0xfd,0x87,0x7b,0xd0,0x4b,0xbf,0xf5,
  0xad,0x86,0x7,0x71,0xd5,0xb,0x25,0xd8,0x15,0x3c,0xe4,0xd6,0xbf,0xfe,0xe9,0x5d,
  0xae,0xfa,0x77,0x7b,0xf0,0x4b,0xbf,0xf5,0x4b,0x3,0xaf,0x9d,0xf0,0xda,0x82,0xd7,
  0x36,0x1c,0xe3,0x7f,0x20,0xc1,0x25,0xc3,0x6f,0x7,0xfc,0x36,0xf0,0xdb,0xb7,0xfe,
  0xf5,0x4f,0xff,0x35,0x57,0xfd,0x87,0x78,0xf0,0x4b,0xbf,0xf5,0x71,0xc3,0x6f,0x19,
  0x5e,0x9a,0xab,0xfe,0xb3,0x7d,0xcf,0x6d,0x7f,0xfd,0xd3,0xef,0xcd,0x55,0x57,0xfd,
  0xef,0x84,0xb8,0xea,0x3f,0xdc,0x83,0x5f,0xfa,0xad,0xdf,0x3b,0xe1,0xbb,0xb8,0xea,
  0x5f,0x24,0xf8,0x6b,0xc1,0xeb,0xdc,0xfa,0xd7,0x3f,0xbd,0xcb,0x55,0xff,0xa1,0x1e,
  0xfc,0xd2,0x6f,0xfd,0xd2,0xc0,0x6b,0x27,0xbc,0xb4,0xe0,0xc1,0xc0,0x4b,0x1b,0x8e,
  0xf1,0x5f,0x48,0x70,0x9,0xf8,0x6b,0xc3,0xad,0x1,0xbf,0xd,0xfc,0xf5,0xad,0x7f,
  0xfd,0xd3,0x7f,0xcd,0x55,0xff,0xe1,0x1e,0xfc,0xd2,0x6f,0xfd,0xd2,0x86,0xef,0x32,
  0xbc,0x34,0x57,0xfd,0x67,0xfb,0x9e,0xdb,0xfe,0xfa,0xa7,0xdf,0x9b,0xab,0xae,0xfa,
  0xdf,0xb,0x71,0xd5,0x7f,0x8a,0x7,0xbd,0xf4,0x5b,0xdf,0x6a,0x78,0x10,0x57,0xbd,
  0x28,0xbe,0xfb,0xb6,0xbf,0xfe,0xe9,0xf7,0xe1,0xaa,0xff,0x12,0xf,0x7e,0xe9,0xb7,
  0x7e,0x6d,0xe0,0xc1,0x9,0xf,0x6,0x5e,0x5a,0x70,0x9c,0x2b,0x5e,0xda,0x70,0x8c,
  0x7f,0x5,0xc1,0x25,0xe0,0xaf,0x1,0xc,0xb7,0x2,0xb7,0x6,0xfc,0x35,0xb0,0x7b,
  0xeb,0x5f,0xff,0xf4,0x6f,0x73,0xd5,0x7f,0x89,0x7,0xbf,0xf4,0x5b,0xbf,0xb4,0xe1,
  0xb7,0xc,0xc7,0xb9,0xea,0x3f,0xdb,0xf7,0xdc,0xf6,0xd7,0x3f,0xfd,0xde,0x5c,0x75,
  0xd5,0xff,0x6e,0x88,0xab,0xfe,0x53,0x3c,0xf8,0xa5,0xdf,0xfa,0xbd,0x13,0xbe,0x8b,
  0xab,0x5e,0x54,0x5f,0x73,0xdb,0x5f,0xff,0xf4,0x47,0x73,0xd5,0xff,0x28,0xf,0x7e,
  0xe9,0xb7,0x7e,0x30,0xf0,0x60,0xae,0xb8,0xf5,0xd6,0xbf,0xfe,0xe9,0x5b,0xb9,0xea,
  0x7f,0x94,0x7,0xbf,0xf4,0x5b,0xbf,0xb4,0xe1,0xb7,0xc,0xc7,0xb9,0xea,0x3f,0xdb,
  0xf7,0xdc,0xf6,0xd7,0x3f,0xfd,0xde,0x5c,0x75,0xd5,0xff,0x7e,0x88,0xab,0xfe,0xd3,
  0x3c,0xe8,0xa5,0xdf,0xfa,0x56,0xc3,0x83,0xb8,0xea,0x45,0x12,0xf0,0x3e,0xb7,0xfe,
  0xf5,0x4f,0x7f,0x37,0x57,0x5d,0x75,0xd5,0x8b,0xe4,0xc1,0x2f,0xfd,0xd6,0x2f,0x6d,
  0xf8,0x2d,0xc3,0x71,0xae,0xfa,0xcf,0xf6,0x3d,0xb7,0xfd,0xf5,0x4f,0xbf,0x37,0x57,
  0x5d,0xf5,0x7f,0x3,0xe2,0xaa,0xff,0x34,0xf,0x7e,0xe9,0xb7,0x7e,0xef,0x84,0xef,
  0xe2,0xaa,0x17,0x59,0xc0,0xeb,0xdc,0xfa,0xd7,0x3f,0xfd,0xdb,0x5c,0x75,0xd5,0x55,
  0x2f,0xd4,0x83,0x5f,0xfa,0xad,0x5f,0xda,0xf0,0x5b,0x86,0xe3,0x5c,0xf5,0x9f,0xed,
  0x7b,0x6e,0xfb,0xeb,0x9f,0x7e,0x6f,0xae,0xba,0xea,0xff,0xe,0xc4,0x55,0xff,0xa9,
  0x1e,0xf4,0xd2,0x6f,0x7d,0xab,0xe1,0x41,0x5c,0xf5,0x22,0x11,0xec,0xa,0x5e,0xe7,
  0xd6,0xbf,0xfe,0xe9,0xbf,0xe6,0xaa,0xab,0xae,0x7a,0xbe,0x1e,0xfc,0xd2,0x6f,0xfd,
  0xd2,0x86,0xdf,0x32,0x1c,0xe7,0xaa,0xff,0x6c,0xdf,0x73,0xdb,0x5f,0xff,0xf4,0x7b,
  0x73,0xd5,0x55,0xff,0xb7,0x20,0xae,0xfa,0x4f,0xf5,0xe0,0x97,0x7e,0xeb,0x8f,0x4e,
  0xf8,0x2a,0xae,0x7a,0x91,0x9,0x76,0x5,0xaf,0x73,0xeb,0x5f,0xff,0xf4,0x5f,0x73,
  0xd5,0x55,0x57,0x3d,0x87,0x7,0xbf,0xf4,0x5b,0xbf,0xb4,0xe1,0xb7,0xc,0xc7,0xb9,
  0xea,0x3f,0xdb,0xf7,0xdc,0xf6,0xd7,0x3f,0xfd,0xde,0x5c,0x75,0xd5,0xff,0x3d,0x88,
  0xab,0xfe,0x53,0x3d,0xf8,0xa5,0xdf,0xfa,0xb8,0xe1,0xaf,0xd,0xf,0xe2,0xaa,0x17,
  0x99,0x60,0x57,0xf0,0x3a,0xb7,0xfe,0xf5,0x4f,0xff,0x35,0x57,0x5d,0x75,0xd5,0x65,
  0xf,0x7e,0xe9,0xb7,0x7e,0x69,0xc3,0x6f,0x19,0x8e,0x73,0xd5,0x7f,0xb6,0xef,0xb9,
  0xed,0xaf,0x7f,0xfa,0xbd,0xb9,0xea,0xaa,0xff,0x9b,0x10,0x57,0xfd,0xa7,0x7b,0xf0,
  0x4b,0xbf,0xf5,0x7b,0x27,0x7c,0x17,0x57,0xfd,0xab,0x8,0x6e,0x15,0xbc,0xcc,0xad,
  0x7f,0xfd,0xd3,0xbb,0x5c,0x75,0xd5,0xff,0x73,0xf,0x7e,0xe9,0xb7,0x7e,0x69,0xc3,
  0x6f,0x19,0x8e,0x73,0xd5,0x7f,0xb6,0xef,0xb9,0xed,0xaf,0x7f,0xfa,0xbd,0xb9,0xea,
  0xaa,0xff,0xbb,0x10,0x57,0xfd,0x97,0x78,0xd0,0x4b,0xbf,0xf5,0x5f,0x1b,0x5e,0x8a,
  0xab,0xfe,0x55,0x4,0x7f,0x2d,0x78,0x9d,0x5b,0xff,0xfa,0xa7,0x77,0xb9,0xea,0xaa,
  0xff,0xa7,0x1e,0xfc,0xd2,0x6f,0xfd,0xd2,0x86,0xdf,0x32,0x1c,0xe7,0xaa,0xff,0x6c,
  0xdf,0x73,0xdb,0x5f,0xff,0xf4,0x7b,0x73,0xd5,0x55,0xff,0xb7,0x21,0xae,0xfa,0x2f,
  0xf1,0xe0,0x97,0x7e,0xeb,0xd7,0x4e,0xf8,0x2d,0xae,0xfa,0x57,0x13,0xfc,0xb5,0xe0,
  0x75,0x6e,0xfd,0xeb,0x9f,0xde,0xe5,0xaa,0xab,0xfe,0x9f,0x79,0xf0,0x4b,0xbf,0xf5,
  0x4b,0x1b,0x7e,0xcb,0x70,0x9c,0xab,0xfe,0xb3,0x7d,0xcf,0x6d,0x7f,0xfd,0xd3,0xef,
  0xcd,0x55,0x57,0xfd,0xdf,0x87,0xb8,0xea,0xbf,0xcc,0x83,0x5e,0xfa,0xad,0x7f,0xdb,
  0xf0,0x5a,0x5c,0xf5,0xaf,0x26,0xf8,0x6b,0xc1,0xeb,0xdc,0xfa,0xd7,0x3f,0xbd,0xcb,
  0x55,0x57,0xfd,0x3f,0xf1,0xe0,0x97,0x7e,0xeb,0x97,0x36,0xfc,0x96,0xe1,0x38,0x57,
  0xfd,0x67,0xfb,0x9e,0xdb,0xfe,0xfa,0xa7,0xdf,0x9b,0xab,0xae,0xfa,0xff,0x1,0x71,
  0xd5,0x7f,0x99,0x7,0xbf,0xf4,0x5b,0x3f,0x38,0xe1,0xe9,0x5c,0xf5,0x6f,0x22,0xb8,
  0x55,0xf0,0x36,0xb7,0xfe,0xf5,0x4f,0xff,0x35,0x57,0x5d,0xf5,0x7f,0xdc,0x83,0x5f,
  0xfa,0xad,0x5f,0xda,0xf0,0x5b,0x86,0xe3,0x5c,0xf5,0x9f,0xed,0x7b,0x6e,0xfb,0xeb,
  0x9f,0x7e,0x6f,0xae,0xba,0xea,0xff,0xf,0xc4,0x55,0xff,0xa5,0x6e,0x79,0xe9,0xb7,
  0xfe,0x6a,0xe0,0xa3,0xb8,0xea,0xdf,0x44,0xb0,0x2b,0x78,0x9d,0x5b,0xff,0xfa,0xa7,
  0xff,0x9a,0xab,0xae,0xfa,0x3f,0xea,0xc1,0x2f,0xfd,0xd6,0x2f,0x6d,0xf8,0x2d,0xc3,
  0x71,0xae,0xfa,0xcf,0xf6,0x3d,0xb7,0xfd,0xf5,0x4f,0xbf,0x37,0x57,0x5d,0xf5,0xff,
  0xb,0xe2,0xaa,0xff,0x52,0xf,0x7e,0xe9,0xb7,0x3e,0x6e,0xb8,0xd5,0x70,0x8c,0xab,
  0xfe,0x4d,0x4,0xbb,0x82,0xd7,0xb9,0xf5,0xaf,0x7f,0xfa,0xaf,0xb9,0xea,0xaa,0xff,
  0x63,0x1e,0xfc,0xd2,0x6f,0xfd,0xd2,0x86,0xdf,0x32,0x1c,0xe7,0xaa,0xff,0x6c,0xdf,
  0x73,0xdb,0x5f,0xff,0xf4,0x7b,0x73,0xd5,0x55,0xff,0xff,0x20,0xae,0xfa,0x2f,0x77,
  0xcb,0x4b,0xbf,0xf5,0x67,0x3,0x9f,0xc5,0x55,0xff,0x66,0x82,0x5d,0xc1,0xdb,0xdc,
  0xfa,0xd7,0x3f,0xfd,0xdb,0x5c,0x75,0xd5,0xff,0x11,0xf,0x7e,0xe9,0xb7,0x7e,0xef,
  0x84,0xef,0xe2,0xaa,0xff,0xa,0xdf,0x73,0xdb,0x5f,0xff,0xf4,0x7b,0x73,0xd5,0x55,
  0xff,0x3f,0x21,0xae,0xfa,0x6f,0xf1,0xa0,0x97,0x7e,0xeb,0xbf,0x36,0xbc,0x14,0x57,
  0xfd,0xbb,0x4,0xbc,0xcf,0xad,0x7f,0xfd,0xd3,0xdf,0xcd,0x55,0x57,0xfd,0x2f,0xf7,
  0xe0,0x97,0x7e,0xeb,0x8f,0x4a,0xf8,0x6a,0xae,0xfa,0xaf,0xf0,0x3d,0xb7,0xfd,0xf5,
  0x4f,0xbf,0x37,0x57,0x5d,0xf5,0xff,0x17,0xe2,0xaa,0xff,0x16,0xf,0x7e,0xe9,0xb7,
  0x7e,0xed,0x84,0xdf,0xe2,0xaa,0xff,0x8,0x5f,0x7d,0xdb,0x5f,0xff,0xf4,0xc7,0x70,
  0xd5,0x55,0xff,0x4b,0xdd,0xf2,0xd2,0x6f,0xfd,0x5d,0xc0,0x7b,0x73,0xd5,0x7f,0x85,
  0xef,0xb9,0xed,0xaf,0x7f,0xfa,0xbd,0xb9,0xea,0xaa,0xff,0xdf,0x10,0x57,0xfd,0xb7,
  0xb9,0xe5,0xa5,0xdf,0xfa,0xab,0x81,0x8f,0xe2,0xaa,0xff,0x8,0xdf,0x7d,0xdb,0x5f,
  0xff,0xf4,0xfb,0x70,0xd5,0x55,0xff,0x8b,0x3c,0xf8,0xa5,0xdf,0xfa,0xb8,0xe1,0xa7,
  0xc,0xaf,0xcd,0x55,0xff,0x15,0xbe,0xe7,0xb6,0xbf,0xfe,0xe9,0xf7,0xe6,0xaa,0xab,
  0xae,0x42,0x5c,0xf5,0xdf,0xe6,0xc1,0x2f,0xfd,0xd6,0xc7,0xd,0xb7,0x1a,0x8e,0x71,
  0xd5,0xbf,0x9b,0xe0,0xaf,0x5,0xaf,0x73,0xeb,0x5f,0xff,0xf4,0x2e,0x57,0x5d,0xf5,
  0x3f,0xdc,0x83,0x5f,0xfa,0xad,0x1f,0x6c,0xf8,0x29,0xc3,0x4b,0x73,0xd5,0x7f,0x85,
  0xef,0xb9,0xed,0xaf,0x7f,0xfa,0xbd,0xb9,0xea,0xaa,0xab,0x0,0x10,0x57,0xfd,0xb7,
  0x7a,0xf0,0x4b,0xbf,0xf5,0x5b,0x27,0xfc,0x14,0x57,0xfd,0x87,0x10,0xec,0xa,0x5e,
  0xe7,0xd6,0xbf,0xfe,0xe9,0xbf,0xe6,0xaa,0xab,0xfe,0x87,0x7a,0xf0,0x4b,0xbf,0xf5,
  0x5b,0x1b,0xbe,0xcb,0x70,0x9c,0xab,0xfe,0x2b,0x7c,0xcf,0x6d,0x7f,0xfd,0xd3,0xef,
  0xcd,0x55,0x57,0x5d,0x75,0x3f,0xc4,0x55,0xff,0xed,0x1e,0xf4,0xd2,0x6f,0xfd,0xdb,
  0x86,0xd7,0xe2,0xaa,0xff,0x30,0x1,0x1f,0x7d,0xeb,0x5f,0xff,0xf4,0xd7,0x70,0xd5,
  0x55,0xff,0xc3,0xdc,0xf2,0xd2,0x6f,0xfd,0x59,0xc0,0x67,0x73,0xd5,0x7f,0x95,0xef,
  0xb9,0xed,0xaf,0x7f,0xfa,0xbd,0xb9,0xea,0xaa,0xab,0x1e,0x8,0x71,0xd5,0x7f,0xbb,
  0x7,0xbf,0xf4,0x5b,0x3f,0xd8,0xf0,0xd7,0x86,0x63,0x5c,0xf5,0x1f,0xe9,0xbb,0x3,
  0x3e,0xe6,0xd6,0xbf,0xfe,0xe9,0x5d,0xae,0xba,0xea,0xbf,0xd9,0x83,0x5f,0xfa,0xad,
  0x8f,0x1b,0x7e,0xca,0xf0,0xda,0x5c,0xf5,0x5f,0xe5,0x7b,0x6e,0xfb,0xeb,0x9f,0x7e,
  0x6f,0xae,0xba,0xea,0xaa,0xe7,0x86,0xb8,0xea,0x7f,0x84,0x5b,0x5e,0xfa,0xad,0x3f,
  0x1b,0xf8,0x2c,0xae,0xfa,0xf,0x25,0xf8,0x6b,0xc1,0xfb,0xdc,0xfa,0xd7,0x3f,0xfd,
  0xd7,0x5c,0x75,0xd5,0x7f,0x93,0x7,0xbf,0xf4,0x5b,0xbf,0xb4,0xe1,0xa7,0xc,0xf,
  0xe6,0xaa,0xff,0x2a,0xdf,0x73,0xdb,0x5f,0xff,0xf4,0x7b,0x73,0xd5,0x55,0x57,0x3d,
  0x3f,0x88,0xab,0xfe,0xc7,0x78,0xd0,0x4b,0xbf,0xf5,0x5f,0x1b,0x5e,0x8a,0xab,0xfe,
  0x43,0x9,0x76,0x5,0x9f,0x7d,0xeb,0x5f,0xff,0xf4,0xd7,0x70,0xd5,0x55,0xff,0xc5,
  0x6e,0x79,0xe9,0xb7,0xfe,0x2c,0xe0,0xb3,0xb9,0xea,0xbf,0xd2,0xf7,0xdc,0xf6,0xd7,
  0x3f,0xfd,0xde,0x5c,0x75,0xd5,0x55,0x2f,0x8,0xe2,0xaa,0xff,0x31,0x1e,0xfc,0xd2,
  0x6f,0xfd,0xd2,0x9,0x7f,0xc5,0x55,0xff,0x29,0x4,0x3f,0x2d,0x78,0x9f,0x5b,0xff,
  0xfa,0xa7,0x77,0xb9,0xea,0xaa,0xff,0x64,0xf,0x7e,0xe9,0xb7,0x7e,0xb0,0xe1,0xbb,
  0xc,0xaf,0xcd,0x55,0xff,0x95,0xbe,0xe7,0xb6,0xbf,0xfe,0xe9,0xf7,0xe6,0xaa,0xab,
  0xae,0x7a,0x61,0x10,0x57,0xfd,0x8f,0xf2,0xe0,0x97,0x7e,0xeb,0x8f,0x4e,0xf8,0x2a,
  0xae,0xfa,0x4f,0x21,0xd8,0x15,0xbc,0xcf,0xad,0x7f,0xfd,0xd3,0x3f,0xcd,0x55,0x57,
  0xfd,0x27,0x79,0xf0,0x4b,0xbf,0xf5,0x47,0x19,0x3e,0xdb,0x70,0x9c,0xab,0xfe,0x2b,
  0x7d,0xcf,0x6d,0x7f,0xfd,0xd3,0xef,0xcd,0x55,0x57,0x5d,0xf5,0x2f,0x41,0x5c,0xf5,
  0x3f,0xce,0x83,0x5e,0xfa,0xad,0x7f,0xdb,0xf0,0x5a,0x5c,0xf5,0x9f,0xe9,0xbb,0x3,
  0x3e,0xe6,0xd6,0xbf,0xfe,0xe9,0x5d,0xae,0xba,0xea,0x3f,0xc8,0x83,0x5f,0xfa,0xad,
  0x8f,0x1b,0xbe,0xcb,0xf0,0xd6,0x5c,0xf5,0x5f,0xed,0x7b,0x6e,0xfb,0xeb,0x9f,0x7e,
  0x6f,0xae,0xba,0xea,0xaa,0x17,0x5,0xe2,0xaa,0xff,0x71,0x1e,0xfc,0xd2,0x6f,0xfd,
  0x60,0xc3,0x5f,0x1b,0x8e,0x71,0xd5,0x7f,0x1a,0xc1,0xad,0x82,0x8f,0xb9,0xf5,0xaf,
  0x7f,0xfa,0xa7,0xb9,0xea,0xaa,0x7f,0xa7,0x7,0xbf,0xf4,0xdb,0xbc,0x97,0xf1,0x57,
  0x1b,0x8e,0x73,0xd5,0x7f,0xb5,0xef,0xb9,0xed,0xaf,0x7f,0xfa,0xbd,0xb9,0xea,0xaa,
  0xab,0x5e,0x54,0x88,0xab,0xfe,0x47,0x7a,0xf0,0x4b,0xbf,0xf5,0x5b,0x27,0xfc,0x14,
  0x57,0xfd,0xa7,0x13,0xfc,0xb4,0xe0,0x63,0x6e,0xfd,0xeb,0x9f,0xbe,0x95,0xab,0xae,
  0xfa,0x57,0x7a,0xf0,0x4b,0xbf,0xf5,0x83,0xd,0xdf,0x65,0x78,0x6d,0xae,0xfa,0xef,
  0xf0,0x3d,0xb7,0xfd,0xf5,0x4f,0xbf,0x37,0x57,0x5d,0x75,0xd5,0xbf,0x6,0xe2,0xaa,
  0xff,0xb1,0x6e,0x79,0xe9,0xb7,0xfe,0x69,0xe0,0xad,0xb8,0xea,0x3f,0x9d,0x60,0x57,
  0xf0,0xd9,0xb7,0xfe,0xf5,0x4f,0x7f,0xd,0x57,0x5d,0xf5,0x22,0x78,0xf0,0x4b,0xbf,
  0xf5,0xf1,0x84,0x8f,0x2,0x3e,0x9b,0xab,0xfe,0xbb,0x7c,0xcf,0x6d,0x7f,0xfd,0xd3,
  0xef,0xcd,0x55,0x57,0x5d,0xf5,0xaf,0x85,0xb8,0xea,0x7f,0xac,0x7,0xbf,0xf4,0x5b,
  0x1f,0x37,0xfc,0xb5,0xe1,0x41,0x5c,0xf5,0x5f,0x42,0xf0,0xd7,0x82,0x8f,0xb9,0xf5,
  0xaf,0x7f,0xfa,0xb7,0xb9,0xea,0xaa,0x17,0xe0,0xc1,0x2f,0xfd,0xd6,0xaf,0x6d,0xf8,
  0x2e,0xc3,0x83,0xb9,0xea,0xbf,0xcb,0xf7,0xdc,0xf6,0xd7,0x3f,0xfd,0xde,0x5c,0x75,
  0xd5,0x55,0xff,0x16,0x88,0xab,0xfe,0x47,0x7b,0xf0,0x4b,0xbf,0xf5,0x6b,0x27,0xfc,
  0x16,0x57,0xfd,0x97,0x12,0xfc,0xb4,0xe0,0x63,0x6e,0xfd,0xeb,0x9f,0xbe,0x95,0xab,
  0xae,0x7a,0xa6,0x7,0xbf,0xf4,0x5b,0xbf,0xb4,0xe1,0xab,0xc,0xaf,0xcd,0x55,0xff,
  0x9d,0xbe,0xe7,0xb6,0xbf,0xfe,0xe9,0xf7,0xe6,0xaa,0xab,0xae,0xfa,0xb7,0x42,0x5c,
  0xf5,0x3f,0xde,0x2d,0x2f,0xfd,0xd6,0x9f,0xd,0x7c,0x16,0x57,0xfd,0x77,0xf8,0xea,
  0x80,0xcf,0xb9,0xf5,0xaf,0x7f,0x7a,0x97,0xab,0xfe,0xdf,0x7a,0xf0,0x4b,0xbf,0xf5,
  0x83,0x13,0x3e,0xb,0x78,0x6f,0xae,0xfa,0xef,0xf6,0x3d,0xb7,0xfd,0xf5,0x4f,0xbf,
  0x37,0x57,0x5d,0x75,0xd5,0xbf,0x7,0xe2,0xaa,0xff,0x15,0x6e,0x79,0xe9,0xb7,0xfe,
  0x69,0xe0,0xad,0xb8,0xea,0xbf,0x9c,0x60,0xd7,0xf0,0xd5,0x1,0x5f,0x73,0xeb,0x5f,
  0xff,0xf4,0x2e,0x57,0xfd,0xbf,0xf1,0xe0,0x97,0x7e,0xeb,0xe3,0x9,0x1f,0x25,0xf8,
  0x68,0xc3,0x71,0xae,0xfa,0xef,0xf6,0x3d,0xb7,0xfd,0xf5,0x4f,0xbf,0x37,0x57,0x5d,
  0x75,0xd5,0xbf,0x17,0xe2,0xaa,0xff,0x15,0x1e,0xfc,0xd2,0x6f,0x7d,0xdc,0xf0,0xd7,
  0x86,0x7,0x71,0xd5,0x7f,0xb,0xc1,0xae,0xe1,0xab,0x3,0xbe,0xe6,0xd6,0xbf,0xfe,
  0xe9,0x5d,0xae,0xfa,0x3f,0xeb,0xc1,0x2f,0xfd,0xd6,0xc7,0x13,0x3e,0x4a,0xf0,0xd1,
  0x86,0xe3,0x5c,0xf5,0x3f,0xc1,0xf7,0xdc,0xf6,0xd7,0x3f,0xfd,0xde,0x5c,0x75,0xd5,
  0x55,0xff,0x11,0x10,0x57,0xfd,0xaf,0xf1,0xe0,0x97,0x7e,0xeb,0x97,0x36,0xfc,0xb6,
  0xe1,0x18,0x57,0xfd,0xb7,0x11,0xec,0x1a,0xbe,0x3a,0xe0,0x6b,0x6e,0xfd,0xeb,0x9f,
  0xde,0xe5,0xaa,0xff,0x33,0x1e,0xfc,0xd2,0x6f,0x7d,0x3c,0xe1,0xa3,0x4,0x1f,0x6d,
  0x38,0xce,0x55,0xff,0x53,0x7c,0xcf,0x6d,0x7f,0xfd,0xd3,0xef,0xcd,0x55,0x57,0x5d,
  0xf5,0x1f,0x5,0x71,0xd5,0xff,0x2a,0xf,0x7e,0xe9,0xb7,0x7e,0xef,0x84,0xef,0xe2,
  0xaa,0xff,0x76,0x82,0x5d,0xc3,0x57,0x7,0x7c,0xcd,0xad,0x7f,0xfd,0xd3,0xbb,0x5c,
  0xf5,0xbf,0xd6,0x83,0x5f,0xfa,0xad,0x1f,0x9c,0xf0,0x5e,0x82,0x8f,0x36,0x1c,0xe7,
  0xaa,0xff,0x49,0xbe,0xe7,0xb6,0xbf,0xfe,0xe9,0xf7,0xe6,0xaa,0xab,0xae,0xfa,0x8f,
  0x84,0xb8,0xea,0x7f,0x9d,0x5b,0x5e,0xfa,0xad,0xbf,0x1b,0x78,0x2f,0xae,0xfa,0x1f,
  0x41,0xb0,0x6b,0xf8,0xe9,0x80,0xcf,0xb9,0xf5,0xaf,0x7f,0xfa,0x56,0xae,0xfa,0x5f,
  0xe3,0xc1,0x2f,0xfd,0xd6,0x2f,0x9d,0xf0,0x51,0xc0,0x7b,0x73,0xd5,0xff,0x44,0xdf,
  0x73,0xdb,0x5f,0xff,0xf4,0x7b,0x73,0xd5,0x55,0x57,0xfd,0x47,0x43,0x5c,0xf5,0xbf,
  0xce,0x83,0x5f,0xfa,0xad,0x8f,0x1b,0x7e,0xdb,0xf0,0x52,0x5c,0xf5,0x3f,0x8a,0xe0,
  0xb7,0x85,0xbe,0xfa,0xd6,0xbf,0xfe,0xa9,0x9f,0xe1,0xaa,0xff,0xb1,0x1e,0xfc,0xd2,
  0x6f,0xf3,0x5e,0xc6,0xef,0x6d,0x78,0x6d,0xae,0xfa,0x9f,0xea,0x7b,0x6e,0xfb,0xeb,
  0x9f,0x7e,0x6f,0xae,0xba,0xea,0xaa,0xff,0xc,0x88,0xab,0xfe,0x57,0x7a,0xf0,0x4b,
  0xbf,0xf5,0x83,0xd,0x7f,0x6d,0x38,0xc6,0x55,0xff,0xe3,0x8,0x6e,0x15,0x7c,0x35,
  0xf0,0x33,0xb7,0xfe,0xf5,0x4f,0xdf,0xca,0x55,0xff,0xed,0x1e,0xfc,0xd2,0x6f,0xfd,
  0xe0,0x84,0xf7,0x12,0xbc,0xb7,0xe1,0xc1,0x5c,0xf5,0x3f,0xd9,0xf7,0xdc,0xf6,0xd7,
  0x3f,0xfd,0xde,0x5c,0x75,0xd5,0x55,0xff,0x59,0x10,0x57,0xfd,0xaf,0xf5,0xe0,0x97,
  0x7e,0xeb,0x97,0x36,0xfc,0xb6,0xe1,0x18,0x57,0xfd,0x8f,0x25,0xf8,0x69,0xa1,0x9f,
  0xbe,0xf5,0xaf,0x7f,0xea,0x7b,0xb8,0xea,0xbf,0xd4,0x83,0x5f,0xfa,0xad,0x8f,0x83,
  0xde,0xca,0xf8,0xbd,0xd,0xaf,0xcd,0x55,0xff,0x1b,0x7c,0xcf,0x6d,0x7f,0xfd,0xd3,
  0xef,0xcd,0x55,0x57,0x5d,0xf5,0x9f,0x9,0x71,0xd5,0xff,0x6a,0xf,0x7e,0xe9,0xb7,
  0x7e,0xef,0x84,0xef,0xe2,0xaa,0xff,0xf1,0x4,0xbb,0x86,0xef,0xe,0xf8,0x9e,0x5b,
  0xff,0xfa,0xa7,0xff,0x9a,0xab,0xfe,0xd3,0x3c,0xf8,0xa5,0xdf,0xe6,0xad,0x12,0xbf,
  0xb5,0xe0,0xad,0xd,0xc7,0xb9,0xea,0x7f,0x8b,0xef,0xb9,0xed,0xaf,0x7f,0xfa,0xbd,
  0xb9,0xea,0xaa,0xab,0xfe,0xb3,0x21,0xae,0xfa,0x5f,0xef,0xc1,0x2f,0xfd,0xd6,0x1f,
  0x9d,0xf0,0x55,0x5c,0xf5,0xbf,0x86,0xe0,0x56,0xc3,0x4f,0x7,0xfa,0xed,0x5b,0xff,
  0xfa,0xa7,0x7e,0x86,0xab,0xfe,0xdd,0x1e,0xfc,0xd2,0x6f,0xf3,0x56,0x89,0xdf,0x5a,
  0xf0,0xd6,0x86,0xe3,0x5c,0xf5,0xbf,0xcd,0xf7,0xdc,0xf6,0xd7,0x3f,0xfd,0xde,0x5c,
  0x75,0xd5,0x55,0xff,0x15,0x10,0x57,0xfd,0x9f,0x70,0xcb,0x4b,0xbf,0xf5,0x77,0x3,
  0xef,0xc5,0x55,0xff,0xeb,0x8,0x76,0xd,0x3f,0x1d,0xe8,0xa7,0xc1,0xbf,0x73,0xeb,
  0x5f,0xff,0xf4,0x2e,0x57,0xfd,0x8b,0x1e,0xfc,0xd2,0x6f,0x7d,0x1c,0xf4,0x5a,0x89,
  0xdf,0x5a,0xf0,0xd6,0x86,0xe3,0x5c,0xf5,0xbf,0xd5,0xf7,0xdc,0xf6,0xd7,0x3f,0xfd,
  0xde,0x5c,0x75,0xd5,0x55,0xff,0x55,0x10,0x57,0xfd,0x9f,0xf1,0xa0,0x97,0x7e,0xeb,
  0xdf,0x36,0xbc,0x16,0x57,0xfd,0xaf,0x26,0xf8,0x6d,0xc3,0x6f,0x87,0xf4,0xdb,0xb7,
  0xfe,0xd5,0x4f,0xfd,0xe,0x57,0x3d,0xcb,0x83,0x5f,0xe6,0x6d,0x5e,0x2b,0xed,0xb7,
  0x16,0xbc,0xb6,0xe1,0xa5,0xb9,0xea,0xff,0x82,0xef,0xb9,0xed,0xaf,0x7f,0xfa,0xbd,
  0xb9,0xea,0xaa,0xab,0xfe,0x2b,0x21,0xae,0xfa,0x3f,0xe3,0xc1,0x2f,0xfd,0xd6,0xc7,
  0xd,0xbf,0x6d,0x78,0x29,0xae,0xfa,0x3f,0x41,0xb0,0xb,0xfc,0xb6,0xe1,0xaf,0x43,
  0xfa,0xed,0x5b,0xff,0xea,0xa7,0x7e,0x87,0xff,0x27,0x1e,0xfc,0xd2,0x6f,0x7d,0x1c,
  0xe9,0xa5,0xd2,0x7e,0x6d,0xc1,0x6b,0x1b,0x5e,0x9b,0xab,0xfe,0xaf,0xf9,0x9e,0xdb,
  0xfe,0xfa,0xa7,0xdf,0x9b,0xab,0xae,0xba,0xea,0xbf,0x1a,0xe2,0xaa,0xff,0x53,0x1e,
  0xfc,0xd2,0x6f,0xfd,0x60,0xc3,0x5f,0x1b,0x8e,0x71,0xd5,0xff,0x49,0x82,0xbf,0x36,
  0xfc,0x76,0xa0,0xbf,0x6,0xff,0xcd,0xad,0x7f,0xfd,0xd3,0x7f,0xcd,0xff,0x1,0xf,
  0x7e,0x99,0xb7,0x79,0x2d,0xcc,0x83,0x13,0xbf,0xb6,0xe0,0xa5,0xd,0x2f,0xcd,0x55,
  0xff,0x97,0x7d,0xcf,0x6d,0x7f,0xfd,0xd3,0xef,0xcd,0x55,0x57,0x5d,0xf5,0xdf,0x1,
  0x71,0xd5,0xff,0x39,0xf,0x7e,0xe9,0xb7,0x7e,0x69,0xc3,0x6f,0x1b,0x8e,0x71,0xd5,
  0xff,0xb,0x82,0xbf,0x6,0x6e,0x35,0xfc,0x75,0xa0,0xbf,0x46,0xec,0xde,0xfa,0x57,
  0x3f,0xf5,0x3b,0xfc,0xf,0xf4,0xe0,0x97,0x79,0x9b,0xd7,0xc2,0x3c,0x38,0xf1,0x83,
  0x5,0xaf,0xd,0x3c,0xd8,0xf0,0x60,0xae,0xfa,0xff,0xe4,0x7b,0x6e,0xfb,0xeb,0x9f,
  0x7e,0x6f,0xae,0xba,0xea,0xaa,0xff,0x2e,0x88,0xab,0xfe,0x4f,0x7a,0xf0,0x4b,0xbf,
  0xf5,0x4b,0x1b,0x7e,0xdb,0x70,0x8c,0xab,0xfe,0x5f,0x13,0xfc,0x36,0x80,0xe1,0xb7,
  0x1,0x2,0xfd,0x35,0x62,0x17,0x0,0xfb,0xd2,0xad,0x7f,0xfd,0xd3,0x7f,0xcd,0x7f,
  0x80,0x7,0xbf,0xcc,0xdb,0xbc,0x16,0xf7,0x33,0xf,0x4e,0xfc,0x60,0xe0,0xb8,0xe0,
  0xa5,0x1,0xc,0xaf,0xcd,0x55,0x57,0xc1,0xf7,0xdc,0xf6,0xd7,0x3f,0xfd,0xde,0x5c,
  0x75,0xd5,0x55,0xff,0x9d,0x10,0x57,0xfd,0x9f,0xf5,0xe0,0x97,0x7e,0xeb,0xd7,0x4e,
  0xf8,0x2d,0xae,0xba,0xea,0x5f,0x41,0xb0,0xb,0xfc,0x35,0x2f,0x84,0xe1,0xb5,0xb9,
  0xea,0xaa,0x7f,0xbd,0xef,0xb9,0xed,0xaf,0x7f,0xfa,0xbd,0xb9,0xea,0xaa,0xab,0xfe,
  0xbb,0x21,0xae,0xfa,0x3f,0xed,0xc1,0x2f,0xfd,0xd6,0xef,0x9d,0xf0,0x5d,0x5c,0x75,
  0xd5,0x55,0x57,0xfd,0x37,0xa,0x78,0x9f,0x5b,0xff,0xfa,0xa7,0xbf,0x9b,0xab,0xae,
  0xba,0xea,0x7f,0x2,0xc4,0x55,0xff,0xe7,0x3d,0xf8,0xa5,0xdf,0xfa,0xbd,0x13,0xbe,
  0x8b,0xab,0xae,0xba,0xea,0xaa,0xff,0x6,0x1,0xef,0x73,0xeb,0x5f,0xff,0xf4,0x77,
  0x73,0xd5,0x55,0x57,0xfd,0x4f,0x81,0xb8,0xea,0xff,0x85,0x7,0xbf,0xf4,0x5b,0xbf,
  0x77,0xc2,0x77,0x71,0xd5,0x55,0x57,0x5d,0xf5,0x5f,0x28,0xe0,0x7d,0x6e,0xfd,0xeb,
  0x9f,0xfe,0x6e,0xae,0xba,0xea,0xaa,0xff,0x49,0x10,0x57,0xfd,0xbf,0xf1,0xe0,0x97,
  0x7e,0xeb,0xf7,0x4e,0xf8,0x2e,0xae,0xba,0xea,0xaa,0xab,0xfe,0xb,0x4,0xbc,0xcf,
  0xad,0x7f,0xfd,0xd3,0xdf,0xcd,0x55,0x57,0x5d,0xf5,0x3f,0xd,0xe2,0xaa,0xff,0x57,
  0x1e,0xfc,0xd2,0x6f,0xfd,0xde,0x9,0xdf,0xc5,0x55,0x57,0x5d,0x75,0xd5,0x7f,0xa2,
  0x80,0xf7,0xb9,0xf5,0xaf,0x7f,0xfa,0xbb,0xb9,0xea,0xaa,0xab,0xfe,0x27,0x42,0x5c,
  0xf5,0xff,0xce,0x83,0x5f,0xfa,0xad,0xdf,0x3b,0xe1,0xbb,0xb8,0xea,0xaa,0xab,0xae,
  0xfa,0x4f,0x10,0xf0,0x3e,0xb7,0xfe,0xf5,0x4f,0x7f,0x37,0x57,0x5d,0x75,0xd5,0xff,
  0x54,0x88,0xab,0xfe,0x5f,0x7a,0xf0,0x4b,0xbf,0xf5,0x7b,0x27,0x7c,0x17,0x57,0x5d,
  0x75,0xd5,0x55,0xff,0x81,0x2,0xde,0xe7,0xd6,0xbf,0xfe,0xe9,0xef,0xe6,0xaa,0xab,
  0xae,0xfa,0x9f,0xc,0x71,0xd5,0xff,0x5b,0xf,0x7e,0xe9,0xb7,0x7e,0xef,0x84,0xef,
  0xe2,0xaa,0xab,0xae,0xba,0xea,0x3f,0x40,0xc0,0xfb,0xdc,0xfa,0xd7,0x3f,0xfd,0xdd,
  0x5c,0x75,0xd5,0x55,0xff,0xd3,0x21,0xae,0xfa,0x7f,0xed,0xc1,0x2f,0xfd,0xd6,0xef,
  0x9d,0xf0,0x5d,0x5c,0x75,0xd5,0x55,0x57,0xfd,0x3b,0x4,0xbc,0xcf,0xad,0x7f,0xfd,
  0xd3,0xdf,0xcd,0x55,0x57,0x5d,0xf5,0xbf,0x1,0xe2,0xaa,0xff,0xf7,0x1e,0xfc,0xd2,
  0x6f,0xfd,0xd6,0x86,0xef,0x36,0x1c,0xe3,0xaa,0xab,0xae,0xba,0xea,0x5f,0x41,0x70,
  0x49,0xf0,0xd6,0xb7,0xfe,0xf5,0x4f,0xff,0x36,0x57,0x5d,0x75,0xd5,0xff,0x16,0x88,
  0xab,0xae,0x2,0x1e,0xfc,0xd2,0x6f,0xfd,0xd2,0x86,0xdf,0x36,0x1c,0xe3,0xaa,0xab,
  0xae,0xba,0xea,0x45,0x20,0xb8,0x24,0x78,0xed,0x5b,0xff,0xfa,0xa7,0xff,0x9a,0xab,
  0xae,0xba,0xea,0x7f,0x13,0xc4,0x55,0x57,0x3d,0xd3,0x83,0x5f,0xfa,0xad,0x5f,0xda,
  0xf0,0xdb,0x86,0x63,0x5c,0x75,0xd5,0x55,0x57,0xbd,0x10,0x82,0x4b,0x82,0xd7,0xbe,
  0xf5,0xaf,0x7f,0xfa,0xaf,0xb9,0xea,0xaa,0xab,0xfe,0xb7,0x41,0x5c,0x75,0xd5,0x3,
  0x3c,0xf8,0xa5,0xdf,0xfa,0xa5,0xd,0xdf,0x6d,0x78,0x29,0xae,0xba,0xea,0xaa,0xab,
  0x9e,0xf,0xc1,0xdf,0x8,0xde,0xfb,0xd6,0xbf,0xfe,0xe9,0xbf,0xe6,0xaa,0xab,0xae,
  0xfa,0xdf,0x8,0x71,0xd5,0x55,0xcf,0xe5,0xc1,0x2f,0xfd,0xd6,0xc7,0xd,0xbf,0x6d,
  0x78,0x29,0xae,0xba,0xea,0xaa,0xab,0x1e,0x40,0xf0,0x37,0x82,0xd7,0xbe,0xf5,0xaf,
  0x7f,0x7a,0x97,0xab,0xae,0xba,0xea,0x7f,0x2b,0xc4,0x55,0x57,0xbd,0x0,0xb7,0xbc,
  0xf4,0x5b,0x7f,0x37,0xf0,0x5e,0x5c,0x75,0xd5,0x55,0x57,0x5d,0xf1,0x3d,0xb7,0xfd,
  0xf5,0x4f,0xbf,0x37,0x57,0x5d,0x75,0xd5,0xff,0x76,0x88,0xab,0xae,0x7a,0x21,0x6e,
  0x79,0xe9,0xb7,0xfe,0x6c,0xe0,0xb3,0xb8,0xea,0xaa,0xab,0xfe,0xbf,0xfb,0x9c,0xdb,
  0xfe,0xfa,0xa7,0x3f,0x9b,0xab,0xae,0xba,0xea,0xff,0x2,0xc4,0x55,0x57,0xfd,0xb,
  0x1e,0xfc,0xd2,0x6f,0xfd,0xde,0x9,0xdf,0xc5,0x55,0x57,0x5d,0xf5,0xff,0x52,0xc0,
  0xfb,0xdc,0xfa,0xd7,0x3f,0xfd,0xdd,0x5c,0x75,0xd5,0x55,0xff,0x57,0x20,0xae,0xba,
  0xea,0x45,0xf0,0xe0,0x97,0x7e,0xeb,0x97,0x36,0xfc,0xb6,0xe1,0x18,0x57,0x5d,0x75,
  0xd5,0xff,0xb,0x82,0x4b,0x82,0xd7,0xbe,0xf5,0xaf,0x7f,0xfa,0xaf,0xb9,0xea,0xaa,
  0xab,0xfe,0x2f,0x41,0x5c,0x75,0xd5,0x8b,0xe8,0xc1,0x2f,0xfd,0xd6,0x2f,0x6d,0xf8,
  0x6e,0xc3,0x4b,0x71,0xd5,0x55,0x57,0xfd,0x9f,0x26,0xf8,0x1b,0xc1,0x7b,0xdf,0xfa,
  0xd7,0x3f,0xfd,0xd7,0x5c,0x75,0xd5,0x55,0xff,0xd7,0x20,0xae,0xba,0xea,0x5f,0xe1,
  0xc1,0x2f,0xfd,0xd6,0xc7,0x13,0xbe,0x1a,0x78,0x2f,0xae,0xba,0xea,0xaa,0xff,0xab,
  0xbe,0x27,0xe0,0xa3,0x6f,0xfd,0xeb,0x9f,0xde,0xe5,0xaa,0xab,0xae,0xfa,0xbf,0x8,
  0x71,0xd5,0x55,0xff,0x6,0xf,0x7e,0xe9,0xb7,0xfe,0xe8,0x84,0xaf,0xe2,0xaa,0xab,
  0xae,0xfa,0x3f,0x25,0xe0,0x63,0x6e,0xfd,0xeb,0x9f,0xfe,0x6a,0xae,0xba,0xea,0xaa,
  0xff,0xcb,0x10,0x57,0x5d,0xf5,0x6f,0xf4,0xe0,0x97,0x7e,0xeb,0x97,0x36,0xfc,0xb6,
  0xe1,0x18,0x57,0x5d,0x75,0xd5,0xff,0x6a,0x82,0x67,0x8,0xde,0xfa,0xd6,0xbf,0xfe,
  0xe9,0xbf,0xe6,0xaa,0xab,0xae,0xfa,0xbf,0xe,0x71,0xd5,0x55,0xff,0xe,0xf,0x7e,
  0xe9,0xb7,0x3e,0x6e,0xf8,0x69,0xc3,0x6b,0x71,0xd5,0x55,0x57,0xfd,0xaf,0x24,0xf8,
  0x1d,0xc1,0x5b,0xdf,0xfa,0xd7,0x3f,0xbd,0xcb,0x55,0x57,0x5d,0xf5,0xff,0x1,0xe2,
  0xaa,0xab,0xfe,0x3,0xdc,0xf2,0xd2,0x6f,0xfd,0xd5,0xc0,0x47,0x71,0xd5,0x55,0x57,
  0xfd,0x6f,0xf3,0x39,0xb7,0xfd,0xf5,0x4f,0x7f,0x36,0x57,0x5d,0x75,0xd5,0xff,0x27,
  0x88,0xab,0xae,0xfa,0xf,0xf2,0xe0,0x97,0x7e,0xeb,0xb7,0x36,0x7c,0xb7,0xe1,0x18,
  0x57,0x5d,0x75,0xd5,0xff,0x68,0x82,0x4b,0x82,0xf7,0xbe,0xf5,0xaf,0x7f,0xfa,0xa7,
  0xb9,0xea,0xaa,0xab,0xfe,0xbf,0x41,0x5c,0x75,0xd5,0x7f,0xa0,0x7,0xbf,0xf4,0x5b,
  0x1f,0x37,0xfc,0xb4,0xe1,0xb5,0xb8,0xea,0xaa,0xab,0xfe,0xa7,0xfa,0x99,0x80,0xf7,
  0xbe,0xf5,0xaf,0x7f,0x7a,0x97,0xab,0xae,0xba,0xea,0xff,0x23,0xc4,0x55,0x57,0xfd,
  0x27,0x78,0xf0,0x4b,0xbf,0xf5,0x47,0x1b,0x3e,0xdb,0x70,0x8c,0xab,0xae,0xba,0xea,
  0x7f,0x4,0xc1,0x25,0xc1,0x67,0xdf,0xfa,0xd7,0x3f,0xfd,0xd5,0x5c,0x75,0xd5,0x55,
  0xff,0x9f,0x21,0xae,0xba,0xea,0x3f,0xc9,0x83,0x5f,0xfa,0xad,0x1f,0x6c,0xf8,0x69,
  0xc3,0x4b,0x71,0xd5,0x55,0x57,0xfd,0xb7,0x12,0xfc,0x8d,0xe0,0xad,0x6f,0xfd,0xeb,
  0x9f,0xbe,0x95,0xab,0xae,0xba,0xea,0xff,0x3b,0xc4,0x55,0x57,0xfd,0x27,0xbb,0xe5,
  0xa5,0xdf,0xfa,0xb3,0x81,0xcf,0xe2,0xaa,0xab,0xae,0xfa,0xef,0xf2,0x39,0xb7,0xfd,
  0xf5,0x4f,0x7f,0x36,0x57,0x5d,0x75,0xd5,0x55,0x57,0x20,0xae,0xba,0xea,0xbf,0xc0,
  0x83,0x5f,0xfa,0xad,0x5f,0xda,0xf0,0xd3,0x86,0x7,0x71,0xd5,0x55,0x57,0xfd,0x97,
  0x10,0x3c,0x43,0xf0,0xd6,0xb7,0xfe,0xf5,0x4f,0xff,0x35,0x57,0x5d,0x75,0xd5,0x55,
  0xcf,0x86,0xb8,0xea,0xaa,0xff,0x22,0xf,0x7e,0xe9,0xb7,0x3e,0x9e,0xf0,0xd9,0xc0,
  0x47,0x71,0xd5,0x55,0x57,0xfd,0x67,0xfb,0x9a,0x80,0xcf,0xbe,0xf5,0xaf,0x7f,0x7a,
  0x97,0xab,0xae,0xba,0xea,0xaa,0xe7,0x84,0xb8,0xea,0xaa,0xff,0x62,0xf,0x7e,0xe9,
  0xb7,0x7e,0x69,0xc3,0x77,0x1b,0x5e,0x8a,0xab,0xae,0xba,0xea,0x3f,0x94,0xe0,0x6f,
  0x4,0xef,0x7d,0xeb,0x5f,0xff,0xf4,0x5f,0x73,0xd5,0x55,0x57,0x5d,0xf5,0xfc,0x21,
  0xae,0xba,0xea,0xbf,0xc9,0x83,0x5f,0xfa,0xad,0x3f,0xda,0xf0,0xd9,0x86,0x63,0x5c,
  0x75,0xd5,0x55,0xff,0x2e,0x82,0x4b,0x82,0xcf,0xbe,0xf5,0xaf,0x7f,0xfa,0xab,0xb9,
  0xea,0xaa,0xab,0xae,0x7a,0xe1,0x10,0x57,0x5d,0xf5,0xdf,0xe8,0xc1,0x2f,0xfd,0xd6,
  0xf,0x4e,0xf8,0x6a,0xe0,0xad,0xb8,0xea,0xaa,0xab,0xfe,0xad,0x7e,0x26,0xe0,0xa3,
  0x6f,0xfd,0xeb,0x9f,0xbe,0x95,0xab,0xae,0xba,0xea,0xaa,0x7f,0x19,0xe2,0xaa,0xab,
  0xfe,0x7,0x78,0xf0,0x4b,0xbf,0xf5,0x5b,0x1b,0xbe,0xda,0xf0,0x20,0xae,0xba,0xea,
  0xaa,0x17,0x89,0xe0,0x19,0x82,0x8f,0xbe,0xf5,0xaf,0x7f,0xfa,0xa7,0xb9,0xea,0xaa,
  0xab,0xae,0x7a,0xd1,0x21,0xae,0xba,0xea,0x7f,0x88,0x7,0xbf,0xf4,0x5b,0x1f,0x4f,
  0xf8,0x68,0xe0,0xb3,0xb8,0xea,0xaa,0xab,0xfe,0x25,0x9f,0x13,0xf0,0xd5,0xb7,0xfe,
  0xf5,0x4f,0xef,0x72,0xd5,0x55,0x57,0x5d,0xf5,0xaf,0x83,0xb8,0xea,0xaa,0xff,0x61,
  0x1e,0xfc,0xd2,0x6f,0xfd,0xe0,0x84,0xcf,0x6,0xde,0x8b,0xab,0xae,0xba,0xea,0xb9,
  0x7d,0x4f,0xc0,0x67,0xdf,0xfa,0xd7,0x3f,0x7d,0x2b,0x57,0x5d,0x75,0xd5,0x55,0xff,
  0x36,0x88,0xab,0xae,0xfa,0x1f,0xea,0xc1,0x2f,0xfd,0xd6,0xaf,0x6d,0xf8,0x6c,0xc3,
  0x6b,0x71,0xd5,0x55,0xff,0xcf,0x9,0x7e,0x47,0xf0,0xd9,0xb7,0xfe,0xf5,0x4f,0xff,
  0x36,0x57,0x5d,0x75,0xd5,0x55,0xff,0x3e,0x88,0xab,0xae,0xfa,0x1f,0xee,0xc1,0x2f,
  0xfd,0xd6,0xef,0x6d,0xf8,0x6c,0xc3,0x83,0xb8,0xea,0xaa,0xff,0x67,0x4,0xcf,0x10,
  0x7c,0xf4,0xad,0x7f,0xfd,0xd3,0x3f,0xcd,0x55,0x57,0x5d,0x75,0xd5,0x7f,0xc,0xc4,
  0x55,0x57,0xfd,0x2f,0x71,0xcb,0x4b,0xbf,0xf5,0x67,0xb,0x3e,0xda,0x70,0x8c,0xab,
  0xae,0xfa,0x3f,0x4e,0x70,0xc9,0xf0,0xd5,0xb7,0xfd,0xf5,0x4f,0x7f,0x36,0x57,0x5d,
  0x75,0xd5,0x55,0xff,0xb1,0x10,0x57,0x5d,0xf5,0xbf,0xc8,0x83,0x5f,0xfa,0xad,0x8f,
  0x27,0x7c,0xb4,0xe0,0xa3,0xd,0xc7,0xb8,0xea,0xaa,0xff,0x63,0x4,0x97,0xc,0x5f,
  0x1d,0xf0,0xd5,0xb7,0xfe,0xf5,0x4f,0xef,0x72,0xd5,0x55,0x57,0x5d,0xf5,0x1f,0xf,
  0x71,0xd5,0x55,0xff,0xb,0x3d,0xf8,0xa5,0xdf,0xfa,0x78,0xc2,0x47,0xb,0x3e,0xda,
  0x70,0x8c,0xab,0xae,0xfa,0x5f,0x4e,0x70,0xc9,0xf0,0xd5,0x1,0x5f,0x7d,0xeb,0x5f,
  0xff,0xf4,0x2e,0x57,0x5d,0x75,0xd5,0x55,0xff,0x79,0x10,0x57,0x5d,0xf5,0xbf,0xd8,
  0x83,0x5f,0xfa,0xad,0x8f,0x27,0x7c,0xb4,0xe0,0xa3,0xd,0xc7,0xb8,0xea,0xaa,0xff,
  0x65,0x4,0x97,0xc,0x5f,0x1d,0xf0,0xd5,0xb7,0xfe,0xf5,0x4f,0xef,0x72,0xd5,0x55,
  0x57,0x5d,0xf5,0x9f,0xf,0x71,0xd5,0x55,0xff,0x7,0x3c,0xf8,0xa5,0xdf,0xfa,0x78,
  0xc2,0x47,0xb,0x3e,0xda,0x70,0x8c,0xab,0xae,0xfa,0x1f,0x4e,0x70,0xc9,0xf0,0xd5,
  0x1,0x5f,0x7d,0xeb,0x5f,0xff,0xf4,0x2e,0x57,0x5d,0x75,0xd5,0x55,0xff,0x75,0x10,
  0x57,0x5d,0xf5,0x7f,0xc8,0x83,0x5f,0xfa,0xad,0x8f,0x27,0x7c,0xb4,0xe0,0xa3,0xd,
  0xc7,0xb8,0xea,0xaa,0xff,0x61,0x4,0x97,0xc,0x5f,0x1d,0xf0,0xd5,0xb7,0xfe,0xf5,
  0x4f,0xef,0x72,0xd5,0x55,0x57,0x5d,0xf5,0x5f,0xf,0x71,0xd5,0x55,0xff,0x47,0x3d,
  0xf8,0xa5,0xdf,0xfa,0xbd,0xd,0x1f,0x6d,0x78,0x29,0xae,0xba,0xea,0xbf,0x99,0xe0,
  0x6f,0x4,0x5f,0x7d,0xeb,0x5f,0xff,0xf4,0x77,0x73,0xd5,0x55,0x57,0x5d,0xf5,0xdf,
  0xb,0x71,0xd5,0x55,0xff,0xc7,0x3d,0xf8,0xa5,0xdf,0xfa,0xb5,0x13,0x3e,0x1a,0x78,
  0x2b,0xae,0xba,0xea,0xbf,0xde,0xf7,0x4,0x7c,0xf7,0xad,0x7f,0xfd,0xd3,0xbf,0xcd,
  0x55,0x57,0x5d,0x75,0xd5,0xff,0xc,0x88,0xab,0xae,0xfa,0x7f,0xe2,0xc1,0x2f,0xfd,
  0xd6,0xf,0x4e,0xf8,0x68,0xc1,0x7b,0x1b,0x8e,0x71,0xd5,0x55,0xff,0x49,0x4,0x97,
  0xc,0xdf,0x1d,0xf0,0xd5,0xb7,0xfe,0xf5,0x4f,0xdf,0xca,0x55,0x57,0x5d,0x75,0xd5,
  0xff,0x2c,0x88,0xab,0xae,0xfa,0x7f,0xe6,0xc1,0x2f,0xfd,0xd6,0xc7,0x81,0xb7,0x36,
  0x7c,0xb4,0xe1,0xa5,0xb8,0xea,0xaa,0xff,0x20,0x82,0xbf,0x11,0x7c,0x35,0xf0,0xd3,
  0xb7,0xfe,0xf5,0x4f,0xef,0x72,0xd5,0x55,0x57,0x5d,0xf5,0x3f,0x13,0xe2,0xaa,0xab,
  0xfe,0x1f,0x7b,0xf0,0x4b,0xbf,0xf5,0x4b,0x27,0xbc,0xb7,0xe0,0xbd,0xd,0xc7,0xb8,
  0xea,0xaa,0x7f,0x25,0xc1,0x25,0xc3,0x77,0x7,0x7c,0xf7,0xad,0x7f,0xfd,0xd3,0x7f,
  0xcd,0x55,0x57,0x5d,0x75,0xd5,0xff,0x7c,0x88,0xab,0xae,0xba,0xea,0xb2,0x7,0xbf,
  0xf4,0x5b,0xbf,0x75,0xc2,0x7b,0x3,0x6f,0xc5,0x55,0x57,0xfd,0xcb,0x7e,0x26,0xe0,
  0xbb,0x6f,0xfd,0xeb,0x9f,0xfe,0x69,0xae,0xba,0xea,0xaa,0xab,0xfe,0x77,0x41,0x5c,
  0x75,0xd5,0x55,0xcf,0xe1,0xc1,0x2f,0xfd,0xd6,0xc7,0x81,0xf7,0x36,0xbc,0xb7,0xe1,
  0xa5,0xb8,0xea,0xaa,0x67,0x12,0xfc,0x8d,0xe0,0xbb,0x81,0xef,0xbe,0xf5,0xaf,0x7f,
  0x7a,0x97,0xab,0xae,0xba,0xea,0xaa,0xff,0x9d,0x10,0x57,0x5d,0x75,0xd5,0xb,0xf4,
  0xe0,0x97,0x7e,0xeb,0x97,0x6,0x5e,0xdb,0xf0,0xde,0x86,0x97,0xe2,0xaa,0xff,0x77,
  0x4,0x7f,0x23,0xf8,0x6e,0xe0,0xb7,0x6f,0xfd,0xeb,0x9f,0xfe,0x6b,0xae,0xba,0xea,
  0xaa,0xab,0xfe,0xf7,0x43,0x5c,0x75,0xd5,0x55,0x2f,0x92,0x7,0xbf,0xf4,0x5b,0x3f,
  0x18,0x78,0x6b,0xc3,0x7b,0x1b,0x5e,0x8a,0xab,0xfe,0xcf,0x12,0xfc,0x8d,0xe0,0xbb,
  0x81,0x9f,0xbe,0xf5,0xaf,0x7f,0xfa,0x56,0xae,0xba,0xea,0xaa,0xab,0xfe,0x6f,0x41,
  0x5c,0x75,0xd5,0x55,0xff,0x6a,0xf,0x7e,0xe9,0xb7,0x7e,0x30,0xf0,0xd6,0x86,0xb7,
  0x36,0xbc,0x16,0x57,0xfd,0xaf,0x27,0xf8,0x1d,0xc1,0x4f,0x3,0x3f,0x7d,0xeb,0x5f,
  0xff,0xf4,0xad,0x5c,0x75,0xd5,0x55,0x57,0xfd,0xdf,0x85,0xb8,0xea,0xaa,0xab,0xfe,
  0x5d,0x1e,0xfc,0xd2,0x6f,0x7d,0x1c,0x78,0xed,0x84,0xd7,0x16,0xbc,0xb5,0xe1,0x41,
  0x5c,0xf5,0x3f,0x9e,0xe0,0x19,0x86,0x9f,0xe,0xf8,0x6d,0xe0,0xb7,0x6f,0xfd,0xeb,
  0x9f,0xde,0xe5,0xaa,0xab,0xae,0xba,0xea,0xff,0x7,0xc4,0x55,0x57,0x5d,0xf5,0x1f,
  0xea,0xc1,0x2f,0xfd,0xd6,0xf,0x6,0x5e,0x3b,0xe1,0xad,0x5,0xaf,0x6d,0x38,0xc6,
  0x55,0xff,0xed,0x4,0x97,0xc,0xbf,0x1d,0xf0,0xd3,0xc0,0x6f,0xdf,0xfa,0xd7,0x3f,
  0x7d,0x2b,0x57,0x5d,0x75,0xd5,0x55,0xff,0x3f,0x21,0xae,0xba,0xea,0xaa,0xff,0x54,
  0xf,0x7e,0xe9,0xb7,0x7e,0xe9,0x84,0xb7,0x6,0x5e,0x5a,0xf0,0xda,0x86,0x63,0x5c,
  0xf5,0x9f,0x4e,0x70,0xc9,0xf0,0xdb,0xc0,0x5f,0x7,0xfc,0xf4,0xad,0x7f,0xfd,0xd3,
  0x7f,0xcd,0x55,0x57,0x5d,0x75,0xd5,0x55,0x0,0x88,0xab,0xae,0xba,0xea,0xbf,0xd4,
  0x83,0x5f,0xfa,0xad,0x1f,0xc,0xbc,0x76,0xc2,0x4b,0xb,0x5e,0xda,0xf0,0x5a,0x5c,
  0xf5,0xef,0x26,0xf8,0x1d,0xc3,0x5f,0x7,0xfc,0x36,0xf0,0xd7,0xb7,0xfe,0xf5,0x4f,
  0xdf,0xca,0x55,0x57,0x5d,0x75,0xd5,0x55,0xcf,0xf,0xe2,0xaa,0xab,0xae,0xfa,0x6f,
  0xf7,0xe0,0x97,0x7e,0xeb,0xd7,0x6,0x5e,0x3a,0xe1,0xa5,0x5,0xf,0x36,0xbc,0x16,
  0x57,0xbd,0x40,0x82,0xdf,0x31,0xdc,0x1a,0xf0,0xd7,0xc0,0x5f,0xdf,0xfa,0xd7,0x3f,
  0xfd,0xdb,0x5c,0x75,0xd5,0x55,0x57,0x5d,0xf5,0xa2,0x42,0x5c,0x75,0xd5,0x55,0xff,
  0x23,0x3d,0xf8,0xa5,0xdf,0xfa,0xc1,0xc0,0x83,0x13,0x5e,0x1b,0x78,0xb0,0xe0,0xc1,
  0x86,0xd7,0xe2,0xff,0x11,0xc1,0xef,0x18,0x6e,0x5,0x6e,0xd,0xf8,0x6d,0xe0,0xd6,
  0x5b,0xff,0xfa,0xa7,0x6f,0xe5,0xaa,0xab,0xae,0xba,0xea,0xaa,0x7f,0xf,0xc4,0x55,
  0x57,0x5d,0xf5,0xbf,0xca,0x83,0x5f,0xfa,0xad,0x1f,0xc,0x3c,0x18,0x78,0x70,0xc2,
  0x83,0x81,0x7,0xb,0x1e,0xc,0x1c,0x37,0xbc,0x14,0xff,0x8b,0x8,0xfe,0x6,0xd8,
  0x35,0xdc,0xa,0xdc,0x1a,0x70,0x2b,0x70,0x2b,0x70,0xeb,0xad,0x7f,0xfd,0xd3,0xb7,
  0x72,0xd5,0x55,0x57,0x5d,0x75,0xd5,0x7f,0x6,0xc4,0x55,0x57,0x5d,0xf5,0x7f,0xca,
  0x83,0x5f,0xfa,0xad,0x8f,0x3,0x2f,0xcd,0x15,0xf,0x4e,0x78,0x30,0xcf,0x24,0x78,
  0x6d,0x9e,0xed,0xc1,0x86,0x7,0xf1,0x1f,0x48,0xf0,0xc,0xe0,0x56,0x9e,0xc9,0xf0,
  0xdb,0x3c,0x53,0xc0,0xad,0xc0,0xad,0x5c,0xf1,0xd7,0xb7,0xfe,0xf5,0x4f,0xef,0x72,
  0xd5,0x55,0x57,0x5d,0x75,0xd5,0x7f,0x7,0xc4,0x55,0x57,0x5d,0x75,0xd5,0xb,0xf0,
  0xe0,0x97,0x7e,0xeb,0xd7,0xe6,0x1,0x6e,0xfd,0xeb,0x9f,0xfe,0x6d,0xae,0xba,0xea,
  0xaa,0xab,0xae,0xfa,0xdf,0xe,0x71,0xd5,0x55,0x57,0x5d,0x75,0xd5,0x55,0x57,0x5d,
  0x75,0xd5,0xff,0x27,0x88,0xab,0xae,0xba,0xea,0xaa,0xab,0xae,0xba,0xea,0xaa,0xab,
  0xfe,0x3f,0x41,0x5c,0x75,0xd5,0x55,0x57,0x5d,0x75,0xd5,0x55,0x57,0x5d,0xf5,0xff,
  0x9,0xe2,0xaa,0xab,0xae,0xba,0xea,0xaa,0xab,0xae,0xba,0xea,0xaa,0xff,0x4f,0x10,
  0x57,0x5d,0x75,0xd5,0x55,0x57,0x5d,0x75,0xd5,0x55,0x57,0xfd,0x7f,0x82,0xb8,0xea,
  0xaa,0xab,0xae,0xba,0xea,0xaa,0xab,0xae,0xba,0xea,0xff,0x13,0xc4,0x55,0x57,0x5d,
  0x75,0xd5,0x55,0x57,0x5d,0x75,0xd5,0x55,0xff,0x9f,0x20,0xae,0xba,0xea,0xaa,0xab,
  0xae,0xba,0xea,0xaa,0xab,0xae,0xfa,0xff,0x4,0x71,0xd5,0x55,0x57,0x5d,0x75,0xd5,
  0x55,0x57,0x5d,0x75,0xd5,0xff,0x27,0x88,0xab,0xae,0xba,0xea,0xaa,0xab,0xae,0xba,
  0xea,0xaa,0xab,0xfe,0x3f,0x41,0x5c,0x75,0xd5,0x55,0x57,0x5d,0x75,0xd5,0x55,0x57,
  0x5d,0xf5,0xff,0x9,0xe2,0xaa,0xab,0xae,0xba,0xea,0xaa,0xab,0xae,0xba,0xea,0xaa,
  0xff,0x4f,0x10,0x57,0x5d,0x75,0xd5,0x55,0x57,0x5d,0x75,0xd5,0x55,0x57,0xfd,0x7f,
  0x82,0xb8,0xea,0xaa,0xab,0xae,0xba,0xea,0xaa,0xab,0xae,0xba,0xea,0xff,0x13,0xc4,
  0x55,0x57,0x5d,0x75,0xd5,0x55,0x57,0x5d,0x75,0xd5,0x55,0xff,0x9f,0x20,0xae,0xba,
  0xea,0xaa,0xab,0xae,0xba,0xea,0xaa,0xab,0xae,0xfa,0xff,0x4,0x71,0xd5,0x55,0x57,
  0x5d,0x75,0xd5,0x55,0x57,0x5d,0x75,0xd5,0xff,0x27,0x88,0xab,0xae,0xba,0xea,0xaa,
  0xab,0xae,0xba,0xea,0xaa,0xab,0xfe,0x3f,0x41,0x5c,0x75,0xd5,0x55,0x57,0x5d,0x75,
  0xd5,0x55,0x57,0x5d,0xf5,0xff,0x9,0xe2,0xaa,0xab,0xae,0xba,0xea,0xaa,0xab,0xae,
  0xba,0xea,0xaa,0xff,0x4f,0x10,0x57,0x5d,0x75,0xd5,0x55,0x57,0x5d,0x75,0xd5,0x55,
  0x57,0xfd,0x7f,0x82,0xb8,0xea,0xaa,0xab,0xae,0xba,0xea,0xaa,0xab,0xae,0xba,0xea,
  0xff,0x13,0xc4,0x55,0x57,0x5d,0x75,0xd5,0x55,0x57,0x5d,0x75,0xd5,0x55,0xff,0x9f,
  0x20,0xae,0xba,0xea,0xaa,0xab,0xae,0xba,0xea,0xaa,0xab,0xae,0xfa,0xff,0x4,0x71,
  0xd5,0x55,0x57,0x5d,0x75,0xd5,0x55,0x57,0x5d,0x75,0xd5,0xff,0x27,0x88,0xab,0xae,
  0xba,0xea,0xaa,0xab,0xae,0xba,0xea,0xaa,0xab,0xfe,0x3f,0x41,0x5c,0x75,0xd5,0x55,
  0x57,0x5d,0x75,0xd5,0x55,0x57,0x5d,0xf5,0xff,0x9,0xe2,0xaa,0xab,0xae,0xba,0xea,
  0xaa,0xab,0xae,0xba,0xea,0xaa,0xff,0x4f,0x10,0x57,0x5d,0x75,0xd5,0x55,0x57,0x5d,
  0x75,0xd5,0x55,0x57,0xfd,0x7f,0x82,0xb8,0xea,0xaa,0xab,0xae,0xba,0xea,0xaa,0xab,
  0xae,0xba,0xea,0xff,0x13,0xc4,0x55,0x57,0x5d,0x75,0xd5,0x55,0x57,0x5d,0x75,0xd5,
  0x55,0xff,0x9f,0x20,0xae,0xba,0xea,0xaa,0xab,0xae,0xba,0xea,0xaa,0xab,0xae,0xfa,
  0xff,0x4,0x71,0xd5,0x55,0x57,0x5d,0x75,0xd5,0x55,0x57,0x5d,0x75,0xd5,0xff,0x27,
  0x88,0xab,0xae,0xba,0xea,0xaa,0xab,0xae,0xba,0xea,0xaa,0xab,0xfe,0x3f,0x41,0x5c,
  0x75,0xd5,0x55,0x57,0x5d,0x75,0xd5,0x55,0x57,0x5d,0xf5,0xff,0x9,0xe2,0xaa,0xab,
  0xae,0xba,0xea,0xaa,0xab,0xae,0xba,0xea,0xaa,0xff,0x4f,0x10,0x57,0x5d,0x75,0xd5,
  0x55,0x57,0x5d,0x75,0xd5,0x55,0x57,0xfd,0x7f,0x82,0xb8,0xea,0xaa,0xab,0xae,0xba,
  0xea,0xaa,0xab,0xae,0xba,0xea,0xff,0x13,0xc4,0x55,0x57,0x5d,0x75,0xd5,0x55,0x57,
  0x5d,0x75,0xd5,0x55,0xff,0x9f,0x20,0xae,0xba,0xea,0xaa,0xab,0xae,0xba,0xea,0xaa,
  0xab,0xae,0xfa,0xff,0x4,0x71,0xd5,0x55,0x57,0x5d,0x75,0xd5,0x55,0x57,0x5d,0x75,
  0xd5,0xff,0x27,0x88,0xab,0xae,0xba,0xea,0xaa,0xab,0xae,0xba,0xea,0xaa,0xab,0xfe,
  0x3f,0x41,0x5c,0x75,0xd5,0x55,0x57,0x5d,0x75,0xd5,0x55,0x57,0x5d,0xf5,0xff,0x9,
  0xe2,0xaa,0xab,0xae,0xba,0xea,0xaa,0xab,0xae,0xba,0xea,0xaa,0xff,0x4f,0x10,0x57,
  0x5d,0x75,0xd5,0x55,0x57,0x5d,0x75,0xd5,0x55,0x57,0xfd,0x7f,0x82,0xb8,0xea,0xaa,
  0xab,0xae,0xba,0xea,0xaa,0xab,0xae,0xba,0xea,0xff,0x13,0xc4,0x55,0x57,0x5d,0x75,
  0xd5,0x55,0x57,0x5d,0x75,0xd5,0x55,0xff,0x9f,0x20,0xae,0xba,0xea,0xaa,0xab,0xae,
  0xba,0xea,0xaa,0xab,0xae,0xfa,0xff,0x4,0x71,0xd5,0x55,0x57,0x5d,0x75,0xd5,0x55,
  0x57,0x5d,0x75,0xd5,0xff,0x27,0x88,0xab,0xae,0xba,0xea,0xaa,0xab,0xae,0xba,0xea,
  0xaa,0xab,0xfe,0x3f,0x41,0x5c,0x75,0xd5,0x55,0x57,0x5d,0x75,0xd5,0x55,0x57,0x5d,
  0xf5,0xff,0x9,0xe2,0xaa,0xab,0xae,0xba,0xea,0xaa,0xab,0xae,0xba,0xea,0xaa,0xff,
  0x4f,0x10,0x57,0x5d,0x75,0xd5,0x55,0x57,0x5d,0x75,0xd5,0x55,0x57,0xfd,0x7f,0x82,
  0xb8,0xea,0xaa,0xab,0xae,0xba,0xea,0xaa,0xab,0xae,0xba,0xea,0xff,0x13,0xc4,0x55,
  0x57,0x5d,0x75,0xd5,0x55,0x57,0x5d,0x75,0xd5,0x55,0xff,0x9f,0x20,0xae,0xba,0xea,
  0xaa,0xab,0xae,0xba,0xea,0xaa,0xab,0xae,0xfa,0xff,0x4,0x71,0xd5,0x55,0x57,0x5d,
  0x75,0xd5,0x55,0x57,0x5d,0x75,0xd5,0xff,0x27,0xfc,0x23,0xdb,0x60,0x2b,0x9d,0x7b,
  0x3e,0x3b,0x42,0x0,0x0,0x0,0x0,0x49,0x45,0x4e,0x44,0xae,0x42,0x60,0x82,
  
};

static const unsigned char qt_resource_name[] = {
  // qt
  0x0,0x2,
  0x0,0x0,0x7,0x84,
  0x0,0x71,
  0x0,0x74,
    // qml
  0x0,0x3,
  0x0,0x0,0x78,0x3c,
  0x0,0x71,
  0x0,0x6d,0x0,0x6c,
    // Chat_Application
  0x0,0x10,
  0xb,0xfa,0x3c,0x3e,
  0x0,0x43,
  0x0,0x68,0x0,0x61,0x0,0x74,0x0,0x5f,0x0,0x41,0x0,0x70,0x0,0x70,0x0,0x6c,0x0,0x69,0x0,0x63,0x0,0x61,0x0,0x74,0x0,0x69,0x0,0x6f,0x0,0x6e,
    // assets
  0x0,0x6,
  0x6,0x8a,0x9c,0xb3,
  0x0,0x61,
  0x0,0x73,0x0,0x73,0x0,0x65,0x0,0x74,0x0,0x73,
    // paper-plane-regular.png
  0x0,0x17,
  0xc,0xbc,0x9d,0xe7,
  0x0,0x70,
  0x0,0x61,0x0,0x70,0x0,0x65,0x0,0x72,0x0,0x2d,0x0,0x70,0x0,0x6c,0x0,0x61,0x0,0x6e,0x0,0x65,0x0,0x2d,0x0,0x72,0x0,0x65,0x0,0x67,0x0,0x75,0x0,0x6c,
  0x0,0x61,0x0,0x72,0x0,0x2e,0x0,0x70,0x0,0x6e,0x0,0x67,
    // paperclip-solid.png
  0x0,0x13,
  0xe,0xea,0xe1,0xa7,
  0x0,0x70,
  0x0,0x61,0x0,0x70,0x0,0x65,0x0,0x72,0x0,0x63,0x0,0x6c,0x0,0x69,0x0,0x70,0x0,0x2d,0x0,0x73,0x0,0x6f,0x0,0x6c,0x0,0x69,0x0,0x64,0x0,0x2e,0x0,0x70,
  0x0,0x6e,0x0,0x67,
  
};

static const unsigned char qt_resource_struct[] = {
  // :
  0x0,0x0,0x0,0x0,0x0,0x2,0x0,0x0,0x0,0x1,0x0,0x0,0x0,0x1,
0x0,0x0,0x0,0x0,0x0,0x0,0x0,0x0,
  // :/qt
  0x0,0x0,0x0,0x0,0x0,0x2,0x0,0x0,0x0,0x1,0x0,0x0,0x0,0x2,
0x0,0x0,0x0,0x0,0x0,0x0,0x0,0x0,
  // :/qt/qml
  0x0,0x0,0x0,0xa,0x0,0x2,0x0,0x0,0x0,0x1,0x0,0x0,0x0,0x3,
0x0,0x0,0x0,0x0,0x0,0x0,0x0,0x0,
  // :/qt/qml/Chat_Application
  0x0,0x0,0x0,0x16,0x0,0x2,0x0,0x0,0x0,0x1,0x0,0x0,0x0,0x4,
0x0,0x0,0x0,0x0,0x0,0x0,0x0,0x0,
  // :/qt/qml/Chat_Application/assets
  0x0,0x0,0x0,0x3c,0x0,0x2,0x0,0x0,0x0,0x2,0x0,0x0,0x0,0x5,
0x0,0x0,0x0,0x0,0x0,0x0,0x0,0x0,
  // :/qt/qml/Chat_Application/assets/paper-plane-regular.png
  0x0,0x0,0x0,0x4e,0x0,0x0,0x0,0x0,0x0,0x1,0x0,0x0,0x0,0x0,
0x0,0x0,0x1,0x9f,0xfa,0xd3,0x1a,0x5c,
  // :/qt/qml/Chat_Application/assets/paperclip-solid.png
  0x0,0x0,0x0,0x82,0x0,0x0,0x0,0x0,0x0,0x1,0x0,0x0,0x82,0xd8,
0x0,0x0,0x1,0x9f,0xfa,0xc8,0x6a,0xf6,

};

#ifdef QT_NAMESPACE
#  define QT_RCC_PREPEND_NAMESPACE(name) ::QT_NAMESPACE::name
#  define QT_RCC_MANGLE_NAMESPACE0(x) x
#  define QT_RCC_MANGLE_NAMESPACE1(a, b) a##_##b
#  define QT_RCC_MANGLE_NAMESPACE2(a, b) QT_RCC_MANGLE_NAMESPACE1(a,b)
#  define QT_RCC_MANGLE_NAMESPACE(name) QT_RCC_MANGLE_NAMESPACE2( \
        QT_RCC_MANGLE_NAMESPACE0(name), QT_RCC_MANGLE_NAMESPACE0(QT_NAMESPACE))
#else
#   define QT_RCC_PREPEND_NAMESPACE(name) name
#   define QT_RCC_MANGLE_NAMESPACE(name) name
#endif

#if defined(QT_INLINE_NAMESPACE)
inline namespace QT_NAMESPACE {
#elif defined(QT_NAMESPACE)
namespace QT_NAMESPACE {
#endif

bool qRegisterResourceData(int, const unsigned char *, const unsigned char *, const unsigned char *);
bool qUnregisterResourceData(int, const unsigned char *, const unsigned char *, const unsigned char *);

#ifdef QT_NAMESPACE
}
#endif

int QT_RCC_MANGLE_NAMESPACE(qInitResources_appChat_Application_raw_res_0)();
int QT_RCC_MANGLE_NAMESPACE(qInitResources_appChat_Application_raw_res_0)()
{
    int version = 3;
    QT_RCC_PREPEND_NAMESPACE(qRegisterResourceData)
        (version, qt_resource_struct, qt_resource_name, qt_resource_data);
    return 1;
}

int QT_RCC_MANGLE_NAMESPACE(qCleanupResources_appChat_Application_raw_res_0)();
int QT_RCC_MANGLE_NAMESPACE(qCleanupResources_appChat_Application_raw_res_0)()
{
    int version = 3;
    QT_RCC_PREPEND_NAMESPACE(qUnregisterResourceData)
       (version, qt_resource_struct, qt_resource_name, qt_resource_data);
    return 1;
}

#ifdef __clang__
#   pragma clang diagnostic push
#   pragma clang diagnostic ignored "-Wexit-time-destructors"
#endif

namespace {
   struct initializer {
       initializer() { QT_RCC_MANGLE_NAMESPACE(qInitResources_appChat_Application_raw_res_0)(); }
       ~initializer() { QT_RCC_MANGLE_NAMESPACE(qCleanupResources_appChat_Application_raw_res_0)(); }
   } dummy;
}

#ifdef __clang__
#   pragma clang diagnostic pop
#endif
