2026-07-16 12:15:40,643 [INFO] Activator:176 - 


2026-07-16 12:15:40,646 [INFO] Activator:177 - !SESSION log4j initialized
2026-07-16 12:15:44,033 [INFO] LogOutputStream:77 - [STDOUT_REDIRECT] 
2026-07-16 12:15:44,964 [INFO] ApplicationProperties:184 - Using Application install path: C:\ST\STM32CubeIDE_1.17.0\STM32CubeIDE\plugins\com.st.stm32cube.common.mx_6.13.0.202411220809
2026-07-16 12:15:44,975 [INFO] DbMcusXml:78 - Set database path to: C:\ST\STM32CubeIDE_1.17.0\STM32CubeIDE\plugins\com.st.stm32cube.common.mx_6.13.0.202411220809\\db\/mcu/
2026-07-16 12:15:44,975 [INFO] ApiDb:274 - Set plugin database path to: C:\ST\STM32CubeIDE_1.17.0\STM32CubeIDE\plugins\com.st.stm32cube.common.mx_6.13.0.202411220809\\db\/plugins/boardmanager/
2026-07-16 12:15:44,976 [WARN] ApiDb:259 - Overriding images path with different value:  => C:\ST\STM32CubeIDE_1.17.0\STM32CubeIDE\plugins\com.st.stm32cube.common.mx_6.13.0.202411220809\\db\/plugins/mcufinder/images/
2026-07-16 12:15:44,981 [INFO] ApiDb:250 - Set database path to: C:\Users\hanna\.stmcufinder\plugins\mcufinder//mcu/
2026-07-16 12:15:44,982 [INFO] DbMcusAds:125 - Set database path to: C:\Users\hanna\.stmcufinder\plugins\mcufinder//mcu/
2026-07-16 12:15:44,983 [INFO] CrossReferenceDbSqlite:203 - Set database path to: C:\Users\hanna\.stmcufinder\plugins\mcufinder//mcu/cs/
2026-07-16 12:15:45,048 [INFO] RulesReader:64 - Compatibility file has been processed (297 Rules)
2026-07-16 12:15:45,104 [INFO] DbMcusXml:78 - Set database path to: C:\ST\STM32CubeIDE_1.17.0\STM32CubeIDE\plugins\com.st.stm32cube.common.mx_6.13.0.202411220809\\db\/mcu/
2026-07-16 12:15:45,104 [INFO] ApiDb:274 - Set plugin database path to: C:\ST\STM32CubeIDE_1.17.0\STM32CubeIDE\plugins\com.st.stm32cube.common.mx_6.13.0.202411220809\\db\/plugins/boardmanager/
2026-07-16 12:15:45,104 [INFO] ApiDb:261 - Set plugin images path to: C:\ST\STM32CubeIDE_1.17.0\STM32CubeIDE\plugins\com.st.stm32cube.common.mx_6.13.0.202411220809\\db\/plugins/mcufinder/images/
2026-07-16 12:15:45,104 [WARN] DbFile:41 - Overriding database path with different value: C:\Users\hanna\.stmcufinder\plugins\mcufinder/ => C:\Users\hanna\.stmcufinder\plugins\mcufinder
2026-07-16 12:15:45,104 [INFO] ApiDb:250 - Set database path to: C:\Users\hanna\.stmcufinder\plugins\mcufinder//mcu/
2026-07-16 12:15:45,104 [WARN] DbFile:41 - Overriding database path with different value: C:\Users\hanna\.stmcufinder\plugins\mcufinder/ => C:\Users\hanna\.stmcufinder\plugins\mcufinder
2026-07-16 12:15:45,104 [INFO] DbMcusAds:125 - Set database path to: C:\Users\hanna\.stmcufinder\plugins\mcufinder//mcu/
2026-07-16 12:15:45,104 [WARN] DbFile:41 - Overriding database path with different value: C:\Users\hanna\.stmcufinder\plugins\mcufinder/ => C:\Users\hanna\.stmcufinder\plugins\mcufinder
2026-07-16 12:15:45,104 [WARN] DbFile:41 - Overriding database path with different value: C:\Users\hanna\.stmcufinder\plugins\mcufinder/ => C:\Users\hanna\.stmcufinder\plugins\mcufinder
2026-07-16 12:15:45,104 [INFO] CrossReferenceDbSqlite:203 - Set database path to: C:\Users\hanna\.stmcufinder\plugins\mcufinder//mcu/cs/
2026-07-16 12:15:45,152 [INFO] MainPanel:272 - HeapMemory: 268435456
2026-07-16 12:15:45,243 [INFO] DbMcusXml:78 - Set database path to: C:\ST\STM32CubeIDE_1.17.0\STM32CubeIDE\plugins\com.st.stm32cube.common.mx_6.13.0.202411220809\\db\/mcu/
2026-07-16 12:15:45,243 [INFO] ApiDb:274 - Set plugin database path to: C:\ST\STM32CubeIDE_1.17.0\STM32CubeIDE\plugins\com.st.stm32cube.common.mx_6.13.0.202411220809\\db\/plugins/boardmanager/
2026-07-16 12:15:45,243 [INFO] ApiDb:261 - Set plugin images path to: C:\ST\STM32CubeIDE_1.17.0\STM32CubeIDE\plugins\com.st.stm32cube.common.mx_6.13.0.202411220809\\db\/plugins/mcufinder/images/
2026-07-16 12:15:45,244 [WARN] DbFile:41 - Overriding database path with different value: C:\Users\hanna\.stmcufinder\plugins\mcufinder/ => C:\Users\hanna\.stmcufinder\plugins\mcufinder
2026-07-16 12:15:45,244 [INFO] ApiDb:250 - Set database path to: C:\Users\hanna\.stmcufinder\plugins\mcufinder//mcu/
2026-07-16 12:15:45,244 [WARN] DbFile:41 - Overriding database path with different value: C:\Users\hanna\.stmcufinder\plugins\mcufinder/ => C:\Users\hanna\.stmcufinder\plugins\mcufinder
2026-07-16 12:15:45,244 [INFO] DbMcusAds:125 - Set database path to: C:\Users\hanna\.stmcufinder\plugins\mcufinder//mcu/
2026-07-16 12:15:45,244 [WARN] DbFile:41 - Overriding database path with different value: C:\Users\hanna\.stmcufinder\plugins\mcufinder/ => C:\Users\hanna\.stmcufinder\plugins\mcufinder
2026-07-16 12:15:45,244 [WARN] DbFile:41 - Overriding database path with different value: C:\Users\hanna\.stmcufinder\plugins\mcufinder/ => C:\Users\hanna\.stmcufinder\plugins\mcufinder
2026-07-16 12:15:45,244 [INFO] CrossReferenceDbSqlite:203 - Set database path to: C:\Users\hanna\.stmcufinder\plugins\mcufinder//mcu/cs/
2026-07-16 12:15:45,255 [INFO] ApplicationProperties:184 - Using Application install path: C:\ST\STM32CubeIDE_1.17.0\STM32CubeIDE\plugins\com.st.stm32cube.common.mx_6.13.0.202411220809
2026-07-16 12:15:45,256 [INFO] PluginManage:196 - Search for loadable plugins [exclusion list=, ]
2026-07-16 12:15:45,257 [INFO] PluginManage:310 - Check plugin analytics
2026-07-16 12:15:45,374 [INFO] AnalyticsPlugin:253 - Accepted Software Licenses: 
2026-07-16 12:15:45,374 [INFO] AnalyticsPlugin:255 - Accepted CMSIS Pack Licenses: 
2026-07-16 12:15:45,374 [INFO] AnalyticsPlugin:257 - Accepted Firmware Licenses: FW.H7.1.12.0,FW.F7.1.17.0
2026-07-16 12:15:45,377 [INFO] PluginManage:359 - Loaded plugin analytics (category:tool,tabindex:-1)
2026-07-16 12:15:45,377 [INFO] PluginManage:310 - Check plugin cadmodel
2026-07-16 12:15:45,387 [INFO] CADModel:105 - Init CAD model plugin
2026-07-16 12:15:45,388 [INFO] PluginManage:359 - Loaded plugin cadmodel (category:power,tabindex:5)
2026-07-16 12:15:45,388 [INFO] PluginManage:310 - Check plugin clock
2026-07-16 12:15:45,400 [INFO] PluginManage:359 - Loaded plugin clock (category:base,tabindex:2)
2026-07-16 12:15:45,401 [INFO] PluginManage:310 - Check plugin ddr
2026-07-16 12:15:45,403 [INFO] PluginManage:359 - Loaded plugin ddr (category:tool,tabindex:6)
2026-07-16 12:15:45,403 [INFO] PluginManage:310 - Check plugin filemanager
2026-07-16 12:15:45,491 [INFO] PluginManage:359 - Loaded plugin filemanager (category:base,tabindex:10)
2026-07-16 12:15:45,491 [INFO] PluginManage:310 - Check plugin ipmanager
2026-07-16 12:15:45,496 [INFO] PluginManage:359 - Loaded plugin ipmanager (category:base,tabindex:5)
2026-07-16 12:15:45,496 [INFO] PluginManage:310 - Check plugin lpbam
2026-07-16 12:15:45,507 [INFO] PluginManage:359 - Loaded plugin lpbam (category:base,tabindex:0)
2026-07-16 12:15:45,507 [INFO] PluginManage:310 - Check plugin memorymap
2026-07-16 12:15:45,524 [INFO] PluginManage:359 - Loaded plugin memorymap (category:base,tabindex:4)
2026-07-16 12:15:45,524 [INFO] PluginManage:310 - Check plugin pinoutandconfiguration
2026-07-16 12:15:45,535 [INFO] PluginManage:359 - Loaded plugin pinoutandconfiguration (category:base,tabindex:1)
2026-07-16 12:15:45,535 [INFO] PluginManage:310 - Check plugin pinoutconfig
2026-07-16 12:15:45,595 [WARN] SupportedApi:132 - Cannot load RTOS API schema: s4s-elt-must-match.1: The content of 'definitions' must match (annotation?, (simpleType | complexType)?, (unique | key | keyref)*)). A problem was found starting at: attribute.
2026-07-16 12:15:45,680 [INFO] PluginManage:359 - Loaded plugin pinoutconfig (category:base,tabindex:0)
2026-07-16 12:15:45,681 [INFO] PluginManage:310 - Check plugin power
2026-07-16 12:15:45,695 [INFO] PluginManage:359 - Loaded plugin power (category:power,tabindex:4)
2026-07-16 12:15:45,695 [INFO] PluginManage:310 - Check plugin projectmanager
2026-07-16 12:15:45,705 [INFO] PluginManage:359 - Loaded plugin projectmanager (category:projectmanager,tabindex:4)
2026-07-16 12:15:45,705 [INFO] PluginManage:310 - Check plugin rif
2026-07-16 12:15:45,717 [INFO] PluginManage:359 - Loaded plugin rif (category:base,tabindex:3)
2026-07-16 12:15:45,717 [INFO] PluginManage:310 - Check plugin thirdparty
2026-07-16 12:15:45,905 [INFO] PluginManage:359 - Loaded plugin thirdparty (category:base,tabindex:-1)
2026-07-16 12:15:45,904 [WARN] IntegrityCheckThread:84 - waiting for thirdparty lock release [integrity check]
2026-07-16 12:15:45,905 [INFO] IntegrityCheckThread:86 - entering critical section [integrity check]
2026-07-16 12:15:45,905 [INFO] PluginManage:310 - Check plugin tools
2026-07-16 12:15:45,905 [INFO] ThirdPartyUpdaterWithRetryManager:70 - Updater plugin not ready yet. [1/15]
2026-07-16 12:15:45,928 [INFO] PluginManage:359 - Loaded plugin tools (category:base,tabindex:7)
2026-07-16 12:15:45,928 [INFO] PluginManage:310 - Check plugin tutovideos
2026-07-16 12:15:46,043 [INFO] PluginManage:359 - Loaded plugin tutovideos (category:base,tabindex:-1)
2026-07-16 12:15:46,043 [INFO] PluginManage:310 - Check plugin updater
2026-07-16 12:15:46,056 [INFO] PluginManage:359 - Loaded plugin updater (category:base,tabindex:12)
2026-07-16 12:15:46,056 [INFO] PluginManage:310 - Check plugin userauth
2026-07-16 12:15:46,058 [INFO] UserAuth:118 - Init User Auth plugin
2026-07-16 12:15:46,059 [INFO] PluginManage:359 - Loaded plugin userauth (category:base,tabindex:14)
2026-07-16 12:15:46,059 [INFO] PluginManage:283 - PluginManage : Loaded plugins [18]
2026-07-16 12:15:46,192 [INFO] PinOutPanel:1589 - setPackage(No Configuration,No Configuration)
2026-07-16 12:15:46,245 [INFO] CADModel:165 - CPN selected for project level
2026-07-16 12:15:46,246 [INFO] CADModel:114 - Register for checkConnection events
2026-07-16 12:15:46,265 [INFO] IPUIPlugin:80 - create IPUIPlugin
2026-07-16 12:15:46,265 [INFO] PluginManager:220 - loadIPPluginJar : add adc
2026-07-16 12:15:46,290 [INFO] IPUIPlugin:80 - create IPUIPlugin
2026-07-16 12:15:46,291 [INFO] PluginManager:220 - loadIPPluginJar : add aes
2026-07-16 12:15:46,320 [INFO] IPUIPlugin:80 - create IPUIPlugin
2026-07-16 12:15:46,320 [INFO] PluginManager:220 - loadIPPluginJar : add can
2026-07-16 12:15:46,336 [INFO] IPUIPlugin:80 - create IPUIPlugin
2026-07-16 12:15:46,336 [INFO] PluginManager:220 - loadIPPluginJar : add comp
2026-07-16 12:15:46,358 [INFO] IPUIPlugin:80 - create IPUIPlugin
2026-07-16 12:15:46,358 [INFO] PluginManager:220 - loadIPPluginJar : add cryp
2026-07-16 12:15:46,367 [INFO] IPUIPlugin:80 - create IPUIPlugin
2026-07-16 12:15:46,367 [INFO] PluginManager:220 - loadIPPluginJar : add ddr_ctrl_phy
2026-07-16 12:15:46,386 [INFO] IPUIPlugin:80 - create IPUIPlugin
2026-07-16 12:15:46,386 [INFO] PluginManager:220 - loadIPPluginJar : add dfsdm
2026-07-16 12:15:46,395 [INFO] IPUIPlugin:80 - create IPUIPlugin
2026-07-16 12:15:46,396 [INFO] PluginManager:220 - loadIPPluginJar : add dma
2026-07-16 12:15:46,420 [INFO] IPUIPlugin:80 - create IPUIPlugin
2026-07-16 12:15:46,420 [INFO] PluginManager:220 - loadIPPluginJar : add dma3
2026-07-16 12:15:46,450 [INFO] IPUIPlugin:80 - create IPUIPlugin
2026-07-16 12:15:46,450 [INFO] PluginManager:220 - loadIPPluginJar : add extmemmanager
2026-07-16 12:15:46,464 [INFO] IPUIPlugin:80 - create IPUIPlugin
2026-07-16 12:15:46,464 [INFO] PluginManager:220 - loadIPPluginJar : add fatfs
2026-07-16 12:15:46,495 [INFO] IPUIPlugin:80 - create IPUIPlugin
2026-07-16 12:15:46,496 [INFO] PluginManager:220 - loadIPPluginJar : add fmc
2026-07-16 12:15:46,506 [INFO] IPUIPlugin:80 - create IPUIPlugin
2026-07-16 12:15:46,506 [INFO] PluginManager:220 - loadIPPluginJar : add freertos
2026-07-16 12:15:46,520 [INFO] IPUIPlugin:80 - create IPUIPlugin
2026-07-16 12:15:46,520 [INFO] PluginManager:220 - loadIPPluginJar : add genericplugin
2026-07-16 12:15:46,578 [INFO] IPUIPlugin:80 - create IPUIPlugin
2026-07-16 12:15:46,578 [INFO] PluginManager:220 - loadIPPluginJar : add gfxmmu
2026-07-16 12:15:46,656 [INFO] IPUIPlugin:80 - create IPUIPlugin
2026-07-16 12:15:46,656 [INFO] PluginManager:220 - loadIPPluginJar : add gic
2026-07-16 12:15:46,664 [INFO] IPUIPlugin:80 - create IPUIPlugin
2026-07-16 12:15:46,664 [INFO] PluginManager:220 - loadIPPluginJar : add gpio
2026-07-16 12:15:46,722 [INFO] IPUIPlugin:80 - create IPUIPlugin
2026-07-16 12:15:46,723 [INFO] PluginManager:220 - loadIPPluginJar : add gtzc
2026-07-16 12:15:46,743 [INFO] IPUIPlugin:80 - create IPUIPlugin
2026-07-16 12:15:46,743 [INFO] PluginManager:220 - loadIPPluginJar : add hash
2026-07-16 12:15:46,776 [INFO] IPUIPlugin:80 - create IPUIPlugin
2026-07-16 12:15:46,776 [INFO] PluginManager:220 - loadIPPluginJar : add i2c
2026-07-16 12:15:46,800 [INFO] IPUIPlugin:80 - create IPUIPlugin
2026-07-16 12:15:46,801 [INFO] PluginManager:220 - loadIPPluginJar : add i2s
2026-07-16 12:15:46,827 [INFO] IPUIPlugin:80 - create IPUIPlugin
2026-07-16 12:15:46,827 [INFO] PluginManager:220 - loadIPPluginJar : add i3c
2026-07-16 12:15:46,895 [INFO] IPUIPlugin:80 - create IPUIPlugin
2026-07-16 12:15:46,896 [INFO] PluginManager:220 - loadIPPluginJar : add ipddr
2026-07-16 12:15:46,951 [INFO] IPUIPlugin:80 - create IPUIPlugin
2026-07-16 12:15:46,952 [INFO] PluginManager:220 - loadIPPluginJar : add linkedlist
2026-07-16 12:15:46,974 [INFO] IPUIPlugin:80 - create IPUIPlugin
2026-07-16 12:15:46,974 [INFO] PluginManager:220 - loadIPPluginJar : add lorawan
2026-07-16 12:15:46,997 [INFO] IPUIPlugin:80 - create IPUIPlugin
2026-07-16 12:15:46,997 [INFO] PluginManager:220 - loadIPPluginJar : add ltdc
2026-07-16 12:15:47,007 [INFO] IPUIPlugin:80 - create IPUIPlugin
2026-07-16 12:15:47,007 [INFO] PluginManager:220 - loadIPPluginJar : add mdma
2026-07-16 12:15:47,015 [INFO] IPUIPlugin:80 - create IPUIPlugin
2026-07-16 12:15:47,015 [INFO] PluginManager:220 - loadIPPluginJar : add nvic
2026-07-16 12:15:47,037 [INFO] IPUIPlugin:80 - create IPUIPlugin
2026-07-16 12:15:47,038 [INFO] PluginManager:220 - loadIPPluginJar : add opamp
2026-07-16 12:15:47,074 [INFO] IPUIPlugin:80 - create IPUIPlugin
2026-07-16 12:15:47,074 [INFO] PluginManager:220 - loadIPPluginJar : add openamp
2026-07-16 12:15:47,101 [INFO] IPUIPlugin:80 - create IPUIPlugin
2026-07-16 12:15:47,101 [INFO] PluginManager:220 - loadIPPluginJar : add pdm2pcm
2026-07-16 12:15:47,111 [INFO] IPUIPlugin:80 - create IPUIPlugin
2026-07-16 12:15:47,112 [INFO] PluginManager:220 - loadIPPluginJar : add plateformsettings
2026-07-16 12:15:47,126 [INFO] IPUIPlugin:80 - create IPUIPlugin
2026-07-16 12:15:47,126 [INFO] PluginManager:220 - loadIPPluginJar : add quadspi
2026-07-16 12:15:47,142 [INFO] IPUIPlugin:80 - create IPUIPlugin
2026-07-16 12:15:47,143 [INFO] PluginManager:220 - loadIPPluginJar : add radio
2026-07-16 12:15:47,150 [INFO] IPUIPlugin:80 - create IPUIPlugin
2026-07-16 12:15:47,150 [INFO] PluginManager:220 - loadIPPluginJar : add resmgrutility
2026-07-16 12:15:47,181 [INFO] IPUIPlugin:80 - create IPUIPlugin
2026-07-16 12:15:47,182 [INFO] PluginManager:220 - loadIPPluginJar : add sai
2026-07-16 12:15:47,205 [INFO] IPUIPlugin:80 - create IPUIPlugin
2026-07-16 12:15:47,205 [INFO] PluginManager:220 - loadIPPluginJar : add spi
2026-07-16 12:15:47,249 [INFO] IPUIPlugin:80 - create IPUIPlugin
2026-07-16 12:15:47,249 [INFO] PluginManager:220 - loadIPPluginJar : add stm32_wpan
2026-07-16 12:15:47,264 [INFO] IPUIPlugin:80 - create IPUIPlugin
2026-07-16 12:15:47,264 [INFO] PluginManager:220 - loadIPPluginJar : add tim
2026-07-16 12:15:47,302 [INFO] IPUIPlugin:80 - create IPUIPlugin
2026-07-16 12:15:47,303 [INFO] PluginManager:220 - loadIPPluginJar : add touchsensing
2026-07-16 12:15:47,318 [INFO] IPUIPlugin:80 - create IPUIPlugin
2026-07-16 12:15:47,318 [INFO] PluginManager:220 - loadIPPluginJar : add tracer_emb
2026-07-16 12:15:47,333 [INFO] IPUIPlugin:80 - create IPUIPlugin
2026-07-16 12:15:47,333 [INFO] PluginManager:220 - loadIPPluginJar : add ts
2026-07-16 12:15:47,347 [INFO] IPUIPlugin:80 - create IPUIPlugin
2026-07-16 12:15:47,347 [INFO] PluginManager:220 - loadIPPluginJar : add tsc
2026-07-16 12:15:47,361 [INFO] IPUIPlugin:80 - create IPUIPlugin
2026-07-16 12:15:47,361 [INFO] PluginManager:220 - loadIPPluginJar : add ucpd
2026-07-16 12:15:47,389 [INFO] IPUIPlugin:80 - create IPUIPlugin
2026-07-16 12:15:47,390 [INFO] PluginManager:220 - loadIPPluginJar : add usart
2026-07-16 12:15:47,418 [INFO] IPUIPlugin:80 - create IPUIPlugin
2026-07-16 12:15:47,418 [INFO] PluginManager:220 - loadIPPluginJar : add usbx
2026-07-16 12:15:47,517 [FATAL] Updater:351 - Updater called before beeing initialized
2026-07-16 12:15:47,529 [INFO] RulesReader:64 - Compatibility file has been processed (297 Rules)
2026-07-16 12:15:47,534 [INFO] RulesReader:64 - Compatibility file has been processed (297 Rules)
2026-07-16 12:15:47,540 [INFO] CADModel:165 - CPN selected for project level
2026-07-16 12:15:47,540 [INFO] CADModel:114 - Register for checkConnection events
2026-07-16 12:15:47,540 [FATAL] Updater:351 - Updater called before beeing initialized
2026-07-16 12:15:47,541 [ERROR] CADModel:125 - Updater not yet initialized, retry later 
2026-07-16 12:15:47,631 [FATAL] Updater:351 - Updater called before beeing initialized
2026-07-16 12:15:47,632 [INFO] CADModel:165 - CPN selected for project level
2026-07-16 12:15:47,632 [INFO] CADModel:114 - Register for checkConnection events
2026-07-16 12:15:47,632 [FATAL] Updater:351 - Updater called before beeing initialized
2026-07-16 12:15:47,632 [ERROR] CADModel:125 - Updater not yet initialized, retry later 
2026-07-16 12:15:47,634 [FATAL] Updater:351 - Updater called before beeing initialized
2026-07-16 12:15:47,695 [FATAL] Updater:351 - Updater called before beeing initialized
2026-07-16 12:15:47,703 [INFO] DbMcusAds:53 - JSON generation date=Thu May 28 17:08:16 BST 2026 (1779984496303)
2026-07-16 12:15:47,703 [FATAL] Updater:351 - Updater called before beeing initialized
2026-07-16 12:15:47,727 [WARN] DetailPanel:346 - Failed to get advertising image, set to default
2026-07-16 12:15:47,834 [FATAL] Updater:351 - Updater called before beeing initialized
2026-07-16 12:15:47,836 [FATAL] Updater:351 - Updater called before beeing initialized
2026-07-16 12:15:47,836 [FATAL] Updater:351 - Updater called before beeing initialized
2026-07-16 12:15:47,836 [WARN] DetailPanel:346 - Failed to get advertising image, set to default
2026-07-16 12:15:47,836 [FATAL] Updater:351 - Updater called before beeing initialized
2026-07-16 12:15:47,869 [ERROR] Updater:1198 - MainUpdater not yet initialized. External WinMGr cannot be set.
2026-07-16 12:15:47,876 [INFO] Updater:1134 - Updater Version found : 6.13.0
2026-07-16 12:15:47,889 [INFO] ApplicationProperties:184 - Using Application install path: C:\ST\STM32CubeIDE_1.17.0\STM32CubeIDE\plugins\com.st.stm32cube.common.mx_6.13.0.202411220809
2026-07-16 12:15:48,107 [INFO] MainUpdater:2872 - connection check result : 10
2026-07-16 12:15:48,108 [INFO] MainUpdater:3566 - Updater definition file requires update
2026-07-16 12:15:48,108 [INFO] MainUpdater:289 - Updater Check For Update Now.
2026-07-16 12:15:48,108 [INFO] MicroXplorer:498 - Change Database Version : DB.6.0.130
2026-07-16 12:15:48,120 [INFO] McuFinderGlobals:63 - Set McuFinder mode to 2 (CubeIDE integrated)
2026-07-16 12:15:48,125 [INFO] UserAuth:486 - Internet connection configuration mode: 1
2026-07-16 12:15:48,126 [INFO] ServerAccessManage:473 - Download File updaters.zip
2026-07-16 12:15:48,147 [INFO] JxBrowserEngine:152 - Initiate JxBrowser Engine with user profile folder
2026-07-16 12:15:48,191 [INFO] FileExtend:240 - Unzip File : updaters.zip
2026-07-16 12:15:48,191 [INFO] FileExtend:255 - Standard Zip Deflate
2026-07-16 12:15:48,542 [INFO] ServerAccessManage:473 - Download File PacksControlFlags.xml
2026-07-16 12:15:48,587 [INFO] ServerAccessManage:473 - Download File cubemx.pidx
2026-07-16 12:15:48,718 [INFO] ServerAccessManage:473 - Download File STMicroelectronics.FP-ATR-ASTRA1.pdsc
2026-07-16 12:15:48,906 [WARN] MainUpdater:1193 - Updater busy. Cannot search thirdparties
2026-07-16 12:15:48,906 [INFO] ThirdPartyUpdaterWithRetryManager:96 - Updater plugin is busy. [1/15]
2026-07-16 12:15:49,356 [INFO] WebApp:168 - Instantiating new browser for Auth
2026-07-16 12:15:49,908 [WARN] PackLoader:240 - Cannot read IP mode file for STMicroelectronics.FP-ATR-ASTRA1.2.0.3
2026-07-16 12:15:49,909 [INFO] PopulateThirdPartyThread:66 - Ending populate Thread
2026-07-16 12:15:49,910 [INFO] ThirdParty:1030 - CMSIS Pack Vendor :STMicroelectronics FP-ATR-ASTRA1 2.0.3
2026-07-16 12:15:49,910 [INFO] LoadServerUpdatesThread:375 - End of LoadServerUpdate Thread
2026-07-16 12:15:49,971 [INFO] CheckServerUpdateThread:120 - End of CheckServer Thread
2026-07-16 12:15:50,203 [INFO] WebApp:449 - Apply proxy settings
2026-07-16 12:15:50,203 [INFO] WebApp:534 - Chromium requires no authentication
2026-07-16 12:15:50,210 [INFO] WebApp:477 - Direct internet connection detected
2026-07-16 12:15:50,226 [INFO] WebApp:880 - Register for checkConnection events
2026-07-16 12:15:50,227 [INFO] WebApp:449 - Apply proxy settings
2026-07-16 12:15:50,227 [INFO] WebApp:534 - Chromium requires no authentication
2026-07-16 12:15:50,227 [INFO] WebApp:477 - Direct internet connection detected
2026-07-16 12:15:50,339 [INFO] WebApp:221 - Starting web application
2026-07-16 12:15:50,339 [INFO] WebApp:579 - Web application path used C:\ST\STM32CubeIDE_1.17.0\STM32CubeIDE\plugins\com.st.stm32cube.common.mx_6.13.0.202411220809\db\plugins\mcufinder\reactClient1\index.html
2026-07-16 12:15:50,349 [INFO] WebApp:187 - Connection restablished
2026-07-16 12:15:50,419 [INFO] UserAuth:486 - Internet connection configuration mode: 1
2026-07-16 12:15:50,486 [ERROR] LogOutputStream:75 - [STDERR_REDIRECT] [Fatal Error] :1:1: Premature end of file.
2026-07-16 12:15:50,486 [ERROR] LogOutputStream:75 - [STDERR_REDIRECT] 
2026-07-16 12:15:51,461 [ERROR] LogOutputStream:75 - [STDERR_REDIRECT] [Fatal Error] :1:1: Premature end of file.
2026-07-16 12:15:51,461 [ERROR] LogOutputStream:75 - [STDERR_REDIRECT] 
2026-07-16 12:15:51,545 [INFO] McuFinderGlobals:63 - Set McuFinder mode to 2 (CubeIDE integrated)
2026-07-16 12:15:51,563 [INFO] MainUpdater:2872 - connection check result : 10
2026-07-16 12:15:51,580 [INFO] McuFinderGlobals:76 - Set McuFinderConnectedMode to true
2026-07-16 12:15:51,812 [INFO] ServerAccessManage:473 - Download File mcusAds.json._tmp_
2026-07-16 12:15:51,908 [WARN] MainUpdater:1193 - Updater busy. Cannot search thirdparties
2026-07-16 12:15:51,908 [INFO] ThirdPartyUpdaterWithRetryManager:96 - Updater plugin is busy. [2/15]
2026-07-16 12:15:51,921 [INFO] LoadUrlFilesThread:156 - End of LoadUrlFiles Thread
2026-07-16 12:15:52,039 [INFO] ServerAccessManage:473 - Download File cube-finder-db.zip
2026-07-16 12:15:52,463 [ERROR] LogOutputStream:75 - [STDERR_REDIRECT] [Fatal Error] :1:1: Premature end of file.
2026-07-16 12:15:52,463 [ERROR] LogOutputStream:75 - [STDERR_REDIRECT] 
2026-07-16 12:15:53,463 [ERROR] LogOutputStream:75 - [STDERR_REDIRECT] [Fatal Error] :1:1: Premature end of file.
2026-07-16 12:15:53,463 [ERROR] LogOutputStream:75 - [STDERR_REDIRECT] 
2026-07-16 12:15:54,462 [ERROR] LogOutputStream:75 - [STDERR_REDIRECT] [Fatal Error] :1:1: Premature end of file.
2026-07-16 12:15:54,462 [ERROR] LogOutputStream:75 - [STDERR_REDIRECT] 
2026-07-16 12:15:54,909 [WARN] MainUpdater:1193 - Updater busy. Cannot search thirdparties
2026-07-16 12:15:54,909 [INFO] ThirdPartyUpdaterWithRetryManager:96 - Updater plugin is busy. [3/15]
2026-07-16 12:15:55,463 [ERROR] LogOutputStream:75 - [STDERR_REDIRECT] [Fatal Error] :1:1: Premature end of file.
2026-07-16 12:15:55,463 [ERROR] LogOutputStream:75 - [STDERR_REDIRECT] 
2026-07-16 12:15:55,859 [INFO] FileExtend:240 - Unzip File : cube-finder-db.zip
2026-07-16 12:15:55,860 [INFO] FileExtend:255 - Standard Zip Deflate
2026-07-16 12:15:56,387 [INFO] LoadUrlFilesThread:156 - End of LoadUrlFiles Thread
2026-07-16 12:15:56,465 [ERROR] LogOutputStream:75 - [STDERR_REDIRECT] [Fatal Error] :1:1: Premature end of file.
2026-07-16 12:15:56,465 [ERROR] LogOutputStream:75 - [STDERR_REDIRECT] 
2026-07-16 12:15:57,462 [ERROR] LogOutputStream:75 - [STDERR_REDIRECT] [Fatal Error] :1:1: Premature end of file.
2026-07-16 12:15:57,462 [ERROR] LogOutputStream:75 - [STDERR_REDIRECT] 
2026-07-16 12:15:57,910 [WARN] MainUpdater:1193 - Updater busy. Cannot search thirdparties
2026-07-16 12:15:57,910 [INFO] ThirdPartyUpdaterWithRetryManager:96 - Updater plugin is busy. [4/15]
2026-07-16 12:15:58,461 [ERROR] LogOutputStream:75 - [STDERR_REDIRECT] [Fatal Error] :1:1: Premature end of file.
2026-07-16 12:15:58,461 [ERROR] LogOutputStream:75 - [STDERR_REDIRECT] 
2026-07-16 12:15:59,462 [ERROR] LogOutputStream:75 - [STDERR_REDIRECT] [Fatal Error] :1:1: Premature end of file.
2026-07-16 12:15:59,462 [ERROR] LogOutputStream:75 - [STDERR_REDIRECT] 
2026-07-16 12:16:00,460 [ERROR] LogOutputStream:75 - [STDERR_REDIRECT] [Fatal Error] :1:1: Premature end of file.
2026-07-16 12:16:00,460 [ERROR] LogOutputStream:75 - [STDERR_REDIRECT] 
2026-07-16 12:16:00,910 [WARN] MainUpdater:1193 - Updater busy. Cannot search thirdparties
2026-07-16 12:16:00,910 [INFO] ThirdPartyUpdaterWithRetryManager:96 - Updater plugin is busy. [5/15]
2026-07-16 12:16:01,461 [ERROR] LogOutputStream:75 - [STDERR_REDIRECT] [Fatal Error] :1:1: Premature end of file.
2026-07-16 12:16:01,461 [ERROR] LogOutputStream:75 - [STDERR_REDIRECT] 
2026-07-16 12:16:02,464 [ERROR] LogOutputStream:75 - [STDERR_REDIRECT] [Fatal Error] :1:1: Premature end of file.
2026-07-16 12:16:02,464 [ERROR] LogOutputStream:75 - [STDERR_REDIRECT] 
2026-07-16 12:16:03,462 [ERROR] LogOutputStream:75 - [STDERR_REDIRECT] [Fatal Error] :1:1: Premature end of file.
2026-07-16 12:16:03,463 [ERROR] LogOutputStream:75 - [STDERR_REDIRECT] 
2026-07-16 12:16:03,910 [WARN] MainUpdater:1193 - Updater busy. Cannot search thirdparties
2026-07-16 12:16:03,910 [INFO] ThirdPartyUpdaterWithRetryManager:96 - Updater plugin is busy. [6/15]
2026-07-16 12:16:04,462 [ERROR] LogOutputStream:75 - [STDERR_REDIRECT] [Fatal Error] :1:1: Premature end of file.
2026-07-16 12:16:04,462 [ERROR] LogOutputStream:75 - [STDERR_REDIRECT] 
2026-07-16 12:16:05,463 [ERROR] LogOutputStream:75 - [STDERR_REDIRECT] [Fatal Error] :1:1: Premature end of file.
2026-07-16 12:16:05,463 [ERROR] LogOutputStream:75 - [STDERR_REDIRECT] 
2026-07-16 12:16:06,461 [ERROR] LogOutputStream:75 - [STDERR_REDIRECT] [Fatal Error] :1:1: Premature end of file.
2026-07-16 12:16:06,461 [ERROR] LogOutputStream:75 - [STDERR_REDIRECT] 
2026-07-16 12:16:06,911 [WARN] MainUpdater:1193 - Updater busy. Cannot search thirdparties
2026-07-16 12:16:06,911 [INFO] ThirdPartyUpdaterWithRetryManager:96 - Updater plugin is busy. [7/15]
2026-07-16 12:16:07,462 [ERROR] LogOutputStream:75 - [STDERR_REDIRECT] [Fatal Error] :1:1: Premature end of file.
2026-07-16 12:16:07,463 [ERROR] LogOutputStream:75 - [STDERR_REDIRECT] 
2026-07-16 12:16:08,463 [ERROR] LogOutputStream:75 - [STDERR_REDIRECT] [Fatal Error] :1:1: Premature end of file.
2026-07-16 12:16:08,463 [ERROR] LogOutputStream:75 - [STDERR_REDIRECT] 
2026-07-16 12:16:09,466 [ERROR] LogOutputStream:75 - [STDERR_REDIRECT] [Fatal Error] :1:1: Premature end of file.
2026-07-16 12:16:09,466 [ERROR] LogOutputStream:75 - [STDERR_REDIRECT] 
2026-07-16 12:16:09,911 [WARN] MainUpdater:1193 - Updater busy. Cannot search thirdparties
2026-07-16 12:16:09,911 [INFO] ThirdPartyUpdaterWithRetryManager:96 - Updater plugin is busy. [8/15]
2026-07-16 12:16:10,464 [ERROR] LogOutputStream:75 - [STDERR_REDIRECT] [Fatal Error] :1:1: Premature end of file.
2026-07-16 12:16:10,464 [ERROR] LogOutputStream:75 - [STDERR_REDIRECT] 
2026-07-16 12:16:11,468 [ERROR] LogOutputStream:75 - [STDERR_REDIRECT] [Fatal Error] :1:1: Premature end of file.
2026-07-16 12:16:11,468 [ERROR] LogOutputStream:75 - [STDERR_REDIRECT] 
2026-07-16 12:16:12,461 [ERROR] LogOutputStream:75 - [STDERR_REDIRECT] [Fatal Error] :1:1: Premature end of file.
2026-07-16 12:16:12,461 [ERROR] LogOutputStream:75 - [STDERR_REDIRECT] 
2026-07-16 12:16:12,912 [WARN] MainUpdater:1193 - Updater busy. Cannot search thirdparties
2026-07-16 12:16:12,912 [INFO] ThirdPartyUpdaterWithRetryManager:96 - Updater plugin is busy. [9/15]
2026-07-16 12:16:13,461 [ERROR] LogOutputStream:75 - [STDERR_REDIRECT] [Fatal Error] :1:1: Premature end of file.
2026-07-16 12:16:13,461 [ERROR] LogOutputStream:75 - [STDERR_REDIRECT] 
2026-07-16 12:16:14,462 [ERROR] LogOutputStream:75 - [STDERR_REDIRECT] [Fatal Error] :1:1: Premature end of file.
2026-07-16 12:16:14,462 [ERROR] LogOutputStream:75 - [STDERR_REDIRECT] 
2026-07-16 12:16:15,465 [ERROR] LogOutputStream:75 - [STDERR_REDIRECT] [Fatal Error] :1:1: Premature end of file.
2026-07-16 12:16:15,465 [ERROR] LogOutputStream:75 - [STDERR_REDIRECT] 
2026-07-16 12:16:15,912 [WARN] MainUpdater:1193 - Updater busy. Cannot search thirdparties
2026-07-16 12:16:15,913 [INFO] ThirdPartyUpdaterWithRetryManager:96 - Updater plugin is busy. [10/15]
2026-07-16 12:16:16,461 [ERROR] LogOutputStream:75 - [STDERR_REDIRECT] [Fatal Error] :1:1: Premature end of file.
2026-07-16 12:16:16,461 [ERROR] LogOutputStream:75 - [STDERR_REDIRECT] 
2026-07-16 12:16:17,461 [ERROR] LogOutputStream:75 - [STDERR_REDIRECT] [Fatal Error] :1:1: Premature end of file.
2026-07-16 12:16:17,461 [ERROR] LogOutputStream:75 - [STDERR_REDIRECT] 
2026-07-16 12:16:17,549 [ERROR] ServerAccessManage:1172 - Problem during Server Connection :  IO error Connection timed out: getsockopt
2026-07-16 12:16:17,550 [ERROR] ServerAccessManage:651 - Problem during Server Connection :  : crdb.zip.
2026-07-16 12:16:18,462 [ERROR] LogOutputStream:75 - [STDERR_REDIRECT] [Fatal Error] :1:1: Premature end of file.
2026-07-16 12:16:18,462 [ERROR] LogOutputStream:75 - [STDERR_REDIRECT] 
2026-07-16 12:16:18,913 [WARN] MainUpdater:1193 - Updater busy. Cannot search thirdparties
2026-07-16 12:16:18,913 [INFO] ThirdPartyUpdaterWithRetryManager:96 - Updater plugin is busy. [11/15]
2026-07-16 12:16:19,462 [ERROR] LogOutputStream:75 - [STDERR_REDIRECT] [Fatal Error] :1:1: Premature end of file.
2026-07-16 12:16:19,463 [ERROR] LogOutputStream:75 - [STDERR_REDIRECT] 
2026-07-16 12:16:20,047 [INFO] LoadUrlFilesThread:156 - End of LoadUrlFiles Thread
2026-07-16 12:16:20,461 [ERROR] LogOutputStream:75 - [STDERR_REDIRECT] [Fatal Error] :1:1: Premature end of file.
2026-07-16 12:16:20,461 [ERROR] LogOutputStream:75 - [STDERR_REDIRECT] 
2026-07-16 12:16:21,462 [ERROR] LogOutputStream:75 - [STDERR_REDIRECT] [Fatal Error] :1:1: Premature end of file.
2026-07-16 12:16:21,462 [ERROR] LogOutputStream:75 - [STDERR_REDIRECT] 
2026-07-16 12:16:21,702 [INFO] DbMcusAds:53 - JSON generation date=Wed Jul 15 10:44:54 BST 2026 (1784108694085)
2026-07-16 12:16:21,707 [ERROR] TargetSelectorAdapter:267 - Unable to refresh data
2026-07-16 12:16:22,040 [INFO] ApiDb:581 - Connected to CubeFinder SQLite database (C:\Users\hanna\.stmcufinder\plugins\mcufinder\mcu\cube-finder-db.db)
2026-07-16 12:16:22,098 [INFO] ApiDb:668 - CubeFinder database Data Model version=2.1
2026-07-16 12:16:22,098 [INFO] ApiDb:669 - CubeFinder database Configuration version=3.0.42
2026-07-16 12:16:22,099 [INFO] ApiDb:670 - CubeFinder database generation date=2026-06-23 (1782213372)
2026-07-16 12:16:22,099 [INFO] ApiDb:671 - CubeFinder database FW Pack versions=[FP-ATR-ASTRA1_V2.0.0, FP-SNS-FLIGHT1_V5.1.0, FP-SNS-MOTENV1_V5.1.0, FP-SNS-MOTENVWB1_V1.5.0, FP-SNS-SMARTAG2_V1.2.0, FP-SNS-STBOX1_V2.1.0, STM32Cube_FW_C0_V1.4.0, STM32Cube_FW_F4_V1.28.3, STM32Cube_FW_F7_V1.17.4, STM32Cube_FW_G0_V1.6.3, STM32Cube_FW_G4_V1.6.2, STM32Cube_FW_H5_V1.7.0, STM32Cube_FW_H7RS_V1.3.0, STM32Cube_FW_H7_V1.13.0, STM32Cube_FW_L0_V1.12.2, STM32Cube_FW_L4_V1.18.2, STM32Cube_FW_L5_V1.6.0, STM32Cube_FW_N6_V1.4.0, STM32Cube_FW_U0_V1.3.0, STM32Cube_FW_U3_V1.4.0, STM32Cube_FW_U5_V1.9.0, STM32Cube_FW_WB0_V1.5.0, STM32Cube_FW_WBA_V1.10.0, STM32Cube_FW_WB_V1.24.0, STM32Cube_FW_WL3_V1.5.0, STM32Cube_FW_WL_V1.6.0, X-CUBE-ALGOBUILD_V1.5.0, X-CUBE-ALS_V1.0.2, X-CUBE-AZRTOS-F4_V1.1.0, X-CUBE-AZRTOS-F7_V1.1.0, X-CUBE-AZRTOS-G0_V1.1.0, X-CUBE-AZRTOS-G4_V2.0.0, X-CUBE-AZRTOS-H7RS_V1.1.0, X-CUBE-AZRTOS-H7_V3.5.0, X-CUBE-AZRTOS-L4_V2.0.0, X-CUBE-AZRTOS-L5_V2.0.0, X-CUBE-AZRTOS-WB_V2.0.0, X-CUBE-AZRTOS-WL_V2.0.0, X-CUBE-BLE1_V7.1.0, X-CUBE-BLE2_V3.3.0, X-CUBE-BLEMGR_V4.1.0, X-CUBE-EEPRMA1_V5.2.0, X-CUBE-FREERTOS_V1.5.0, X-CUBE-GNSS1_V7.1.1, X-CUBE-MEMS1_V12.1.0, X-CUBE-NFC4_V3.0.0, X-CUBE-NFC7_V2.0.0, X-CUBE-SFXS2LP1_V4.0.0, X-CUBE-ST67W61_V1.3.0, X-CUBE-SUBG2_V5.0.0, X-CUBE-TOF1_V3.4.3]
2026-07-16 12:16:22,103 [WARN] PackLoader:240 - Cannot read IP mode file for STMicroelectronics.X-CUBE-AZRTOS-H7.3.5.0
2026-07-16 12:16:22,108 [WARN] PackLoader:240 - Cannot read IP mode file for STMicroelectronics.FP-ATR-ASTRA1.2.0.3
2026-07-16 12:16:22,112 [WARN] PackLoader:240 - Cannot read IP mode file for STMicroelectronics.FP-ATR-ASTRA1.2.0.2
2026-07-16 12:16:22,124 [ERROR] Engine:466 - C:\Users\hanna\.stm32cubemx\thirdparties\pdsc\STMicroelectronics.X-CUBE-SMBUS.2.1.1.pdsc: PDSC version is not supported
2026-07-16 12:16:22,142 [WARN] PackLoader:240 - Cannot read IP mode file for STMicroelectronics.X-CUBE-AZRTOS-F7.1.1.0
2026-07-16 12:16:22,146 [INFO] DbBoardsSqlite:226 - include board P-NUCLEO-WB55-NUCLEO as a kit item of type 'Nucleo-64'
2026-07-16 12:16:22,146 [INFO] DbBoardsSqlite:226 - include board P-NUCLEO-WB55-USBDONGLE as a kit item of type 'Nucleo USB Dongle'
2026-07-16 12:16:22,146 [INFO] DbBoardsSqlite:226 - include board STEVAL-IDP005V1 as a kit item of type 'Evaluation Board'
2026-07-16 12:16:22,146 [INFO] DbBoardsSqlite:226 - include board STEVAL-IDP005V2 as a kit item of type 'Evaluation Board'
2026-07-16 12:16:22,153 [ERROR] Engine:466 - C:\Users\hanna\.stm32cubemx\thirdparties\pdsc\STMicroelectronics.X-CUBE-FREERTOS.1.6.0.pdsc: PDSC version is not supported
2026-07-16 12:16:22,160 [ERROR] Engine:466 - C:\Users\hanna\.stm32cubemx\thirdparties\pdsc\STMicroelectronics.FP-SNS-MOTENV1.5.1.0.pdsc: PDSC version is not supported
2026-07-16 12:16:22,178 [WARN] PackLoader:240 - Cannot read IP mode file for STMicroelectronics.X-CUBE-AZRTOS-H7RS.1.3.0
2026-07-16 12:16:22,188 [ERROR] Engine:466 - C:\Users\hanna\.stm32cubemx\thirdparties\pdsc\WES.I-CUBE-Cesium.1.4.0.pdsc: PDSC version is not supported
2026-07-16 12:16:22,198 [WARN] PackLoader:240 - Cannot read IP mode file for STMicroelectronics.X-CUBE-DISPLAY.3.0.0
2026-07-16 12:16:22,212 [WARN] PackLoader:240 - Cannot read IP mode file for STMicroelectronics.X-CUBE-GNSS1.7.1.1
2026-07-16 12:16:22,215 [INFO] ApiDb:240 - Found 858 in-development CPN: [B-G473E-ZEST1S, B-WB1M-WPAN1, B-WBA5M-WPAN, B-WL5M-SUBG1, NUCLEO-C031C6, NUCLEO-C051C8, NUCLEO-C071RB, NUCLEO-C092RC, NUCLEO-H503RB, NUCLEO-H533RE, NUCLEO-H563ZI, NUCLEO-H7S3L8, NUCLEO-N657X0-Q, NUCLEO-U031R8, NUCLEO-U083RC, NUCLEO-U385RG-Q, NUCLEO-U545RE-Q, NUCLEO-U5A5ZJ-Q, NUCLEO-WB05KZ, NUCLEO-WB07CC, NUCLEO-WB09KE, NUCLEO-WBA52CG, NUCLEO-WBA55CG, NUCLEO-WL33CC1, NUCLEO-WL33CC2, STEVAL-PROTEUS1, STEVAL-SMARTAG2, STEVAL-STWINBX1, STM320518-EVAL, STM32C0116-DK, STM32C011D6Y3TR, STM32C011D6Y6TR, STM32C011F4P3, STM32C011F4P6, STM32C011F4U3, STM32C011F4U6TR, STM32C011F6P3, STM32C011F6P6, STM32C011F6U3, STM32C011F6U6TR, STM32C011J4M3, STM32C011J4M6, STM32C011J6M3, STM32C011J6M6, STM32C0316-DK, STM32C031C4T3, STM32C031C4T6, STM32C031C4U3, STM32C031C4U6, STM32C031C6T3, STM32C031C6T6, STM32C031C6U3, STM32C031C6U6, STM32C031F4P3, STM32C031F4P6, STM32C031F6P3, STM32C031F6P6, STM32C031G4U3, STM32C031G4U6, STM32C031G6U3, STM32C031G6U6, STM32C031K4T3, STM32C031K4T6, STM32C031K4U3, STM32C031K4U6, STM32C031K6T3, STM32C031K6T6, STM32C031K6U3, STM32C031K6U6, STM32C051C6T6, STM32C051C6U6, STM32C051C8T6, STM32C051C8U6, STM32C051D8Y6TR, STM32C051F6P6, STM32C051F8P6, STM32C051G6U6, STM32C051G8U6, STM32C051K6T6, STM32C051K6U6, STM32C051K8T6, STM32C071C8T6, STM32C071C8T6N, STM32C071C8U6, STM32C071C8U6N, STM32C071CBT6, STM32C071CBT6N, STM32C071CBU6, STM32C071CBU6N, STM32C071F8P6, STM32C071F8P6N, STM32C071FBP6, STM32C071FBP6N, STM32C071FBY6TR, STM32C071G8U6, STM32C071G8U6N, STM32C071GBU6, STM32C071GBU6N, STM32C071K8T6, STM32C071K8T6N, STM32C071K8U6, STM32C071K8U6N, STM32C071KBT6, STM32C071KBT6N, STM32C071KBU6, STM32C071KBU6N, STM32C071R8T6, STM32C071R8T6N, STM32C071RBI6N, STM32C071RBT6, STM32C071RBT6N, STM32C091CBT6, STM32C091CBU6, STM32C091CCT6, STM32C091CCU6, STM32C091ECY6TR, STM32C091FBP6, STM32C091FCP6, STM32C091GBU6, STM32C091GCU6, STM32C091KBT6, STM32C091KBU6, STM32C091KCT6, STM32C091KCU6, STM32C091RBT6, STM32C091RCI6, STM32C091RCT6, STM32C092CBT6, STM32C092CBU6, STM32C092CCT6, STM32C092CCU6, STM32C092ECY6TR, STM32C092FBP6, STM32C092FCP6, STM32C092GBU6, STM32C092GCU6, STM32C092KBT6, STM32C092KBU6, STM32C092KCT6, STM32C092KCU6, STM32C092RBT6, STM32C092RCI6, STM32C092RCT6, STM32G071K8TXN, STM32G071K8UXN, STM32G081GBU6N, STM32G081KBT6N, STM32G081KBUXN, STM32G0B1CCT6N, STM32G0B1KCT6, STM32G0B1NEY6TR, STM32G0B1RCT6N, STM32G0C1CCT6, STM32G0C1CCT6N, STM32G0C1CCU6N, STM32G0C1CET6N, STM32G0C1CEU6N, STM32G0C1KCT6, STM32G0C1NEY6TR, STM32G0C1RCI6N, STM32G0C1RCT6N, STM32G0C1REI6N, STM32G0C1RET6N, STM32G0C1VCI6, STM32G0C1VEI6, STM32G411C6T3, STM32G411C6T6, STM32G411C6U3, STM32G411C6U6, STM32G411C8T3, STM32G411C8T6, STM32G411C8U3, STM32G411C8U6, STM32G411CBT3, STM32G411CBT6, STM32G411CBU3, STM32G411CBU6, STM32G411CCT3, STM32G411CCT6, STM32G411CCU3, STM32G411CCU6, STM32G411K6T3, STM32G411K6T6, STM32G411K6U3, STM32G411K6U6, STM32G411K8T3, STM32G411K8T6, STM32G411K8U3, STM32G411K8U6, STM32G411KBT3, STM32G411KBT6, STM32G411KBU3, STM32G411KBU6, STM32G411M6T3, STM32G411M6T6, STM32G411M8T3, STM32G411M8T6, STM32G411MBT3, STM32G411MBT6, STM32G411MCT3, STM32G411MCT6, STM32G411R6T3, STM32G411R6T6, STM32G411R8T3, STM32G411R8T6, STM32G411RBT3, STM32G411RBT6, STM32G411RCT3, STM32G411RCT6, STM32G414CBT3, STM32G414CBT6, STM32G414CBU3, STM32G414CBU6, STM32G414CCT3, STM32G414CCT6, STM32G414CCU3, STM32G414CCU6, STM32G414MBT3, STM32G414MBT6, STM32G414MCT3, STM32G414MCT6, STM32G414RBT3, STM32G414RBT6, STM32G414RCT3, STM32G414RCT6, STM32G414VBT3, STM32G414VBT6, STM32G414VCT3, STM32G414VCT6, STM32G431CBT3Z, STM32G431RBT3Z, STM32G471CCT6, STM32G471CCU6, STM32G471CET3, STM32G471CET6, STM32G471CEU3, STM32G471CEU6, STM32G471MCT6, STM32G471MET3, STM32G471MET6, STM32G471MEY6TR, STM32G471QCT6, STM32G471QET3, STM32G471RCT6, STM32G471RET3, STM32G471RET6, STM32G471VCH6, STM32G471VCI6, STM32G471VCT6, STM32G471VEH3, STM32G471VEH6, STM32G471VEI3, STM32G471VEI6, STM32G471VET3, STM32G471VET6, STM32G473QET3Z, STM32G473RET3Z, STM32G474CCT6, STM32G491RET3Z, STM32H503CBT6, STM32H503CBU6, STM32H503EBY6TR, STM32H503KBU6, STM32H503RBT6, STM32H523CCT6, STM32H523CCU6, STM32H523CET6, STM32H523CEU6, STM32H523HEY6TR, STM32H523RCT6, STM32H523RET6, STM32H523VCI6, STM32H523VCT6, STM32H523VEI6, STM32H523VET6, STM32H523ZCJ6, STM32H523ZCT6, STM32H523ZEJ6, STM32H523ZET6, STM32H533CET6, STM32H533CEU6, STM32H533HEY6TR, STM32H533RET6, STM32H533VEI6, STM32H533VET6, STM32H533ZEJ6, STM32H533ZET6, STM32H562AGI6, STM32H562AII6, STM32H562IGK6, STM32H562IGT6, STM32H562IIK6, STM32H562IIT6, STM32H562RGT6, STM32H562RGV6, STM32H562RIT6, STM32H562RIV6, STM32H562VGT6, STM32H562VIT6, STM32H562ZGT6, STM32H562ZIT6, STM32H563AGI6, STM32H563AII3Q, STM32H563AII6, STM32H563IGK6, STM32H563IGT6, STM32H563IIK3Q, STM32H563IIK6, STM32H563IIT3Q, STM32H563IIT6, STM32H563MIY3QTR, STM32H563RGT6, STM32H563RGV6, STM32H563RIT6, STM32H563RIV6, STM32H563VGT6, STM32H563VIT3Q, STM32H563VIT6, STM32H563ZGT6, STM32H563ZIT3Q, STM32H563ZIT6, STM32H573AII3Q, STM32H573AII6, STM32H573I-DK, STM32H573IIK3Q, STM32H573IIK6, STM32H573IIT3Q, STM32H573IIT6, STM32H573MIY3QTR, STM32H573RIT6, STM32H573RIV6, STM32H573VIT3Q, STM32H573VIT6, STM32H573ZIT3Q, STM32H573ZIT6, STM32H7R3A8I6, STM32H7R3I8K6, STM32H7R3I8T6, STM32H7R3L8H6, STM32H7R3L8H6H, STM32H7R3R8V6, STM32H7R3V8H6, STM32H7R3V8T6, STM32H7R3V8Y6TR, STM32H7R3Z8J6, STM32H7R3Z8T6, STM32H7R7A8I6, STM32H7R7I8K6, STM32H7R7I8T6, STM32H7R7L8H6, STM32H7R7L8H6H, STM32H7R7Z8J6, STM32H7S3A8I6, STM32H7S3I8K6, STM32H7S3I8T6, STM32H7S3L8H6, STM32H7S3L8H6H, STM32H7S3R8V6, STM32H7S3V8H6, STM32H7S3V8T6, STM32H7S3V8Y6TR, STM32H7S3Z8J6, STM32H7S3Z8T6, STM32H7S78-DK, STM32H7S7A8I6, STM32H7S7I8K6, STM32H7S7I8T6, STM32H7S7L8H6, STM32H7S7L8H6H, STM32H7S7Z8J6, STM32L4R5QGI6STR, STM32MP131AAE3, STM32MP131AAF3, STM32MP131AAG3, STM32MP131CAE3, STM32MP131CAF3, STM32MP131CAG3, STM32MP131DAE7, STM32MP131DAF7, STM32MP131DAG7, STM32MP131FAE7, STM32MP131FAF7, STM32MP131FAG7, STM32MP133AAE3, STM32MP133AAF3, STM32MP133AAG3, STM32MP133CAE3, STM32MP133CAF3, STM32MP133CAG3, STM32MP133DAE7, STM32MP133DAF7, STM32MP133DAG7, STM32MP133FAE7, STM32MP133FAF7, STM32MP133FAG7, STM32MP135AAE3, STM32MP135AAF3, STM32MP135AAG3, STM32MP135CAE3, STM32MP135CAF3, STM32MP135CAG3, STM32MP135DAE7, STM32MP135DAF7, STM32MP135DAG7, STM32MP135F-DK, STM32MP135FAE7, STM32MP135FAF7, STM32MP135FAF7T, STM32MP135FAF7U, STM32MP135FAG7, STM32MP231AAJ3, STM32MP231AAK3, STM32MP231AAL3, STM32MP231CAJ3, STM32MP231CAK3, STM32MP231CAL3, STM32MP231DAJ3, STM32MP231DAK3, STM32MP231DAL3, STM32MP231FAJ3, STM32MP231FAK3, STM32MP231FAL3, STM32MP233AAJ3, STM32MP233AAK3, STM32MP233AAL3, STM32MP233CAJ3, STM32MP233CAK3, STM32MP233CAL3, STM32MP233DAJ3, STM32MP233DAK3, STM32MP233DAL3, STM32MP233FAJ3, STM32MP233FAK3, STM32MP233FAL3, STM32MP235AAJ3, STM32MP235AAK3, STM32MP235AAL3, STM32MP235CAJ3, STM32MP235CAK3, STM32MP235CAL3, STM32MP235DAJ3, STM32MP235DAK3, STM32MP235DAL3, STM32MP235FAJ3, STM32MP235FAK3, STM32MP235FAL3, STM32MP251AAI3, STM32MP251AAJ3, STM32MP251AAK3, STM32MP251AAL3, STM32MP251CAI3, STM32MP251CAJ3, STM32MP251CAK3, STM32MP251CAL3, STM32MP251DAI3, STM32MP251DAJ3, STM32MP251DAK3, STM32MP251DAL3, STM32MP251FAI3, STM32MP251FAJ3, STM32MP251FAK3, STM32MP251FAL3, STM32MP253AAI3, STM32MP253AAJ3, STM32MP253AAK3, STM32MP253AAL3, STM32MP253CAI3, STM32MP253CAJ3, STM32MP253CAK3, STM32MP253CAL3, STM32MP253DAI3, STM32MP253DAJ3, STM32MP253DAK3, STM32MP253DAL3, STM32MP253FAI3, STM32MP253FAJ3, STM32MP253FAK3, STM32MP253FAL3, STM32MP255AAI3, STM32MP255AAJ3, STM32MP255AAK3, STM32MP255AAL3, STM32MP255CAI3, STM32MP255CAJ3, STM32MP255CAK3, STM32MP255CAL3, STM32MP255DAI3, STM32MP255DAJ3, STM32MP255DAK3, STM32MP255DAL3, STM32MP255FAI3, STM32MP255FAJ3, STM32MP255FAK3, STM32MP255FAL3, STM32MP257AAI3, STM32MP257AAJ3, STM32MP257AAK3, STM32MP257AAL3, STM32MP257CAI3, STM32MP257CAJ3, STM32MP257CAK3, STM32MP257CAL3, STM32MP257DAI3, STM32MP257DAJ3, STM32MP257DAK3, STM32MP257DAL3, STM32MP257F-DK, STM32MP257F-EV1, STM32MP257FAI3, STM32MP257FAJ3, STM32MP257FAK3, STM32MP257FAL3, STM32N645A0H3Q, STM32N645B0H3Q, STM32N645I0H3Q, STM32N645L0H3Q, STM32N645X0H3Q, STM32N645Z0H3Q, STM32N647A0H3Q, STM32N647B0H3Q, STM32N647I0H3Q, STM32N647L0H3Q, STM32N647X0H3Q, STM32N647Z0H3Q, STM32N655A0H3Q, STM32N655B0H3Q, STM32N655I0H3Q, STM32N655L0H3Q, STM32N655X0H3Q, STM32N655Z0H3Q, STM32N6570-DK, STM32N657A0H3Q, STM32N657B0H3Q, STM32N657I0H3Q, STM32N657L0H3Q, STM32N657X0H3Q, STM32N657Z0H3Q, STM32U031C6T6, STM32U031C6U6, STM32U031C8T6, STM32U031C8U6, STM32U031F4P6, STM32U031F6P6, STM32U031F8P6, STM32U031G6Y6TR, STM32U031G8Y6TR, STM32U031K4U6, STM32U031K6U6, STM32U031K8U6, STM32U031R6I6, STM32U031R6T6, STM32U031R8I6, STM32U031R8T6, STM32U073C8T6, STM32U073C8U6, STM32U073CBT6, STM32U073CBU6, STM32U073CCT6, STM32U073CCU6, STM32U073H8Y6TR, STM32U073HBY6TR, STM32U073HCY6TR, STM32U073K8U6, STM32U073KBU6, STM32U073KCU6, STM32U073M8I6, STM32U073M8T6, STM32U073MBI6, STM32U073MBT6, STM32U073MCI6, STM32U073MCT6, STM32U073R8I6, STM32U073R8T6, STM32U073RBI6, STM32U073RBT6, STM32U073RCI6, STM32U073RCT6, STM32U083C-DK, STM32U083CCT6, STM32U083CCU6, STM32U083HCY6TR, STM32U083KCU6, STM32U083MCI6, STM32U083MCT6, STM32U083RCI6, STM32U083RCT6, STM32U375CET6, STM32U375CET6Q, STM32U375CEU6, STM32U375CEU6Q, STM32U375CEY6QTR, STM32U375CGT6, STM32U375CGT6Q, STM32U375CGU6, STM32U375CGU6Q, STM32U375CGY6QTR, STM32U375KEU6, STM32U375KGU6, STM32U375REI6, STM32U375REI6Q, STM32U375RET6, STM32U375RET6Q, STM32U375REY6GTR, STM32U375REY6QTR, STM32U375RGI6, STM32U375RGI6Q, STM32U375RGT6, STM32U375RGT6Q, STM32U375RGY6GTR, STM32U375RGY6QTR, STM32U375VEI6, STM32U375VEI6Q, STM32U375VET6, STM32U375VET6Q, STM32U375VGI6, STM32U375VGI6Q, STM32U375VGT6, STM32U375VGT6Q, STM32U385CGT6, STM32U385CGT6Q, STM32U385CGU6, STM32U385CGU6Q, STM32U385CGY6QTR, STM32U385KGU6, STM32U385RGI6, STM32U385RGI6Q, STM32U385RGT6, STM32U385RGT6Q, STM32U385RGY6GTR, STM32U385RGY6QTR, STM32U385VGI6, STM32U385VGI6Q, STM32U385VGT6, STM32U385VGT6Q, STM32U535CBT6, STM32U535CBT6Q, STM32U535CBU6, STM32U535CBU6Q, STM32U535CCT6, STM32U535CCT6Q, STM32U535CCU6, STM32U535CCU6Q, STM32U535CET6, STM32U535CET6Q, STM32U535CEU6, STM32U535CEU6Q, STM32U535JEY6QTR, STM32U535NCY6QTR, STM32U535NEY6QTR, STM32U535RBI6, STM32U535RBI6Q, STM32U535RBT6, STM32U535RBT6Q, STM32U535RCI6, STM32U535RCI6Q, STM32U535RCT6, STM32U535RCT6Q, STM32U535REI6, STM32U535REI6Q, STM32U535RET6, STM32U535RET6Q, STM32U535VCI6, STM32U535VCI6Q, STM32U535VCT6, STM32U535VCT6Q, STM32U535VEI6, STM32U535VEI6Q, STM32U535VET6, STM32U535VET6Q, STM32U545CET6, STM32U545CET6Q, STM32U545CEU6, STM32U545CEU6Q, STM32U545JEY6QTR, STM32U545NEY6QTR, STM32U545REI6, STM32U545REI6Q, STM32U545RET6, STM32U545RET6Q, STM32U545VEI6, STM32U545VEI6Q, STM32U545VET6, STM32U545VET6Q, STM32U595AIH6, STM32U595AIH6Q, STM32U595AJH6, STM32U595AJH6Q, STM32U595QII6, STM32U595QII6Q, STM32U595QJI6, STM32U595QJI6Q, STM32U595RIT6, STM32U595RIT6Q, STM32U595RJT6, STM32U595RJT6Q, STM32U595VIT6, STM32U595VIT6Q, STM32U595VJT6, STM32U595VJT6Q, STM32U595ZIT6, STM32U595ZIT6Q, STM32U595ZIY6QTR, STM32U595ZJT6, STM32U595ZJT6Q, STM32U595ZJY6QTR, STM32U599BJY6QTR, STM32U599NIH6Q, STM32U599NJH6Q, STM32U599VIT6Q, STM32U599VJT6, STM32U599VJT6Q, STM32U599ZIT6Q, STM32U599ZIY6QTR, STM32U599ZJT6Q, STM32U599ZJY6QTR, STM32U5A5AJH6, STM32U5A5AJH6Q, STM32U5A5QII3Q , STM32U5A5QJI6, STM32U5A5QJI6Q, STM32U5A5RJT6, STM32U5A5RJT6Q, STM32U5A5VJT6, STM32U5A5VJT6Q, STM32U5A5ZJT6, STM32U5A5ZJT6Q, STM32U5A5ZJY6QTR, STM32U5A9BJY6QTR, STM32U5A9J-DK, STM32U5A9NJH6Q, STM32U5A9VJT6Q, STM32U5A9ZJT6Q, STM32U5A9ZJY6QTR, STM32U5F7VIT6, STM32U5F7VIT6Q, STM32U5F7VJT6, STM32U5F7VJT6Q, STM32U5F9BJY6QTR, STM32U5F9NJH6Q, STM32U5F9VIT6Q, STM32U5F9VJT6Q, STM32U5F9ZIJ6QTR, STM32U5F9ZIT6Q, STM32U5F9ZJJ6QTR, STM32U5F9ZJT6Q, STM32U5G7VJT6, STM32U5G7VJT6Q, STM32U5G9BJY6QTR, STM32U5G9J-DK1, STM32U5G9J-DK2, STM32U5G9NJH6Q, STM32U5G9VJT6Q, STM32U5G9ZJJ6QTR, STM32U5G9ZJT6Q, STM32WB05KZV6TR, STM32WB05KZV7TR, STM32WB05TZF6TR, STM32WB05TZF7TR, STM32WB06CCF6TR, STM32WB06CCF7TR, STM32WB06CCV6TR, STM32WB06CCV7TR, STM32WB06KCV6TR, STM32WB06KCV7TR, STM32WB07CCF6TR, STM32WB07CCF7TR, STM32WB07CCV6TR, STM32WB07CCV7TR, STM32WB07KCV6TR, STM32WB07KCV7TR, STM32WB09KEV6TR, STM32WB09KEV7TR, STM32WB09TEF6TR, STM32WB09TEF7TR, STM32WB1MMCH6, STM32WBA50KGU6, STM32WBA50KGU6TR, STM32WBA52CEU6, STM32WBA52CEU6TR, STM32WBA52CEU7, STM32WBA52CEU7TR, STM32WBA52CGU6, STM32WBA52CGU6TR, STM32WBA52CGU6U, STM32WBA52CGU7, STM32WBA52CGU7TR, STM32WBA52KEU6, STM32WBA52KEU6TR, STM32WBA52KGU6, STM32WBA52KGU6TR, STM32WBA54CEU6, STM32WBA54CEU6TR, STM32WBA54CEU7, STM32WBA54CEU7TR, STM32WBA54CGU6, STM32WBA54CGU6TR, STM32WBA54CGU7, STM32WBA54CGU7TR, STM32WBA54KEU6, STM32WBA54KEU6TR, STM32WBA54KEU7, STM32WBA54KEU7TR, STM32WBA54KGU6, STM32WBA54KGU6TR, STM32WBA54KGU7, STM32WBA54KGU7TR, STM32WBA55CEU6, STM32WBA55CEU6TR, STM32WBA55CEU7, STM32WBA55CEU7TR, STM32WBA55CGU6, STM32WBA55CGU6TR, STM32WBA55CGU6U, STM32WBA55CGU7, STM32WBA55CGU7TR, STM32WBA55G-DK1, STM32WBA55HEF6, STM32WBA55HEF7, STM32WBA55HGF6, STM32WBA55HGF7, STM32WBA55UEI6, STM32WBA55UEI6TR, STM32WBA55UEI7, STM32WBA55UEI7TR, STM32WBA55UGI6, STM32WBA55UGI6TR, STM32WBA55UGI7, STM32WBA55UGI7TR, STM32WBA5MJGH6TR, STM32WBA5MJGH6U, STM32WL33C8V6, STM32WL33C8V6TR, STM32WL33C8V7, STM32WL33C8V7TR, STM32WL33CBV6, STM32WL33CBV6TR, STM32WL33CBV7, STM32WL33CBV7TR, STM32WL33CCV6, STM32WL33CCV6TR, STM32WL33CCV7, STM32WL33CCV7A, STM32WL33CCV7ATR, STM32WL33CCV7TR, STM32WL33K8V6, STM32WL33K8V6TR, STM32WL33K8V7, STM32WL33K8V7TR, STM32WL33KBV6, STM32WL33KBV6TR, STM32WL33KBV7, STM32WL33KBV7TR, STM32WL33KCV6, STM32WL33KCV6TR, STM32WL33KCV7, STM32WL33KCV7TR, STM32WL5MOCH6, STM32WL5MOCH6TR]
2026-07-16 12:16:22,215 [ERROR] Engine:466 - C:\Users\hanna\.stm32cubemx\thirdparties\pdsc\STMicroelectronics.FP-SNS-MOTENVWB1.1.5.0.pdsc: PDSC version is not supported
2026-07-16 12:16:22,219 [INFO] ApiDb:668 - CubeFinder database Data Model version=2.1
2026-07-16 12:16:22,219 [INFO] ApiDb:669 - CubeFinder database Configuration version=3.0.42
2026-07-16 12:16:22,219 [INFO] ApiDb:670 - CubeFinder database generation date=2026-06-23 (1782213372)
2026-07-16 12:16:22,219 [INFO] ApiDb:671 - CubeFinder database FW Pack versions=[FP-ATR-ASTRA1_V2.0.0, FP-SNS-FLIGHT1_V5.1.0, FP-SNS-MOTENV1_V5.1.0, FP-SNS-MOTENVWB1_V1.5.0, FP-SNS-SMARTAG2_V1.2.0, FP-SNS-STBOX1_V2.1.0, STM32Cube_FW_C0_V1.4.0, STM32Cube_FW_F4_V1.28.3, STM32Cube_FW_F7_V1.17.4, STM32Cube_FW_G0_V1.6.3, STM32Cube_FW_G4_V1.6.2, STM32Cube_FW_H5_V1.7.0, STM32Cube_FW_H7RS_V1.3.0, STM32Cube_FW_H7_V1.13.0, STM32Cube_FW_L0_V1.12.2, STM32Cube_FW_L4_V1.18.2, STM32Cube_FW_L5_V1.6.0, STM32Cube_FW_N6_V1.4.0, STM32Cube_FW_U0_V1.3.0, STM32Cube_FW_U3_V1.4.0, STM32Cube_FW_U5_V1.9.0, STM32Cube_FW_WB0_V1.5.0, STM32Cube_FW_WBA_V1.10.0, STM32Cube_FW_WB_V1.24.0, STM32Cube_FW_WL3_V1.5.0, STM32Cube_FW_WL_V1.6.0, X-CUBE-ALGOBUILD_V1.5.0, X-CUBE-ALS_V1.0.2, X-CUBE-AZRTOS-F4_V1.1.0, X-CUBE-AZRTOS-F7_V1.1.0, X-CUBE-AZRTOS-G0_V1.1.0, X-CUBE-AZRTOS-G4_V2.0.0, X-CUBE-AZRTOS-H7RS_V1.1.0, X-CUBE-AZRTOS-H7_V3.5.0, X-CUBE-AZRTOS-L4_V2.0.0, X-CUBE-AZRTOS-L5_V2.0.0, X-CUBE-AZRTOS-WB_V2.0.0, X-CUBE-AZRTOS-WL_V2.0.0, X-CUBE-BLE1_V7.1.0, X-CUBE-BLE2_V3.3.0, X-CUBE-BLEMGR_V4.1.0, X-CUBE-EEPRMA1_V5.2.0, X-CUBE-FREERTOS_V1.5.0, X-CUBE-GNSS1_V7.1.1, X-CUBE-MEMS1_V12.1.0, X-CUBE-NFC4_V3.0.0, X-CUBE-NFC7_V2.0.0, X-CUBE-SFXS2LP1_V4.0.0, X-CUBE-ST67W61_V1.3.0, X-CUBE-SUBG2_V5.0.0, X-CUBE-TOF1_V3.4.3]
2026-07-16 12:16:22,224 [WARN] PackLoader:240 - Cannot read IP mode file for wolfSSL.I-CUBE-wolfSSL.5.9.1
2026-07-16 12:16:22,234 [WARN] PackLoader:240 - Cannot read IP mode file for STMicroelectronics.X-CUBE-NFC10.1.0.0
2026-07-16 12:16:22,243 [WARN] PackLoader:240 - Cannot read IP mode file for STMicroelectronics.X-CUBE-ST60.1.1.0
2026-07-16 12:16:22,253 [WARN] PackLoader:240 - Cannot read IP mode file for emotas.I-CUBE-CANOPEN.1.3.0
2026-07-16 12:16:22,260 [ERROR] Engine:466 - C:\Users\hanna\.stm32cubemx\thirdparties\pdsc\STMicroelectronics.X-CUBE-WBA.1.1.0.pdsc: PDSC version is not supported
2026-07-16 12:16:22,267 [ERROR] Engine:466 - C:\Users\hanna\.stm32cubemx\thirdparties\pdsc\STMicroelectronics.FP-SNS-STBOX1.2.1.0.pdsc: PDSC version is not supported
2026-07-16 12:16:22,276 [WARN] PackLoader:240 - Cannot read IP mode file for STMicroelectronics.FP-SNS-SMARTAG2.1.2.0
2026-07-16 12:16:22,284 [WARN] PackLoader:240 - Cannot read IP mode file for STMicroelectronics.FP-SNS-FLIGHT1.5.1.0
2026-07-16 12:16:22,296 [INFO] LogOutputStream:77 - [STDOUT_REDIRECT] 1 : Invalid condition id : UX_CORESTACK_Condition cause : null
2026-07-16 12:16:22,296 [INFO] LogOutputStream:77 - [STDOUT_REDIRECT] 1 : Invalid condition id : UX_CORESTACK_Condition cause : null
2026-07-16 12:16:22,297 [INFO] LogOutputStream:77 - [STDOUT_REDIRECT] 1 : Invalid condition id : UX_CORESTACK_Condition cause : null
2026-07-16 12:16:22,297 [INFO] LogOutputStream:77 - [STDOUT_REDIRECT] 1 : Invalid condition id : UX_CORESTACK_Condition cause : null
2026-07-16 12:16:22,297 [INFO] LogOutputStream:77 - [STDOUT_REDIRECT] 1 : Invalid condition id : UX_CORESTACK_Condition cause : null
2026-07-16 12:16:22,298 [WARN] PackLoader:240 - Cannot read IP mode file for STMicroelectronics.X-CUBE-AZRTOS-WL.2.0.0
2026-07-16 12:16:22,306 [WARN] PackLoader:240 - Cannot read IP mode file for STMicroelectronics.X-CUBE-BLE2.3.3.0
2026-07-16 12:16:22,338 [WARN] PackLoader:240 - Cannot read IP mode file for Infineon.AIROC-Wi-Fi-Bluetooth-STM32.1.8.0
2026-07-16 12:16:22,349 [WARN] PackLoader:240 - Cannot read IP mode file for STMicroelectronics.X-CUBE-NFC9.1.0.0
2026-07-16 12:16:22,358 [WARN] PackLoader:240 - Cannot read IP mode file for STMicroelectronics.X-CUBE-BLE1.7.1.0
2026-07-16 12:16:22,368 [WARN] PackLoader:240 - Cannot read IP mode file for wolfSSL.I-CUBE-wolfMQTT.1.19.2
2026-07-16 12:16:22,378 [WARN] PackLoader:240 - Cannot read IP mode file for STMicroelectronics.X-CUBE-EEPRMA1.5.2.0
2026-07-16 12:16:22,387 [ERROR] Engine:466 - C:\Users\hanna\.stm32cubemx\thirdparties\pdsc\STMicroelectronics.FP-SNS-STAIOTCFT.1.1.0.pdsc: PDSC version is not supported
2026-07-16 12:16:22,402 [WARN] PackLoader:240 - Cannot read IP mode file for STMicroelectronics.X-CUBE-AZRTOS-G0.1.1.0
2026-07-16 12:16:22,415 [WARN] PackLoader:240 - Cannot read IP mode file for STMicroelectronics.X-CUBE-NFC4.3.0.0
2026-07-16 12:16:22,428 [WARN] PackLoader:240 - Cannot read IP mode file for EmbeddedOffice.I-CUBE-FS-RTOS.1.0.1
2026-07-16 12:16:22,432 [WARN] PackLoader:240 - Cannot read IP mode file for wolfSSL.I-CUBE-wolfTPM.3.8.0
2026-07-16 12:16:22,442 [WARN] PackLoader:240 - Cannot read IP mode file for STMicroelectronics.X-CUBE-TCPP.4.2.0
2026-07-16 12:16:22,453 [WARN] PackLoader:240 - Cannot read IP mode file for RealThread.X-CUBE-RT-Thread_Nano.4.1.1
2026-07-16 12:16:22,457 [WARN] PackLoader:240 - Cannot read IP mode file for STMicroelectronics.FP-ATR-SIGFOX1.3.2.0
2026-07-16 12:16:22,463 [ERROR] LogOutputStream:75 - [STDERR_REDIRECT] [Fatal Error] :1:1: Premature end of file.
2026-07-16 12:16:22,463 [ERROR] LogOutputStream:75 - [STDERR_REDIRECT] 
2026-07-16 12:16:22,466 [WARN] PackLoader:240 - Cannot read IP mode file for ITTIA_DB.I-CUBE-ITTIADB.8.9.0
2026-07-16 12:16:22,470 [WARN] PackLoader:240 - Cannot read IP mode file for Cesanta.I-CUBE-Mongoose.7.21.7
2026-07-16 12:16:22,479 [WARN] PackLoader:240 - Cannot read IP mode file for STMicroelectronics.X-CUBE-NFC6.3.2.0
2026-07-16 12:16:22,490 [WARN] PackLoader:240 - Cannot read IP mode file for STMicroelectronics.X-CUBE-AI.10.2.1
2026-07-16 12:16:22,512 [WARN] PackLoader:240 - Cannot read IP mode file for STMicroelectronics.X-CUBE-MEMS1.12.1.0
2026-07-16 12:16:22,560 [WARN] PackLoader:240 - Cannot read IP mode file for SEGGER.I-CUBE-embOS.1.3.1
2026-07-16 12:16:22,584 [WARN] PackLoader:240 - Cannot read IP mode file for STMicroelectronics.X-CUBE-NFC13.1.0.0
2026-07-16 12:16:22,592 [WARN] PackLoader:240 - Cannot read IP mode file for STMicroelectronics.X-CUBE-PM33A1.1.0.0
2026-07-16 12:16:22,607 [WARN] PackLoader:240 - Cannot read IP mode file for STMicroelectronics.X-CUBE-AZRTOS-F4.1.1.0
2026-07-16 12:16:22,617 [WARN] PackLoader:240 - Cannot read IP mode file for STMicroelectronics.X-CUBE-ISPU.2.1.0
2026-07-16 12:16:22,626 [ERROR] Engine:466 - C:\Users\hanna\.stm32cubemx\thirdparties\pdsc\STMicroelectronics.X-CUBE-IPS.3.2.0.pdsc: PDSC version is not supported
2026-07-16 12:16:22,630 [WARN] PackLoader:240 - Cannot read IP mode file for STMicroelectronics.eDS-WB_DPC_TT-BIDIR.2.1.1
2026-07-16 12:16:22,639 [WARN] PackLoader:240 - Cannot read IP mode file for STMicroelectronics.X-CUBE-NFC12.1.0.0
2026-07-16 12:16:22,655 [WARN] PackLoader:240 - Cannot read IP mode file for STMicroelectronics.X-CUBE-AZRTOS-L5.2.0.0
2026-07-16 12:16:22,665 [WARN] PackLoader:240 - Cannot read IP mode file for STMicroelectronics.X-CUBE-ALGOBUILD.1.5.0
2026-07-16 12:16:22,669 [WARN] PackLoader:240 - Cannot read IP mode file for STMicroelectronics.eDS-WB_DPC_VIENNA.1.2.0
2026-07-16 12:16:22,673 [WARN] PackLoader:240 - Cannot read IP mode file for STMicroelectronics.eDS-WB_DPC_3PH2L-BIDIR.1.1.1
2026-07-16 12:16:22,680 [ERROR] Engine:466 - C:\Users\hanna\.stm32cubemx\thirdparties\pdsc\STMicroelectronics.X-CUBE-ST67W61.1.3.0.pdsc: PDSC version is not supported
2026-07-16 12:16:22,691 [WARN] PackLoader:240 - Cannot read IP mode file for STMicroelectronics.X-CUBE-TOUCHGFX.4.26.1
2026-07-16 12:16:22,701 [WARN] PackLoader:240 - Cannot read IP mode file for STMicroelectronics.X-CUBE-DPower.1.3.0
2026-07-16 12:16:22,717 [WARN] ConditionMgr:438 - getConditionDescription Invalid condition id : LAN8742 Phy interface Condition cause : null
2026-07-16 12:16:22,717 [WARN] PackLoader:240 - Cannot read IP mode file for STMicroelectronics.X-CUBE-AZRTOS-L4.2.0.0
2026-07-16 12:16:22,717 [WARN] ConditionMgr:1044 - genDependencies : Invalid condition id : LAN8742 Phy interface Condition cause : null
2026-07-16 12:16:22,717 [WARN] ConditionMgr:1044 - genDependencies : Invalid condition id : LAN8742 Phy interface Condition cause : null
2026-07-16 12:16:22,717 [WARN] ConditionMgr:1044 - genDependencies : Invalid condition id : LAN8742 Phy interface Condition cause : null
2026-07-16 12:16:22,728 [WARN] PackLoader:240 - Cannot read IP mode file for STMicroelectronics.X-CUBE-SFXS2LP1.4.0.0
2026-07-16 12:16:22,739 [WARN] PackLoader:240 - Cannot read IP mode file for STMicroelectronics.X-CUBE-WB05N.2.1.0
2026-07-16 12:16:22,752 [WARN] ConditionMgr:438 - getConditionDescription Invalid condition id : UX DEVICE CLASS RTOS Condition cause : null
2026-07-16 12:16:22,752 [WARN] ConditionMgr:438 - getConditionDescription Invalid condition id : UX DEVICE CLASS RTOS Condition cause : null
2026-07-16 12:16:22,752 [WARN] PackLoader:240 - Cannot read IP mode file for STMicroelectronics.X-CUBE-AZRTOS-WB.2.0.0
2026-07-16 12:16:22,752 [WARN] ConditionMgr:1044 - genDependencies : Invalid condition id : UX DEVICE CLASS RTOS Condition cause : null
2026-07-16 12:16:22,752 [WARN] ConditionMgr:1044 - genDependencies : Invalid condition id : UX DEVICE CLASS RTOS Condition cause : null
2026-07-16 12:16:22,752 [WARN] ConditionMgr:1044 - genDependencies : Invalid condition id : UX DEVICE CLASS RTOS Condition cause : null
2026-07-16 12:16:22,753 [WARN] ConditionMgr:1044 - genDependencies : Invalid condition id : UX DEVICE CLASS RTOS Condition cause : null
2026-07-16 12:16:22,753 [WARN] ConditionMgr:1044 - genDependencies : Invalid condition id : UX DEVICE CLASS RTOS Condition cause : null
2026-07-16 12:16:22,757 [WARN] ConditionMgr:438 - getConditionDescription Invalid condition id : Cortex-A Device cause : null
2026-07-16 12:16:22,767 [WARN] ConditionMgr:1044 - genDependencies : Invalid condition id : Cortex-A Device cause : null
2026-07-16 12:16:22,767 [WARN] ConditionMgr:1044 - genDependencies : Invalid condition id : Cortex-A Device cause : null
2026-07-16 12:16:22,767 [WARN] ConditionMgr:1044 - genDependencies : Invalid condition id : Cortex-A Device cause : null
2026-07-16 12:16:22,778 [WARN] PackLoader:240 - Cannot read IP mode file for STMicroelectronics.X-CUBE-STSE01.2.0.0
2026-07-16 12:16:22,791 [WARN] PackLoader:240 - Cannot read IP mode file for STMicroelectronics.X-CUBE-SUBG2.5.0.0
2026-07-16 12:16:22,806 [WARN] PackLoader:240 - Cannot read IP mode file for STMicroelectronics.X-CUBE-AZRTOS-G4.2.0.0
2026-07-16 12:16:22,811 [WARN] PackLoader:240 - Cannot read IP mode file for wolfSSL.I-CUBE-wolfSSH.1.4.20
2026-07-16 12:16:22,820 [WARN] PackLoader:240 - Cannot read IP mode file for STMicroelectronics.X-CUBE-NFC7.2.0.0
2026-07-16 12:16:22,828 [ERROR] Engine:466 - C:\Users\hanna\.stm32cubemx\thirdparties\pdsc\STMicroelectronics.X-CUBE-BLEMGR.4.2.0.pdsc: PDSC version is not supported
2026-07-16 12:16:22,836 [WARN] PackLoader:240 - Cannot read IP mode file for STMicroelectronics.X-CUBE-ALS.1.0.2
2026-07-16 12:16:22,847 [WARN] PackLoader:240 - Cannot read IP mode file for STMicroelectronics.X-CUBE-TOF1.3.4.3
2026-07-16 12:16:22,850 [INFO] ThirdParty:978 - Integrity check success = true
2026-07-16 12:16:22,850 [INFO] IntegrityCheckThread:100 - exiting critical section [integrity check]
2026-07-16 12:16:22,850 [INFO] IntegrityCheckThread:103 - End integrity checks thread
2026-07-16 12:16:23,465 [ERROR] LogOutputStream:75 - [STDERR_REDIRECT] [Fatal Error] :1:1: Premature end of file.
2026-07-16 12:16:23,465 [ERROR] LogOutputStream:75 - [STDERR_REDIRECT] 
2026-07-16 12:16:23,945 [INFO] ApiDb:240 - Found 858 in-development CPN: [B-G473E-ZEST1S, B-WB1M-WPAN1, B-WBA5M-WPAN, B-WL5M-SUBG1, NUCLEO-C031C6, NUCLEO-C051C8, NUCLEO-C071RB, NUCLEO-C092RC, NUCLEO-H503RB, NUCLEO-H533RE, NUCLEO-H563ZI, NUCLEO-H7S3L8, NUCLEO-N657X0-Q, NUCLEO-U031R8, NUCLEO-U083RC, NUCLEO-U385RG-Q, NUCLEO-U545RE-Q, NUCLEO-U5A5ZJ-Q, NUCLEO-WB05KZ, NUCLEO-WB07CC, NUCLEO-WB09KE, NUCLEO-WBA52CG, NUCLEO-WBA55CG, NUCLEO-WL33CC1, NUCLEO-WL33CC2, STEVAL-PROTEUS1, STEVAL-SMARTAG2, STEVAL-STWINBX1, STM320518-EVAL, STM32C0116-DK, STM32C011D6Y3TR, STM32C011D6Y6TR, STM32C011F4P3, STM32C011F4P6, STM32C011F4U3, STM32C011F4U6TR, STM32C011F6P3, STM32C011F6P6, STM32C011F6U3, STM32C011F6U6TR, STM32C011J4M3, STM32C011J4M6, STM32C011J6M3, STM32C011J6M6, STM32C0316-DK, STM32C031C4T3, STM32C031C4T6, STM32C031C4U3, STM32C031C4U6, STM32C031C6T3, STM32C031C6T6, STM32C031C6U3, STM32C031C6U6, STM32C031F4P3, STM32C031F4P6, STM32C031F6P3, STM32C031F6P6, STM32C031G4U3, STM32C031G4U6, STM32C031G6U3, STM32C031G6U6, STM32C031K4T3, STM32C031K4T6, STM32C031K4U3, STM32C031K4U6, STM32C031K6T3, STM32C031K6T6, STM32C031K6U3, STM32C031K6U6, STM32C051C6T6, STM32C051C6U6, STM32C051C8T6, STM32C051C8U6, STM32C051D8Y6TR, STM32C051F6P6, STM32C051F8P6, STM32C051G6U6, STM32C051G8U6, STM32C051K6T6, STM32C051K6U6, STM32C051K8T6, STM32C071C8T6, STM32C071C8T6N, STM32C071C8U6, STM32C071C8U6N, STM32C071CBT6, STM32C071CBT6N, STM32C071CBU6, STM32C071CBU6N, STM32C071F8P6, STM32C071F8P6N, STM32C071FBP6, STM32C071FBP6N, STM32C071FBY6TR, STM32C071G8U6, STM32C071G8U6N, STM32C071GBU6, STM32C071GBU6N, STM32C071K8T6, STM32C071K8T6N, STM32C071K8U6, STM32C071K8U6N, STM32C071KBT6, STM32C071KBT6N, STM32C071KBU6, STM32C071KBU6N, STM32C071R8T6, STM32C071R8T6N, STM32C071RBI6N, STM32C071RBT6, STM32C071RBT6N, STM32C091CBT6, STM32C091CBU6, STM32C091CCT6, STM32C091CCU6, STM32C091ECY6TR, STM32C091FBP6, STM32C091FCP6, STM32C091GBU6, STM32C091GCU6, STM32C091KBT6, STM32C091KBU6, STM32C091KCT6, STM32C091KCU6, STM32C091RBT6, STM32C091RCI6, STM32C091RCT6, STM32C092CBT6, STM32C092CBU6, STM32C092CCT6, STM32C092CCU6, STM32C092ECY6TR, STM32C092FBP6, STM32C092FCP6, STM32C092GBU6, STM32C092GCU6, STM32C092KBT6, STM32C092KBU6, STM32C092KCT6, STM32C092KCU6, STM32C092RBT6, STM32C092RCI6, STM32C092RCT6, STM32G071K8TXN, STM32G071K8UXN, STM32G081GBU6N, STM32G081KBT6N, STM32G081KBUXN, STM32G0B1CCT6N, STM32G0B1KCT6, STM32G0B1NEY6TR, STM32G0B1RCT6N, STM32G0C1CCT6, STM32G0C1CCT6N, STM32G0C1CCU6N, STM32G0C1CET6N, STM32G0C1CEU6N, STM32G0C1KCT6, STM32G0C1NEY6TR, STM32G0C1RCI6N, STM32G0C1RCT6N, STM32G0C1REI6N, STM32G0C1RET6N, STM32G0C1VCI6, STM32G0C1VEI6, STM32G411C6T3, STM32G411C6T6, STM32G411C6U3, STM32G411C6U6, STM32G411C8T3, STM32G411C8T6, STM32G411C8U3, STM32G411C8U6, STM32G411CBT3, STM32G411CBT6, STM32G411CBU3, STM32G411CBU6, STM32G411CCT3, STM32G411CCT6, STM32G411CCU3, STM32G411CCU6, STM32G411K6T3, STM32G411K6T6, STM32G411K6U3, STM32G411K6U6, STM32G411K8T3, STM32G411K8T6, STM32G411K8U3, STM32G411K8U6, STM32G411KBT3, STM32G411KBT6, STM32G411KBU3, STM32G411KBU6, STM32G411M6T3, STM32G411M6T6, STM32G411M8T3, STM32G411M8T6, STM32G411MBT3, STM32G411MBT6, STM32G411MCT3, STM32G411MCT6, STM32G411R6T3, STM32G411R6T6, STM32G411R8T3, STM32G411R8T6, STM32G411RBT3, STM32G411RBT6, STM32G411RCT3, STM32G411RCT6, STM32G414CBT3, STM32G414CBT6, STM32G414CBU3, STM32G414CBU6, STM32G414CCT3, STM32G414CCT6, STM32G414CCU3, STM32G414CCU6, STM32G414MBT3, STM32G414MBT6, STM32G414MCT3, STM32G414MCT6, STM32G414RBT3, STM32G414RBT6, STM32G414RCT3, STM32G414RCT6, STM32G414VBT3, STM32G414VBT6, STM32G414VCT3, STM32G414VCT6, STM32G431CBT3Z, STM32G431RBT3Z, STM32G471CCT6, STM32G471CCU6, STM32G471CET3, STM32G471CET6, STM32G471CEU3, STM32G471CEU6, STM32G471MCT6, STM32G471MET3, STM32G471MET6, STM32G471MEY6TR, STM32G471QCT6, STM32G471QET3, STM32G471RCT6, STM32G471RET3, STM32G471RET6, STM32G471VCH6, STM32G471VCI6, STM32G471VCT6, STM32G471VEH3, STM32G471VEH6, STM32G471VEI3, STM32G471VEI6, STM32G471VET3, STM32G471VET6, STM32G473QET3Z, STM32G473RET3Z, STM32G474CCT6, STM32G491RET3Z, STM32H503CBT6, STM32H503CBU6, STM32H503EBY6TR, STM32H503KBU6, STM32H503RBT6, STM32H523CCT6, STM32H523CCU6, STM32H523CET6, STM32H523CEU6, STM32H523HEY6TR, STM32H523RCT6, STM32H523RET6, STM32H523VCI6, STM32H523VCT6, STM32H523VEI6, STM32H523VET6, STM32H523ZCJ6, STM32H523ZCT6, STM32H523ZEJ6, STM32H523ZET6, STM32H533CET6, STM32H533CEU6, STM32H533HEY6TR, STM32H533RET6, STM32H533VEI6, STM32H533VET6, STM32H533ZEJ6, STM32H533ZET6, STM32H562AGI6, STM32H562AII6, STM32H562IGK6, STM32H562IGT6, STM32H562IIK6, STM32H562IIT6, STM32H562RGT6, STM32H562RGV6, STM32H562RIT6, STM32H562RIV6, STM32H562VGT6, STM32H562VIT6, STM32H562ZGT6, STM32H562ZIT6, STM32H563AGI6, STM32H563AII3Q, STM32H563AII6, STM32H563IGK6, STM32H563IGT6, STM32H563IIK3Q, STM32H563IIK6, STM32H563IIT3Q, STM32H563IIT6, STM32H563MIY3QTR, STM32H563RGT6, STM32H563RGV6, STM32H563RIT6, STM32H563RIV6, STM32H563VGT6, STM32H563VIT3Q, STM32H563VIT6, STM32H563ZGT6, STM32H563ZIT3Q, STM32H563ZIT6, STM32H573AII3Q, STM32H573AII6, STM32H573I-DK, STM32H573IIK3Q, STM32H573IIK6, STM32H573IIT3Q, STM32H573IIT6, STM32H573MIY3QTR, STM32H573RIT6, STM32H573RIV6, STM32H573VIT3Q, STM32H573VIT6, STM32H573ZIT3Q, STM32H573ZIT6, STM32H7R3A8I6, STM32H7R3I8K6, STM32H7R3I8T6, STM32H7R3L8H6, STM32H7R3L8H6H, STM32H7R3R8V6, STM32H7R3V8H6, STM32H7R3V8T6, STM32H7R3V8Y6TR, STM32H7R3Z8J6, STM32H7R3Z8T6, STM32H7R7A8I6, STM32H7R7I8K6, STM32H7R7I8T6, STM32H7R7L8H6, STM32H7R7L8H6H, STM32H7R7Z8J6, STM32H7S3A8I6, STM32H7S3I8K6, STM32H7S3I8T6, STM32H7S3L8H6, STM32H7S3L8H6H, STM32H7S3R8V6, STM32H7S3V8H6, STM32H7S3V8T6, STM32H7S3V8Y6TR, STM32H7S3Z8J6, STM32H7S3Z8T6, STM32H7S78-DK, STM32H7S7A8I6, STM32H7S7I8K6, STM32H7S7I8T6, STM32H7S7L8H6, STM32H7S7L8H6H, STM32H7S7Z8J6, STM32L4R5QGI6STR, STM32MP131AAE3, STM32MP131AAF3, STM32MP131AAG3, STM32MP131CAE3, STM32MP131CAF3, STM32MP131CAG3, STM32MP131DAE7, STM32MP131DAF7, STM32MP131DAG7, STM32MP131FAE7, STM32MP131FAF7, STM32MP131FAG7, STM32MP133AAE3, STM32MP133AAF3, STM32MP133AAG3, STM32MP133CAE3, STM32MP133CAF3, STM32MP133CAG3, STM32MP133DAE7, STM32MP133DAF7, STM32MP133DAG7, STM32MP133FAE7, STM32MP133FAF7, STM32MP133FAG7, STM32MP135AAE3, STM32MP135AAF3, STM32MP135AAG3, STM32MP135CAE3, STM32MP135CAF3, STM32MP135CAG3, STM32MP135DAE7, STM32MP135DAF7, STM32MP135DAG7, STM32MP135F-DK, STM32MP135FAE7, STM32MP135FAF7, STM32MP135FAF7T, STM32MP135FAF7U, STM32MP135FAG7, STM32MP231AAJ3, STM32MP231AAK3, STM32MP231AAL3, STM32MP231CAJ3, STM32MP231CAK3, STM32MP231CAL3, STM32MP231DAJ3, STM32MP231DAK3, STM32MP231DAL3, STM32MP231FAJ3, STM32MP231FAK3, STM32MP231FAL3, STM32MP233AAJ3, STM32MP233AAK3, STM32MP233AAL3, STM32MP233CAJ3, STM32MP233CAK3, STM32MP233CAL3, STM32MP233DAJ3, STM32MP233DAK3, STM32MP233DAL3, STM32MP233FAJ3, STM32MP233FAK3, STM32MP233FAL3, STM32MP235AAJ3, STM32MP235AAK3, STM32MP235AAL3, STM32MP235CAJ3, STM32MP235CAK3, STM32MP235CAL3, STM32MP235DAJ3, STM32MP235DAK3, STM32MP235DAL3, STM32MP235FAJ3, STM32MP235FAK3, STM32MP235FAL3, STM32MP251AAI3, STM32MP251AAJ3, STM32MP251AAK3, STM32MP251AAL3, STM32MP251CAI3, STM32MP251CAJ3, STM32MP251CAK3, STM32MP251CAL3, STM32MP251DAI3, STM32MP251DAJ3, STM32MP251DAK3, STM32MP251DAL3, STM32MP251FAI3, STM32MP251FAJ3, STM32MP251FAK3, STM32MP251FAL3, STM32MP253AAI3, STM32MP253AAJ3, STM32MP253AAK3, STM32MP253AAL3, STM32MP253CAI3, STM32MP253CAJ3, STM32MP253CAK3, STM32MP253CAL3, STM32MP253DAI3, STM32MP253DAJ3, STM32MP253DAK3, STM32MP253DAL3, STM32MP253FAI3, STM32MP253FAJ3, STM32MP253FAK3, STM32MP253FAL3, STM32MP255AAI3, STM32MP255AAJ3, STM32MP255AAK3, STM32MP255AAL3, STM32MP255CAI3, STM32MP255CAJ3, STM32MP255CAK3, STM32MP255CAL3, STM32MP255DAI3, STM32MP255DAJ3, STM32MP255DAK3, STM32MP255DAL3, STM32MP255FAI3, STM32MP255FAJ3, STM32MP255FAK3, STM32MP255FAL3, STM32MP257AAI3, STM32MP257AAJ3, STM32MP257AAK3, STM32MP257AAL3, STM32MP257CAI3, STM32MP257CAJ3, STM32MP257CAK3, STM32MP257CAL3, STM32MP257DAI3, STM32MP257DAJ3, STM32MP257DAK3, STM32MP257DAL3, STM32MP257F-DK, STM32MP257F-EV1, STM32MP257FAI3, STM32MP257FAJ3, STM32MP257FAK3, STM32MP257FAL3, STM32N645A0H3Q, STM32N645B0H3Q, STM32N645I0H3Q, STM32N645L0H3Q, STM32N645X0H3Q, STM32N645Z0H3Q, STM32N647A0H3Q, STM32N647B0H3Q, STM32N647I0H3Q, STM32N647L0H3Q, STM32N647X0H3Q, STM32N647Z0H3Q, STM32N655A0H3Q, STM32N655B0H3Q, STM32N655I0H3Q, STM32N655L0H3Q, STM32N655X0H3Q, STM32N655Z0H3Q, STM32N6570-DK, STM32N657A0H3Q, STM32N657B0H3Q, STM32N657I0H3Q, STM32N657L0H3Q, STM32N657X0H3Q, STM32N657Z0H3Q, STM32U031C6T6, STM32U031C6U6, STM32U031C8T6, STM32U031C8U6, STM32U031F4P6, STM32U031F6P6, STM32U031F8P6, STM32U031G6Y6TR, STM32U031G8Y6TR, STM32U031K4U6, STM32U031K6U6, STM32U031K8U6, STM32U031R6I6, STM32U031R6T6, STM32U031R8I6, STM32U031R8T6, STM32U073C8T6, STM32U073C8U6, STM32U073CBT6, STM32U073CBU6, STM32U073CCT6, STM32U073CCU6, STM32U073H8Y6TR, STM32U073HBY6TR, STM32U073HCY6TR, STM32U073K8U6, STM32U073KBU6, STM32U073KCU6, STM32U073M8I6, STM32U073M8T6, STM32U073MBI6, STM32U073MBT6, STM32U073MCI6, STM32U073MCT6, STM32U073R8I6, STM32U073R8T6, STM32U073RBI6, STM32U073RBT6, STM32U073RCI6, STM32U073RCT6, STM32U083C-DK, STM32U083CCT6, STM32U083CCU6, STM32U083HCY6TR, STM32U083KCU6, STM32U083MCI6, STM32U083MCT6, STM32U083RCI6, STM32U083RCT6, STM32U375CET6, STM32U375CET6Q, STM32U375CEU6, STM32U375CEU6Q, STM32U375CEY6QTR, STM32U375CGT6, STM32U375CGT6Q, STM32U375CGU6, STM32U375CGU6Q, STM32U375CGY6QTR, STM32U375KEU6, STM32U375KGU6, STM32U375REI6, STM32U375REI6Q, STM32U375RET6, STM32U375RET6Q, STM32U375REY6GTR, STM32U375REY6QTR, STM32U375RGI6, STM32U375RGI6Q, STM32U375RGT6, STM32U375RGT6Q, STM32U375RGY6GTR, STM32U375RGY6QTR, STM32U375VEI6, STM32U375VEI6Q, STM32U375VET6, STM32U375VET6Q, STM32U375VGI6, STM32U375VGI6Q, STM32U375VGT6, STM32U375VGT6Q, STM32U385CGT6, STM32U385CGT6Q, STM32U385CGU6, STM32U385CGU6Q, STM32U385CGY6QTR, STM32U385KGU6, STM32U385RGI6, STM32U385RGI6Q, STM32U385RGT6, STM32U385RGT6Q, STM32U385RGY6GTR, STM32U385RGY6QTR, STM32U385VGI6, STM32U385VGI6Q, STM32U385VGT6, STM32U385VGT6Q, STM32U535CBT6, STM32U535CBT6Q, STM32U535CBU6, STM32U535CBU6Q, STM32U535CCT6, STM32U535CCT6Q, STM32U535CCU6, STM32U535CCU6Q, STM32U535CET6, STM32U535CET6Q, STM32U535CEU6, STM32U535CEU6Q, STM32U535JEY6QTR, STM32U535NCY6QTR, STM32U535NEY6QTR, STM32U535RBI6, STM32U535RBI6Q, STM32U535RBT6, STM32U535RBT6Q, STM32U535RCI6, STM32U535RCI6Q, STM32U535RCT6, STM32U535RCT6Q, STM32U535REI6, STM32U535REI6Q, STM32U535RET6, STM32U535RET6Q, STM32U535VCI6, STM32U535VCI6Q, STM32U535VCT6, STM32U535VCT6Q, STM32U535VEI6, STM32U535VEI6Q, STM32U535VET6, STM32U535VET6Q, STM32U545CET6, STM32U545CET6Q, STM32U545CEU6, STM32U545CEU6Q, STM32U545JEY6QTR, STM32U545NEY6QTR, STM32U545REI6, STM32U545REI6Q, STM32U545RET6, STM32U545RET6Q, STM32U545VEI6, STM32U545VEI6Q, STM32U545VET6, STM32U545VET6Q, STM32U595AIH6, STM32U595AIH6Q, STM32U595AJH6, STM32U595AJH6Q, STM32U595QII6, STM32U595QII6Q, STM32U595QJI6, STM32U595QJI6Q, STM32U595RIT6, STM32U595RIT6Q, STM32U595RJT6, STM32U595RJT6Q, STM32U595VIT6, STM32U595VIT6Q, STM32U595VJT6, STM32U595VJT6Q, STM32U595ZIT6, STM32U595ZIT6Q, STM32U595ZIY6QTR, STM32U595ZJT6, STM32U595ZJT6Q, STM32U595ZJY6QTR, STM32U599BJY6QTR, STM32U599NIH6Q, STM32U599NJH6Q, STM32U599VIT6Q, STM32U599VJT6, STM32U599VJT6Q, STM32U599ZIT6Q, STM32U599ZIY6QTR, STM32U599ZJT6Q, STM32U599ZJY6QTR, STM32U5A5AJH6, STM32U5A5AJH6Q, STM32U5A5QII3Q , STM32U5A5QJI6, STM32U5A5QJI6Q, STM32U5A5RJT6, STM32U5A5RJT6Q, STM32U5A5VJT6, STM32U5A5VJT6Q, STM32U5A5ZJT6, STM32U5A5ZJT6Q, STM32U5A5ZJY6QTR, STM32U5A9BJY6QTR, STM32U5A9J-DK, STM32U5A9NJH6Q, STM32U5A9VJT6Q, STM32U5A9ZJT6Q, STM32U5A9ZJY6QTR, STM32U5F7VIT6, STM32U5F7VIT6Q, STM32U5F7VJT6, STM32U5F7VJT6Q, STM32U5F9BJY6QTR, STM32U5F9NJH6Q, STM32U5F9VIT6Q, STM32U5F9VJT6Q, STM32U5F9ZIJ6QTR, STM32U5F9ZIT6Q, STM32U5F9ZJJ6QTR, STM32U5F9ZJT6Q, STM32U5G7VJT6, STM32U5G7VJT6Q, STM32U5G9BJY6QTR, STM32U5G9J-DK1, STM32U5G9J-DK2, STM32U5G9NJH6Q, STM32U5G9VJT6Q, STM32U5G9ZJJ6QTR, STM32U5G9ZJT6Q, STM32WB05KZV6TR, STM32WB05KZV7TR, STM32WB05TZF6TR, STM32WB05TZF7TR, STM32WB06CCF6TR, STM32WB06CCF7TR, STM32WB06CCV6TR, STM32WB06CCV7TR, STM32WB06KCV6TR, STM32WB06KCV7TR, STM32WB07CCF6TR, STM32WB07CCF7TR, STM32WB07CCV6TR, STM32WB07CCV7TR, STM32WB07KCV6TR, STM32WB07KCV7TR, STM32WB09KEV6TR, STM32WB09KEV7TR, STM32WB09TEF6TR, STM32WB09TEF7TR, STM32WB1MMCH6, STM32WBA50KGU6, STM32WBA50KGU6TR, STM32WBA52CEU6, STM32WBA52CEU6TR, STM32WBA52CEU7, STM32WBA52CEU7TR, STM32WBA52CGU6, STM32WBA52CGU6TR, STM32WBA52CGU6U, STM32WBA52CGU7, STM32WBA52CGU7TR, STM32WBA52KEU6, STM32WBA52KEU6TR, STM32WBA52KGU6, STM32WBA52KGU6TR, STM32WBA54CEU6, STM32WBA54CEU6TR, STM32WBA54CEU7, STM32WBA54CEU7TR, STM32WBA54CGU6, STM32WBA54CGU6TR, STM32WBA54CGU7, STM32WBA54CGU7TR, STM32WBA54KEU6, STM32WBA54KEU6TR, STM32WBA54KEU7, STM32WBA54KEU7TR, STM32WBA54KGU6, STM32WBA54KGU6TR, STM32WBA54KGU7, STM32WBA54KGU7TR, STM32WBA55CEU6, STM32WBA55CEU6TR, STM32WBA55CEU7, STM32WBA55CEU7TR, STM32WBA55CGU6, STM32WBA55CGU6TR, STM32WBA55CGU6U, STM32WBA55CGU7, STM32WBA55CGU7TR, STM32WBA55G-DK1, STM32WBA55HEF6, STM32WBA55HEF7, STM32WBA55HGF6, STM32WBA55HGF7, STM32WBA55UEI6, STM32WBA55UEI6TR, STM32WBA55UEI7, STM32WBA55UEI7TR, STM32WBA55UGI6, STM32WBA55UGI6TR, STM32WBA55UGI7, STM32WBA55UGI7TR, STM32WBA5MJGH6TR, STM32WBA5MJGH6U, STM32WL33C8V6, STM32WL33C8V6TR, STM32WL33C8V7, STM32WL33C8V7TR, STM32WL33CBV6, STM32WL33CBV6TR, STM32WL33CBV7, STM32WL33CBV7TR, STM32WL33CCV6, STM32WL33CCV6TR, STM32WL33CCV7, STM32WL33CCV7A, STM32WL33CCV7ATR, STM32WL33CCV7TR, STM32WL33K8V6, STM32WL33K8V6TR, STM32WL33K8V7, STM32WL33K8V7TR, STM32WL33KBV6, STM32WL33KBV6TR, STM32WL33KBV7, STM32WL33KBV7TR, STM32WL33KCV6, STM32WL33KCV6TR, STM32WL33KCV7, STM32WL33KCV7TR, STM32WL5MOCH6, STM32WL5MOCH6TR]
2026-07-16 12:16:23,948 [INFO] DbMcus:218 - Found 5241 MCUs, 5088 are supported
2026-07-16 12:16:23,949 [INFO] ApiDb:423 - Load user favorites file C:\Users\hanna/.stm32cubeide/favorites.mcus.txt: 0 item(s)
2026-07-16 12:16:23,949 [INFO] ApiDb:427 - User favorites MCUs=[]
2026-07-16 12:16:23,949 [INFO] DbMcus:224 - Set 0 / 0 favorites MCUs
2026-07-16 12:16:24,170 [INFO] BoardInfo:889 - No configuration file found for board NUCLEO-H5E5ZJ
2026-07-16 12:16:24,171 [INFO] DbBoards:161 - Board is not supported: NUCLEO-H5E5ZJ
2026-07-16 12:16:24,193 [INFO] BoardInfo:889 - No configuration file found for board NUCLEO-U3C5ZI-Q
2026-07-16 12:16:24,194 [INFO] DbBoards:161 - Board is not supported: NUCLEO-U3C5ZI-Q
2026-07-16 12:16:24,201 [INFO] BoardInfo:889 - No configuration file found for board NUCLEO-WBA25CE1
2026-07-16 12:16:24,201 [INFO] DbBoards:161 - Board is not supported: NUCLEO-WBA25CE1
2026-07-16 12:16:24,202 [INFO] BoardInfo:889 - No configuration file found for board NUCLEO-WBA65RI
2026-07-16 12:16:24,202 [INFO] DbBoards:161 - Board is not supported: NUCLEO-WBA65RI
2026-07-16 12:16:24,204 [INFO] BoardInfo:889 - No configuration file found for board NUCLEO-WL3RKB1
2026-07-16 12:16:24,204 [INFO] DbBoards:161 - Board is not supported: NUCLEO-WL3RKB1
2026-07-16 12:16:24,204 [INFO] BoardInfo:889 - No configuration file found for board NUCLEO-WL3RKB2
2026-07-16 12:16:24,204 [INFO] DbBoards:161 - Board is not supported: NUCLEO-WL3RKB2
2026-07-16 12:16:24,207 [INFO] BoardInfo:889 - No configuration file found for board P-NUCLEO-WB55
2026-07-16 12:16:24,208 [INFO] DbBoards:161 - Kit is not supported: P-NUCLEO-WB55
2026-07-16 12:16:24,210 [INFO] BoardInfo:889 - No configuration file found for board STEVAL-BFA001V1B
2026-07-16 12:16:24,210 [INFO] DbBoards:161 - Kit is not supported: STEVAL-BFA001V1B
2026-07-16 12:16:24,211 [INFO] BoardInfo:889 - No configuration file found for board STEVAL-BFA001V2B
2026-07-16 12:16:24,212 [INFO] DbBoards:161 - Kit is not supported: STEVAL-BFA001V2B
2026-07-16 12:16:24,248 [INFO] BoardInfo:889 - No configuration file found for board STM32H5F5J-DK
2026-07-16 12:16:24,249 [INFO] DbBoards:161 - Board is not supported: STM32H5F5J-DK
2026-07-16 12:16:24,267 [INFO] BoardInfo:889 - No configuration file found for board STM32MP215F-DK
2026-07-16 12:16:24,267 [INFO] DbBoards:161 - Board is not supported: STM32MP215F-DK
2026-07-16 12:16:24,276 [INFO] BoardInfo:889 - No configuration file found for board STM32WBA65I-DK1
2026-07-16 12:16:24,276 [INFO] DbBoards:161 - Board is not supported: STM32WBA65I-DK1
2026-07-16 12:16:24,276 [INFO] DbBoards:168 - Found 218 boards, 206 are supported
2026-07-16 12:16:24,276 [INFO] DbBoards:169 - Found 218 boards, 42 of them is supported for  Bsp
2026-07-16 12:16:24,279 [INFO] ApiDb:423 - Load user favorites file C:\Users\hanna/.stm32cubeide/favorites.boards.txt: 0 item(s)
2026-07-16 12:16:24,279 [INFO] ApiDb:427 - User favorites Boards=[]
2026-07-16 12:16:24,279 [INFO] DbBoards:198 - Set 0 / 0 favorites Boards
2026-07-16 12:16:24,280 [INFO] McuFinderGlobals:76 - Set McuFinderConnectedMode to true
2026-07-16 12:16:24,284 [INFO] MultiScanPanel:200 - Auto-refresh data requested => check proxy status ongoing
2026-07-16 12:16:24,286 [INFO] FinderPluginLoader:95 - Searching for filters in installed packs
2026-07-16 12:16:24,462 [ERROR] LogOutputStream:75 - [STDERR_REDIRECT] [Fatal Error] :1:1: Premature end of file.
2026-07-16 12:16:24,462 [ERROR] LogOutputStream:75 - [STDERR_REDIRECT] 
2026-07-16 12:16:25,213 [INFO] ServerAccessManage:473 - Download File 
2026-07-16 12:16:25,231 [INFO] LoadUrlFilesThread:185 - End of LoadServerUrlFiles without Thread
2026-07-16 12:16:25,242 [INFO] DetailPanel:341 - Set advertising image to C:/Users/hanna/STM32Cube/Repository/\en.stm32h5cubemxbanner.png
2026-07-16 12:16:25,466 [ERROR] LogOutputStream:75 - [STDERR_REDIRECT] [Fatal Error] :1:1: Premature end of file.
2026-07-16 12:16:25,467 [ERROR] LogOutputStream:75 - [STDERR_REDIRECT] 
2026-07-16 12:16:26,468 [ERROR] LogOutputStream:75 - [STDERR_REDIRECT] [Fatal Error] :1:1: Premature end of file.
2026-07-16 12:16:26,468 [ERROR] LogOutputStream:75 - [STDERR_REDIRECT] 
2026-07-16 12:16:27,461 [ERROR] LogOutputStream:75 - [STDERR_REDIRECT] [Fatal Error] :1:1: Premature end of file.
2026-07-16 12:16:27,461 [ERROR] LogOutputStream:75 - [STDERR_REDIRECT] 
2026-07-16 12:16:28,465 [ERROR] LogOutputStream:75 - [STDERR_REDIRECT] [Fatal Error] :1:1: Premature end of file.
2026-07-16 12:16:28,466 [ERROR] LogOutputStream:75 - [STDERR_REDIRECT] 
2026-07-16 12:16:29,461 [ERROR] LogOutputStream:75 - [STDERR_REDIRECT] [Fatal Error] :1:1: Premature end of file.
2026-07-16 12:16:29,461 [ERROR] LogOutputStream:75 - [STDERR_REDIRECT] 
2026-07-16 12:16:30,465 [ERROR] LogOutputStream:75 - [STDERR_REDIRECT] [Fatal Error] :1:1: Premature end of file.
2026-07-16 12:16:30,465 [ERROR] LogOutputStream:75 - [STDERR_REDIRECT] 
2026-07-16 12:16:31,463 [ERROR] LogOutputStream:75 - [STDERR_REDIRECT] [Fatal Error] :1:1: Premature end of file.
2026-07-16 12:16:31,463 [ERROR] LogOutputStream:75 - [STDERR_REDIRECT] 
2026-07-16 12:16:32,462 [ERROR] LogOutputStream:75 - [STDERR_REDIRECT] [Fatal Error] :1:1: Premature end of file.
2026-07-16 12:16:32,462 [ERROR] LogOutputStream:75 - [STDERR_REDIRECT] 
2026-07-16 12:16:33,460 [ERROR] LogOutputStream:75 - [STDERR_REDIRECT] [Fatal Error] :1:1: Premature end of file.
2026-07-16 12:16:33,460 [ERROR] LogOutputStream:75 - [STDERR_REDIRECT] 
2026-07-16 12:16:34,464 [ERROR] LogOutputStream:75 - [STDERR_REDIRECT] [Fatal Error] :1:1: Premature end of file.
2026-07-16 12:16:34,464 [ERROR] LogOutputStream:75 - [STDERR_REDIRECT] 
2026-07-16 12:16:35,462 [ERROR] LogOutputStream:75 - [STDERR_REDIRECT] [Fatal Error] :1:1: Premature end of file.
2026-07-16 12:16:35,462 [ERROR] LogOutputStream:75 - [STDERR_REDIRECT] 
2026-07-16 12:16:36,462 [ERROR] LogOutputStream:75 - [STDERR_REDIRECT] [Fatal Error] :1:1: Premature end of file.
2026-07-16 12:16:36,462 [ERROR] LogOutputStream:75 - [STDERR_REDIRECT] 
2026-07-16 12:16:37,463 [ERROR] LogOutputStream:75 - [STDERR_REDIRECT] [Fatal Error] :1:1: Premature end of file.
2026-07-16 12:16:37,463 [ERROR] LogOutputStream:75 - [STDERR_REDIRECT] 
2026-07-16 12:16:38,461 [ERROR] LogOutputStream:75 - [STDERR_REDIRECT] [Fatal Error] :1:1: Premature end of file.
2026-07-16 12:16:38,462 [ERROR] LogOutputStream:75 - [STDERR_REDIRECT] 
2026-07-16 12:16:39,463 [ERROR] LogOutputStream:75 - [STDERR_REDIRECT] [Fatal Error] :1:1: Premature end of file.
2026-07-16 12:16:39,463 [ERROR] LogOutputStream:75 - [STDERR_REDIRECT] 
2026-07-16 12:16:40,461 [ERROR] LogOutputStream:75 - [STDERR_REDIRECT] [Fatal Error] :1:1: Premature end of file.
2026-07-16 12:16:40,461 [ERROR] LogOutputStream:75 - [STDERR_REDIRECT] 
2026-07-16 12:16:41,461 [ERROR] LogOutputStream:75 - [STDERR_REDIRECT] [Fatal Error] :1:1: Premature end of file.
2026-07-16 12:16:41,461 [ERROR] LogOutputStream:75 - [STDERR_REDIRECT] 
2026-07-16 12:16:42,461 [ERROR] LogOutputStream:75 - [STDERR_REDIRECT] [Fatal Error] :1:1: Premature end of file.
2026-07-16 12:16:42,461 [ERROR] LogOutputStream:75 - [STDERR_REDIRECT] 
2026-07-16 12:16:43,462 [ERROR] LogOutputStream:75 - [STDERR_REDIRECT] [Fatal Error] :1:1: Premature end of file.
2026-07-16 12:16:43,462 [ERROR] LogOutputStream:75 - [STDERR_REDIRECT] 
2026-07-16 12:16:44,462 [ERROR] LogOutputStream:75 - [STDERR_REDIRECT] [Fatal Error] :1:1: Premature end of file.
2026-07-16 12:16:44,462 [ERROR] LogOutputStream:75 - [STDERR_REDIRECT] 
2026-07-16 12:16:45,461 [ERROR] LogOutputStream:75 - [STDERR_REDIRECT] [Fatal Error] :1:1: Premature end of file.
2026-07-16 12:16:45,461 [ERROR] LogOutputStream:75 - [STDERR_REDIRECT] 
2026-07-16 12:16:46,463 [ERROR] LogOutputStream:75 - [STDERR_REDIRECT] [Fatal Error] :1:1: Premature end of file.
2026-07-16 12:16:46,463 [ERROR] LogOutputStream:75 - [STDERR_REDIRECT] 
2026-07-16 12:16:46,732 [INFO] MultiScanPanel:200 - Auto-refresh data requested => check proxy status ongoing
2026-07-16 12:16:46,801 [INFO] LoadUrlFilesThread:185 - End of LoadServerUrlFiles without Thread
2026-07-16 12:16:46,801 [INFO] DetailPanel:341 - Set advertising image to C:/Users/hanna/STM32Cube/Repository/\en.stm32h5cubemxbanner.png
2026-07-16 12:16:46,808 [INFO] DbBoards:642 - Loading board mini-images...
2026-07-16 12:16:47,466 [ERROR] LogOutputStream:75 - [STDERR_REDIRECT] [Fatal Error] :1:1: Premature end of file.
2026-07-16 12:16:47,466 [ERROR] LogOutputStream:75 - [STDERR_REDIRECT] 
2026-07-16 12:16:47,829 [INFO] DbBoards:665 - Loaded 218 board mini-images
2026-07-16 12:16:48,461 [ERROR] LogOutputStream:75 - [STDERR_REDIRECT] [Fatal Error] :1:1: Premature end of file.
2026-07-16 12:16:48,461 [ERROR] LogOutputStream:75 - [STDERR_REDIRECT] 
2026-07-16 12:16:49,461 [ERROR] LogOutputStream:75 - [STDERR_REDIRECT] [Fatal Error] :1:1: Premature end of file.
2026-07-16 12:16:49,461 [ERROR] LogOutputStream:75 - [STDERR_REDIRECT] 
2026-07-16 12:16:50,461 [ERROR] LogOutputStream:75 - [STDERR_REDIRECT] [Fatal Error] :1:1: Premature end of file.
2026-07-16 12:16:50,462 [ERROR] LogOutputStream:75 - [STDERR_REDIRECT] 
2026-07-16 12:16:51,465 [ERROR] LogOutputStream:75 - [STDERR_REDIRECT] [Fatal Error] :1:1: Premature end of file.
2026-07-16 12:16:51,465 [ERROR] LogOutputStream:75 - [STDERR_REDIRECT] 
2026-07-16 12:16:52,463 [ERROR] LogOutputStream:75 - [STDERR_REDIRECT] [Fatal Error] :1:1: Premature end of file.
2026-07-16 12:16:52,464 [ERROR] LogOutputStream:75 - [STDERR_REDIRECT] 
2026-07-16 12:16:53,462 [ERROR] LogOutputStream:75 - [STDERR_REDIRECT] [Fatal Error] :1:1: Premature end of file.
2026-07-16 12:16:53,462 [ERROR] LogOutputStream:75 - [STDERR_REDIRECT] 
2026-07-16 12:16:54,462 [ERROR] LogOutputStream:75 - [STDERR_REDIRECT] [Fatal Error] :1:1: Premature end of file.
2026-07-16 12:16:54,462 [ERROR] LogOutputStream:75 - [STDERR_REDIRECT] 
2026-07-16 12:16:55,465 [ERROR] LogOutputStream:75 - [STDERR_REDIRECT] [Fatal Error] :1:1: Premature end of file.
2026-07-16 12:16:55,465 [ERROR] LogOutputStream:75 - [STDERR_REDIRECT] 
2026-07-16 12:16:56,464 [ERROR] LogOutputStream:75 - [STDERR_REDIRECT] [Fatal Error] :1:1: Premature end of file.
2026-07-16 12:16:56,465 [ERROR] LogOutputStream:75 - [STDERR_REDIRECT] 
2026-07-16 12:16:57,461 [ERROR] LogOutputStream:75 - [STDERR_REDIRECT] [Fatal Error] :1:1: Premature end of file.
2026-07-16 12:16:57,462 [ERROR] LogOutputStream:75 - [STDERR_REDIRECT] 
2026-07-16 12:16:58,463 [ERROR] LogOutputStream:75 - [STDERR_REDIRECT] [Fatal Error] :1:1: Premature end of file.
2026-07-16 12:16:58,463 [ERROR] LogOutputStream:75 - [STDERR_REDIRECT] 
2026-07-16 12:16:59,463 [ERROR] LogOutputStream:75 - [STDERR_REDIRECT] [Fatal Error] :1:1: Premature end of file.
2026-07-16 12:16:59,463 [ERROR] LogOutputStream:75 - [STDERR_REDIRECT] 
2026-07-16 12:17:00,463 [ERROR] LogOutputStream:75 - [STDERR_REDIRECT] [Fatal Error] :1:1: Premature end of file.
2026-07-16 12:17:00,463 [ERROR] LogOutputStream:75 - [STDERR_REDIRECT] 
2026-07-16 12:17:01,460 [ERROR] LogOutputStream:75 - [STDERR_REDIRECT] [Fatal Error] :1:1: Premature end of file.
2026-07-16 12:17:01,460 [ERROR] LogOutputStream:75 - [STDERR_REDIRECT] 
2026-07-16 12:17:02,460 [ERROR] LogOutputStream:75 - [STDERR_REDIRECT] [Fatal Error] :1:1: Premature end of file.
2026-07-16 12:17:02,460 [ERROR] LogOutputStream:75 - [STDERR_REDIRECT] 
2026-07-16 12:17:03,460 [ERROR] LogOutputStream:75 - [STDERR_REDIRECT] [Fatal Error] :1:1: Premature end of file.
2026-07-16 12:17:03,460 [ERROR] LogOutputStream:75 - [STDERR_REDIRECT] 
2026-07-16 12:17:04,461 [ERROR] LogOutputStream:75 - [STDERR_REDIRECT] [Fatal Error] :1:1: Premature end of file.
2026-07-16 12:17:04,461 [ERROR] LogOutputStream:75 - [STDERR_REDIRECT] 
2026-07-16 12:17:05,464 [ERROR] LogOutputStream:75 - [STDERR_REDIRECT] [Fatal Error] :1:1: Premature end of file.
2026-07-16 12:17:05,464 [ERROR] LogOutputStream:75 - [STDERR_REDIRECT] 
2026-07-16 12:17:06,461 [ERROR] LogOutputStream:75 - [STDERR_REDIRECT] [Fatal Error] :1:1: Premature end of file.
2026-07-16 12:17:06,461 [ERROR] LogOutputStream:75 - [STDERR_REDIRECT] 
2026-07-16 12:17:07,462 [ERROR] LogOutputStream:75 - [STDERR_REDIRECT] [Fatal Error] :1:1: Premature end of file.
2026-07-16 12:17:07,462 [ERROR] LogOutputStream:75 - [STDERR_REDIRECT] 
2026-07-16 12:17:08,462 [ERROR] LogOutputStream:75 - [STDERR_REDIRECT] [Fatal Error] :1:1: Premature end of file.
2026-07-16 12:17:08,462 [ERROR] LogOutputStream:75 - [STDERR_REDIRECT] 
2026-07-16 12:17:09,462 [ERROR] LogOutputStream:75 - [STDERR_REDIRECT] [Fatal Error] :1:1: Premature end of file.
2026-07-16 12:17:09,462 [ERROR] LogOutputStream:75 - [STDERR_REDIRECT] 
2026-07-16 12:17:10,462 [ERROR] LogOutputStream:75 - [STDERR_REDIRECT] [Fatal Error] :1:1: Premature end of file.
2026-07-16 12:17:10,462 [ERROR] LogOutputStream:75 - [STDERR_REDIRECT] 
2026-07-16 12:17:11,463 [ERROR] LogOutputStream:75 - [STDERR_REDIRECT] [Fatal Error] :1:1: Premature end of file.
2026-07-16 12:17:11,463 [ERROR] LogOutputStream:75 - [STDERR_REDIRECT] 
2026-07-16 12:17:12,462 [ERROR] LogOutputStream:75 - [STDERR_REDIRECT] [Fatal Error] :1:1: Premature end of file.
2026-07-16 12:17:12,462 [ERROR] LogOutputStream:75 - [STDERR_REDIRECT] 
2026-07-16 12:17:13,462 [ERROR] LogOutputStream:75 - [STDERR_REDIRECT] [Fatal Error] :1:1: Premature end of file.
2026-07-16 12:17:13,462 [ERROR] LogOutputStream:75 - [STDERR_REDIRECT] 
2026-07-16 12:17:14,464 [ERROR] LogOutputStream:75 - [STDERR_REDIRECT] [Fatal Error] :1:1: Premature end of file.
2026-07-16 12:17:14,464 [ERROR] LogOutputStream:75 - [STDERR_REDIRECT] 
2026-07-16 12:17:15,460 [ERROR] LogOutputStream:75 - [STDERR_REDIRECT] [Fatal Error] :1:1: Premature end of file.
2026-07-16 12:17:15,461 [ERROR] LogOutputStream:75 - [STDERR_REDIRECT] 
2026-07-16 12:17:16,461 [ERROR] LogOutputStream:75 - [STDERR_REDIRECT] [Fatal Error] :1:1: Premature end of file.
2026-07-16 12:17:16,461 [ERROR] LogOutputStream:75 - [STDERR_REDIRECT] 
2026-07-16 12:17:17,463 [ERROR] LogOutputStream:75 - [STDERR_REDIRECT] [Fatal Error] :1:1: Premature end of file.
2026-07-16 12:17:17,463 [ERROR] LogOutputStream:75 - [STDERR_REDIRECT] 
2026-07-16 12:17:18,461 [ERROR] LogOutputStream:75 - [STDERR_REDIRECT] [Fatal Error] :1:1: Premature end of file.
2026-07-16 12:17:18,461 [ERROR] LogOutputStream:75 - [STDERR_REDIRECT] 
2026-07-16 12:17:19,461 [ERROR] LogOutputStream:75 - [STDERR_REDIRECT] [Fatal Error] :1:1: Premature end of file.
2026-07-16 12:17:19,461 [ERROR] LogOutputStream:75 - [STDERR_REDIRECT] 
2026-07-16 12:17:20,463 [ERROR] LogOutputStream:75 - [STDERR_REDIRECT] [Fatal Error] :1:1: Premature end of file.
2026-07-16 12:17:20,463 [ERROR] LogOutputStream:75 - [STDERR_REDIRECT] 
2026-07-16 12:17:21,462 [ERROR] LogOutputStream:75 - [STDERR_REDIRECT] [Fatal Error] :1:1: Premature end of file.
2026-07-16 12:17:21,462 [ERROR] LogOutputStream:75 - [STDERR_REDIRECT] 
2026-07-16 12:17:22,461 [ERROR] LogOutputStream:75 - [STDERR_REDIRECT] [Fatal Error] :1:1: Premature end of file.
2026-07-16 12:17:22,462 [ERROR] LogOutputStream:75 - [STDERR_REDIRECT] 
2026-07-16 12:17:23,461 [ERROR] LogOutputStream:75 - [STDERR_REDIRECT] [Fatal Error] :1:1: Premature end of file.
2026-07-16 12:17:23,461 [ERROR] LogOutputStream:75 - [STDERR_REDIRECT] 
2026-07-16 12:17:24,461 [ERROR] LogOutputStream:75 - [STDERR_REDIRECT] [Fatal Error] :1:1: Premature end of file.
2026-07-16 12:17:24,461 [ERROR] LogOutputStream:75 - [STDERR_REDIRECT] 
2026-07-16 12:17:25,461 [ERROR] LogOutputStream:75 - [STDERR_REDIRECT] [Fatal Error] :1:1: Premature end of file.
2026-07-16 12:17:25,461 [ERROR] LogOutputStream:75 - [STDERR_REDIRECT] 
2026-07-16 12:17:26,460 [ERROR] LogOutputStream:75 - [STDERR_REDIRECT] [Fatal Error] :1:1: Premature end of file.
2026-07-16 12:17:26,460 [ERROR] LogOutputStream:75 - [STDERR_REDIRECT] 
2026-07-16 12:17:27,462 [ERROR] LogOutputStream:75 - [STDERR_REDIRECT] [Fatal Error] :1:1: Premature end of file.
2026-07-16 12:17:27,462 [ERROR] LogOutputStream:75 - [STDERR_REDIRECT] 
2026-07-16 12:17:28,461 [ERROR] LogOutputStream:75 - [STDERR_REDIRECT] [Fatal Error] :1:1: Premature end of file.
2026-07-16 12:17:28,461 [ERROR] LogOutputStream:75 - [STDERR_REDIRECT] 
2026-07-16 12:17:29,464 [ERROR] LogOutputStream:75 - [STDERR_REDIRECT] [Fatal Error] :1:1: Premature end of file.
2026-07-16 12:17:29,464 [ERROR] LogOutputStream:75 - [STDERR_REDIRECT] 
2026-07-16 12:17:30,461 [ERROR] LogOutputStream:75 - [STDERR_REDIRECT] [Fatal Error] :1:1: Premature end of file.
2026-07-16 12:17:30,461 [ERROR] LogOutputStream:75 - [STDERR_REDIRECT] 
2026-07-16 12:17:31,461 [ERROR] LogOutputStream:75 - [STDERR_REDIRECT] [Fatal Error] :1:1: Premature end of file.
2026-07-16 12:17:31,461 [ERROR] LogOutputStream:75 - [STDERR_REDIRECT] 
2026-07-16 12:17:32,462 [ERROR] LogOutputStream:75 - [STDERR_REDIRECT] [Fatal Error] :1:1: Premature end of file.
2026-07-16 12:17:32,462 [ERROR] LogOutputStream:75 - [STDERR_REDIRECT] 
2026-07-16 12:17:33,465 [ERROR] LogOutputStream:75 - [STDERR_REDIRECT] [Fatal Error] :1:1: Premature end of file.
2026-07-16 12:17:33,465 [ERROR] LogOutputStream:75 - [STDERR_REDIRECT] 
2026-07-16 12:17:33,558 [INFO] MainUpdater:2872 - connection check result : 10
2026-07-16 12:17:33,558 [INFO] MainUpdater:2872 - connection check result : 10
2026-07-16 12:17:33,580 [INFO] MicroXplorer:468 - Change Database Path : 
2026-07-16 12:17:33,580 [INFO] MicroXplorer:498 - Change Database Version : DB.6.0.130
2026-07-16 12:17:33,584 [WARN] ThirdParty:871 - waiting for thirdparty lock release [close project]
2026-07-16 12:17:33,584 [INFO] ThirdParty:873 - entering critical section [close project]
2026-07-16 12:17:33,584 [INFO] ThirdParty:883 - exiting critical section [close project]
2026-07-16 12:17:33,586 [INFO] PinOutPanel:1589 - setPackage(No Configuration,No Configuration)
2026-07-16 12:17:33,587 [INFO] UtilMem:75 - Begin LoadConfig() Used Memory: 833668464 Bytes (1073741824)
2026-07-16 12:17:33,591 [INFO] OpenFileManager:332 - Change cursor
2026-07-16 12:17:33,667 [INFO] ProjectFactory:442 - No CPN specified for board NUCLEO-F767ZI => set CPN to STM32F767ZIT6
2026-07-16 12:17:33,667 [INFO] Mcu:2035 - Initializing MCU STM32F767ZITx STM32F767ZITx STM32F767ZIT6
2026-07-16 12:17:34,462 [ERROR] LogOutputStream:75 - [STDERR_REDIRECT] [Fatal Error] :1:1: Premature end of file.
2026-07-16 12:17:34,463 [ERROR] LogOutputStream:75 - [STDERR_REDIRECT] 
2026-07-16 12:17:35,467 [ERROR] LogOutputStream:75 - [STDERR_REDIRECT] [Fatal Error] :1:1: Premature end of file.
2026-07-16 12:17:35,467 [ERROR] LogOutputStream:75 - [STDERR_REDIRECT] 
2026-07-16 12:17:35,630 [INFO] Context:748 - Trying to add GPIOservice into a context  which must be forbidden
2026-07-16 12:17:35,944 [INFO] Rule:228 - rule 117617 - U5Cobra4M][GTZC] default value MPCBB3 and MPCBB5 - Not Secured memory - MPCBB1 is applicable
2026-07-16 12:17:35,944 [INFO] Rule:228 - rule 117617 - U5Cobra4M][GTZC] default value MPCBB3 and MPCBB5 - Not Secured memory - MPCBB1 is applicable
2026-07-16 12:17:35,944 [INFO] Rule:228 - rule 117617 - U5Cobra4M][GTZC] default value MPCBB3 and MPCBB5 - Not Secured memory - MPCBB2 is applicable
2026-07-16 12:17:35,944 [INFO] Rule:228 - rule 117617 - U5Cobra4M][GTZC] default value MPCBB3 and MPCBB5 - Not Secured memory - MPCBB2 is applicable
2026-07-16 12:17:35,944 [INFO] Rule:228 - rule 117617 - U5Cobra4M][GTZC] default value MPCBB3 and MPCBB5 - Not Secured memory - MPCBB3 is applicable
2026-07-16 12:17:35,944 [INFO] Rule:228 - rule 117617 - U5Cobra4M][GTZC] default value MPCBB3 and MPCBB5 - Not Secured memory - MPCBB3 is applicable
2026-07-16 12:17:35,944 [INFO] Rule:228 - rule 117617 - U5Cobra4M][GTZC] default value MPCBB3 and MPCBB5 - Not Secured memory - MPCBB4 is applicable
2026-07-16 12:17:35,944 [INFO] Rule:228 - rule 117617 - U5Cobra4M][GTZC] default value MPCBB3 and MPCBB5 - Not Secured memory - MPCBB4 is applicable
2026-07-16 12:17:35,944 [INFO] Rule:228 - rule 117617 - U5Cobra4M][GTZC] default value MPCBB3 and MPCBB5 - Secured memory - MPCBB1 is applicable
2026-07-16 12:17:35,944 [INFO] Rule:228 - rule 117617 - U5Cobra4M][GTZC] default value MPCBB3 and MPCBB5 - Secured memory - MPCBB2 is applicable
2026-07-16 12:17:35,944 [INFO] Rule:228 - rule 117617 - U5Cobra4M][GTZC] default value MPCBB3 and MPCBB5 - Secured memory - MPCBB3 is applicable
2026-07-16 12:17:35,944 [INFO] Rule:228 - rule 117617 - U5Cobra4M][GTZC] default value MPCBB3 and MPCBB5 - Secured memory - MPCBB4 is applicable
2026-07-16 12:17:35,944 [INFO] Rule:228 - rule 117617 - U5Cobra4M][GTZC] default value MPCBB3 and MPCBB5 - Privileged memory - MPCBB1 is applicable
2026-07-16 12:17:35,944 [INFO] Rule:228 - rule 117617 - U5Cobra4M][GTZC] default value MPCBB3 and MPCBB5 - Privileged memory - MPCBB2 is applicable
2026-07-16 12:17:35,944 [INFO] Rule:228 - rule 117617 - U5Cobra4M][GTZC] default value MPCBB3 and MPCBB5 - Privileged memory - MPCBB3 is applicable
2026-07-16 12:17:35,944 [INFO] Rule:228 - rule 117617 - U5Cobra4M][GTZC] default value MPCBB3 and MPCBB5 - Privileged memory - MPCBB4 is applicable
2026-07-16 12:17:35,944 [INFO] Rule:228 - rule 117617 - U5Cobra4M][GTZC] default value MPCBB3 and MPCBB5 - Not Privileged memory - MPCBB1 is applicable
2026-07-16 12:17:35,944 [INFO] Rule:228 - rule 117617 - U5Cobra4M][GTZC] default value MPCBB3 and MPCBB5 - Not Privileged memory - MPCBB2 is applicable
2026-07-16 12:17:35,944 [INFO] Rule:228 - rule 117617 - U5Cobra4M][GTZC] default value MPCBB3 and MPCBB5 - Not Privileged memory - MPCBB3 is applicable
2026-07-16 12:17:35,944 [INFO] Rule:228 - rule 117617 - U5Cobra4M][GTZC] default value MPCBB3 and MPCBB5 - Not Privileged memory - MPCBB4 is applicable
2026-07-16 12:17:35,944 [INFO] Rule:228 - rule 117617 - U5Cobra4M][GTZC] default value MPCBB3 and MPCBB5 - Privileged memory - MPCBB1 is applicable
2026-07-16 12:17:35,944 [INFO] Rule:228 - rule 117617 - U5Cobra4M][GTZC] default value MPCBB3 and MPCBB5 - Privileged memory - MPCBB2 is applicable
2026-07-16 12:17:35,944 [INFO] Rule:228 - rule 117617 - U5Cobra4M][GTZC] default value MPCBB3 and MPCBB5 - Privileged memory - MPCBB3 is applicable
2026-07-16 12:17:35,944 [INFO] Rule:228 - rule 117617 - U5Cobra4M][GTZC] default value MPCBB3 and MPCBB5 - Privileged memory - MPCBB4 is applicable
2026-07-16 12:17:35,944 [INFO] Rule:228 - rule 117617 - U5Cobra4M][GTZC] default value MPCBB3 and MPCBB5 - Privileged memory - MPCBB1 is applicable
2026-07-16 12:17:35,944 [INFO] Rule:228 - rule 117617 - U5Cobra4M][GTZC] default value MPCBB3 and MPCBB5 - Privileged memory - MPCBB2 is applicable
2026-07-16 12:17:35,944 [INFO] Rule:228 - rule 117617 - U5Cobra4M][GTZC] default value MPCBB3 and MPCBB5 - Privileged memory - MPCBB3 is applicable
2026-07-16 12:17:35,945 [INFO] Rule:228 - rule 117617 - U5Cobra4M][GTZC] default value MPCBB3 and MPCBB5 - Privileged memory - MPCBB4 is applicable
2026-07-16 12:17:35,945 [INFO] Rule:228 - rule 117617 - U5Cobra4M][GTZC] default value MPCBB3 and MPCBB5 - Not Privileged memory - MPCBB1 is applicable
2026-07-16 12:17:35,945 [INFO] Rule:228 - rule 117617 - U5Cobra4M][GTZC] default value MPCBB3 and MPCBB5 - Not Privileged memory - MPCBB2 is applicable
2026-07-16 12:17:35,945 [INFO] Rule:228 - rule 117617 - U5Cobra4M][GTZC] default value MPCBB3 and MPCBB5 - Not Privileged memory - MPCBB3 is applicable
2026-07-16 12:17:35,945 [INFO] Rule:228 - rule 117617 - U5Cobra4M][GTZC] default value MPCBB3 and MPCBB5 - Not Privileged memory - MPCBB4 is applicable
2026-07-16 12:17:35,945 [INFO] Rule:228 - rule 117617 - U5Cobra4M][GTZC] default value MPCBB3 and MPCBB5 - Privileged memory - MPCBB1 is applicable
2026-07-16 12:17:35,945 [INFO] Rule:228 - rule 117617 - U5Cobra4M][GTZC] default value MPCBB3 and MPCBB5 - Privileged memory - MPCBB2 is applicable
2026-07-16 12:17:35,945 [INFO] Rule:228 - rule 117617 - U5Cobra4M][GTZC] default value MPCBB3 and MPCBB5 - Privileged memory - MPCBB3 is applicable
2026-07-16 12:17:35,945 [INFO] Rule:228 - rule 117617 - U5Cobra4M][GTZC] default value MPCBB3 and MPCBB5 - Privileged memory - MPCBB4 is applicable
2026-07-16 12:17:35,945 [INFO] Rule:228 - rule Rename SubGHz_Phy SUBGHZ_APPLICATION SUBGHZ_PINGPONG to SUBGHZ_ADV_APPLICATION is applicable
2026-07-16 12:17:35,945 [INFO] Rule:228 - rule Rename Enabled to IBEACON is applicable
2026-07-16 12:17:35,945 [INFO] Rule:228 - rule GTZC_S instance for project manager is applicable
2026-07-16 12:17:35,945 [INFO] Rule:228 - rule GTZC_S instance for context M33S is applicable
2026-07-16 12:17:35,945 [INFO] Rule:228 - rule GTZC_S instance value for IP GTZC is applicable
2026-07-16 12:17:35,945 [INFO] Rule:228 - rule GTZC_S instance for mcu.IP is applicable
2026-07-16 12:17:35,945 [INFO] Rule:228 - rule GTZC_S instance for VP is applicable
2026-07-16 12:17:35,945 [INFO] Rule:228 - rule GTZC_S instance for signal is applicable
2026-07-16 12:17:35,945 [INFO] Rule:228 - rule GTZC_S instance for mcu.Pin is applicable
2026-07-16 12:17:35,945 [INFO] Rule:228 - rule GTZC_S instance for VP is applicable
2026-07-16 12:17:35,945 [INFO] Rule:228 - rule GTZC_S instance for signal is applicable
2026-07-16 12:17:35,945 [INFO] Rule:228 - rule GTZC_S instance for mcu is applicable
2026-07-16 12:17:35,945 [INFO] Rule:228 - rule GTZC_S instance for mcu.Pin is applicable
2026-07-16 12:17:35,945 [INFO] Rule:228 - rule GTZC_S instance value for IP GTZC is applicable
2026-07-16 12:17:35,945 [INFO] Rule:228 - rule GTZC_S instance for project manager is applicable
2026-07-16 12:17:35,945 [INFO] Rule:228 - rule GTZC_S instance for context M33S is applicable
2026-07-16 12:17:35,945 [INFO] Rule:228 - rule GTZC_S instance for VP is applicable
2026-07-16 12:17:35,945 [INFO] Rule:228 - rule GTZC_S instance for signal is applicable
2026-07-16 12:17:35,945 [INFO] Rule:228 - rule WakeUp0 Mode is applicable
2026-07-16 12:17:35,945 [INFO] Rule:228 - rule WakeUp0 SIGNAL is applicable
2026-07-16 12:17:35,945 [INFO] Rule:228 - rule WakeUp1 Mode is applicable
2026-07-16 12:17:35,945 [INFO] Rule:228 - rule WakeUp1 SIGNAL is applicable
2026-07-16 12:17:35,945 [INFO] Rule:228 - rule WakeUp2 Mode is applicable
2026-07-16 12:17:35,945 [INFO] Rule:228 - rule WakeUp2 SIGNAL is applicable
2026-07-16 12:17:35,945 [INFO] Rule:228 - rule WakeUp4 Mode is applicable
2026-07-16 12:17:35,945 [INFO] Rule:228 - rule WakeUp4 SIGNAL is applicable
2026-07-16 12:17:35,945 [INFO] Rule:228 - rule WakeUp5 Mode is applicable
2026-07-16 12:17:35,945 [INFO] Rule:228 - rule WakeUp5 SIGNAL is applicable
2026-07-16 12:17:35,945 [INFO] Rule:228 - rule Change Default Value for LSE Drive Capability for WB family is applicable
2026-07-16 12:17:35,945 [INFO] Rule:228 - rule Change Default Value for ADC Clock Prescaler G0 family is applicable
2026-07-16 12:17:35,945 [INFO] Rule:228 - rule Change USART1CLockSelection refparam name for MP1 is applicable
2026-07-16 12:17:35,945 [INFO] Rule:228 - rule Change USART2CLockSelection refparam name for MP1 is applicable
2026-07-16 12:17:35,945 [INFO] Rule:228 - rule Change USART3CLockSelection refparam name for MP1 is applicable
2026-07-16 12:17:35,945 [INFO] Rule:228 - rule Change UART4CLockSelection refparam name for MP1 is applicable
2026-07-16 12:17:35,945 [INFO] Rule:228 - rule Change UART5CLockSelection refparam name for MP1 is applicable
2026-07-16 12:17:35,945 [INFO] Rule:228 - rule Change LPUART1CLockSelection refparam name for MP1 is applicable
2026-07-16 12:17:35,945 [INFO] Rule:228 - rule Change LPTIM1CLockSelection refparam name for MP1 is applicable
2026-07-16 12:17:35,945 [INFO] Rule:228 - rule Change LPTIM2CLockSelection refparam name for MP1 is applicable
2026-07-16 12:17:35,945 [INFO] Rule:228 - rule Change RCC_MCO1Source refparam name for MP1 is applicable
2026-07-16 12:17:35,946 [INFO] Rule:228 - rule Change LSCOSource1 refparam name for MP1 is applicable
2026-07-16 12:17:35,946 [INFO] Rule:228 - rule Change SMPSCLockSelection refparam name for MP1 is applicable
2026-07-16 12:17:35,946 [INFO] Rule:228 - rule Change LPTIM3CLockSelection refparam name for MP1 is applicable
2026-07-16 12:17:35,946 [INFO] Rule:228 - rule Change MPCBB* Default Template Mode to Parameters is applicable
2026-07-16 12:17:35,946 [INFO] Rule:228 - rule Change MPCWM* or MPCBB* Secure Mode to Parameters is applicable
2026-07-16 12:17:35,946 [INFO] Rule:228 - rule Change MPCWM* or MPCBB* No Secure Mode to Parameters is applicable
2026-07-16 12:17:35,946 [INFO] Rule:228 - rule Change TZSC IP Secure Mode to Parameters is applicable
2026-07-16 12:17:35,946 [INFO] Rule:228 - rule Change TZSC IP No Secure Mode to Parameters is applicable
2026-07-16 12:17:35,946 [INFO] Rule:228 - rule Change TZSC IP Privilege Mode to Parameters is applicable
2026-07-16 12:17:35,946 [INFO] Rule:228 - rule Change TZSC IP No Privilege Mode to Parameters is applicable
2026-07-16 12:17:35,946 [INFO] Rule:228 - rule Change TZIC IT Secure Mode to Parameters is applicable
2026-07-16 12:17:35,946 [INFO] Rule:228 - rule Change TZIC IT No Secure Mode to Parameters is applicable
2026-07-16 12:17:35,946 [INFO] Rule:228 - rule Add MPCBB1_NonSecureArea_Start_Address value with referenced to MPCBB1_NonSecureArea_Start value is applicable
2026-07-16 12:17:35,946 [INFO] Rule:228 - rule Add MPCBB2_NonSecureArea_Start_Address value with referenced to MPCBB2_NonSecureArea_Start value is applicable
2026-07-16 12:17:35,946 [INFO] Rule:228 - rule Add MPCWM1_NonSecureArea*_Start_Address value with referenced to MPCWM1_NonSecureArea*_Start value is applicable
2026-07-16 12:17:35,946 [INFO] Rule:228 - rule Add MPCWM2_NonSecureArea*_Start_Address value with referenced to MPCWM2_NonSecureArea*_Start value is applicable
2026-07-16 12:17:35,946 [INFO] Rule:228 - rule Add MPCWM3_NonSecureArea_Start_Address value with referenced to MPCWM3_NonSecureArea_Start value is applicable
2026-07-16 12:17:35,946 [INFO] Rule:228 - rule Change Default Value for PLL1UserDefinedConfig is applicable
2026-07-16 12:17:35,946 [INFO] Rule:228 - rule OPAMP is applicable
2026-07-16 12:17:35,946 [INFO] Rule:228 - rule LPUART IPParameter rename Prescaler parameter to ClockPrescaler for STM32H7 is applicable
2026-07-16 12:17:35,946 [INFO] Rule:228 - rule LPUART IPParameter rename Prescaler parameter to ClockPrescaler for STM32H7 is applicable
2026-07-16 12:17:35,946 [INFO] Rule:228 - rule LPUART IPParameter rename Prescaler parameter to ClockPrescaler for STM32WB is applicable
2026-07-16 12:17:35,946 [INFO] Rule:228 - rule LPUART IPParameter rename Prescaler parameter to ClockPrescaler for STM32WB is applicable
2026-07-16 12:17:35,946 [INFO] Rule:228 - rule LPUART IPParameter rename Prescaler parameter to ClockPrescaler for STM32G4 is applicable
2026-07-16 12:17:35,946 [INFO] Rule:228 - rule LPUART IPParameter rename Prescaler parameter to ClockPrescaler for STM32G4 is applicable
2026-07-16 12:17:35,946 [INFO] Rule:228 - rule LPUART IPParameter rename Prescaler parameter to ClockPrescaler for STM32L5 is applicable
2026-07-16 12:17:35,946 [INFO] Rule:228 - rule LPUART IPParameter rename Prescaler parameter to ClockPrescaler for STM32L5 is applicable
2026-07-16 12:17:35,946 [INFO] Rule:228 - rule LPUART IPParameter rename Prescaler parameter to ClockPrescaler for STM32G4 is applicable
2026-07-16 12:17:35,946 [INFO] Rule:228 - rule LPUART IPParameter rename Prescaler parameter to ClockPrescaler for STM32G4 is applicable
2026-07-16 12:17:35,946 [INFO] Rule:228 - rule USB device lib V2.5.3 for L0 rename USBD_SUPPORT_USER_STRING parameter to USBD_SUPPORT_USER_STRING_DESC4 is applicable
2026-07-16 12:17:35,946 [INFO] Rule:228 - rule I2SCLockSelection clock entry align is applicable
2026-07-16 12:17:35,946 [INFO] Rule:228 - rule Assign TIMx context if used as SYS timebase is applicable
2026-07-16 12:17:35,946 [INFO] Rule:228 - rule Change GPIO_Pu Default Value for I2C is applicable
2026-07-16 12:17:35,946 [INFO] Rule:228 - rule Change GPIO_Pu Default Value for SMBus is applicable
2026-07-16 12:17:35,946 [INFO] Rule:228 - rule change FDCAN default value is applicable
2026-07-16 12:17:35,946 [INFO] Rule:228 - rule Rename STM32WPAN CFG_BLE_IRK to CFG_BLE_IR is applicable
2026-07-16 12:17:35,946 [INFO] Rule:228 - rule Rename STM32WPAN CFG_BLE_ERK to CFG_BLE_ER is applicable
2026-07-16 12:17:35,946 [INFO] Rule:228 - rule Rename STM32WPAN CFG_BLE_IRK_HEX to CFG_BLE_IR_HEX is applicable
2026-07-16 12:17:35,946 [INFO] Rule:228 - rule Rename STM32WPAN CFG_BLE_ERK_HEX to CFG_BLE_ER_HEX is applicable
2026-07-16 12:17:35,948 [INFO] DbConfProperties:307 - Apply Compatibility (3/114 Rules)
2026-07-16 12:17:36,059 [INFO] RtosManager:555 - Registered RTOS mode: class=CMSIS, group=RTOS, mode=CMSIS_V1, owner=FREERTOS
2026-07-16 12:17:36,059 [INFO] RtosManager:555 - Registered RTOS mode: class=CMSIS, group=RTOS2, mode=CMSIS_V2, owner=FREERTOS
2026-07-16 12:17:36,059 [INFO] RtosManager:555 - Registered RTOS mode: class=RTOS, group=Core, mode=CMSIS_V1, owner=FREERTOS
2026-07-16 12:17:36,059 [INFO] RtosManager:555 - Registered RTOS mode: class=RTOS, group=Core, mode=CMSIS_V2, owner=FREERTOS
2026-07-16 12:17:36,059 [WARN] ModelIntegratedComponent:184 - Missing modes for component STMicroelectronics:FreeRTOS:0.0.1:STMicroelectronics:RTOS:FreeRTOS:Core:::10.2.0:
2026-07-16 12:17:36,070 [WARN] ModelIntegratedComponent:63 - No mode defined for component null
2026-07-16 12:17:36,070 [WARN] ModelIntegratedComponent:63 - No mode defined for component null
2026-07-16 12:17:36,070 [WARN] ModelIntegratedComponent:63 - No mode defined for component null
2026-07-16 12:17:36,070 [WARN] ModelIntegratedComponent:63 - No mode defined for component null
2026-07-16 12:17:36,070 [WARN] ModelIntegratedComponent:63 - No mode defined for component null
2026-07-16 12:17:36,070 [WARN] ModelIntegratedComponent:63 - No mode defined for component null
2026-07-16 12:17:36,070 [WARN] ModelIntegratedComponent:63 - No mode defined for component null
2026-07-16 12:17:36,070 [WARN] ModelIntegratedComponent:63 - No mode defined for component null
2026-07-16 12:17:36,070 [WARN] ModelIntegratedComponent:63 - No mode defined for component null
2026-07-16 12:17:36,070 [WARN] ModelIntegratedComponent:63 - No mode defined for component null
2026-07-16 12:17:36,070 [WARN] ModelIntegratedComponent:63 - No mode defined for component null
2026-07-16 12:17:36,070 [WARN] ModelIntegratedComponent:63 - No mode defined for component null
2026-07-16 12:17:36,070 [WARN] ModelIntegratedComponent:63 - No mode defined for component null
2026-07-16 12:17:36,070 [WARN] ModelIntegratedComponent:63 - No mode defined for component null
2026-07-16 12:17:36,070 [WARN] ModelIntegratedComponent:63 - No mode defined for component null
2026-07-16 12:17:36,070 [WARN] ModelIntegratedComponent:63 - No mode defined for component null
2026-07-16 12:17:36,070 [WARN] ModelIntegratedComponent:63 - No mode defined for component null
2026-07-16 12:17:36,070 [WARN] ModelIntegratedComponent:63 - No mode defined for component null
2026-07-16 12:17:36,070 [WARN] ModelIntegratedComponent:63 - No mode defined for component null
2026-07-16 12:17:36,070 [WARN] ModelIntegratedComponent:63 - No mode defined for component null
2026-07-16 12:17:36,070 [WARN] ModelIntegratedComponent:63 - No mode defined for component null
2026-07-16 12:17:36,070 [WARN] ModelIntegratedComponent:63 - No mode defined for component null
2026-07-16 12:17:36,070 [WARN] ModelIntegratedComponent:63 - No mode defined for component null
2026-07-16 12:17:36,070 [WARN] ModelIntegratedComponent:63 - No mode defined for component null
2026-07-16 12:17:36,070 [WARN] ModelIntegratedComponent:63 - No mode defined for component null
2026-07-16 12:17:36,070 [WARN] ModelIntegratedComponent:63 - No mode defined for component null
2026-07-16 12:17:36,070 [WARN] ModelIntegratedComponent:63 - No mode defined for component null
2026-07-16 12:17:36,070 [WARN] ModelIntegratedComponent:63 - No mode defined for component null
2026-07-16 12:17:36,070 [WARN] ModelIntegratedComponent:63 - No mode defined for component null
2026-07-16 12:17:36,070 [WARN] ModelIntegratedComponent:63 - No mode defined for component null
2026-07-16 12:17:36,070 [WARN] ModelIntegratedComponent:63 - No mode defined for component null
2026-07-16 12:17:36,070 [WARN] ModelIntegratedComponent:63 - No mode defined for component null
2026-07-16 12:17:36,070 [WARN] ModelIntegratedComponent:63 - No mode defined for component null
2026-07-16 12:17:36,070 [WARN] ModelIntegratedComponent:63 - No mode defined for component null
2026-07-16 12:17:36,070 [WARN] ModelIntegratedComponent:63 - No mode defined for component null
2026-07-16 12:17:36,070 [WARN] ModelPack:524 - Component already loaded: STMicroelectronics:HAL Drivers:0.0.0:STMicroelectronics:Device:STMicro_Driver:XSPI:HAL::0.0.1:HAL_XSPI
2026-07-16 12:17:36,112 [INFO] ThirdPartyModel:298 - Start build external matchings
2026-07-16 12:17:36,251 [INFO] ThirdPartyModel:316 - End build external matchings
2026-07-16 12:17:36,257 [WARN] IP:2251 - Warning not found: check if there is a RefParameter without a condition.
2026-07-16 12:17:36,257 [WARN] IP:2251 - RxBufferAddress not found: check if there is a RefParameter without a condition.
2026-07-16 12:17:36,257 [WARN] IP:2251 - DESC_SIZE_UNIT not found: check if there is a RefParameter without a condition.
2026-07-16 12:17:36,257 [INFO] ImportTextPane:218 - (OptionalMessage_ERROR) IP (ETH) : Invalid parameter (PHY_Name)
2026-07-16 12:17:36,257 [INFO] ImportTextPane:218 - (OptionalMessage_ERROR) IP (ETH) : Invalid parameter (PHY_Value)
2026-07-16 12:17:36,257 [INFO] ImportTextPane:218 - (OptionalMessage_ERROR) IP (ETH) : Invalid parameter (PhyAddress)
2026-07-16 12:17:36,258 [INFO] ImportTextPane:218 - (OptionalMessage_ERROR) IP (RCC) : Invalid parameter (48MHZClocksFreq_Value)
2026-07-16 12:17:36,259 [INFO] ImportTextPane:218 - (OptionalMessage_ERROR) IP (RCC) : Invalid parameter (ADC12outputFreq_Value)
2026-07-16 12:17:36,259 [INFO] ImportTextPane:218 - (OptionalMessage_ERROR) IP (RCC) : Invalid parameter (ADC34outputFreq_Value)
2026-07-16 12:17:36,259 [INFO] ImportTextPane:218 - (OptionalMessage_ERROR) IP (RCC) : Invalid parameter (FamilyName)
2026-07-16 12:17:36,259 [INFO] ImportTextPane:218 - (OptionalMessage_ERROR) IP (RCC) : Invalid parameter (I2SClocksFreq_Value)
2026-07-16 12:17:36,259 [INFO] ImportTextPane:218 - (OptionalMessage_ERROR) IP (RCC) : Invalid parameter (LCDTFToutputFreq_Value)
2026-07-16 12:17:36,259 [INFO] ImportTextPane:218 - (OptionalMessage_ERROR) IP (RCC) : Invalid parameter (MCOFreq_Value)
2026-07-16 12:17:36,259 [INFO] ImportTextPane:218 - (OptionalMessage_ERROR) IP (RCC) : Invalid parameter (PLLMCOFreq_Value)
2026-07-16 12:17:36,259 [INFO] ImportTextPane:218 - (OptionalMessage_ERROR) IP (RCC) : Invalid parameter (PLLMUL)
2026-07-16 12:17:36,259 [INFO] ImportTextPane:218 - (OptionalMessage_ERROR) IP (RCC) : Invalid parameter (PRESCALERUSB)
2026-07-16 12:17:36,259 [INFO] ImportTextPane:218 - (OptionalMessage_ERROR) IP (RCC) : Invalid parameter (RTCHSEDivFreq_Value)
2026-07-16 12:17:36,260 [INFO] ImportTextPane:218 - (OptionalMessage_ERROR) IP (RCC) : Parameter (SDMMC2Freq_Value) has invalid value (96000000)
2026-07-16 12:17:36,260 [INFO] ImportTextPane:218 - (OptionalMessage_ERROR) IP (RCC) : Parameter (SDMMCFreq_Value) has invalid value (96000000)
2026-07-16 12:17:36,260 [INFO] ImportTextPane:218 - (OptionalMessage_ERROR) IP (RCC) : Invalid parameter (SYSCLKSourceVirtual)
2026-07-16 12:17:36,260 [INFO] ImportTextPane:218 - (OptionalMessage_ERROR) IP (RCC) : Invalid parameter (TIM15Freq_Value)
2026-07-16 12:17:36,260 [INFO] ImportTextPane:218 - (OptionalMessage_ERROR) IP (RCC) : Invalid parameter (TIM16Freq_Value)
2026-07-16 12:17:36,260 [INFO] ImportTextPane:218 - (OptionalMessage_ERROR) IP (RCC) : Invalid parameter (TIM17Freq_Value)
2026-07-16 12:17:36,260 [INFO] ImportTextPane:218 - (OptionalMessage_ERROR) IP (RCC) : Invalid parameter (TIM1Freq_Value)
2026-07-16 12:17:36,260 [INFO] ImportTextPane:218 - (OptionalMessage_ERROR) IP (RCC) : Invalid parameter (TIM20Freq_Value)
2026-07-16 12:17:36,260 [INFO] ImportTextPane:218 - (OptionalMessage_ERROR) IP (RCC) : Invalid parameter (TIM2Freq_Value)
2026-07-16 12:17:36,260 [INFO] ImportTextPane:218 - (OptionalMessage_ERROR) IP (RCC) : Invalid parameter (TIM3Freq_Value)
2026-07-16 12:17:36,260 [INFO] ImportTextPane:218 - (OptionalMessage_ERROR) IP (RCC) : Invalid parameter (TIM8Freq_Value)
2026-07-16 12:17:36,260 [INFO] ImportTextPane:218 - (OptionalMessage_ERROR) IP (RCC) : Invalid parameter (VCOOutput2Freq_Value)
2026-07-16 12:17:36,260 [INFO] ImportTextPane:218 - (OptionalMessage_ERROR) IP (RCC) : Invalid parameter (VcooutputI2S)
2026-07-16 12:17:36,465 [ERROR] LogOutputStream:75 - [STDERR_REDIRECT] [Fatal Error] :1:1: Premature end of file.
2026-07-16 12:17:36,466 [ERROR] LogOutputStream:75 - [STDERR_REDIRECT] 
2026-07-16 12:17:36,596 [INFO] UtilMem:75 - End LoadConfig() Used Memory: 816675304 Bytes (1073741824)
2026-07-16 12:17:36,666 [WARN] ThirdParty:833 - waiting for thirdparty lock release [change project]
2026-07-16 12:17:36,666 [INFO] ThirdParty:835 - entering critical section [change project]
2026-07-16 12:17:36,666 [INFO] ThirdParty:1030 - CMSIS Pack Vendor :STMicroelectronics X-CUBE-AZRTOS-H7 3.5.0
2026-07-16 12:17:36,666 [INFO] ThirdParty:1030 - CMSIS Pack Vendor :STMicroelectronics X-CUBE-PM33A1 1.0.0
2026-07-16 12:17:36,666 [INFO] ThirdParty:1030 - CMSIS Pack Vendor :STMicroelectronics USBPD 4.1
2026-07-16 12:17:36,666 [INFO] ThirdParty:1030 - CMSIS Pack Vendor :STMicroelectronics X-CUBE-NFC9 1.0.0
2026-07-16 12:17:36,666 [INFO] ThirdParty:1030 - CMSIS Pack Vendor :STMicroelectronics USB_HOST 2.0.0
2026-07-16 12:17:36,666 [INFO] ThirdParty:1030 - CMSIS Pack Vendor :STMicroelectronics FP-ATR-ASTRA1 2.0.3
2026-07-16 12:17:36,666 [INFO] ThirdParty:1030 - CMSIS Pack Vendor :STMicroelectronics X-CUBE-AZRTOS-F4 1.1.0
2026-07-16 12:17:36,666 [INFO] ThirdParty:1030 - CMSIS Pack Vendor :STMicroelectronics LIBJPEG 8.0.0
2026-07-16 12:17:36,666 [INFO] ThirdParty:1030 - CMSIS Pack Vendor :STMicroelectronics FP-ATR-ASTRA1 2.0.2
2026-07-16 12:17:36,666 [INFO] ThirdParty:1030 - CMSIS Pack Vendor :STMicroelectronics X-CUBE-BLE1 7.1.0
2026-07-16 12:17:36,666 [INFO] ThirdParty:1030 - CMSIS Pack Vendor :wolfSSL I-CUBE-wolfMQTT 1.19.2
2026-07-16 12:17:36,666 [INFO] ThirdParty:1030 - CMSIS Pack Vendor :STMicroelectronics USB_DEVICE 3.0.0
2026-07-16 12:17:36,666 [INFO] ThirdParty:1030 - CMSIS Pack Vendor :STMicroelectronics X-CUBE-ISPU 2.1.0
2026-07-16 12:17:36,666 [INFO] ThirdParty:1030 - CMSIS Pack Vendor :STMicroelectronics X-CUBE-EEPRMA1 5.2.0
2026-07-16 12:17:36,666 [INFO] ThirdParty:1030 - CMSIS Pack Vendor :STMicroelectronics eDS-WB_DPC_TT-BIDIR 2.1.1
2026-07-16 12:17:36,666 [INFO] ThirdParty:1030 - CMSIS Pack Vendor :STMicroelectronics X-CUBE-AZRTOS-WB 2.0.0
2026-07-16 12:17:36,666 [INFO] ThirdParty:1030 - CMSIS Pack Vendor :STMicroelectronics X-CUBE-NFC12 1.0.0
2026-07-16 12:17:36,666 [INFO] ThirdParty:1030 - CMSIS Pack Vendor :STMicroelectronics X-CUBE-AZRTOS-F7 1.1.0
2026-07-16 12:17:36,666 [INFO] ThirdParty:1030 - CMSIS Pack Vendor :STMicroelectronics X-CUBE-AZRTOS-L5 2.0.0
2026-07-16 12:17:36,666 [INFO] ThirdParty:1030 - CMSIS Pack Vendor :STMicroelectronics USB_DEVICE 2.0.0
2026-07-16 12:17:36,666 [INFO] ThirdParty:1030 - CMSIS Pack Vendor :quantropi X-CUBE-qispace-sdk-base 2.1.0
2026-07-16 12:17:36,666 [INFO] ThirdParty:1030 - CMSIS Pack Vendor :STMicroelectronics X-CUBE-STSE01 2.0.0
2026-07-16 12:17:36,666 [INFO] ThirdParty:1030 - CMSIS Pack Vendor :STMicroelectronics X-CUBE-ALGOBUILD 1.5.0
2026-07-16 12:17:36,666 [INFO] ThirdParty:1030 - CMSIS Pack Vendor :STMicroelectronics FreeRTOS 0.0.1
2026-07-16 12:17:36,667 [INFO] ThirdParty:1030 - CMSIS Pack Vendor :STMicroelectronics X-CUBE-AZRTOS-H7RS 1.3.0
2026-07-16 12:17:36,667 [INFO] ThirdParty:1030 - CMSIS Pack Vendor :STMicroelectronics X-CUBE-AZRTOS-G0 1.1.0
2026-07-16 12:17:36,667 [INFO] ThirdParty:1030 - CMSIS Pack Vendor :STMicroelectronics X-CUBE-NFC4 3.0.0
2026-07-16 12:17:36,667 [INFO] ThirdParty:1030 - CMSIS Pack Vendor :STMicroelectronics X-CUBE-SUBG2 5.0.0
2026-07-16 12:17:36,667 [INFO] ThirdParty:1030 - CMSIS Pack Vendor :STMicroelectronics STM32_WPAN 1.0.0
2026-07-16 12:17:36,667 [INFO] ThirdParty:1030 - CMSIS Pack Vendor :STMicroelectronics eDS-WB_DPC_VIENNA 1.2.0
2026-07-16 12:17:36,668 [INFO] ThirdParty:1030 - CMSIS Pack Vendor :EmbeddedOffice I-CUBE-FS-RTOS 1.0.1
2026-07-16 12:17:36,668 [INFO] ThirdParty:1030 - CMSIS Pack Vendor :STMicroelectronics lwIP 2.0.3
2026-07-16 12:17:36,668 [INFO] ThirdParty:1030 - CMSIS Pack Vendor :STMicroelectronics eDS-WB_DPC_3PH2L-BIDIR 1.1.1
2026-07-16 12:17:36,668 [INFO] ThirdParty:1030 - CMSIS Pack Vendor :STMicroelectronics USB_HOST 1.0.0
2026-07-16 12:17:36,668 [INFO] ThirdParty:1030 - CMSIS Pack Vendor :STMicroelectronics X-CUBE-AZRTOS-G4 2.0.0
2026-07-16 12:17:36,668 [INFO] ThirdParty:1030 - CMSIS Pack Vendor :STMicroelectronics PDM2PCM 3.1.0
2026-07-16 12:17:36,668 [INFO] ThirdParty:1030 - CMSIS Pack Vendor :STMicroelectronics PDM2PCM 3.3.0
2026-07-16 12:17:36,668 [INFO] ThirdParty:1030 - CMSIS Pack Vendor :wolfSSL I-CUBE-wolfTPM 3.8.0
2026-07-16 12:17:36,668 [INFO] ThirdParty:1030 - CMSIS Pack Vendor :STMicroelectronics X-CUBE-DISPLAY 3.0.0
2026-07-16 12:17:36,668 [INFO] ThirdParty:1030 - CMSIS Pack Vendor :wolfSSL I-CUBE-wolfSSH 1.4.20
2026-07-16 12:17:36,668 [INFO] ThirdParty:1030 - CMSIS Pack Vendor :STMicroelectronics X-CUBE-NFC7 2.0.0
2026-07-16 12:17:36,668 [INFO] ThirdParty:1030 - CMSIS Pack Vendor :STMicroelectronics X-CUBE-GNSS1 7.1.1
2026-07-16 12:17:36,668 [INFO] ThirdParty:1030 - CMSIS Pack Vendor :STMicroelectronics X-CUBE-TCPP 4.2.0
2026-07-16 12:17:36,668 [INFO] ThirdParty:1030 - CMSIS Pack Vendor :RealThread X-CUBE-RT-Thread_Nano 4.1.1
2026-07-16 12:17:36,668 [INFO] ThirdParty:1030 - CMSIS Pack Vendor :wolfSSL I-CUBE-wolfSSL 5.9.1
2026-07-16 12:17:36,668 [INFO] ThirdParty:1030 - CMSIS Pack Vendor :STMicroelectronics FP-ATR-SIGFOX1 3.2.0
2026-07-16 12:17:36,668 [INFO] ThirdParty:1030 - CMSIS Pack Vendor :STMicroelectronics X-CUBE-NFC10 1.0.0
2026-07-16 12:17:36,668 [INFO] ThirdParty:1030 - CMSIS Pack Vendor :STMicroelectronics HAL Drivers 0.0.0
2026-07-16 12:17:36,668 [INFO] ThirdParty:1030 - CMSIS Pack Vendor :STMicroelectronics MBEDTLS 2.16.2
2026-07-16 12:17:36,668 [INFO] ThirdParty:1030 - CMSIS Pack Vendor :STMicroelectronics X-CUBE-ST60 1.1.0
2026-07-16 12:17:36,668 [INFO] ThirdParty:1030 - CMSIS Pack Vendor :STMicroelectronics X-CUBE-ALS 1.0.2
2026-07-16 12:17:36,668 [INFO] ThirdParty:1030 - CMSIS Pack Vendor :emotas I-CUBE-CANOPEN 1.3.0
2026-07-16 12:17:36,668 [INFO] ThirdParty:1030 - CMSIS Pack Vendor :STMicroelectronics MBEDTLS 2.14.1
2026-07-16 12:17:36,668 [INFO] ThirdParty:1030 - CMSIS Pack Vendor :ITTIA_DB I-CUBE-ITTIADB 8.9.0
2026-07-16 12:17:36,668 [INFO] ThirdParty:1030 - CMSIS Pack Vendor :Cesanta I-CUBE-Mongoose 7.21.7
2026-07-16 12:17:36,668 [INFO] ThirdParty:1030 - CMSIS Pack Vendor :STMicroelectronics X-CUBE-TOUCHGFX 4.26.1
2026-07-16 12:17:36,668 [INFO] ThirdParty:1030 - CMSIS Pack Vendor :STMicroelectronics X-CUBE-NFC6 3.2.0
2026-07-16 12:17:36,668 [INFO] ThirdParty:1030 - CMSIS Pack Vendor :STMicroelectronics X-CUBE-AI 10.2.1
2026-07-16 12:17:36,668 [INFO] ThirdParty:1030 - CMSIS Pack Vendor :STMicroelectronics ThreadX 1.0.0
2026-07-16 12:17:36,668 [INFO] ThirdParty:1030 - CMSIS Pack Vendor :STMicroelectronics FP-SNS-SMARTAG2 1.2.0
2026-07-16 12:17:36,668 [INFO] ThirdParty:1030 - CMSIS Pack Vendor :STMicroelectronics X-CUBE-MEMS1 12.1.0
2026-07-16 12:17:36,668 [INFO] ThirdParty:1030 - CMSIS Pack Vendor :STMicroelectronics FP-SNS-FLIGHT1 5.1.0
2026-07-16 12:17:36,668 [INFO] ThirdParty:1030 - CMSIS Pack Vendor :STMicroelectronics X-CUBE-AZRTOS-WL 2.0.0
2026-07-16 12:17:36,668 [INFO] ThirdParty:1030 - CMSIS Pack Vendor :SEGGER I-CUBE-embOS 1.3.1
2026-07-16 12:17:36,668 [INFO] ThirdParty:1030 - CMSIS Pack Vendor :STMicroelectronics X-CUBE-DPower 1.3.0
2026-07-16 12:17:36,668 [INFO] ThirdParty:1030 - CMSIS Pack Vendor :STMicroelectronics USB_DEVICE 1.0.0
2026-07-16 12:17:36,668 [INFO] ThirdParty:1030 - CMSIS Pack Vendor :STMicroelectronics X-CUBE-AZRTOS-L4 2.0.0
2026-07-16 12:17:36,668 [INFO] ThirdParty:1030 - CMSIS Pack Vendor :STMicroelectronics ThreadX 0.0.2
2026-07-16 12:17:36,668 [INFO] ThirdParty:1030 - CMSIS Pack Vendor :STMicroelectronics lwIP 2.1.2
2026-07-16 12:17:36,668 [INFO] ThirdParty:1030 - CMSIS Pack Vendor :STMicroelectronics X-CUBE-SFXS2LP1 4.0.0
2026-07-16 12:17:36,668 [INFO] ThirdParty:1030 - CMSIS Pack Vendor :STMicroelectronics X-CUBE-BLE2 3.3.0
2026-07-16 12:17:36,668 [INFO] ThirdParty:1030 - CMSIS Pack Vendor :Avnet-IOTCONNECT X-CUBE-iotc-st67-sdk 1.0.0
2026-07-16 12:17:36,668 [INFO] ThirdParty:1030 - CMSIS Pack Vendor :STMicroelectronics X-CUBE-TOF1 3.4.3
2026-07-16 12:17:36,668 [INFO] ThirdParty:1030 - CMSIS Pack Vendor :Infineon AIROC-Wi-Fi-Bluetooth-STM32 1.8.0
2026-07-16 12:17:36,668 [INFO] ThirdParty:1030 - CMSIS Pack Vendor :STMicroelectronics X-CUBE-NFC13 1.0.0
2026-07-16 12:17:36,668 [INFO] ThirdParty:1030 - CMSIS Pack Vendor :STMicroelectronics PDM2PCM 3.2.0
2026-07-16 12:17:36,668 [INFO] ThirdParty:1030 - CMSIS Pack Vendor :STMicroelectronics X-CUBE-WB05N 2.1.0
2026-07-16 12:17:36,668 [INFO] ThirdParty:841 - exiting critical section [change project]
2026-07-16 12:17:36,898 [INFO] PinOutPanel:1589 - setPackage(No Configuration,No Configuration)
2026-07-16 12:17:36,899 [INFO] PinOutPanel:1589 - setPackage(STM32F767ZITx,LQFP144)
2026-07-16 12:17:37,317 [INFO] UtilMem:75 - Before build in PCC Used Memory: 974930272 Bytes (1073741824)
2026-07-16 12:17:37,464 [ERROR] LogOutputStream:75 - [STDERR_REDIRECT] [Fatal Error] :1:1: Premature end of file.
2026-07-16 12:17:37,465 [ERROR] LogOutputStream:75 - [STDERR_REDIRECT] 
2026-07-16 12:17:37,852 [INFO] UtilMem:75 - After build in PCC Used Memory: 816238424 Bytes (1073741824)
2026-07-16 12:17:37,870 [INFO] IPUIPlugin:80 - create IPUIPlugin
2026-07-16 12:17:37,870 [INFO] IPUIPlugin:80 - create IPUIPlugin
2026-07-16 12:17:37,870 [INFO] IPUIPlugin:80 - create IPUIPlugin
2026-07-16 12:17:37,870 [INFO] IPUIPlugin:80 - create IPUIPlugin
2026-07-16 12:17:37,870 [INFO] IPUIPlugin:80 - create IPUIPlugin
2026-07-16 12:17:37,870 [INFO] IPUIPlugin:80 - create IPUIPlugin
2026-07-16 12:17:37,870 [INFO] IPUIPlugin:80 - create IPUIPlugin
2026-07-16 12:17:37,870 [INFO] IPUIPlugin:80 - create IPUIPlugin
2026-07-16 12:17:37,871 [INFO] IPUIPlugin:80 - create IPUIPlugin
2026-07-16 12:17:37,871 [INFO] IPUIPlugin:80 - create IPUIPlugin
2026-07-16 12:17:37,871 [INFO] IPUIPlugin:80 - create IPUIPlugin
2026-07-16 12:17:37,871 [INFO] IPUIPlugin:80 - create IPUIPlugin
2026-07-16 12:17:37,871 [INFO] IPUIPlugin:80 - create IPUIPlugin
2026-07-16 12:17:37,871 [INFO] IPUIPlugin:80 - create IPUIPlugin
2026-07-16 12:17:37,871 [INFO] IPUIPlugin:80 - create IPUIPlugin
2026-07-16 12:17:37,871 [INFO] IPUIPlugin:80 - create IPUIPlugin
2026-07-16 12:17:37,871 [INFO] IPUIPlugin:80 - create IPUIPlugin
2026-07-16 12:17:37,871 [INFO] IPUIPlugin:80 - create IPUIPlugin
2026-07-16 12:17:37,871 [INFO] IPUIPlugin:80 - create IPUIPlugin
2026-07-16 12:17:37,871 [INFO] IPUIPlugin:80 - create IPUIPlugin
2026-07-16 12:17:37,871 [INFO] IPUIPlugin:80 - create IPUIPlugin
2026-07-16 12:17:37,871 [INFO] IPUIPlugin:80 - create IPUIPlugin
2026-07-16 12:17:37,871 [INFO] IPUIPlugin:80 - create IPUIPlugin
2026-07-16 12:17:37,871 [INFO] IPUIPlugin:80 - create IPUIPlugin
2026-07-16 12:17:37,871 [INFO] IPUIPlugin:80 - create IPUIPlugin
2026-07-16 12:17:37,871 [INFO] IPUIPlugin:80 - create IPUIPlugin
2026-07-16 12:17:37,871 [INFO] IPUIPlugin:80 - create IPUIPlugin
2026-07-16 12:17:37,871 [INFO] IPUIPlugin:80 - create IPUIPlugin
2026-07-16 12:17:37,871 [INFO] IPUIPlugin:80 - create IPUIPlugin
2026-07-16 12:17:37,871 [INFO] IPUIPlugin:80 - create IPUIPlugin
2026-07-16 12:17:37,871 [INFO] IPUIPlugin:80 - create IPUIPlugin
2026-07-16 12:17:37,871 [INFO] IPUIPlugin:80 - create IPUIPlugin
2026-07-16 12:17:37,872 [INFO] IPUIPlugin:80 - create IPUIPlugin
2026-07-16 12:17:37,872 [INFO] IPUIPlugin:80 - create IPUIPlugin
2026-07-16 12:17:37,872 [INFO] IPUIPlugin:80 - create IPUIPlugin
2026-07-16 12:17:37,872 [INFO] IPUIPlugin:80 - create IPUIPlugin
2026-07-16 12:17:37,872 [INFO] IPUIPlugin:80 - create IPUIPlugin
2026-07-16 12:17:37,872 [INFO] IPUIPlugin:80 - create IPUIPlugin
2026-07-16 12:17:37,872 [INFO] IPUIPlugin:80 - create IPUIPlugin
2026-07-16 12:17:37,872 [INFO] IPUIPlugin:80 - create IPUIPlugin
2026-07-16 12:17:37,872 [INFO] IPUIPlugin:80 - create IPUIPlugin
2026-07-16 12:17:37,872 [INFO] IPUIPlugin:80 - create IPUIPlugin
2026-07-16 12:17:37,872 [INFO] IPUIPlugin:80 - create IPUIPlugin
2026-07-16 12:17:37,872 [INFO] IPUIPlugin:80 - create IPUIPlugin
2026-07-16 12:17:37,872 [INFO] IPUIPlugin:80 - create IPUIPlugin
2026-07-16 12:17:37,873 [INFO] IPUIPlugin:80 - create IPUIPlugin
2026-07-16 12:17:37,873 [INFO] IPUIPlugin:80 - create IPUIPlugin
2026-07-16 12:17:37,873 [INFO] IPUIPlugin:80 - create IPUIPlugin
2026-07-16 12:17:37,873 [INFO] IPUIPlugin:80 - create IPUIPlugin
2026-07-16 12:17:37,873 [INFO] IPUIPlugin:80 - create IPUIPlugin
2026-07-16 12:17:37,873 [INFO] IPUIPlugin:80 - create IPUIPlugin
2026-07-16 12:17:37,873 [INFO] IPUIPlugin:80 - create IPUIPlugin
2026-07-16 12:17:37,873 [INFO] IPUIPlugin:80 - create IPUIPlugin
2026-07-16 12:17:37,873 [INFO] IPUIPlugin:80 - create IPUIPlugin
2026-07-16 12:17:37,873 [INFO] IPUIPlugin:80 - create IPUIPlugin
2026-07-16 12:17:37,873 [INFO] IPUIPlugin:80 - create IPUIPlugin
2026-07-16 12:17:37,873 [INFO] IPUIPlugin:80 - create IPUIPlugin
2026-07-16 12:17:37,873 [INFO] IPUIPlugin:80 - create IPUIPlugin
2026-07-16 12:17:37,874 [INFO] IPUIPlugin:80 - create IPUIPlugin
2026-07-16 12:17:37,874 [INFO] IPUIPlugin:80 - create IPUIPlugin
2026-07-16 12:17:37,874 [INFO] IPUIPlugin:80 - create IPUIPlugin
2026-07-16 12:17:37,874 [INFO] IPUIPlugin:80 - create IPUIPlugin
2026-07-16 12:17:37,874 [INFO] IPUIPlugin:80 - create IPUIPlugin
2026-07-16 12:17:37,874 [INFO] IPUIPlugin:80 - create IPUIPlugin
2026-07-16 12:17:37,874 [INFO] IPUIPlugin:80 - create IPUIPlugin
2026-07-16 12:17:37,874 [INFO] IPUIPlugin:80 - create IPUIPlugin
2026-07-16 12:17:37,874 [INFO] IPUIPlugin:80 - create IPUIPlugin
2026-07-16 12:17:37,874 [INFO] IPUIPlugin:80 - create IPUIPlugin
2026-07-16 12:17:37,874 [INFO] IPUIPlugin:80 - create IPUIPlugin
2026-07-16 12:17:37,875 [INFO] IPUIPlugin:80 - create IPUIPlugin
2026-07-16 12:17:37,875 [INFO] IPUIPlugin:80 - create IPUIPlugin
2026-07-16 12:17:37,875 [INFO] IPUIPlugin:80 - create IPUIPlugin
2026-07-16 12:17:37,875 [INFO] IPUIPlugin:80 - create IPUIPlugin
2026-07-16 12:17:37,875 [INFO] IPUIPlugin:80 - create IPUIPlugin
2026-07-16 12:17:37,875 [INFO] IPUIPlugin:80 - create IPUIPlugin
2026-07-16 12:17:37,875 [INFO] IPUIPlugin:80 - create IPUIPlugin
2026-07-16 12:17:37,875 [INFO] IPUIPlugin:80 - create IPUIPlugin
2026-07-16 12:17:37,876 [INFO] IPUIPlugin:80 - create IPUIPlugin
2026-07-16 12:17:37,876 [INFO] IPUIPlugin:80 - create IPUIPlugin
2026-07-16 12:17:37,965 [INFO] ApiDbMcu:508 - Load IP Config File for PDM2PCM
2026-07-16 12:17:38,082 [INFO] CADModel:165 - CPN selected for project levelSTM32F767ZIT6
2026-07-16 12:17:38,082 [INFO] CADModel:114 - Register for checkConnection events
2026-07-16 12:17:38,127 [INFO] OpenFileManager:363 - Restore cursor
2026-07-16 12:17:38,243 [WARN] IP:2251 - Warning not found: check if there is a RefParameter without a condition.
2026-07-16 12:17:38,243 [WARN] IP:2251 - RxBufferAddress not found: check if there is a RefParameter without a condition.
2026-07-16 12:17:38,243 [WARN] IP:2251 - DESC_SIZE_UNIT not found: check if there is a RefParameter without a condition.
2026-07-16 12:17:38,244 [WARN] IP:2251 - Warning not found: check if there is a RefParameter without a condition.
2026-07-16 12:17:38,244 [WARN] IP:2251 - RxBufferAddress not found: check if there is a RefParameter without a condition.
2026-07-16 12:17:38,244 [WARN] IP:2251 - DESC_SIZE_UNIT not found: check if there is a RefParameter without a condition.
2026-07-16 12:17:38,461 [ERROR] LogOutputStream:75 - [STDERR_REDIRECT] [Fatal Error] :1:1: Premature end of file.
2026-07-16 12:17:38,461 [ERROR] LogOutputStream:75 - [STDERR_REDIRECT] 
2026-07-16 12:17:39,463 [ERROR] LogOutputStream:75 - [STDERR_REDIRECT] [Fatal Error] :1:1: Premature end of file.
2026-07-16 12:17:39,463 [ERROR] LogOutputStream:75 - [STDERR_REDIRECT] 
2026-07-16 12:17:39,628 [INFO] UtilMem:75 - End SaveConfig() Used Memory: 865042872 Bytes (1073741824)
2026-07-16 12:17:39,675 [INFO] UtilMem:75 - End SaveConfig() Used Memory: 895449528 Bytes (1073741824)
2026-07-16 12:17:39,918 [INFO] BlockDiagram:2766 - set Specific Code input for plugin: SYS
2026-07-16 12:17:39,919 [INFO] BlockDiagram:2766 - set Specific Code input for plugin: RCC
2026-07-16 12:17:39,919 [INFO] BlockDiagram:2766 - set Specific Code input for plugin: USB_OTG_FS
2026-07-16 12:17:39,919 [INFO] BlockDiagram:2766 - set Specific Code input for plugin: NVIC
2026-07-16 12:17:39,919 [INFO] BlockDiagram:2766 - set Specific Code input for plugin: USART
2026-07-16 12:17:39,919 [INFO] BlockDiagram:2766 - set Specific Code input for plugin: GPIO
2026-07-16 12:17:39,919 [INFO] BlockDiagram:2766 - set Specific Code input for plugin: ETH
2026-07-16 12:17:39,927 [INFO] CodeGenerator:896 - code generatio: config db path: C:\ST\STM32CubeIDE_1.17.0\STM32CubeIDE\plugins\com.st.stm32cube.common.mx_6.13.0.202411220809\\db\
2026-07-16 12:17:39,932 [WARN] IP:2251 - Warning not found: check if there is a RefParameter without a condition.
2026-07-16 12:17:39,933 [WARN] IP:2251 - RxBufferAddress not found: check if there is a RefParameter without a condition.
2026-07-16 12:17:39,933 [WARN] IP:2251 - DESC_SIZE_UNIT not found: check if there is a RefParameter without a condition.
2026-07-16 12:17:40,063 [INFO] CodeEngine:255 - oldGeneratedFile, C:\Coding\test\MXTmpFiles\license.tmp_save
2026-07-16 12:17:40,315 [INFO] CodeEngine:279 - Generated code: C:\Coding\test\MXTmpFiles\license.tmp
2026-07-16 12:17:40,392 [INFO] CodeEngine:255 - oldGeneratedFile, C:\Coding\test\MXTmpFiles\gpio.tmp_save
2026-07-16 12:17:40,463 [ERROR] LogOutputStream:75 - [STDERR_REDIRECT] [Fatal Error] :1:1: Premature end of file.
2026-07-16 12:17:40,464 [ERROR] LogOutputStream:75 - [STDERR_REDIRECT] 
2026-07-16 12:17:40,487 [INFO] CodeEngine:279 - Generated code: C:\Coding\test\MXTmpFiles\gpio.tmp
2026-07-16 12:17:40,731 [WARN] IPConfigManager:3034 - Warning: the RefConfig PWREx_EnableUSBVoltageDetector is not available in your config.xml file
2026-07-16 12:17:40,746 [INFO] CodeEngine:255 - oldGeneratedFile, C:\Coding\test\MXTmpFiles\cortex.tmp_save
2026-07-16 12:17:40,794 [INFO] CodeEngine:279 - Generated code: C:\Coding\test\MXTmpFiles\cortex.tmp
2026-07-16 12:17:40,808 [INFO] CodeEngine:255 - oldGeneratedFile, C:\Coding\test\Core\Src\stm32f7xx_it.c_save
2026-07-16 12:17:40,880 [INFO] CodeEngine:279 - Generated code: C:\Coding\test\Core\Src\stm32f7xx_it.c
2026-07-16 12:17:40,888 [INFO] CodeEngine:255 - oldGeneratedFile, C:\Coding\test\Core\Inc\stm32f7xx_it.h_save
2026-07-16 12:17:40,929 [INFO] CodeEngine:279 - Generated code: C:\Coding\test\Core\Inc\stm32f7xx_it.h
2026-07-16 12:17:40,944 [INFO] CodeEngine:255 - oldGeneratedFile, C:\Coding\test\Core\Src\stm32f7xx_hal_msp.c_save
2026-07-16 12:17:41,026 [INFO] CodeEngine:279 - Generated code: C:\Coding\test\Core\Src\stm32f7xx_hal_msp.c
2026-07-16 12:17:41,038 [INFO] CodeEngine:255 - oldGeneratedFile, C:\Coding\test\MXTmpFiles\system.tmp_save
2026-07-16 12:17:41,071 [INFO] CodeEngine:279 - Generated code: C:\Coding\test\MXTmpFiles\system.tmp
2026-07-16 12:17:41,083 [INFO] CodeEngine:311 - oldGeneratedFile, C:\Coding\test\Core\Inc\stm32f7xx_hal_conf.h_save
2026-07-16 12:17:41,132 [INFO] CodeEngine:335 - Generated code: C:\Coding\test\Core\Inc\stm32f7xx_hal_conf.h
2026-07-16 12:17:41,161 [INFO] ApiDbMcu:508 - Load IP Config File for ETH
2026-07-16 12:17:41,163 [INFO] ApiDbMcu:508 - Load IP Config File for USART3
2026-07-16 12:17:41,165 [INFO] ApiDbMcu:508 - Load IP Config File for USB_OTG_FS
2026-07-16 12:17:41,166 [INFO] ApiDbMcu:508 - Load IP Config File for RCC
2026-07-16 12:17:41,169 [WARN] IPConfigManager:3618 - IP not found : USB_OTG
2026-07-16 12:17:41,170 [WARN] CodeGenerator:4152 - IP not found : null
2026-07-16 12:17:41,180 [INFO] CodeEngine:255 - oldGeneratedFile, C:\Coding\test\Core\Inc\main.h_save
2026-07-16 12:17:41,240 [INFO] CodeEngine:279 - Generated code: C:\Coding\test\Core\Inc\main.h
2026-07-16 12:17:41,249 [INFO] CodeEngine:255 - oldGeneratedFile, C:\Coding\test\Core\Src\main.c_save
2026-07-16 12:17:41,337 [INFO] CodeEngine:279 - Generated code: C:\Coding\test\Core\Src\main.c
2026-07-16 12:17:41,467 [ERROR] LogOutputStream:75 - [STDERR_REDIRECT] [Fatal Error] :1:1: Premature end of file.
2026-07-16 12:17:41,467 [ERROR] LogOutputStream:75 - [STDERR_REDIRECT] 
2026-07-16 12:17:41,567 [INFO] ProjectBuilder:3289 - Time for Copy HAL[1] : 112mS.
2026-07-16 12:17:41,572 [INFO] ProjectBuilder:4876 - Project Generator version: 4.5.0-RC5
2026-07-16 12:17:41,613 [INFO] ConfigFileManager:1579 - The Die is : DIE451
2026-07-16 12:17:41,632 [INFO] ApiDbMcu:508 - Load IP Config File for FATFS
2026-07-16 12:17:41,643 [INFO] ApiDbMcu:508 - Load IP Config File for FREERTOS
2026-07-16 12:17:41,650 [INFO] ApiDbMcu:508 - Load IP Config File for LIBJPEG
2026-07-16 12:17:41,659 [INFO] ApiDbMcu:508 - Load IP Config File for LWIP
2026-07-16 12:17:41,667 [INFO] ApiDbMcu:508 - Load IP Config File for MBEDTLS
2026-07-16 12:17:41,676 [INFO] ApiDbMcu:508 - Load IP Config File for USB_DEVICE
2026-07-16 12:17:41,686 [INFO] ApiDbMcu:508 - Load IP Config File for USB_HOST
2026-07-16 12:17:42,124 [INFO] LogOutputStream:77 - [STDOUT_REDIRECT] 
2026-07-16 12:17:42,461 [ERROR] LogOutputStream:75 - [STDERR_REDIRECT] [Fatal Error] :1:1: Premature end of file.
2026-07-16 12:17:42,461 [ERROR] LogOutputStream:75 - [STDERR_REDIRECT] 
2026-07-16 12:17:43,466 [ERROR] LogOutputStream:75 - [STDERR_REDIRECT] [Fatal Error] :1:1: Premature end of file.
2026-07-16 12:17:43,466 [ERROR] LogOutputStream:75 - [STDERR_REDIRECT] 
2026-07-16 12:17:44,033 [INFO] ProjectBuilder:5154 - Time for Generating toolchain IDE Files: 2462mS.
2026-07-16 12:17:44,034 [INFO] ProjectBuilder:3146 - Time for Copy CMSIS : 0mS.
2026-07-16 12:17:44,035 [INFO] ProjectBuilder:3146 - Time for Copy CMSIS : 0mS.
2026-07-16 12:17:44,466 [ERROR] LogOutputStream:75 - [STDERR_REDIRECT] [Fatal Error] :1:1: Premature end of file.
2026-07-16 12:17:44,466 [ERROR] LogOutputStream:75 - [STDERR_REDIRECT] 
2026-07-16 12:17:44,905 [INFO] McuFinderGlobals:76 - Set McuFinderConnectedMode to true
2026-07-16 12:17:44,908 [INFO] ApiDb:448 - Save user favorites file C:\Users\hanna/.stm32cubeide/favorites.mcus.txt: 0 item(s)
2026-07-16 12:17:44,908 [INFO] ApiDb:452 - User favorites MCUs=[]
2026-07-16 12:17:44,909 [INFO] ApiDb:448 - Save user favorites file C:\Users\hanna/.stm32cubeide/favorites.boards.txt: 0 item(s)
2026-07-16 12:17:44,909 [INFO] ApiDb:452 - User favorites Boards=[]
2026-07-16 12:17:45,465 [ERROR] LogOutputStream:75 - [STDERR_REDIRECT] [Fatal Error] :1:1: Premature end of file.
2026-07-16 12:17:45,465 [ERROR] LogOutputStream:75 - [STDERR_REDIRECT] 
2026-07-16 12:17:46,468 [ERROR] LogOutputStream:75 - [STDERR_REDIRECT] [Fatal Error] :1:1: Premature end of file.
2026-07-16 12:17:46,468 [ERROR] LogOutputStream:75 - [STDERR_REDIRECT] 
2026-07-16 12:17:47,468 [ERROR] LogOutputStream:75 - [STDERR_REDIRECT] [Fatal Error] :1:1: Premature end of file.
2026-07-16 12:17:47,468 [ERROR] LogOutputStream:75 - [STDERR_REDIRECT] 
2026-07-16 12:17:48,460 [ERROR] LogOutputStream:75 - [STDERR_REDIRECT] [Fatal Error] :1:1: Premature end of file.
2026-07-16 12:17:48,461 [ERROR] LogOutputStream:75 - [STDERR_REDIRECT] 
2026-07-16 12:17:49,464 [ERROR] LogOutputStream:75 - [STDERR_REDIRECT] [Fatal Error] :1:1: Premature end of file.
2026-07-16 12:17:49,464 [ERROR] LogOutputStream:75 - [STDERR_REDIRECT] 
2026-07-16 12:17:50,461 [ERROR] LogOutputStream:75 - [STDERR_REDIRECT] [Fatal Error] :1:1: Premature end of file.
2026-07-16 12:17:50,461 [ERROR] LogOutputStream:75 - [STDERR_REDIRECT] 
2026-07-16 12:17:51,461 [ERROR] LogOutputStream:75 - [STDERR_REDIRECT] [Fatal Error] :1:1: Premature end of file.
2026-07-16 12:17:51,461 [ERROR] LogOutputStream:75 - [STDERR_REDIRECT] 
2026-07-16 12:17:52,461 [ERROR] LogOutputStream:75 - [STDERR_REDIRECT] [Fatal Error] :1:1: Premature end of file.
2026-07-16 12:17:52,461 [ERROR] LogOutputStream:75 - [STDERR_REDIRECT] 
2026-07-16 12:17:53,463 [ERROR] LogOutputStream:75 - [STDERR_REDIRECT] [Fatal Error] :1:1: Premature end of file.
2026-07-16 12:17:53,463 [ERROR] LogOutputStream:75 - [STDERR_REDIRECT] 
2026-07-16 12:17:54,462 [ERROR] LogOutputStream:75 - [STDERR_REDIRECT] [Fatal Error] :1:1: Premature end of file.
2026-07-16 12:17:54,462 [ERROR] LogOutputStream:75 - [STDERR_REDIRECT] 
2026-07-16 12:17:55,462 [ERROR] LogOutputStream:75 - [STDERR_REDIRECT] [Fatal Error] :1:1: Premature end of file.
2026-07-16 12:17:55,463 [ERROR] LogOutputStream:75 - [STDERR_REDIRECT] 
2026-07-16 12:17:56,461 [ERROR] LogOutputStream:75 - [STDERR_REDIRECT] [Fatal Error] :1:1: Premature end of file.
2026-07-16 12:17:56,461 [ERROR] LogOutputStream:75 - [STDERR_REDIRECT] 
2026-07-16 12:17:57,461 [ERROR] LogOutputStream:75 - [STDERR_REDIRECT] [Fatal Error] :1:1: Premature end of file.
2026-07-16 12:17:57,461 [ERROR] LogOutputStream:75 - [STDERR_REDIRECT] 
2026-07-16 12:17:58,461 [ERROR] LogOutputStream:75 - [STDERR_REDIRECT] [Fatal Error] :1:1: Premature end of file.
2026-07-16 12:17:58,461 [ERROR] LogOutputStream:75 - [STDERR_REDIRECT] 
2026-07-16 12:17:59,463 [ERROR] LogOutputStream:75 - [STDERR_REDIRECT] [Fatal Error] :1:1: Premature end of file.
2026-07-16 12:17:59,463 [ERROR] LogOutputStream:75 - [STDERR_REDIRECT] 
2026-07-16 12:18:00,461 [ERROR] LogOutputStream:75 - [STDERR_REDIRECT] [Fatal Error] :1:1: Premature end of file.
2026-07-16 12:18:00,462 [ERROR] LogOutputStream:75 - [STDERR_REDIRECT] 
2026-07-16 12:18:01,464 [ERROR] LogOutputStream:75 - [STDERR_REDIRECT] [Fatal Error] :1:1: Premature end of file.
2026-07-16 12:18:01,464 [ERROR] LogOutputStream:75 - [STDERR_REDIRECT] 
2026-07-16 12:18:02,461 [ERROR] LogOutputStream:75 - [STDERR_REDIRECT] [Fatal Error] :1:1: Premature end of file.
2026-07-16 12:18:02,462 [ERROR] LogOutputStream:75 - [STDERR_REDIRECT] 
2026-07-16 12:18:03,462 [ERROR] LogOutputStream:75 - [STDERR_REDIRECT] [Fatal Error] :1:1: Premature end of file.
2026-07-16 12:18:03,462 [ERROR] LogOutputStream:75 - [STDERR_REDIRECT] 
2026-07-16 12:18:04,462 [ERROR] LogOutputStream:75 - [STDERR_REDIRECT] [Fatal Error] :1:1: Premature end of file.
2026-07-16 12:18:04,462 [ERROR] LogOutputStream:75 - [STDERR_REDIRECT] 
2026-07-16 12:18:05,467 [ERROR] LogOutputStream:75 - [STDERR_REDIRECT] [Fatal Error] :1:1: Premature end of file.
2026-07-16 12:18:05,467 [ERROR] LogOutputStream:75 - [STDERR_REDIRECT] 
2026-07-16 12:18:06,465 [ERROR] LogOutputStream:75 - [STDERR_REDIRECT] [Fatal Error] :1:1: Premature end of file.
2026-07-16 12:18:06,465 [ERROR] LogOutputStream:75 - [STDERR_REDIRECT] 
2026-07-16 12:18:07,467 [ERROR] LogOutputStream:75 - [STDERR_REDIRECT] [Fatal Error] :1:1: Premature end of file.
2026-07-16 12:18:07,467 [ERROR] LogOutputStream:75 - [STDERR_REDIRECT] 
2026-07-16 12:18:08,465 [ERROR] LogOutputStream:75 - [STDERR_REDIRECT] [Fatal Error] :1:1: Premature end of file.
2026-07-16 12:18:08,465 [ERROR] LogOutputStream:75 - [STDERR_REDIRECT] 
2026-07-16 12:18:09,220 [WARN] IP:2251 - Warning not found: check if there is a RefParameter without a condition.
2026-07-16 12:18:09,220 [WARN] IP:2251 - RxBufferAddress not found: check if there is a RefParameter without a condition.
2026-07-16 12:18:09,221 [WARN] IP:2251 - DESC_SIZE_UNIT not found: check if there is a RefParameter without a condition.
2026-07-16 12:18:09,221 [WARN] IP:2251 - Warning not found: check if there is a RefParameter without a condition.
2026-07-16 12:18:09,221 [WARN] IP:2251 - RxBufferAddress not found: check if there is a RefParameter without a condition.
2026-07-16 12:18:09,221 [WARN] IP:2251 - DESC_SIZE_UNIT not found: check if there is a RefParameter without a condition.
2026-07-16 12:18:09,258 [WARN] IP:2251 - Warning not found: check if there is a RefParameter without a condition.
2026-07-16 12:18:09,258 [WARN] IP:2251 - RxBufferAddress not found: check if there is a RefParameter without a condition.
2026-07-16 12:18:09,258 [WARN] IP:2251 - DESC_SIZE_UNIT not found: check if there is a RefParameter without a condition.
2026-07-16 12:18:09,293 [WARN] IP:2251 - Warning not found: check if there is a RefParameter without a condition.
2026-07-16 12:18:09,293 [WARN] IP:2251 - RxBufferAddress not found: check if there is a RefParameter without a condition.
2026-07-16 12:18:09,293 [WARN] IP:2251 - DESC_SIZE_UNIT not found: check if there is a RefParameter without a condition.
2026-07-16 12:18:09,466 [ERROR] LogOutputStream:75 - [STDERR_REDIRECT] [Fatal Error] :1:1: Premature end of file.
2026-07-16 12:18:09,467 [ERROR] LogOutputStream:75 - [STDERR_REDIRECT] 
2026-07-16 12:18:10,464 [ERROR] LogOutputStream:75 - [STDERR_REDIRECT] [Fatal Error] :1:1: Premature end of file.
2026-07-16 12:18:10,464 [ERROR] LogOutputStream:75 - [STDERR_REDIRECT] 
2026-07-16 12:18:11,465 [ERROR] LogOutputStream:75 - [STDERR_REDIRECT] [Fatal Error] :1:1: Premature end of file.
2026-07-16 12:18:11,465 [ERROR] LogOutputStream:75 - [STDERR_REDIRECT] 
2026-07-16 12:18:12,465 [ERROR] LogOutputStream:75 - [STDERR_REDIRECT] [Fatal Error] :1:1: Premature end of file.
2026-07-16 12:18:12,465 [ERROR] LogOutputStream:75 - [STDERR_REDIRECT] 
2026-07-16 12:18:13,463 [ERROR] LogOutputStream:75 - [STDERR_REDIRECT] [Fatal Error] :1:1: Premature end of file.
2026-07-16 12:18:13,463 [ERROR] LogOutputStream:75 - [STDERR_REDIRECT] 
2026-07-16 12:18:14,463 [ERROR] LogOutputStream:75 - [STDERR_REDIRECT] [Fatal Error] :1:1: Premature end of file.
2026-07-16 12:18:14,463 [ERROR] LogOutputStream:75 - [STDERR_REDIRECT] 
2026-07-16 12:18:15,268 [WARN] IP:2251 - Warning not found: check if there is a RefParameter without a condition.
2026-07-16 12:18:15,268 [WARN] IP:2251 - RxBufferAddress not found: check if there is a RefParameter without a condition.
2026-07-16 12:18:15,268 [WARN] IP:2251 - DESC_SIZE_UNIT not found: check if there is a RefParameter without a condition.
2026-07-16 12:18:15,269 [WARN] IP:2251 - Warning not found: check if there is a RefParameter without a condition.
2026-07-16 12:18:15,269 [WARN] IP:2251 - RxBufferAddress not found: check if there is a RefParameter without a condition.
2026-07-16 12:18:15,269 [WARN] IP:2251 - DESC_SIZE_UNIT not found: check if there is a RefParameter without a condition.
2026-07-16 12:18:15,296 [WARN] IP:2251 - Warning not found: check if there is a RefParameter without a condition.
2026-07-16 12:18:15,296 [WARN] IP:2251 - RxBufferAddress not found: check if there is a RefParameter without a condition.
2026-07-16 12:18:15,296 [WARN] IP:2251 - DESC_SIZE_UNIT not found: check if there is a RefParameter without a condition.
2026-07-16 12:18:15,322 [WARN] IP:2251 - Warning not found: check if there is a RefParameter without a condition.
2026-07-16 12:18:15,322 [WARN] IP:2251 - RxBufferAddress not found: check if there is a RefParameter without a condition.
2026-07-16 12:18:15,323 [WARN] IP:2251 - DESC_SIZE_UNIT not found: check if there is a RefParameter without a condition.
2026-07-16 12:18:15,464 [ERROR] LogOutputStream:75 - [STDERR_REDIRECT] [Fatal Error] :1:1: Premature end of file.
2026-07-16 12:18:15,465 [ERROR] LogOutputStream:75 - [STDERR_REDIRECT] 
2026-07-16 12:18:16,461 [ERROR] LogOutputStream:75 - [STDERR_REDIRECT] [Fatal Error] :1:1: Premature end of file.
2026-07-16 12:18:16,461 [ERROR] LogOutputStream:75 - [STDERR_REDIRECT] 
2026-07-16 12:18:17,463 [ERROR] LogOutputStream:75 - [STDERR_REDIRECT] [Fatal Error] :1:1: Premature end of file.
2026-07-16 12:18:17,463 [ERROR] LogOutputStream:75 - [STDERR_REDIRECT] 
2026-07-16 12:18:18,460 [ERROR] LogOutputStream:75 - [STDERR_REDIRECT] [Fatal Error] :1:1: Premature end of file.
2026-07-16 12:18:18,460 [ERROR] LogOutputStream:75 - [STDERR_REDIRECT] 
2026-07-16 12:18:19,462 [ERROR] LogOutputStream:75 - [STDERR_REDIRECT] [Fatal Error] :1:1: Premature end of file.
2026-07-16 12:18:19,462 [ERROR] LogOutputStream:75 - [STDERR_REDIRECT] 
2026-07-16 12:18:20,469 [ERROR] LogOutputStream:75 - [STDERR_REDIRECT] [Fatal Error] :1:1: Premature end of file.
2026-07-16 12:18:20,469 [ERROR] LogOutputStream:75 - [STDERR_REDIRECT] 
2026-07-16 12:18:21,463 [ERROR] LogOutputStream:75 - [STDERR_REDIRECT] [Fatal Error] :1:1: Premature end of file.
2026-07-16 12:18:21,463 [ERROR] LogOutputStream:75 - [STDERR_REDIRECT] 
2026-07-16 12:18:22,461 [ERROR] LogOutputStream:75 - [STDERR_REDIRECT] [Fatal Error] :1:1: Premature end of file.
2026-07-16 12:18:22,461 [ERROR] LogOutputStream:75 - [STDERR_REDIRECT] 
2026-07-16 12:18:23,461 [ERROR] LogOutputStream:75 - [STDERR_REDIRECT] [Fatal Error] :1:1: Premature end of file.
2026-07-16 12:18:23,461 [ERROR] LogOutputStream:75 - [STDERR_REDIRECT] 
2026-07-16 12:18:24,462 [ERROR] LogOutputStream:75 - [STDERR_REDIRECT] [Fatal Error] :1:1: Premature end of file.
2026-07-16 12:18:24,462 [ERROR] LogOutputStream:75 - [STDERR_REDIRECT] 
2026-07-16 12:18:25,461 [ERROR] LogOutputStream:75 - [STDERR_REDIRECT] [Fatal Error] :1:1: Premature end of file.
2026-07-16 12:18:25,462 [ERROR] LogOutputStream:75 - [STDERR_REDIRECT] 
2026-07-16 12:18:26,462 [ERROR] LogOutputStream:75 - [STDERR_REDIRECT] [Fatal Error] :1:1: Premature end of file.
2026-07-16 12:18:26,462 [ERROR] LogOutputStream:75 - [STDERR_REDIRECT] 
2026-07-16 12:18:27,461 [ERROR] LogOutputStream:75 - [STDERR_REDIRECT] [Fatal Error] :1:1: Premature end of file.
2026-07-16 12:18:27,462 [ERROR] LogOutputStream:75 - [STDERR_REDIRECT] 
2026-07-16 12:18:28,462 [ERROR] LogOutputStream:75 - [STDERR_REDIRECT] [Fatal Error] :1:1: Premature end of file.
2026-07-16 12:18:28,462 [ERROR] LogOutputStream:75 - [STDERR_REDIRECT] 
2026-07-16 12:18:29,463 [ERROR] LogOutputStream:75 - [STDERR_REDIRECT] [Fatal Error] :1:1: Premature end of file.
2026-07-16 12:18:29,463 [ERROR] LogOutputStream:75 - [STDERR_REDIRECT] 
2026-07-16 12:18:30,462 [ERROR] LogOutputStream:75 - [STDERR_REDIRECT] [Fatal Error] :1:1: Premature end of file.
2026-07-16 12:18:30,462 [ERROR] LogOutputStream:75 - [STDERR_REDIRECT] 
2026-07-16 12:18:31,463 [ERROR] LogOutputStream:75 - [STDERR_REDIRECT] [Fatal Error] :1:1: Premature end of file.
2026-07-16 12:18:31,463 [ERROR] LogOutputStream:75 - [STDERR_REDIRECT] 
2026-07-16 12:18:32,461 [ERROR] LogOutputStream:75 - [STDERR_REDIRECT] [Fatal Error] :1:1: Premature end of file.
2026-07-16 12:18:32,461 [ERROR] LogOutputStream:75 - [STDERR_REDIRECT] 
2026-07-16 12:18:33,462 [ERROR] LogOutputStream:75 - [STDERR_REDIRECT] [Fatal Error] :1:1: Premature end of file.
2026-07-16 12:18:33,462 [ERROR] LogOutputStream:75 - [STDERR_REDIRECT] 
2026-07-16 12:18:34,462 [ERROR] LogOutputStream:75 - [STDERR_REDIRECT] [Fatal Error] :1:1: Premature end of file.
2026-07-16 12:18:34,462 [ERROR] LogOutputStream:75 - [STDERR_REDIRECT] 
2026-07-16 12:18:35,460 [ERROR] LogOutputStream:75 - [STDERR_REDIRECT] [Fatal Error] :1:1: Premature end of file.
2026-07-16 12:18:35,460 [ERROR] LogOutputStream:75 - [STDERR_REDIRECT] 
2026-07-16 12:18:36,466 [ERROR] LogOutputStream:75 - [STDERR_REDIRECT] [Fatal Error] :1:1: Premature end of file.
2026-07-16 12:18:36,466 [ERROR] LogOutputStream:75 - [STDERR_REDIRECT] 
2026-07-16 12:18:37,461 [ERROR] LogOutputStream:75 - [STDERR_REDIRECT] [Fatal Error] :1:1: Premature end of file.
2026-07-16 12:18:37,461 [ERROR] LogOutputStream:75 - [STDERR_REDIRECT] 
2026-07-16 12:18:38,462 [ERROR] LogOutputStream:75 - [STDERR_REDIRECT] [Fatal Error] :1:1: Premature end of file.
2026-07-16 12:18:38,463 [ERROR] LogOutputStream:75 - [STDERR_REDIRECT] 
2026-07-16 12:18:39,462 [ERROR] LogOutputStream:75 - [STDERR_REDIRECT] [Fatal Error] :1:1: Premature end of file.
2026-07-16 12:18:39,462 [ERROR] LogOutputStream:75 - [STDERR_REDIRECT] 
2026-07-16 12:18:40,462 [ERROR] LogOutputStream:75 - [STDERR_REDIRECT] [Fatal Error] :1:1: Premature end of file.
2026-07-16 12:18:40,462 [ERROR] LogOutputStream:75 - [STDERR_REDIRECT] 
2026-07-16 12:18:41,461 [ERROR] LogOutputStream:75 - [STDERR_REDIRECT] [Fatal Error] :1:1: Premature end of file.
2026-07-16 12:18:41,461 [ERROR] LogOutputStream:75 - [STDERR_REDIRECT] 
2026-07-16 12:18:42,460 [ERROR] LogOutputStream:75 - [STDERR_REDIRECT] [Fatal Error] :1:1: Premature end of file.
2026-07-16 12:18:42,460 [ERROR] LogOutputStream:75 - [STDERR_REDIRECT] 
2026-07-16 12:18:43,461 [ERROR] LogOutputStream:75 - [STDERR_REDIRECT] [Fatal Error] :1:1: Premature end of file.
2026-07-16 12:18:43,461 [ERROR] LogOutputStream:75 - [STDERR_REDIRECT] 
2026-07-16 12:18:44,463 [ERROR] LogOutputStream:75 - [STDERR_REDIRECT] [Fatal Error] :1:1: Premature end of file.
2026-07-16 12:18:44,463 [ERROR] LogOutputStream:75 - [STDERR_REDIRECT] 
2026-07-16 12:18:45,461 [ERROR] LogOutputStream:75 - [STDERR_REDIRECT] [Fatal Error] :1:1: Premature end of file.
2026-07-16 12:18:45,461 [ERROR] LogOutputStream:75 - [STDERR_REDIRECT] 
2026-07-16 12:18:46,461 [ERROR] LogOutputStream:75 - [STDERR_REDIRECT] [Fatal Error] :1:1: Premature end of file.
2026-07-16 12:18:46,462 [ERROR] LogOutputStream:75 - [STDERR_REDIRECT] 
2026-07-16 12:18:47,465 [ERROR] LogOutputStream:75 - [STDERR_REDIRECT] [Fatal Error] :1:1: Premature end of file.
2026-07-16 12:18:47,466 [ERROR] LogOutputStream:75 - [STDERR_REDIRECT] 
2026-07-16 12:18:48,461 [ERROR] LogOutputStream:75 - [STDERR_REDIRECT] [Fatal Error] :1:1: Premature end of file.
2026-07-16 12:18:48,462 [ERROR] LogOutputStream:75 - [STDERR_REDIRECT] 
2026-07-16 12:18:49,462 [ERROR] LogOutputStream:75 - [STDERR_REDIRECT] [Fatal Error] :1:1: Premature end of file.
2026-07-16 12:18:49,462 [ERROR] LogOutputStream:75 - [STDERR_REDIRECT] 
2026-07-16 12:18:50,461 [ERROR] LogOutputStream:75 - [STDERR_REDIRECT] [Fatal Error] :1:1: Premature end of file.
2026-07-16 12:18:50,461 [ERROR] LogOutputStream:75 - [STDERR_REDIRECT] 
2026-07-16 12:18:51,465 [ERROR] LogOutputStream:75 - [STDERR_REDIRECT] [Fatal Error] :1:1: Premature end of file.
2026-07-16 12:18:51,465 [ERROR] LogOutputStream:75 - [STDERR_REDIRECT] 
2026-07-16 12:18:52,466 [ERROR] LogOutputStream:75 - [STDERR_REDIRECT] [Fatal Error] :1:1: Premature end of file.
2026-07-16 12:18:52,466 [ERROR] LogOutputStream:75 - [STDERR_REDIRECT] 
2026-07-16 12:18:52,713 [WARN] IP:2251 - Warning not found: check if there is a RefParameter without a condition.
2026-07-16 12:18:52,713 [WARN] IP:2251 - RxBufferAddress not found: check if there is a RefParameter without a condition.
2026-07-16 12:18:52,713 [WARN] IP:2251 - DESC_SIZE_UNIT not found: check if there is a RefParameter without a condition.
2026-07-16 12:18:52,714 [WARN] IP:2251 - Warning not found: check if there is a RefParameter without a condition.
2026-07-16 12:18:52,714 [WARN] IP:2251 - RxBufferAddress not found: check if there is a RefParameter without a condition.
2026-07-16 12:18:52,714 [WARN] IP:2251 - DESC_SIZE_UNIT not found: check if there is a RefParameter without a condition.
2026-07-16 12:18:52,743 [WARN] IP:2251 - Warning not found: check if there is a RefParameter without a condition.
2026-07-16 12:18:52,743 [WARN] IP:2251 - RxBufferAddress not found: check if there is a RefParameter without a condition.
2026-07-16 12:18:52,743 [WARN] IP:2251 - DESC_SIZE_UNIT not found: check if there is a RefParameter without a condition.
2026-07-16 12:18:52,768 [WARN] IP:2251 - Warning not found: check if there is a RefParameter without a condition.
2026-07-16 12:18:52,768 [WARN] IP:2251 - RxBufferAddress not found: check if there is a RefParameter without a condition.
2026-07-16 12:18:52,768 [WARN] IP:2251 - DESC_SIZE_UNIT not found: check if there is a RefParameter without a condition.
2026-07-16 12:18:53,464 [ERROR] LogOutputStream:75 - [STDERR_REDIRECT] [Fatal Error] :1:1: Premature end of file.
2026-07-16 12:18:53,464 [ERROR] LogOutputStream:75 - [STDERR_REDIRECT] 
2026-07-16 12:18:54,466 [ERROR] LogOutputStream:75 - [STDERR_REDIRECT] [Fatal Error] :1:1: Premature end of file.
2026-07-16 12:18:54,467 [ERROR] LogOutputStream:75 - [STDERR_REDIRECT] 
2026-07-16 12:18:55,461 [ERROR] LogOutputStream:75 - [STDERR_REDIRECT] [Fatal Error] :1:1: Premature end of file.
2026-07-16 12:18:55,461 [ERROR] LogOutputStream:75 - [STDERR_REDIRECT] 
2026-07-16 12:18:56,460 [ERROR] LogOutputStream:75 - [STDERR_REDIRECT] [Fatal Error] :1:1: Premature end of file.
2026-07-16 12:18:56,461 [ERROR] LogOutputStream:75 - [STDERR_REDIRECT] 
2026-07-16 12:18:56,926 [INFO] UtilMem:75 - End SaveConfig() Used Memory: 844268000 Bytes (1073741824)
2026-07-16 12:18:57,462 [ERROR] LogOutputStream:75 - [STDERR_REDIRECT] [Fatal Error] :1:1: Premature end of file.
2026-07-16 12:18:57,463 [ERROR] LogOutputStream:75 - [STDERR_REDIRECT] 
2026-07-16 12:18:58,459 [ERROR] LogOutputStream:75 - [STDERR_REDIRECT] [Fatal Error] :1:1: Premature end of file.
2026-07-16 12:18:58,460 [ERROR] LogOutputStream:75 - [STDERR_REDIRECT] 
2026-07-16 12:18:59,202 [INFO] UtilMem:75 - End SaveConfig() Used Memory: 778379664 Bytes (1073741824)
2026-07-16 12:18:59,464 [ERROR] LogOutputStream:75 - [STDERR_REDIRECT] [Fatal Error] :1:1: Premature end of file.
2026-07-16 12:18:59,465 [ERROR] LogOutputStream:75 - [STDERR_REDIRECT] 
2026-07-16 12:19:00,465 [ERROR] LogOutputStream:75 - [STDERR_REDIRECT] [Fatal Error] :1:1: Premature end of file.
2026-07-16 12:19:00,465 [ERROR] LogOutputStream:75 - [STDERR_REDIRECT] 
2026-07-16 12:19:00,848 [INFO] UtilMem:75 - End SaveConfig() Used Memory: 844495784 Bytes (1073741824)
2026-07-16 12:19:01,205 [INFO] BlockDiagram:2766 - set Specific Code input for plugin: SYS
2026-07-16 12:19:01,205 [INFO] BlockDiagram:2766 - set Specific Code input for plugin: RCC
2026-07-16 12:19:01,205 [INFO] BlockDiagram:2766 - set Specific Code input for plugin: USB_OTG_FS
2026-07-16 12:19:01,205 [INFO] BlockDiagram:2766 - set Specific Code input for plugin: NVIC
2026-07-16 12:19:01,205 [INFO] BlockDiagram:2766 - set Specific Code input for plugin: USART
2026-07-16 12:19:01,206 [INFO] BlockDiagram:2766 - set Specific Code input for plugin: GPIO
2026-07-16 12:19:01,206 [INFO] BlockDiagram:2766 - set Specific Code input for plugin: ETH
2026-07-16 12:19:01,207 [INFO] CodeGenerator:896 - code generatio: config db path: C:\ST\STM32CubeIDE_1.17.0\STM32CubeIDE\plugins\com.st.stm32cube.common.mx_6.13.0.202411220809\\db\
2026-07-16 12:19:01,208 [WARN] IP:2251 - Warning not found: check if there is a RefParameter without a condition.
2026-07-16 12:19:01,208 [WARN] IP:2251 - RxBufferAddress not found: check if there is a RefParameter without a condition.
2026-07-16 12:19:01,209 [WARN] IP:2251 - DESC_SIZE_UNIT not found: check if there is a RefParameter without a condition.
2026-07-16 12:19:01,263 [INFO] CodeEngine:255 - oldGeneratedFile, C:\Coding\test\MXTmpFiles\license.tmp_save
2026-07-16 12:19:01,370 [INFO] CodeEngine:279 - Generated code: C:\Coding\test\MXTmpFiles\license.tmp
2026-07-16 12:19:01,406 [INFO] CodeEngine:255 - oldGeneratedFile, C:\Coding\test\MXTmpFiles\gpio.tmp_save
2026-07-16 12:19:01,464 [ERROR] LogOutputStream:75 - [STDERR_REDIRECT] [Fatal Error] :1:1: Premature end of file.
2026-07-16 12:19:01,465 [ERROR] LogOutputStream:75 - [STDERR_REDIRECT] 
2026-07-16 12:19:01,488 [INFO] CodeEngine:279 - Generated code: C:\Coding\test\MXTmpFiles\gpio.tmp
2026-07-16 12:19:01,616 [WARN] IPConfigManager:3034 - Warning: the RefConfig PWREx_EnableUSBVoltageDetector is not available in your config.xml file
2026-07-16 12:19:01,622 [INFO] CodeEngine:255 - oldGeneratedFile, C:\Coding\test\MXTmpFiles\cortex.tmp_save
2026-07-16 12:19:01,670 [INFO] CodeEngine:279 - Generated code: C:\Coding\test\MXTmpFiles\cortex.tmp
2026-07-16 12:19:01,684 [INFO] CodeEngine:255 - oldGeneratedFile, C:\Coding\test\Core\Src\stm32f7xx_it.c_save
2026-07-16 12:19:01,729 [INFO] CodeEngine:279 - Generated code: C:\Coding\test\Core\Src\stm32f7xx_it.c
2026-07-16 12:19:01,735 [INFO] CodeEngine:255 - oldGeneratedFile, C:\Coding\test\Core\Inc\stm32f7xx_it.h_save
2026-07-16 12:19:01,777 [INFO] CodeEngine:279 - Generated code: C:\Coding\test\Core\Inc\stm32f7xx_it.h
2026-07-16 12:19:01,793 [INFO] CodeEngine:255 - oldGeneratedFile, C:\Coding\test\Core\Src\stm32f7xx_hal_msp.c_save
2026-07-16 12:19:01,863 [INFO] CodeEngine:279 - Generated code: C:\Coding\test\Core\Src\stm32f7xx_hal_msp.c
2026-07-16 12:19:01,866 [INFO] CodeEngine:255 - oldGeneratedFile, C:\Coding\test\MXTmpFiles\system.tmp_save
2026-07-16 12:19:01,896 [INFO] CodeEngine:279 - Generated code: C:\Coding\test\MXTmpFiles\system.tmp
2026-07-16 12:19:01,909 [INFO] CodeEngine:311 - oldGeneratedFile, C:\Coding\test\Core\Inc\stm32f7xx_hal_conf.h_save
2026-07-16 12:19:01,960 [INFO] CodeEngine:335 - Generated code: C:\Coding\test\Core\Inc\stm32f7xx_hal_conf.h
2026-07-16 12:19:01,976 [WARN] IPConfigManager:3618 - IP not found : USB_OTG
2026-07-16 12:19:01,976 [WARN] CodeGenerator:4152 - IP not found : null
2026-07-16 12:19:01,987 [INFO] CodeEngine:255 - oldGeneratedFile, C:\Coding\test\Core\Inc\main.h_save
2026-07-16 12:19:02,027 [INFO] CodeEngine:279 - Generated code: C:\Coding\test\Core\Inc\main.h
2026-07-16 12:19:02,039 [INFO] CodeEngine:255 - oldGeneratedFile, C:\Coding\test\Core\Src\main.c_save
2026-07-16 12:19:02,118 [INFO] CodeEngine:279 - Generated code: C:\Coding\test\Core\Src\main.c
2026-07-16 12:19:02,384 [INFO] ProjectBuilder:3289 - Time for Copy HAL[1] : 169mS.
2026-07-16 12:19:02,389 [INFO] ProjectBuilder:4876 - Project Generator version: 4.5.0-RC5
2026-07-16 12:19:02,426 [INFO] ConfigFileManager:1579 - The Die is : DIE451
2026-07-16 12:19:02,466 [ERROR] LogOutputStream:75 - [STDERR_REDIRECT] [Fatal Error] :1:1: Premature end of file.
2026-07-16 12:19:02,466 [ERROR] LogOutputStream:75 - [STDERR_REDIRECT] 
2026-07-16 12:19:03,245 [INFO] ProjectBuilder:5154 - Time for Generating toolchain IDE Files: 856mS.
2026-07-16 12:19:03,246 [INFO] ProjectBuilder:3146 - Time for Copy CMSIS : 1mS.
2026-07-16 12:19:03,247 [INFO] ProjectBuilder:3146 - Time for Copy CMSIS : 0mS.
2026-07-16 12:19:03,464 [ERROR] LogOutputStream:75 - [STDERR_REDIRECT] [Fatal Error] :1:1: Premature end of file.
2026-07-16 12:19:03,465 [ERROR] LogOutputStream:75 - [STDERR_REDIRECT] 
2026-07-16 12:19:04,464 [ERROR] LogOutputStream:75 - [STDERR_REDIRECT] [Fatal Error] :1:1: Premature end of file.
2026-07-16 12:19:04,465 [ERROR] LogOutputStream:75 - [STDERR_REDIRECT] 
2026-07-16 12:19:05,463 [ERROR] LogOutputStream:75 - [STDERR_REDIRECT] [Fatal Error] :1:1: Premature end of file.
2026-07-16 12:19:05,463 [ERROR] LogOutputStream:75 - [STDERR_REDIRECT] 
2026-07-16 12:19:06,462 [ERROR] LogOutputStream:75 - [STDERR_REDIRECT] [Fatal Error] :1:1: Premature end of file.
2026-07-16 12:19:06,462 [ERROR] LogOutputStream:75 - [STDERR_REDIRECT] 
2026-07-16 12:19:07,462 [ERROR] LogOutputStream:75 - [STDERR_REDIRECT] [Fatal Error] :1:1: Premature end of file.
2026-07-16 12:19:07,462 [ERROR] LogOutputStream:75 - [STDERR_REDIRECT] 
2026-07-16 12:19:08,463 [ERROR] LogOutputStream:75 - [STDERR_REDIRECT] [Fatal Error] :1:1: Premature end of file.
2026-07-16 12:19:08,463 [ERROR] LogOutputStream:75 - [STDERR_REDIRECT] 
2026-07-16 12:19:09,462 [ERROR] LogOutputStream:75 - [STDERR_REDIRECT] [Fatal Error] :1:1: Premature end of file.
2026-07-16 12:19:09,462 [ERROR] LogOutputStream:75 - [STDERR_REDIRECT] 
2026-07-16 12:19:10,462 [ERROR] LogOutputStream:75 - [STDERR_REDIRECT] [Fatal Error] :1:1: Premature end of file.
2026-07-16 12:19:10,462 [ERROR] LogOutputStream:75 - [STDERR_REDIRECT] 
2026-07-16 12:19:11,461 [ERROR] LogOutputStream:75 - [STDERR_REDIRECT] [Fatal Error] :1:1: Premature end of file.
2026-07-16 12:19:11,461 [ERROR] LogOutputStream:75 - [STDERR_REDIRECT] 
2026-07-16 12:19:12,463 [ERROR] LogOutputStream:75 - [STDERR_REDIRECT] [Fatal Error] :1:1: Premature end of file.
2026-07-16 12:19:12,463 [ERROR] LogOutputStream:75 - [STDERR_REDIRECT] 
2026-07-16 12:19:13,462 [ERROR] LogOutputStream:75 - [STDERR_REDIRECT] [Fatal Error] :1:1: Premature end of file.
2026-07-16 12:19:13,462 [ERROR] LogOutputStream:75 - [STDERR_REDIRECT] 
2026-07-16 12:19:14,463 [ERROR] LogOutputStream:75 - [STDERR_REDIRECT] [Fatal Error] :1:1: Premature end of file.
2026-07-16 12:19:14,463 [ERROR] LogOutputStream:75 - [STDERR_REDIRECT] 
2026-07-16 12:19:15,461 [ERROR] LogOutputStream:75 - [STDERR_REDIRECT] [Fatal Error] :1:1: Premature end of file.
2026-07-16 12:19:15,462 [ERROR] LogOutputStream:75 - [STDERR_REDIRECT] 
2026-07-16 12:19:16,462 [ERROR] LogOutputStream:75 - [STDERR_REDIRECT] [Fatal Error] :1:1: Premature end of file.
2026-07-16 12:19:16,462 [ERROR] LogOutputStream:75 - [STDERR_REDIRECT] 
2026-07-16 12:19:17,465 [ERROR] LogOutputStream:75 - [STDERR_REDIRECT] [Fatal Error] :1:1: Premature end of file.
2026-07-16 12:19:17,465 [ERROR] LogOutputStream:75 - [STDERR_REDIRECT] 
2026-07-16 12:19:18,463 [ERROR] LogOutputStream:75 - [STDERR_REDIRECT] [Fatal Error] :1:1: Premature end of file.
2026-07-16 12:19:18,463 [ERROR] LogOutputStream:75 - [STDERR_REDIRECT] 
2026-07-16 12:19:19,463 [ERROR] LogOutputStream:75 - [STDERR_REDIRECT] [Fatal Error] :1:1: Premature end of file.
2026-07-16 12:19:19,463 [ERROR] LogOutputStream:75 - [STDERR_REDIRECT] 
2026-07-16 12:19:20,463 [ERROR] LogOutputStream:75 - [STDERR_REDIRECT] [Fatal Error] :1:1: Premature end of file.
2026-07-16 12:19:20,464 [ERROR] LogOutputStream:75 - [STDERR_REDIRECT] 
2026-07-16 12:19:21,462 [ERROR] LogOutputStream:75 - [STDERR_REDIRECT] [Fatal Error] :1:1: Premature end of file.
2026-07-16 12:19:21,462 [ERROR] LogOutputStream:75 - [STDERR_REDIRECT] 
2026-07-16 12:19:22,463 [ERROR] LogOutputStream:75 - [STDERR_REDIRECT] [Fatal Error] :1:1: Premature end of file.
2026-07-16 12:19:22,463 [ERROR] LogOutputStream:75 - [STDERR_REDIRECT] 
2026-07-16 12:19:23,463 [ERROR] LogOutputStream:75 - [STDERR_REDIRECT] [Fatal Error] :1:1: Premature end of file.
2026-07-16 12:19:23,463 [ERROR] LogOutputStream:75 - [STDERR_REDIRECT] 
2026-07-16 12:19:24,464 [ERROR] LogOutputStream:75 - [STDERR_REDIRECT] [Fatal Error] :1:1: Premature end of file.
2026-07-16 12:19:24,464 [ERROR] LogOutputStream:75 - [STDERR_REDIRECT] 
2026-07-16 12:19:25,462 [ERROR] LogOutputStream:75 - [STDERR_REDIRECT] [Fatal Error] :1:1: Premature end of file.
2026-07-16 12:19:25,462 [ERROR] LogOutputStream:75 - [STDERR_REDIRECT] 
2026-07-16 12:19:26,462 [ERROR] LogOutputStream:75 - [STDERR_REDIRECT] [Fatal Error] :1:1: Premature end of file.
2026-07-16 12:19:26,462 [ERROR] LogOutputStream:75 - [STDERR_REDIRECT] 
2026-07-16 12:19:27,462 [ERROR] LogOutputStream:75 - [STDERR_REDIRECT] [Fatal Error] :1:1: Premature end of file.
2026-07-16 12:19:27,462 [ERROR] LogOutputStream:75 - [STDERR_REDIRECT] 
2026-07-16 12:19:28,462 [ERROR] LogOutputStream:75 - [STDERR_REDIRECT] [Fatal Error] :1:1: Premature end of file.
2026-07-16 12:19:28,462 [ERROR] LogOutputStream:75 - [STDERR_REDIRECT] 
2026-07-16 12:19:29,464 [ERROR] LogOutputStream:75 - [STDERR_REDIRECT] [Fatal Error] :1:1: Premature end of file.
2026-07-16 12:19:29,464 [ERROR] LogOutputStream:75 - [STDERR_REDIRECT] 
2026-07-16 12:19:30,461 [ERROR] LogOutputStream:75 - [STDERR_REDIRECT] [Fatal Error] :1:1: Premature end of file.
2026-07-16 12:19:30,462 [ERROR] LogOutputStream:75 - [STDERR_REDIRECT] 
2026-07-16 12:19:31,462 [ERROR] LogOutputStream:75 - [STDERR_REDIRECT] [Fatal Error] :1:1: Premature end of file.
2026-07-16 12:19:31,462 [ERROR] LogOutputStream:75 - [STDERR_REDIRECT] 
2026-07-16 12:19:32,465 [ERROR] LogOutputStream:75 - [STDERR_REDIRECT] [Fatal Error] :1:1: Premature end of file.
2026-07-16 12:19:32,465 [ERROR] LogOutputStream:75 - [STDERR_REDIRECT] 
2026-07-16 12:19:33,462 [ERROR] LogOutputStream:75 - [STDERR_REDIRECT] [Fatal Error] :1:1: Premature end of file.
2026-07-16 12:19:33,462 [ERROR] LogOutputStream:75 - [STDERR_REDIRECT] 
2026-07-16 12:19:34,462 [ERROR] LogOutputStream:75 - [STDERR_REDIRECT] [Fatal Error] :1:1: Premature end of file.
2026-07-16 12:19:34,462 [ERROR] LogOutputStream:75 - [STDERR_REDIRECT] 
2026-07-16 12:19:35,463 [ERROR] LogOutputStream:75 - [STDERR_REDIRECT] [Fatal Error] :1:1: Premature end of file.
2026-07-16 12:19:35,463 [ERROR] LogOutputStream:75 - [STDERR_REDIRECT] 
2026-07-16 12:19:36,462 [ERROR] LogOutputStream:75 - [STDERR_REDIRECT] [Fatal Error] :1:1: Premature end of file.
2026-07-16 12:19:36,462 [ERROR] LogOutputStream:75 - [STDERR_REDIRECT] 
2026-07-16 12:19:37,462 [ERROR] LogOutputStream:75 - [STDERR_REDIRECT] [Fatal Error] :1:1: Premature end of file.
2026-07-16 12:19:37,462 [ERROR] LogOutputStream:75 - [STDERR_REDIRECT] 
2026-07-16 12:19:38,461 [ERROR] LogOutputStream:75 - [STDERR_REDIRECT] [Fatal Error] :1:1: Premature end of file.
2026-07-16 12:19:38,462 [ERROR] LogOutputStream:75 - [STDERR_REDIRECT] 
2026-07-16 12:19:39,462 [ERROR] LogOutputStream:75 - [STDERR_REDIRECT] [Fatal Error] :1:1: Premature end of file.
2026-07-16 12:19:39,462 [ERROR] LogOutputStream:75 - [STDERR_REDIRECT] 
2026-07-16 12:19:40,463 [ERROR] LogOutputStream:75 - [STDERR_REDIRECT] [Fatal Error] :1:1: Premature end of file.
2026-07-16 12:19:40,463 [ERROR] LogOutputStream:75 - [STDERR_REDIRECT] 
2026-07-16 12:19:41,463 [ERROR] LogOutputStream:75 - [STDERR_REDIRECT] [Fatal Error] :1:1: Premature end of file.
2026-07-16 12:19:41,463 [ERROR] LogOutputStream:75 - [STDERR_REDIRECT] 
2026-07-16 12:19:42,461 [ERROR] LogOutputStream:75 - [STDERR_REDIRECT] [Fatal Error] :1:1: Premature end of file.
2026-07-16 12:19:42,461 [ERROR] LogOutputStream:75 - [STDERR_REDIRECT] 
2026-07-16 12:19:43,462 [ERROR] LogOutputStream:75 - [STDERR_REDIRECT] [Fatal Error] :1:1: Premature end of file.
2026-07-16 12:19:43,462 [ERROR] LogOutputStream:75 - [STDERR_REDIRECT] 
2026-07-16 12:19:44,464 [ERROR] LogOutputStream:75 - [STDERR_REDIRECT] [Fatal Error] :1:1: Premature end of file.
2026-07-16 12:19:44,464 [ERROR] LogOutputStream:75 - [STDERR_REDIRECT] 
2026-07-16 12:19:45,463 [ERROR] LogOutputStream:75 - [STDERR_REDIRECT] [Fatal Error] :1:1: Premature end of file.
2026-07-16 12:19:45,463 [ERROR] LogOutputStream:75 - [STDERR_REDIRECT] 
2026-07-16 12:19:46,463 [ERROR] LogOutputStream:75 - [STDERR_REDIRECT] [Fatal Error] :1:1: Premature end of file.
2026-07-16 12:19:46,463 [ERROR] LogOutputStream:75 - [STDERR_REDIRECT] 
2026-07-16 12:19:47,462 [ERROR] LogOutputStream:75 - [STDERR_REDIRECT] [Fatal Error] :1:1: Premature end of file.
2026-07-16 12:19:47,462 [ERROR] LogOutputStream:75 - [STDERR_REDIRECT] 
2026-07-16 12:19:48,462 [ERROR] LogOutputStream:75 - [STDERR_REDIRECT] [Fatal Error] :1:1: Premature end of file.
2026-07-16 12:19:48,462 [ERROR] LogOutputStream:75 - [STDERR_REDIRECT] 
2026-07-16 12:19:49,462 [ERROR] LogOutputStream:75 - [STDERR_REDIRECT] [Fatal Error] :1:1: Premature end of file.
2026-07-16 12:19:49,462 [ERROR] LogOutputStream:75 - [STDERR_REDIRECT] 
2026-07-16 12:19:50,463 [ERROR] LogOutputStream:75 - [STDERR_REDIRECT] [Fatal Error] :1:1: Premature end of file.
2026-07-16 12:19:50,463 [ERROR] LogOutputStream:75 - [STDERR_REDIRECT] 
2026-07-16 12:19:51,462 [ERROR] LogOutputStream:75 - [STDERR_REDIRECT] [Fatal Error] :1:1: Premature end of file.
2026-07-16 12:19:51,462 [ERROR] LogOutputStream:75 - [STDERR_REDIRECT] 
2026-07-16 12:19:52,463 [ERROR] LogOutputStream:75 - [STDERR_REDIRECT] [Fatal Error] :1:1: Premature end of file.
2026-07-16 12:19:52,463 [ERROR] LogOutputStream:75 - [STDERR_REDIRECT] 
2026-07-16 12:19:53,463 [ERROR] LogOutputStream:75 - [STDERR_REDIRECT] [Fatal Error] :1:1: Premature end of file.
2026-07-16 12:19:53,463 [ERROR] LogOutputStream:75 - [STDERR_REDIRECT] 
2026-07-16 12:19:54,462 [ERROR] LogOutputStream:75 - [STDERR_REDIRECT] [Fatal Error] :1:1: Premature end of file.
2026-07-16 12:19:54,463 [ERROR] LogOutputStream:75 - [STDERR_REDIRECT] 
2026-07-16 12:19:55,462 [ERROR] LogOutputStream:75 - [STDERR_REDIRECT] [Fatal Error] :1:1: Premature end of file.
2026-07-16 12:19:55,462 [ERROR] LogOutputStream:75 - [STDERR_REDIRECT] 
2026-07-16 12:19:56,461 [ERROR] LogOutputStream:75 - [STDERR_REDIRECT] [Fatal Error] :1:1: Premature end of file.
2026-07-16 12:19:56,461 [ERROR] LogOutputStream:75 - [STDERR_REDIRECT] 
2026-07-16 12:19:57,462 [ERROR] LogOutputStream:75 - [STDERR_REDIRECT] [Fatal Error] :1:1: Premature end of file.
2026-07-16 12:19:57,462 [ERROR] LogOutputStream:75 - [STDERR_REDIRECT] 
2026-07-16 12:19:58,463 [ERROR] LogOutputStream:75 - [STDERR_REDIRECT] [Fatal Error] :1:1: Premature end of file.
2026-07-16 12:19:58,463 [ERROR] LogOutputStream:75 - [STDERR_REDIRECT] 
2026-07-16 12:19:59,462 [ERROR] LogOutputStream:75 - [STDERR_REDIRECT] [Fatal Error] :1:1: Premature end of file.
2026-07-16 12:19:59,462 [ERROR] LogOutputStream:75 - [STDERR_REDIRECT] 
2026-07-16 12:20:00,461 [ERROR] LogOutputStream:75 - [STDERR_REDIRECT] [Fatal Error] :1:1: Premature end of file.
2026-07-16 12:20:00,461 [ERROR] LogOutputStream:75 - [STDERR_REDIRECT] 
2026-07-16 12:20:01,463 [ERROR] LogOutputStream:75 - [STDERR_REDIRECT] [Fatal Error] :1:1: Premature end of file.
2026-07-16 12:20:01,463 [ERROR] LogOutputStream:75 - [STDERR_REDIRECT] 
2026-07-16 12:20:02,464 [ERROR] LogOutputStream:75 - [STDERR_REDIRECT] [Fatal Error] :1:1: Premature end of file.
2026-07-16 12:20:02,464 [ERROR] LogOutputStream:75 - [STDERR_REDIRECT] 
2026-07-16 12:20:03,463 [ERROR] LogOutputStream:75 - [STDERR_REDIRECT] [Fatal Error] :1:1: Premature end of file.
2026-07-16 12:20:03,463 [ERROR] LogOutputStream:75 - [STDERR_REDIRECT] 
2026-07-16 12:20:04,463 [ERROR] LogOutputStream:75 - [STDERR_REDIRECT] [Fatal Error] :1:1: Premature end of file.
2026-07-16 12:20:04,463 [ERROR] LogOutputStream:75 - [STDERR_REDIRECT] 
2026-07-16 12:20:05,464 [ERROR] LogOutputStream:75 - [STDERR_REDIRECT] [Fatal Error] :1:1: Premature end of file.
2026-07-16 12:20:05,464 [ERROR] LogOutputStream:75 - [STDERR_REDIRECT] 
2026-07-16 12:20:06,463 [ERROR] LogOutputStream:75 - [STDERR_REDIRECT] [Fatal Error] :1:1: Premature end of file.
2026-07-16 12:20:06,463 [ERROR] LogOutputStream:75 - [STDERR_REDIRECT] 
2026-07-16 12:20:07,461 [ERROR] LogOutputStream:75 - [STDERR_REDIRECT] [Fatal Error] :1:1: Premature end of file.
2026-07-16 12:20:07,462 [ERROR] LogOutputStream:75 - [STDERR_REDIRECT] 
2026-07-16 12:20:08,464 [ERROR] LogOutputStream:75 - [STDERR_REDIRECT] [Fatal Error] :1:1: Premature end of file.
2026-07-16 12:20:08,464 [ERROR] LogOutputStream:75 - [STDERR_REDIRECT] 
2026-07-16 12:20:09,462 [ERROR] LogOutputStream:75 - [STDERR_REDIRECT] [Fatal Error] :1:1: Premature end of file.
2026-07-16 12:20:09,462 [ERROR] LogOutputStream:75 - [STDERR_REDIRECT] 
2026-07-16 12:20:10,463 [ERROR] LogOutputStream:75 - [STDERR_REDIRECT] [Fatal Error] :1:1: Premature end of file.
2026-07-16 12:20:10,463 [ERROR] LogOutputStream:75 - [STDERR_REDIRECT] 
2026-07-16 12:20:11,463 [ERROR] LogOutputStream:75 - [STDERR_REDIRECT] [Fatal Error] :1:1: Premature end of file.
2026-07-16 12:20:11,463 [ERROR] LogOutputStream:75 - [STDERR_REDIRECT] 
2026-07-16 12:20:12,461 [ERROR] LogOutputStream:75 - [STDERR_REDIRECT] [Fatal Error] :1:1: Premature end of file.
2026-07-16 12:20:12,461 [ERROR] LogOutputStream:75 - [STDERR_REDIRECT] 
2026-07-16 12:20:13,463 [ERROR] LogOutputStream:75 - [STDERR_REDIRECT] [Fatal Error] :1:1: Premature end of file.
2026-07-16 12:20:13,463 [ERROR] LogOutputStream:75 - [STDERR_REDIRECT] 
2026-07-16 12:20:14,465 [ERROR] LogOutputStream:75 - [STDERR_REDIRECT] [Fatal Error] :1:1: Premature end of file.
2026-07-16 12:20:14,465 [ERROR] LogOutputStream:75 - [STDERR_REDIRECT] 
2026-07-16 12:20:15,462 [ERROR] LogOutputStream:75 - [STDERR_REDIRECT] [Fatal Error] :1:1: Premature end of file.
2026-07-16 12:20:15,462 [ERROR] LogOutputStream:75 - [STDERR_REDIRECT] 
2026-07-16 12:20:16,461 [ERROR] LogOutputStream:75 - [STDERR_REDIRECT] [Fatal Error] :1:1: Premature end of file.
2026-07-16 12:20:16,461 [ERROR] LogOutputStream:75 - [STDERR_REDIRECT] 
2026-07-16 12:20:17,460 [ERROR] LogOutputStream:75 - [STDERR_REDIRECT] [Fatal Error] :1:1: Premature end of file.
2026-07-16 12:20:17,460 [ERROR] LogOutputStream:75 - [STDERR_REDIRECT] 
2026-07-16 12:20:18,463 [ERROR] LogOutputStream:75 - [STDERR_REDIRECT] [Fatal Error] :1:1: Premature end of file.
2026-07-16 12:20:18,463 [ERROR] LogOutputStream:75 - [STDERR_REDIRECT] 
2026-07-16 12:20:19,462 [ERROR] LogOutputStream:75 - [STDERR_REDIRECT] [Fatal Error] :1:1: Premature end of file.
2026-07-16 12:20:19,462 [ERROR] LogOutputStream:75 - [STDERR_REDIRECT] 
2026-07-16 12:20:20,461 [ERROR] LogOutputStream:75 - [STDERR_REDIRECT] [Fatal Error] :1:1: Premature end of file.
2026-07-16 12:20:20,462 [ERROR] LogOutputStream:75 - [STDERR_REDIRECT] 
2026-07-16 12:20:21,463 [ERROR] LogOutputStream:75 - [STDERR_REDIRECT] [Fatal Error] :1:1: Premature end of file.
2026-07-16 12:20:21,463 [ERROR] LogOutputStream:75 - [STDERR_REDIRECT] 
2026-07-16 12:20:22,460 [ERROR] LogOutputStream:75 - [STDERR_REDIRECT] [Fatal Error] :1:1: Premature end of file.
2026-07-16 12:20:22,460 [ERROR] LogOutputStream:75 - [STDERR_REDIRECT] 
2026-07-16 12:20:23,461 [ERROR] LogOutputStream:75 - [STDERR_REDIRECT] [Fatal Error] :1:1: Premature end of file.
2026-07-16 12:20:23,461 [ERROR] LogOutputStream:75 - [STDERR_REDIRECT] 
2026-07-16 12:20:24,461 [ERROR] LogOutputStream:75 - [STDERR_REDIRECT] [Fatal Error] :1:1: Premature end of file.
2026-07-16 12:20:24,461 [ERROR] LogOutputStream:75 - [STDERR_REDIRECT] 
2026-07-16 12:20:25,462 [ERROR] LogOutputStream:75 - [STDERR_REDIRECT] [Fatal Error] :1:1: Premature end of file.
2026-07-16 12:20:25,462 [ERROR] LogOutputStream:75 - [STDERR_REDIRECT] 
2026-07-16 12:20:26,461 [ERROR] LogOutputStream:75 - [STDERR_REDIRECT] [Fatal Error] :1:1: Premature end of file.
2026-07-16 12:20:26,461 [ERROR] LogOutputStream:75 - [STDERR_REDIRECT] 
2026-07-16 12:20:27,461 [ERROR] LogOutputStream:75 - [STDERR_REDIRECT] [Fatal Error] :1:1: Premature end of file.
2026-07-16 12:20:27,461 [ERROR] LogOutputStream:75 - [STDERR_REDIRECT] 
2026-07-16 12:20:28,462 [ERROR] LogOutputStream:75 - [STDERR_REDIRECT] [Fatal Error] :1:1: Premature end of file.
2026-07-16 12:20:28,462 [ERROR] LogOutputStream:75 - [STDERR_REDIRECT] 
2026-07-16 12:20:29,462 [ERROR] LogOutputStream:75 - [STDERR_REDIRECT] [Fatal Error] :1:1: Premature end of file.
2026-07-16 12:20:29,462 [ERROR] LogOutputStream:75 - [STDERR_REDIRECT] 
2026-07-16 12:20:30,462 [ERROR] LogOutputStream:75 - [STDERR_REDIRECT] [Fatal Error] :1:1: Premature end of file.
2026-07-16 12:20:30,462 [ERROR] LogOutputStream:75 - [STDERR_REDIRECT] 
2026-07-16 12:20:31,462 [ERROR] LogOutputStream:75 - [STDERR_REDIRECT] [Fatal Error] :1:1: Premature end of file.
2026-07-16 12:20:31,462 [ERROR] LogOutputStream:75 - [STDERR_REDIRECT] 
2026-07-16 12:20:32,462 [ERROR] LogOutputStream:75 - [STDERR_REDIRECT] [Fatal Error] :1:1: Premature end of file.
2026-07-16 12:20:32,462 [ERROR] LogOutputStream:75 - [STDERR_REDIRECT] 
2026-07-16 12:20:33,461 [ERROR] LogOutputStream:75 - [STDERR_REDIRECT] [Fatal Error] :1:1: Premature end of file.
2026-07-16 12:20:33,462 [ERROR] LogOutputStream:75 - [STDERR_REDIRECT] 
2026-07-16 12:20:34,515 [ERROR] LogOutputStream:75 - [STDERR_REDIRECT] [Fatal Error] :1:1: Premature end of file.
2026-07-16 12:20:34,515 [ERROR] LogOutputStream:75 - [STDERR_REDIRECT] 
2026-07-16 12:20:35,463 [ERROR] LogOutputStream:75 - [STDERR_REDIRECT] [Fatal Error] :1:1: Premature end of file.
2026-07-16 12:20:35,463 [ERROR] LogOutputStream:75 - [STDERR_REDIRECT] 
2026-07-16 12:20:36,464 [ERROR] LogOutputStream:75 - [STDERR_REDIRECT] [Fatal Error] :1:1: Premature end of file.
2026-07-16 12:20:36,464 [ERROR] LogOutputStream:75 - [STDERR_REDIRECT] 
2026-07-16 12:20:37,462 [ERROR] LogOutputStream:75 - [STDERR_REDIRECT] [Fatal Error] :1:1: Premature end of file.
2026-07-16 12:20:37,462 [ERROR] LogOutputStream:75 - [STDERR_REDIRECT] 
2026-07-16 12:20:38,461 [ERROR] LogOutputStream:75 - [STDERR_REDIRECT] [Fatal Error] :1:1: Premature end of file.
2026-07-16 12:20:38,461 [ERROR] LogOutputStream:75 - [STDERR_REDIRECT] 
2026-07-16 12:20:39,462 [ERROR] LogOutputStream:75 - [STDERR_REDIRECT] [Fatal Error] :1:1: Premature end of file.
2026-07-16 12:20:39,462 [ERROR] LogOutputStream:75 - [STDERR_REDIRECT] 
2026-07-16 12:20:40,462 [ERROR] LogOutputStream:75 - [STDERR_REDIRECT] [Fatal Error] :1:1: Premature end of file.
2026-07-16 12:20:40,462 [ERROR] LogOutputStream:75 - [STDERR_REDIRECT] 
2026-07-16 12:20:41,463 [ERROR] LogOutputStream:75 - [STDERR_REDIRECT] [Fatal Error] :1:1: Premature end of file.
2026-07-16 12:20:41,463 [ERROR] LogOutputStream:75 - [STDERR_REDIRECT] 
2026-07-16 12:20:42,462 [ERROR] LogOutputStream:75 - [STDERR_REDIRECT] [Fatal Error] :1:1: Premature end of file.
2026-07-16 12:20:42,462 [ERROR] LogOutputStream:75 - [STDERR_REDIRECT] 
2026-07-16 12:20:43,461 [ERROR] LogOutputStream:75 - [STDERR_REDIRECT] [Fatal Error] :1:1: Premature end of file.
2026-07-16 12:20:43,461 [ERROR] LogOutputStream:75 - [STDERR_REDIRECT] 
2026-07-16 12:20:44,470 [ERROR] LogOutputStream:75 - [STDERR_REDIRECT] [Fatal Error] :1:1: Premature end of file.
2026-07-16 12:20:44,471 [ERROR] LogOutputStream:75 - [STDERR_REDIRECT] 
2026-07-16 12:20:45,465 [ERROR] LogOutputStream:75 - [STDERR_REDIRECT] [Fatal Error] :1:1: Premature end of file.
2026-07-16 12:20:45,465 [ERROR] LogOutputStream:75 - [STDERR_REDIRECT] 
2026-07-16 12:20:46,463 [ERROR] LogOutputStream:75 - [STDERR_REDIRECT] [Fatal Error] :1:1: Premature end of file.
2026-07-16 12:20:46,463 [ERROR] LogOutputStream:75 - [STDERR_REDIRECT] 
2026-07-16 12:20:47,461 [ERROR] LogOutputStream:75 - [STDERR_REDIRECT] [Fatal Error] :1:1: Premature end of file.
2026-07-16 12:20:47,462 [ERROR] LogOutputStream:75 - [STDERR_REDIRECT] 
2026-07-16 12:20:48,461 [ERROR] LogOutputStream:75 - [STDERR_REDIRECT] [Fatal Error] :1:1: Premature end of file.
2026-07-16 12:20:48,461 [ERROR] LogOutputStream:75 - [STDERR_REDIRECT] 
2026-07-16 12:20:49,461 [ERROR] LogOutputStream:75 - [STDERR_REDIRECT] [Fatal Error] :1:1: Premature end of file.
2026-07-16 12:20:49,461 [ERROR] LogOutputStream:75 - [STDERR_REDIRECT] 
2026-07-16 12:20:50,462 [ERROR] LogOutputStream:75 - [STDERR_REDIRECT] [Fatal Error] :1:1: Premature end of file.
2026-07-16 12:20:50,462 [ERROR] LogOutputStream:75 - [STDERR_REDIRECT] 
2026-07-16 12:20:51,461 [ERROR] LogOutputStream:75 - [STDERR_REDIRECT] [Fatal Error] :1:1: Premature end of file.
2026-07-16 12:20:51,461 [ERROR] LogOutputStream:75 - [STDERR_REDIRECT] 
2026-07-16 12:20:52,461 [ERROR] LogOutputStream:75 - [STDERR_REDIRECT] [Fatal Error] :1:1: Premature end of file.
2026-07-16 12:20:52,462 [ERROR] LogOutputStream:75 - [STDERR_REDIRECT] 
2026-07-16 12:20:53,461 [ERROR] LogOutputStream:75 - [STDERR_REDIRECT] [Fatal Error] :1:1: Premature end of file.
2026-07-16 12:20:53,461 [ERROR] LogOutputStream:75 - [STDERR_REDIRECT] 
2026-07-16 12:20:54,462 [ERROR] LogOutputStream:75 - [STDERR_REDIRECT] [Fatal Error] :1:1: Premature end of file.
2026-07-16 12:20:54,462 [ERROR] LogOutputStream:75 - [STDERR_REDIRECT] 
2026-07-16 12:20:55,461 [ERROR] LogOutputStream:75 - [STDERR_REDIRECT] [Fatal Error] :1:1: Premature end of file.
2026-07-16 12:20:55,461 [ERROR] LogOutputStream:75 - [STDERR_REDIRECT] 
2026-07-16 12:20:56,461 [ERROR] LogOutputStream:75 - [STDERR_REDIRECT] [Fatal Error] :1:1: Premature end of file.
2026-07-16 12:20:56,461 [ERROR] LogOutputStream:75 - [STDERR_REDIRECT] 
2026-07-16 12:20:57,460 [ERROR] LogOutputStream:75 - [STDERR_REDIRECT] [Fatal Error] :1:1: Premature end of file.
2026-07-16 12:20:57,460 [ERROR] LogOutputStream:75 - [STDERR_REDIRECT] 
2026-07-16 12:20:58,461 [ERROR] LogOutputStream:75 - [STDERR_REDIRECT] [Fatal Error] :1:1: Premature end of file.
2026-07-16 12:20:58,462 [ERROR] LogOutputStream:75 - [STDERR_REDIRECT] 
2026-07-16 12:20:59,462 [ERROR] LogOutputStream:75 - [STDERR_REDIRECT] [Fatal Error] :1:1: Premature end of file.
2026-07-16 12:20:59,462 [ERROR] LogOutputStream:75 - [STDERR_REDIRECT] 
2026-07-16 12:21:00,461 [ERROR] LogOutputStream:75 - [STDERR_REDIRECT] [Fatal Error] :1:1: Premature end of file.
2026-07-16 12:21:00,461 [ERROR] LogOutputStream:75 - [STDERR_REDIRECT] 
2026-07-16 12:21:01,461 [ERROR] LogOutputStream:75 - [STDERR_REDIRECT] [Fatal Error] :1:1: Premature end of file.
2026-07-16 12:21:01,461 [ERROR] LogOutputStream:75 - [STDERR_REDIRECT] 
2026-07-16 12:21:02,462 [ERROR] LogOutputStream:75 - [STDERR_REDIRECT] [Fatal Error] :1:1: Premature end of file.
2026-07-16 12:21:02,462 [ERROR] LogOutputStream:75 - [STDERR_REDIRECT] 
2026-07-16 12:21:03,461 [ERROR] LogOutputStream:75 - [STDERR_REDIRECT] [Fatal Error] :1:1: Premature end of file.
2026-07-16 12:21:03,461 [ERROR] LogOutputStream:75 - [STDERR_REDIRECT] 
2026-07-16 12:21:04,461 [ERROR] LogOutputStream:75 - [STDERR_REDIRECT] [Fatal Error] :1:1: Premature end of file.
2026-07-16 12:21:04,462 [ERROR] LogOutputStream:75 - [STDERR_REDIRECT] 
2026-07-16 12:21:05,462 [ERROR] LogOutputStream:75 - [STDERR_REDIRECT] [Fatal Error] :1:1: Premature end of file.
2026-07-16 12:21:05,462 [ERROR] LogOutputStream:75 - [STDERR_REDIRECT] 
2026-07-16 12:21:06,462 [ERROR] LogOutputStream:75 - [STDERR_REDIRECT] [Fatal Error] :1:1: Premature end of file.
2026-07-16 12:21:06,463 [ERROR] LogOutputStream:75 - [STDERR_REDIRECT] 
2026-07-16 12:21:07,461 [ERROR] LogOutputStream:75 - [STDERR_REDIRECT] [Fatal Error] :1:1: Premature end of file.
2026-07-16 12:21:07,462 [ERROR] LogOutputStream:75 - [STDERR_REDIRECT] 
2026-07-16 12:21:08,462 [ERROR] LogOutputStream:75 - [STDERR_REDIRECT] [Fatal Error] :1:1: Premature end of file.
2026-07-16 12:21:08,462 [ERROR] LogOutputStream:75 - [STDERR_REDIRECT] 
2026-07-16 12:21:09,462 [ERROR] LogOutputStream:75 - [STDERR_REDIRECT] [Fatal Error] :1:1: Premature end of file.
2026-07-16 12:21:09,463 [ERROR] LogOutputStream:75 - [STDERR_REDIRECT] 
2026-07-16 12:21:10,461 [ERROR] LogOutputStream:75 - [STDERR_REDIRECT] [Fatal Error] :1:1: Premature end of file.
2026-07-16 12:21:10,461 [ERROR] LogOutputStream:75 - [STDERR_REDIRECT] 
2026-07-16 12:21:11,461 [ERROR] LogOutputStream:75 - [STDERR_REDIRECT] [Fatal Error] :1:1: Premature end of file.
2026-07-16 12:21:11,461 [ERROR] LogOutputStream:75 - [STDERR_REDIRECT] 
2026-07-16 12:21:12,461 [ERROR] LogOutputStream:75 - [STDERR_REDIRECT] [Fatal Error] :1:1: Premature end of file.
2026-07-16 12:21:12,461 [ERROR] LogOutputStream:75 - [STDERR_REDIRECT] 
2026-07-16 12:21:13,462 [ERROR] LogOutputStream:75 - [STDERR_REDIRECT] [Fatal Error] :1:1: Premature end of file.
2026-07-16 12:21:13,462 [ERROR] LogOutputStream:75 - [STDERR_REDIRECT] 
2026-07-16 12:21:14,462 [ERROR] LogOutputStream:75 - [STDERR_REDIRECT] [Fatal Error] :1:1: Premature end of file.
2026-07-16 12:21:14,462 [ERROR] LogOutputStream:75 - [STDERR_REDIRECT] 
2026-07-16 12:21:15,461 [ERROR] LogOutputStream:75 - [STDERR_REDIRECT] [Fatal Error] :1:1: Premature end of file.
2026-07-16 12:21:15,461 [ERROR] LogOutputStream:75 - [STDERR_REDIRECT] 
2026-07-16 12:21:16,462 [ERROR] LogOutputStream:75 - [STDERR_REDIRECT] [Fatal Error] :1:1: Premature end of file.
2026-07-16 12:21:16,462 [ERROR] LogOutputStream:75 - [STDERR_REDIRECT] 
2026-07-16 12:21:17,461 [ERROR] LogOutputStream:75 - [STDERR_REDIRECT] [Fatal Error] :1:1: Premature end of file.
2026-07-16 12:21:17,461 [ERROR] LogOutputStream:75 - [STDERR_REDIRECT] 
2026-07-16 12:21:18,462 [ERROR] LogOutputStream:75 - [STDERR_REDIRECT] [Fatal Error] :1:1: Premature end of file.
2026-07-16 12:21:18,462 [ERROR] LogOutputStream:75 - [STDERR_REDIRECT] 
2026-07-16 12:21:19,461 [ERROR] LogOutputStream:75 - [STDERR_REDIRECT] [Fatal Error] :1:1: Premature end of file.
2026-07-16 12:21:19,461 [ERROR] LogOutputStream:75 - [STDERR_REDIRECT] 
2026-07-16 12:21:20,462 [ERROR] LogOutputStream:75 - [STDERR_REDIRECT] [Fatal Error] :1:1: Premature end of file.
2026-07-16 12:21:20,462 [ERROR] LogOutputStream:75 - [STDERR_REDIRECT] 
2026-07-16 12:21:21,461 [ERROR] LogOutputStream:75 - [STDERR_REDIRECT] [Fatal Error] :1:1: Premature end of file.
2026-07-16 12:21:21,461 [ERROR] LogOutputStream:75 - [STDERR_REDIRECT] 
2026-07-16 12:21:22,464 [ERROR] LogOutputStream:75 - [STDERR_REDIRECT] [Fatal Error] :1:1: Premature end of file.
2026-07-16 12:21:22,464 [ERROR] LogOutputStream:75 - [STDERR_REDIRECT] 
2026-07-16 12:21:23,461 [ERROR] LogOutputStream:75 - [STDERR_REDIRECT] [Fatal Error] :1:1: Premature end of file.
2026-07-16 12:21:23,461 [ERROR] LogOutputStream:75 - [STDERR_REDIRECT] 
2026-07-16 12:21:24,460 [ERROR] LogOutputStream:75 - [STDERR_REDIRECT] [Fatal Error] :1:1: Premature end of file.
2026-07-16 12:21:24,461 [ERROR] LogOutputStream:75 - [STDERR_REDIRECT] 
2026-07-16 12:21:25,462 [ERROR] LogOutputStream:75 - [STDERR_REDIRECT] [Fatal Error] :1:1: Premature end of file.
2026-07-16 12:21:25,462 [ERROR] LogOutputStream:75 - [STDERR_REDIRECT] 
2026-07-16 12:21:26,462 [ERROR] LogOutputStream:75 - [STDERR_REDIRECT] [Fatal Error] :1:1: Premature end of file.
2026-07-16 12:21:26,462 [ERROR] LogOutputStream:75 - [STDERR_REDIRECT] 
2026-07-16 12:21:27,461 [ERROR] LogOutputStream:75 - [STDERR_REDIRECT] [Fatal Error] :1:1: Premature end of file.
2026-07-16 12:21:27,461 [ERROR] LogOutputStream:75 - [STDERR_REDIRECT] 
2026-07-16 12:21:28,461 [ERROR] LogOutputStream:75 - [STDERR_REDIRECT] [Fatal Error] :1:1: Premature end of file.
2026-07-16 12:21:28,461 [ERROR] LogOutputStream:75 - [STDERR_REDIRECT] 
2026-07-16 12:21:29,462 [ERROR] LogOutputStream:75 - [STDERR_REDIRECT] [Fatal Error] :1:1: Premature end of file.
2026-07-16 12:21:29,462 [ERROR] LogOutputStream:75 - [STDERR_REDIRECT] 
2026-07-16 12:21:30,462 [ERROR] LogOutputStream:75 - [STDERR_REDIRECT] [Fatal Error] :1:1: Premature end of file.
2026-07-16 12:21:30,462 [ERROR] LogOutputStream:75 - [STDERR_REDIRECT] 
2026-07-16 12:21:31,462 [ERROR] LogOutputStream:75 - [STDERR_REDIRECT] [Fatal Error] :1:1: Premature end of file.
2026-07-16 12:21:31,462 [ERROR] LogOutputStream:75 - [STDERR_REDIRECT] 
2026-07-16 12:21:32,462 [ERROR] LogOutputStream:75 - [STDERR_REDIRECT] [Fatal Error] :1:1: Premature end of file.
2026-07-16 12:21:32,462 [ERROR] LogOutputStream:75 - [STDERR_REDIRECT] 
2026-07-16 12:21:33,461 [ERROR] LogOutputStream:75 - [STDERR_REDIRECT] [Fatal Error] :1:1: Premature end of file.
2026-07-16 12:21:33,461 [ERROR] LogOutputStream:75 - [STDERR_REDIRECT] 
2026-07-16 12:21:34,461 [ERROR] LogOutputStream:75 - [STDERR_REDIRECT] [Fatal Error] :1:1: Premature end of file.
2026-07-16 12:21:34,461 [ERROR] LogOutputStream:75 - [STDERR_REDIRECT] 
2026-07-16 12:21:35,462 [ERROR] LogOutputStream:75 - [STDERR_REDIRECT] [Fatal Error] :1:1: Premature end of file.
2026-07-16 12:21:35,462 [ERROR] LogOutputStream:75 - [STDERR_REDIRECT] 
2026-07-16 12:21:36,462 [ERROR] LogOutputStream:75 - [STDERR_REDIRECT] [Fatal Error] :1:1: Premature end of file.
2026-07-16 12:21:36,462 [ERROR] LogOutputStream:75 - [STDERR_REDIRECT] 
2026-07-16 12:21:37,463 [ERROR] LogOutputStream:75 - [STDERR_REDIRECT] [Fatal Error] :1:1: Premature end of file.
2026-07-16 12:21:37,463 [ERROR] LogOutputStream:75 - [STDERR_REDIRECT] 
2026-07-16 12:21:38,461 [ERROR] LogOutputStream:75 - [STDERR_REDIRECT] [Fatal Error] :1:1: Premature end of file.
2026-07-16 12:21:38,461 [ERROR] LogOutputStream:75 - [STDERR_REDIRECT] 
2026-07-16 12:21:39,462 [ERROR] LogOutputStream:75 - [STDERR_REDIRECT] [Fatal Error] :1:1: Premature end of file.
2026-07-16 12:21:39,462 [ERROR] LogOutputStream:75 - [STDERR_REDIRECT] 
2026-07-16 12:21:40,462 [ERROR] LogOutputStream:75 - [STDERR_REDIRECT] [Fatal Error] :1:1: Premature end of file.
2026-07-16 12:21:40,463 [ERROR] LogOutputStream:75 - [STDERR_REDIRECT] 
2026-07-16 12:21:41,461 [ERROR] LogOutputStream:75 - [STDERR_REDIRECT] [Fatal Error] :1:1: Premature end of file.
2026-07-16 12:21:41,461 [ERROR] LogOutputStream:75 - [STDERR_REDIRECT] 
2026-07-16 12:21:42,461 [ERROR] LogOutputStream:75 - [STDERR_REDIRECT] [Fatal Error] :1:1: Premature end of file.
2026-07-16 12:21:42,461 [ERROR] LogOutputStream:75 - [STDERR_REDIRECT] 
2026-07-16 12:21:43,462 [ERROR] LogOutputStream:75 - [STDERR_REDIRECT] [Fatal Error] :1:1: Premature end of file.
2026-07-16 12:21:43,462 [ERROR] LogOutputStream:75 - [STDERR_REDIRECT] 
2026-07-16 12:21:44,461 [ERROR] LogOutputStream:75 - [STDERR_REDIRECT] [Fatal Error] :1:1: Premature end of file.
2026-07-16 12:21:44,461 [ERROR] LogOutputStream:75 - [STDERR_REDIRECT] 
2026-07-16 12:21:45,461 [ERROR] LogOutputStream:75 - [STDERR_REDIRECT] [Fatal Error] :1:1: Premature end of file.
2026-07-16 12:21:45,461 [ERROR] LogOutputStream:75 - [STDERR_REDIRECT] 
2026-07-16 12:21:46,462 [ERROR] LogOutputStream:75 - [STDERR_REDIRECT] [Fatal Error] :1:1: Premature end of file.
2026-07-16 12:21:46,462 [ERROR] LogOutputStream:75 - [STDERR_REDIRECT] 
2026-07-16 12:21:47,462 [ERROR] LogOutputStream:75 - [STDERR_REDIRECT] [Fatal Error] :1:1: Premature end of file.
2026-07-16 12:21:47,462 [ERROR] LogOutputStream:75 - [STDERR_REDIRECT] 
2026-07-16 12:21:48,461 [ERROR] LogOutputStream:75 - [STDERR_REDIRECT] [Fatal Error] :1:1: Premature end of file.
2026-07-16 12:21:48,461 [ERROR] LogOutputStream:75 - [STDERR_REDIRECT] 
2026-07-16 12:21:49,462 [ERROR] LogOutputStream:75 - [STDERR_REDIRECT] [Fatal Error] :1:1: Premature end of file.
2026-07-16 12:21:49,462 [ERROR] LogOutputStream:75 - [STDERR_REDIRECT] 
2026-07-16 12:21:50,462 [ERROR] LogOutputStream:75 - [STDERR_REDIRECT] [Fatal Error] :1:1: Premature end of file.
2026-07-16 12:21:50,462 [ERROR] LogOutputStream:75 - [STDERR_REDIRECT] 
2026-07-16 12:21:51,462 [ERROR] LogOutputStream:75 - [STDERR_REDIRECT] [Fatal Error] :1:1: Premature end of file.
2026-07-16 12:21:51,462 [ERROR] LogOutputStream:75 - [STDERR_REDIRECT] 
2026-07-16 12:21:52,461 [ERROR] LogOutputStream:75 - [STDERR_REDIRECT] [Fatal Error] :1:1: Premature end of file.
2026-07-16 12:21:52,461 [ERROR] LogOutputStream:75 - [STDERR_REDIRECT] 
2026-07-16 12:21:53,461 [ERROR] LogOutputStream:75 - [STDERR_REDIRECT] [Fatal Error] :1:1: Premature end of file.
2026-07-16 12:21:53,461 [ERROR] LogOutputStream:75 - [STDERR_REDIRECT] 
2026-07-16 12:21:54,464 [ERROR] LogOutputStream:75 - [STDERR_REDIRECT] [Fatal Error] :1:1: Premature end of file.
2026-07-16 12:21:54,464 [ERROR] LogOutputStream:75 - [STDERR_REDIRECT] 
2026-07-16 12:21:55,462 [ERROR] LogOutputStream:75 - [STDERR_REDIRECT] [Fatal Error] :1:1: Premature end of file.
2026-07-16 12:21:55,462 [ERROR] LogOutputStream:75 - [STDERR_REDIRECT] 
2026-07-16 12:21:56,462 [ERROR] LogOutputStream:75 - [STDERR_REDIRECT] [Fatal Error] :1:1: Premature end of file.
2026-07-16 12:21:56,462 [ERROR] LogOutputStream:75 - [STDERR_REDIRECT] 
2026-07-16 12:21:57,462 [ERROR] LogOutputStream:75 - [STDERR_REDIRECT] [Fatal Error] :1:1: Premature end of file.
2026-07-16 12:21:57,462 [ERROR] LogOutputStream:75 - [STDERR_REDIRECT] 
2026-07-16 12:21:58,471 [ERROR] LogOutputStream:75 - [STDERR_REDIRECT] [Fatal Error] :1:1: Premature end of file.
2026-07-16 12:21:58,471 [ERROR] LogOutputStream:75 - [STDERR_REDIRECT] 
2026-07-16 12:21:59,463 [ERROR] LogOutputStream:75 - [STDERR_REDIRECT] [Fatal Error] :1:1: Premature end of file.
2026-07-16 12:21:59,463 [ERROR] LogOutputStream:75 - [STDERR_REDIRECT] 
2026-07-16 12:22:00,463 [ERROR] LogOutputStream:75 - [STDERR_REDIRECT] [Fatal Error] :1:1: Premature end of file.
2026-07-16 12:22:00,463 [ERROR] LogOutputStream:75 - [STDERR_REDIRECT] 
2026-07-16 12:22:01,469 [ERROR] LogOutputStream:75 - [STDERR_REDIRECT] [Fatal Error] :1:1: Premature end of file.
2026-07-16 12:22:01,469 [ERROR] LogOutputStream:75 - [STDERR_REDIRECT] 
2026-07-16 12:22:02,462 [ERROR] LogOutputStream:75 - [STDERR_REDIRECT] [Fatal Error] :1:1: Premature end of file.
2026-07-16 12:22:02,462 [ERROR] LogOutputStream:75 - [STDERR_REDIRECT] 
2026-07-16 12:22:03,462 [ERROR] LogOutputStream:75 - [STDERR_REDIRECT] [Fatal Error] :1:1: Premature end of file.
2026-07-16 12:22:03,462 [ERROR] LogOutputStream:75 - [STDERR_REDIRECT] 
2026-07-16 12:22:04,462 [ERROR] LogOutputStream:75 - [STDERR_REDIRECT] [Fatal Error] :1:1: Premature end of file.
2026-07-16 12:22:04,462 [ERROR] LogOutputStream:75 - [STDERR_REDIRECT] 
2026-07-16 12:22:05,464 [ERROR] LogOutputStream:75 - [STDERR_REDIRECT] [Fatal Error] :1:1: Premature end of file.
2026-07-16 12:22:05,465 [ERROR] LogOutputStream:75 - [STDERR_REDIRECT] 
2026-07-16 12:22:06,463 [ERROR] LogOutputStream:75 - [STDERR_REDIRECT] [Fatal Error] :1:1: Premature end of file.
2026-07-16 12:22:06,463 [ERROR] LogOutputStream:75 - [STDERR_REDIRECT] 
2026-07-16 12:22:07,462 [ERROR] LogOutputStream:75 - [STDERR_REDIRECT] [Fatal Error] :1:1: Premature end of file.
2026-07-16 12:22:07,462 [ERROR] LogOutputStream:75 - [STDERR_REDIRECT] 
2026-07-16 12:22:08,464 [ERROR] LogOutputStream:75 - [STDERR_REDIRECT] [Fatal Error] :1:1: Premature end of file.
2026-07-16 12:22:08,464 [ERROR] LogOutputStream:75 - [STDERR_REDIRECT] 
2026-07-16 12:22:09,462 [ERROR] LogOutputStream:75 - [STDERR_REDIRECT] [Fatal Error] :1:1: Premature end of file.
2026-07-16 12:22:09,462 [ERROR] LogOutputStream:75 - [STDERR_REDIRECT] 
2026-07-16 12:22:10,463 [ERROR] LogOutputStream:75 - [STDERR_REDIRECT] [Fatal Error] :1:1: Premature end of file.
2026-07-16 12:22:10,464 [ERROR] LogOutputStream:75 - [STDERR_REDIRECT] 
2026-07-16 12:22:11,464 [ERROR] LogOutputStream:75 - [STDERR_REDIRECT] [Fatal Error] :1:1: Premature end of file.
2026-07-16 12:22:11,464 [ERROR] LogOutputStream:75 - [STDERR_REDIRECT] 
2026-07-16 12:22:12,462 [ERROR] LogOutputStream:75 - [STDERR_REDIRECT] [Fatal Error] :1:1: Premature end of file.
2026-07-16 12:22:12,463 [ERROR] LogOutputStream:75 - [STDERR_REDIRECT] 
2026-07-16 12:22:13,463 [ERROR] LogOutputStream:75 - [STDERR_REDIRECT] [Fatal Error] :1:1: Premature end of file.
2026-07-16 12:22:13,463 [ERROR] LogOutputStream:75 - [STDERR_REDIRECT] 
2026-07-16 12:22:14,463 [ERROR] LogOutputStream:75 - [STDERR_REDIRECT] [Fatal Error] :1:1: Premature end of file.
2026-07-16 12:22:14,463 [ERROR] LogOutputStream:75 - [STDERR_REDIRECT] 
2026-07-16 12:22:15,462 [ERROR] LogOutputStream:75 - [STDERR_REDIRECT] [Fatal Error] :1:1: Premature end of file.
2026-07-16 12:22:15,462 [ERROR] LogOutputStream:75 - [STDERR_REDIRECT] 
2026-07-16 12:22:16,463 [ERROR] LogOutputStream:75 - [STDERR_REDIRECT] [Fatal Error] :1:1: Premature end of file.
2026-07-16 12:22:16,463 [ERROR] LogOutputStream:75 - [STDERR_REDIRECT] 
2026-07-16 12:22:17,464 [ERROR] LogOutputStream:75 - [STDERR_REDIRECT] [Fatal Error] :1:1: Premature end of file.
2026-07-16 12:22:17,464 [ERROR] LogOutputStream:75 - [STDERR_REDIRECT] 
2026-07-16 12:22:18,461 [ERROR] LogOutputStream:75 - [STDERR_REDIRECT] [Fatal Error] :1:1: Premature end of file.
2026-07-16 12:22:18,461 [ERROR] LogOutputStream:75 - [STDERR_REDIRECT] 
2026-07-16 12:22:19,464 [ERROR] LogOutputStream:75 - [STDERR_REDIRECT] [Fatal Error] :1:1: Premature end of file.
2026-07-16 12:22:19,464 [ERROR] LogOutputStream:75 - [STDERR_REDIRECT] 
2026-07-16 12:22:20,464 [ERROR] LogOutputStream:75 - [STDERR_REDIRECT] [Fatal Error] :1:1: Premature end of file.
2026-07-16 12:22:20,464 [ERROR] LogOutputStream:75 - [STDERR_REDIRECT] 
2026-07-16 12:22:21,462 [ERROR] LogOutputStream:75 - [STDERR_REDIRECT] [Fatal Error] :1:1: Premature end of file.
2026-07-16 12:22:21,462 [ERROR] LogOutputStream:75 - [STDERR_REDIRECT] 
2026-07-16 12:22:22,463 [ERROR] LogOutputStream:75 - [STDERR_REDIRECT] [Fatal Error] :1:1: Premature end of file.
2026-07-16 12:22:22,463 [ERROR] LogOutputStream:75 - [STDERR_REDIRECT] 
2026-07-16 12:22:23,464 [ERROR] LogOutputStream:75 - [STDERR_REDIRECT] [Fatal Error] :1:1: Premature end of file.
2026-07-16 12:22:23,464 [ERROR] LogOutputStream:75 - [STDERR_REDIRECT] 
2026-07-16 12:22:24,461 [ERROR] LogOutputStream:75 - [STDERR_REDIRECT] [Fatal Error] :1:1: Premature end of file.
2026-07-16 12:22:24,461 [ERROR] LogOutputStream:75 - [STDERR_REDIRECT] 
2026-07-16 12:22:25,463 [ERROR] LogOutputStream:75 - [STDERR_REDIRECT] [Fatal Error] :1:1: Premature end of file.
2026-07-16 12:22:25,463 [ERROR] LogOutputStream:75 - [STDERR_REDIRECT] 
2026-07-16 12:22:26,463 [ERROR] LogOutputStream:75 - [STDERR_REDIRECT] [Fatal Error] :1:1: Premature end of file.
2026-07-16 12:22:26,463 [ERROR] LogOutputStream:75 - [STDERR_REDIRECT] 
2026-07-16 12:22:27,461 [ERROR] LogOutputStream:75 - [STDERR_REDIRECT] [Fatal Error] :1:1: Premature end of file.
2026-07-16 12:22:27,462 [ERROR] LogOutputStream:75 - [STDERR_REDIRECT] 
2026-07-16 12:22:28,463 [ERROR] LogOutputStream:75 - [STDERR_REDIRECT] [Fatal Error] :1:1: Premature end of file.
2026-07-16 12:22:28,463 [ERROR] LogOutputStream:75 - [STDERR_REDIRECT] 
2026-07-16 12:22:29,464 [ERROR] LogOutputStream:75 - [STDERR_REDIRECT] [Fatal Error] :1:1: Premature end of file.
2026-07-16 12:22:29,464 [ERROR] LogOutputStream:75 - [STDERR_REDIRECT] 
2026-07-16 12:22:30,463 [ERROR] LogOutputStream:75 - [STDERR_REDIRECT] [Fatal Error] :1:1: Premature end of file.
2026-07-16 12:22:30,463 [ERROR] LogOutputStream:75 - [STDERR_REDIRECT] 
2026-07-16 12:22:31,463 [ERROR] LogOutputStream:75 - [STDERR_REDIRECT] [Fatal Error] :1:1: Premature end of file.
2026-07-16 12:22:31,463 [ERROR] LogOutputStream:75 - [STDERR_REDIRECT] 
2026-07-16 12:22:32,462 [ERROR] LogOutputStream:75 - [STDERR_REDIRECT] [Fatal Error] :1:1: Premature end of file.
2026-07-16 12:22:32,462 [ERROR] LogOutputStream:75 - [STDERR_REDIRECT] 
2026-07-16 12:22:33,464 [ERROR] LogOutputStream:75 - [STDERR_REDIRECT] [Fatal Error] :1:1: Premature end of file.
2026-07-16 12:22:33,464 [ERROR] LogOutputStream:75 - [STDERR_REDIRECT] 
2026-07-16 12:22:34,463 [ERROR] LogOutputStream:75 - [STDERR_REDIRECT] [Fatal Error] :1:1: Premature end of file.
2026-07-16 12:22:34,463 [ERROR] LogOutputStream:75 - [STDERR_REDIRECT] 
2026-07-16 12:22:35,462 [ERROR] LogOutputStream:75 - [STDERR_REDIRECT] [Fatal Error] :1:1: Premature end of file.
2026-07-16 12:22:35,462 [ERROR] LogOutputStream:75 - [STDERR_REDIRECT] 
2026-07-16 12:22:36,462 [ERROR] LogOutputStream:75 - [STDERR_REDIRECT] [Fatal Error] :1:1: Premature end of file.
2026-07-16 12:22:36,462 [ERROR] LogOutputStream:75 - [STDERR_REDIRECT] 
2026-07-16 12:22:37,462 [ERROR] LogOutputStream:75 - [STDERR_REDIRECT] [Fatal Error] :1:1: Premature end of file.
2026-07-16 12:22:37,462 [ERROR] LogOutputStream:75 - [STDERR_REDIRECT] 
2026-07-16 12:22:38,462 [ERROR] LogOutputStream:75 - [STDERR_REDIRECT] [Fatal Error] :1:1: Premature end of file.
2026-07-16 12:22:38,462 [ERROR] LogOutputStream:75 - [STDERR_REDIRECT] 
2026-07-16 12:22:39,462 [ERROR] LogOutputStream:75 - [STDERR_REDIRECT] [Fatal Error] :1:1: Premature end of file.
2026-07-16 12:22:39,462 [ERROR] LogOutputStream:75 - [STDERR_REDIRECT] 
2026-07-16 12:22:40,462 [ERROR] LogOutputStream:75 - [STDERR_REDIRECT] [Fatal Error] :1:1: Premature end of file.
2026-07-16 12:22:40,462 [ERROR] LogOutputStream:75 - [STDERR_REDIRECT] 
2026-07-16 12:22:41,462 [ERROR] LogOutputStream:75 - [STDERR_REDIRECT] [Fatal Error] :1:1: Premature end of file.
2026-07-16 12:22:41,462 [ERROR] LogOutputStream:75 - [STDERR_REDIRECT] 
2026-07-16 12:22:42,463 [ERROR] LogOutputStream:75 - [STDERR_REDIRECT] [Fatal Error] :1:1: Premature end of file.
2026-07-16 12:22:42,464 [ERROR] LogOutputStream:75 - [STDERR_REDIRECT] 
2026-07-16 12:22:43,465 [ERROR] LogOutputStream:75 - [STDERR_REDIRECT] [Fatal Error] :1:1: Premature end of file.
2026-07-16 12:22:43,465 [ERROR] LogOutputStream:75 - [STDERR_REDIRECT] 
2026-07-16 12:22:44,462 [ERROR] LogOutputStream:75 - [STDERR_REDIRECT] [Fatal Error] :1:1: Premature end of file.
2026-07-16 12:22:44,462 [ERROR] LogOutputStream:75 - [STDERR_REDIRECT] 
2026-07-16 12:22:45,461 [ERROR] LogOutputStream:75 - [STDERR_REDIRECT] [Fatal Error] :1:1: Premature end of file.
2026-07-16 12:22:45,461 [ERROR] LogOutputStream:75 - [STDERR_REDIRECT] 
2026-07-16 12:22:46,462 [ERROR] LogOutputStream:75 - [STDERR_REDIRECT] [Fatal Error] :1:1: Premature end of file.
2026-07-16 12:22:46,462 [ERROR] LogOutputStream:75 - [STDERR_REDIRECT] 
2026-07-16 12:22:47,465 [ERROR] LogOutputStream:75 - [STDERR_REDIRECT] [Fatal Error] :1:1: Premature end of file.
2026-07-16 12:22:47,465 [ERROR] LogOutputStream:75 - [STDERR_REDIRECT] 
2026-07-16 12:22:48,463 [ERROR] LogOutputStream:75 - [STDERR_REDIRECT] [Fatal Error] :1:1: Premature end of file.
2026-07-16 12:22:48,463 [ERROR] LogOutputStream:75 - [STDERR_REDIRECT] 
2026-07-16 12:22:49,464 [ERROR] LogOutputStream:75 - [STDERR_REDIRECT] [Fatal Error] :1:1: Premature end of file.
2026-07-16 12:22:49,464 [ERROR] LogOutputStream:75 - [STDERR_REDIRECT] 
2026-07-16 12:22:50,461 [ERROR] LogOutputStream:75 - [STDERR_REDIRECT] [Fatal Error] :1:1: Premature end of file.
2026-07-16 12:22:50,461 [ERROR] LogOutputStream:75 - [STDERR_REDIRECT] 
2026-07-16 12:22:51,463 [ERROR] LogOutputStream:75 - [STDERR_REDIRECT] [Fatal Error] :1:1: Premature end of file.
2026-07-16 12:22:51,463 [ERROR] LogOutputStream:75 - [STDERR_REDIRECT] 
2026-07-16 12:22:52,462 [ERROR] LogOutputStream:75 - [STDERR_REDIRECT] [Fatal Error] :1:1: Premature end of file.
2026-07-16 12:22:52,462 [ERROR] LogOutputStream:75 - [STDERR_REDIRECT] 
2026-07-16 12:22:53,462 [ERROR] LogOutputStream:75 - [STDERR_REDIRECT] [Fatal Error] :1:1: Premature end of file.
2026-07-16 12:22:53,462 [ERROR] LogOutputStream:75 - [STDERR_REDIRECT] 
2026-07-16 12:22:54,462 [ERROR] LogOutputStream:75 - [STDERR_REDIRECT] [Fatal Error] :1:1: Premature end of file.
2026-07-16 12:22:54,462 [ERROR] LogOutputStream:75 - [STDERR_REDIRECT] 
2026-07-16 12:22:55,461 [ERROR] LogOutputStream:75 - [STDERR_REDIRECT] [Fatal Error] :1:1: Premature end of file.
2026-07-16 12:22:55,461 [ERROR] LogOutputStream:75 - [STDERR_REDIRECT] 
2026-07-16 12:22:56,461 [ERROR] LogOutputStream:75 - [STDERR_REDIRECT] [Fatal Error] :1:1: Premature end of file.
2026-07-16 12:22:56,461 [ERROR] LogOutputStream:75 - [STDERR_REDIRECT] 
2026-07-16 12:22:57,464 [ERROR] LogOutputStream:75 - [STDERR_REDIRECT] [Fatal Error] :1:1: Premature end of file.
2026-07-16 12:22:57,464 [ERROR] LogOutputStream:75 - [STDERR_REDIRECT] 
2026-07-16 12:22:58,462 [ERROR] LogOutputStream:75 - [STDERR_REDIRECT] [Fatal Error] :1:1: Premature end of file.
2026-07-16 12:22:58,463 [ERROR] LogOutputStream:75 - [STDERR_REDIRECT] 
2026-07-16 12:22:59,462 [ERROR] LogOutputStream:75 - [STDERR_REDIRECT] [Fatal Error] :1:1: Premature end of file.
2026-07-16 12:22:59,462 [ERROR] LogOutputStream:75 - [STDERR_REDIRECT] 
2026-07-16 12:23:00,462 [ERROR] LogOutputStream:75 - [STDERR_REDIRECT] [Fatal Error] :1:1: Premature end of file.
2026-07-16 12:23:00,462 [ERROR] LogOutputStream:75 - [STDERR_REDIRECT] 
2026-07-16 12:23:01,462 [ERROR] LogOutputStream:75 - [STDERR_REDIRECT] [Fatal Error] :1:1: Premature end of file.
2026-07-16 12:23:01,462 [ERROR] LogOutputStream:75 - [STDERR_REDIRECT] 
2026-07-16 12:23:02,464 [ERROR] LogOutputStream:75 - [STDERR_REDIRECT] [Fatal Error] :1:1: Premature end of file.
2026-07-16 12:23:02,464 [ERROR] LogOutputStream:75 - [STDERR_REDIRECT] 
2026-07-16 12:23:03,463 [ERROR] LogOutputStream:75 - [STDERR_REDIRECT] [Fatal Error] :1:1: Premature end of file.
2026-07-16 12:23:03,463 [ERROR] LogOutputStream:75 - [STDERR_REDIRECT] 
2026-07-16 12:23:04,465 [ERROR] LogOutputStream:75 - [STDERR_REDIRECT] [Fatal Error] :1:1: Premature end of file.
2026-07-16 12:23:04,465 [ERROR] LogOutputStream:75 - [STDERR_REDIRECT] 
2026-07-16 12:23:05,549 [ERROR] LogOutputStream:75 - [STDERR_REDIRECT] [Fatal Error] :1:1: Premature end of file.
2026-07-16 12:23:05,549 [ERROR] LogOutputStream:75 - [STDERR_REDIRECT] 
2026-07-16 12:23:06,464 [ERROR] LogOutputStream:75 - [STDERR_REDIRECT] [Fatal Error] :1:1: Premature end of file.
2026-07-16 12:23:06,464 [ERROR] LogOutputStream:75 - [STDERR_REDIRECT] 
2026-07-16 12:23:07,462 [ERROR] LogOutputStream:75 - [STDERR_REDIRECT] [Fatal Error] :1:1: Premature end of file.
2026-07-16 12:23:07,463 [ERROR] LogOutputStream:75 - [STDERR_REDIRECT] 
2026-07-16 12:23:08,463 [ERROR] LogOutputStream:75 - [STDERR_REDIRECT] [Fatal Error] :1:1: Premature end of file.
2026-07-16 12:23:08,463 [ERROR] LogOutputStream:75 - [STDERR_REDIRECT] 
2026-07-16 12:23:09,462 [ERROR] LogOutputStream:75 - [STDERR_REDIRECT] [Fatal Error] :1:1: Premature end of file.
2026-07-16 12:23:09,462 [ERROR] LogOutputStream:75 - [STDERR_REDIRECT] 
2026-07-16 12:23:10,464 [ERROR] LogOutputStream:75 - [STDERR_REDIRECT] [Fatal Error] :1:1: Premature end of file.
2026-07-16 12:23:10,464 [ERROR] LogOutputStream:75 - [STDERR_REDIRECT] 
2026-07-16 12:23:11,461 [ERROR] LogOutputStream:75 - [STDERR_REDIRECT] [Fatal Error] :1:1: Premature end of file.
2026-07-16 12:23:11,461 [ERROR] LogOutputStream:75 - [STDERR_REDIRECT] 
2026-07-16 12:23:12,462 [ERROR] LogOutputStream:75 - [STDERR_REDIRECT] [Fatal Error] :1:1: Premature end of file.
2026-07-16 12:23:12,462 [ERROR] LogOutputStream:75 - [STDERR_REDIRECT] 
2026-07-16 12:23:13,467 [ERROR] LogOutputStream:75 - [STDERR_REDIRECT] [Fatal Error] :1:1: Premature end of file.
2026-07-16 12:23:13,467 [ERROR] LogOutputStream:75 - [STDERR_REDIRECT] 
2026-07-16 12:23:14,462 [ERROR] LogOutputStream:75 - [STDERR_REDIRECT] [Fatal Error] :1:1: Premature end of file.
2026-07-16 12:23:14,462 [ERROR] LogOutputStream:75 - [STDERR_REDIRECT] 
2026-07-16 12:23:15,463 [ERROR] LogOutputStream:75 - [STDERR_REDIRECT] [Fatal Error] :1:1: Premature end of file.
2026-07-16 12:23:15,463 [ERROR] LogOutputStream:75 - [STDERR_REDIRECT] 
2026-07-16 12:23:16,463 [ERROR] LogOutputStream:75 - [STDERR_REDIRECT] [Fatal Error] :1:1: Premature end of file.
2026-07-16 12:23:16,463 [ERROR] LogOutputStream:75 - [STDERR_REDIRECT] 
2026-07-16 12:23:17,462 [ERROR] LogOutputStream:75 - [STDERR_REDIRECT] [Fatal Error] :1:1: Premature end of file.
2026-07-16 12:23:17,462 [ERROR] LogOutputStream:75 - [STDERR_REDIRECT] 
2026-07-16 12:23:18,462 [ERROR] LogOutputStream:75 - [STDERR_REDIRECT] [Fatal Error] :1:1: Premature end of file.
2026-07-16 12:23:18,462 [ERROR] LogOutputStream:75 - [STDERR_REDIRECT] 
2026-07-16 12:23:19,463 [ERROR] LogOutputStream:75 - [STDERR_REDIRECT] [Fatal Error] :1:1: Premature end of file.
2026-07-16 12:23:19,463 [ERROR] LogOutputStream:75 - [STDERR_REDIRECT] 
2026-07-16 12:23:20,462 [ERROR] LogOutputStream:75 - [STDERR_REDIRECT] [Fatal Error] :1:1: Premature end of file.
2026-07-16 12:23:20,462 [ERROR] LogOutputStream:75 - [STDERR_REDIRECT] 
2026-07-16 12:23:21,461 [ERROR] LogOutputStream:75 - [STDERR_REDIRECT] [Fatal Error] :1:1: Premature end of file.
2026-07-16 12:23:21,461 [ERROR] LogOutputStream:75 - [STDERR_REDIRECT] 
2026-07-16 12:23:22,462 [ERROR] LogOutputStream:75 - [STDERR_REDIRECT] [Fatal Error] :1:1: Premature end of file.
2026-07-16 12:23:22,463 [ERROR] LogOutputStream:75 - [STDERR_REDIRECT] 
2026-07-16 12:23:23,463 [ERROR] LogOutputStream:75 - [STDERR_REDIRECT] [Fatal Error] :1:1: Premature end of file.
2026-07-16 12:23:23,463 [ERROR] LogOutputStream:75 - [STDERR_REDIRECT] 
2026-07-16 12:23:24,462 [ERROR] LogOutputStream:75 - [STDERR_REDIRECT] [Fatal Error] :1:1: Premature end of file.
2026-07-16 12:23:24,462 [ERROR] LogOutputStream:75 - [STDERR_REDIRECT] 
2026-07-16 12:23:25,462 [ERROR] LogOutputStream:75 - [STDERR_REDIRECT] [Fatal Error] :1:1: Premature end of file.
2026-07-16 12:23:25,462 [ERROR] LogOutputStream:75 - [STDERR_REDIRECT] 
2026-07-16 12:23:26,464 [ERROR] LogOutputStream:75 - [STDERR_REDIRECT] [Fatal Error] :1:1: Premature end of file.
2026-07-16 12:23:26,464 [ERROR] LogOutputStream:75 - [STDERR_REDIRECT] 
2026-07-16 12:23:27,463 [ERROR] LogOutputStream:75 - [STDERR_REDIRECT] [Fatal Error] :1:1: Premature end of file.
2026-07-16 12:23:27,463 [ERROR] LogOutputStream:75 - [STDERR_REDIRECT] 
2026-07-16 12:23:28,463 [ERROR] LogOutputStream:75 - [STDERR_REDIRECT] [Fatal Error] :1:1: Premature end of file.
2026-07-16 12:23:28,463 [ERROR] LogOutputStream:75 - [STDERR_REDIRECT] 
2026-07-16 12:23:29,462 [ERROR] LogOutputStream:75 - [STDERR_REDIRECT] [Fatal Error] :1:1: Premature end of file.
2026-07-16 12:23:29,462 [ERROR] LogOutputStream:75 - [STDERR_REDIRECT] 
2026-07-16 12:23:30,462 [ERROR] LogOutputStream:75 - [STDERR_REDIRECT] [Fatal Error] :1:1: Premature end of file.
2026-07-16 12:23:30,462 [ERROR] LogOutputStream:75 - [STDERR_REDIRECT] 
2026-07-16 12:23:31,468 [ERROR] LogOutputStream:75 - [STDERR_REDIRECT] [Fatal Error] :1:1: Premature end of file.
2026-07-16 12:23:31,468 [ERROR] LogOutputStream:75 - [STDERR_REDIRECT] 
2026-07-16 12:23:32,464 [ERROR] LogOutputStream:75 - [STDERR_REDIRECT] [Fatal Error] :1:1: Premature end of file.
2026-07-16 12:23:32,464 [ERROR] LogOutputStream:75 - [STDERR_REDIRECT] 
2026-07-16 12:23:33,462 [ERROR] LogOutputStream:75 - [STDERR_REDIRECT] [Fatal Error] :1:1: Premature end of file.
2026-07-16 12:23:33,462 [ERROR] LogOutputStream:75 - [STDERR_REDIRECT] 
2026-07-16 12:23:34,462 [ERROR] LogOutputStream:75 - [STDERR_REDIRECT] [Fatal Error] :1:1: Premature end of file.
2026-07-16 12:23:34,463 [ERROR] LogOutputStream:75 - [STDERR_REDIRECT] 
2026-07-16 12:23:34,706 [INFO] Gpio:277 - dependency for GPIO [ETH, RCC, SYS, USART3, USB_OTG_FS]
2026-07-16 12:23:35,464 [ERROR] LogOutputStream:75 - [STDERR_REDIRECT] [Fatal Error] :1:1: Premature end of file.
2026-07-16 12:23:35,464 [ERROR] LogOutputStream:75 - [STDERR_REDIRECT] 
2026-07-16 12:23:36,464 [ERROR] LogOutputStream:75 - [STDERR_REDIRECT] [Fatal Error] :1:1: Premature end of file.
2026-07-16 12:23:36,464 [ERROR] LogOutputStream:75 - [STDERR_REDIRECT] 
2026-07-16 12:23:37,463 [ERROR] LogOutputStream:75 - [STDERR_REDIRECT] [Fatal Error] :1:1: Premature end of file.
2026-07-16 12:23:37,464 [ERROR] LogOutputStream:75 - [STDERR_REDIRECT] 
2026-07-16 12:23:38,463 [ERROR] LogOutputStream:75 - [STDERR_REDIRECT] [Fatal Error] :1:1: Premature end of file.
2026-07-16 12:23:38,463 [ERROR] LogOutputStream:75 - [STDERR_REDIRECT] 
2026-07-16 12:23:39,465 [ERROR] LogOutputStream:75 - [STDERR_REDIRECT] [Fatal Error] :1:1: Premature end of file.
2026-07-16 12:23:39,465 [ERROR] LogOutputStream:75 - [STDERR_REDIRECT] 
2026-07-16 12:23:40,463 [ERROR] LogOutputStream:75 - [STDERR_REDIRECT] [Fatal Error] :1:1: Premature end of file.
2026-07-16 12:23:40,463 [ERROR] LogOutputStream:75 - [STDERR_REDIRECT] 
2026-07-16 12:23:41,462 [ERROR] LogOutputStream:75 - [STDERR_REDIRECT] [Fatal Error] :1:1: Premature end of file.
2026-07-16 12:23:41,462 [ERROR] LogOutputStream:75 - [STDERR_REDIRECT] 
2026-07-16 12:23:42,461 [ERROR] LogOutputStream:75 - [STDERR_REDIRECT] [Fatal Error] :1:1: Premature end of file.
2026-07-16 12:23:42,461 [ERROR] LogOutputStream:75 - [STDERR_REDIRECT] 
2026-07-16 12:23:43,462 [ERROR] LogOutputStream:75 - [STDERR_REDIRECT] [Fatal Error] :1:1: Premature end of file.
2026-07-16 12:23:43,463 [ERROR] LogOutputStream:75 - [STDERR_REDIRECT] 
2026-07-16 12:23:44,465 [ERROR] LogOutputStream:75 - [STDERR_REDIRECT] [Fatal Error] :1:1: Premature end of file.
2026-07-16 12:23:44,465 [ERROR] LogOutputStream:75 - [STDERR_REDIRECT] 
2026-07-16 12:23:45,464 [ERROR] LogOutputStream:75 - [STDERR_REDIRECT] [Fatal Error] :1:1: Premature end of file.
2026-07-16 12:23:45,464 [ERROR] LogOutputStream:75 - [STDERR_REDIRECT] 
2026-07-16 12:23:46,464 [ERROR] LogOutputStream:75 - [STDERR_REDIRECT] [Fatal Error] :1:1: Premature end of file.
2026-07-16 12:23:46,464 [ERROR] LogOutputStream:75 - [STDERR_REDIRECT] 
2026-07-16 12:23:47,462 [ERROR] LogOutputStream:75 - [STDERR_REDIRECT] [Fatal Error] :1:1: Premature end of file.
2026-07-16 12:23:47,462 [ERROR] LogOutputStream:75 - [STDERR_REDIRECT] 
2026-07-16 12:23:48,463 [ERROR] LogOutputStream:75 - [STDERR_REDIRECT] [Fatal Error] :1:1: Premature end of file.
2026-07-16 12:23:48,463 [ERROR] LogOutputStream:75 - [STDERR_REDIRECT] 
2026-07-16 12:23:49,462 [ERROR] LogOutputStream:75 - [STDERR_REDIRECT] [Fatal Error] :1:1: Premature end of file.
2026-07-16 12:23:49,463 [ERROR] LogOutputStream:75 - [STDERR_REDIRECT] 
2026-07-16 12:23:50,462 [ERROR] LogOutputStream:75 - [STDERR_REDIRECT] [Fatal Error] :1:1: Premature end of file.
2026-07-16 12:23:50,462 [ERROR] LogOutputStream:75 - [STDERR_REDIRECT] 
2026-07-16 12:23:51,463 [ERROR] LogOutputStream:75 - [STDERR_REDIRECT] [Fatal Error] :1:1: Premature end of file.
2026-07-16 12:23:51,463 [ERROR] LogOutputStream:75 - [STDERR_REDIRECT] 
2026-07-16 12:23:52,466 [ERROR] LogOutputStream:75 - [STDERR_REDIRECT] [Fatal Error] :1:1: Premature end of file.
2026-07-16 12:23:52,466 [ERROR] LogOutputStream:75 - [STDERR_REDIRECT] 
2026-07-16 12:23:53,461 [ERROR] LogOutputStream:75 - [STDERR_REDIRECT] [Fatal Error] :1:1: Premature end of file.
2026-07-16 12:23:53,461 [ERROR] LogOutputStream:75 - [STDERR_REDIRECT] 
2026-07-16 12:23:54,464 [ERROR] LogOutputStream:75 - [STDERR_REDIRECT] [Fatal Error] :1:1: Premature end of file.
2026-07-16 12:23:54,464 [ERROR] LogOutputStream:75 - [STDERR_REDIRECT] 
2026-07-16 12:23:55,463 [ERROR] LogOutputStream:75 - [STDERR_REDIRECT] [Fatal Error] :1:1: Premature end of file.
2026-07-16 12:23:55,463 [ERROR] LogOutputStream:75 - [STDERR_REDIRECT] 
2026-07-16 12:23:56,462 [ERROR] LogOutputStream:75 - [STDERR_REDIRECT] [Fatal Error] :1:1: Premature end of file.
2026-07-16 12:23:56,462 [ERROR] LogOutputStream:75 - [STDERR_REDIRECT] 
2026-07-16 12:23:57,463 [ERROR] LogOutputStream:75 - [STDERR_REDIRECT] [Fatal Error] :1:1: Premature end of file.
2026-07-16 12:23:57,463 [ERROR] LogOutputStream:75 - [STDERR_REDIRECT] 
2026-07-16 12:23:58,462 [ERROR] LogOutputStream:75 - [STDERR_REDIRECT] [Fatal Error] :1:1: Premature end of file.
2026-07-16 12:23:58,462 [ERROR] LogOutputStream:75 - [STDERR_REDIRECT] 
2026-07-16 12:23:59,462 [ERROR] LogOutputStream:75 - [STDERR_REDIRECT] [Fatal Error] :1:1: Premature end of file.
2026-07-16 12:23:59,462 [ERROR] LogOutputStream:75 - [STDERR_REDIRECT] 
2026-07-16 12:24:00,463 [ERROR] LogOutputStream:75 - [STDERR_REDIRECT] [Fatal Error] :1:1: Premature end of file.
2026-07-16 12:24:00,463 [ERROR] LogOutputStream:75 - [STDERR_REDIRECT] 
2026-07-16 12:24:01,461 [ERROR] LogOutputStream:75 - [STDERR_REDIRECT] [Fatal Error] :1:1: Premature end of file.
2026-07-16 12:24:01,461 [ERROR] LogOutputStream:75 - [STDERR_REDIRECT] 
2026-07-16 12:24:02,462 [ERROR] LogOutputStream:75 - [STDERR_REDIRECT] [Fatal Error] :1:1: Premature end of file.
2026-07-16 12:24:02,462 [ERROR] LogOutputStream:75 - [STDERR_REDIRECT] 
2026-07-16 12:24:03,463 [ERROR] LogOutputStream:75 - [STDERR_REDIRECT] [Fatal Error] :1:1: Premature end of file.
2026-07-16 12:24:03,463 [ERROR] LogOutputStream:75 - [STDERR_REDIRECT] 
2026-07-16 12:24:04,461 [ERROR] LogOutputStream:75 - [STDERR_REDIRECT] [Fatal Error] :1:1: Premature end of file.
2026-07-16 12:24:04,461 [ERROR] LogOutputStream:75 - [STDERR_REDIRECT] 
2026-07-16 12:24:05,463 [ERROR] LogOutputStream:75 - [STDERR_REDIRECT] [Fatal Error] :1:1: Premature end of file.
2026-07-16 12:24:05,463 [ERROR] LogOutputStream:75 - [STDERR_REDIRECT] 
2026-07-16 12:24:06,462 [ERROR] LogOutputStream:75 - [STDERR_REDIRECT] [Fatal Error] :1:1: Premature end of file.
2026-07-16 12:24:06,462 [ERROR] LogOutputStream:75 - [STDERR_REDIRECT] 
2026-07-16 12:24:07,462 [ERROR] LogOutputStream:75 - [STDERR_REDIRECT] [Fatal Error] :1:1: Premature end of file.
2026-07-16 12:24:07,462 [ERROR] LogOutputStream:75 - [STDERR_REDIRECT] 
2026-07-16 12:24:08,462 [ERROR] LogOutputStream:75 - [STDERR_REDIRECT] [Fatal Error] :1:1: Premature end of file.
2026-07-16 12:24:08,462 [ERROR] LogOutputStream:75 - [STDERR_REDIRECT] 
2026-07-16 12:24:09,462 [ERROR] LogOutputStream:75 - [STDERR_REDIRECT] [Fatal Error] :1:1: Premature end of file.
2026-07-16 12:24:09,462 [ERROR] LogOutputStream:75 - [STDERR_REDIRECT] 
2026-07-16 12:24:10,462 [ERROR] LogOutputStream:75 - [STDERR_REDIRECT] [Fatal Error] :1:1: Premature end of file.
2026-07-16 12:24:10,462 [ERROR] LogOutputStream:75 - [STDERR_REDIRECT] 
2026-07-16 12:24:11,462 [ERROR] LogOutputStream:75 - [STDERR_REDIRECT] [Fatal Error] :1:1: Premature end of file.
2026-07-16 12:24:11,463 [ERROR] LogOutputStream:75 - [STDERR_REDIRECT] 
2026-07-16 12:24:12,462 [ERROR] LogOutputStream:75 - [STDERR_REDIRECT] [Fatal Error] :1:1: Premature end of file.
2026-07-16 12:24:12,462 [ERROR] LogOutputStream:75 - [STDERR_REDIRECT] 
2026-07-16 12:24:13,465 [ERROR] LogOutputStream:75 - [STDERR_REDIRECT] [Fatal Error] :1:1: Premature end of file.
2026-07-16 12:24:13,465 [ERROR] LogOutputStream:75 - [STDERR_REDIRECT] 
2026-07-16 12:24:14,461 [ERROR] LogOutputStream:75 - [STDERR_REDIRECT] [Fatal Error] :1:1: Premature end of file.
2026-07-16 12:24:14,461 [ERROR] LogOutputStream:75 - [STDERR_REDIRECT] 
2026-07-16 12:24:15,463 [ERROR] LogOutputStream:75 - [STDERR_REDIRECT] [Fatal Error] :1:1: Premature end of file.
2026-07-16 12:24:15,463 [ERROR] LogOutputStream:75 - [STDERR_REDIRECT] 
2026-07-16 12:24:16,463 [ERROR] LogOutputStream:75 - [STDERR_REDIRECT] [Fatal Error] :1:1: Premature end of file.
2026-07-16 12:24:16,463 [ERROR] LogOutputStream:75 - [STDERR_REDIRECT] 
2026-07-16 12:24:17,461 [ERROR] LogOutputStream:75 - [STDERR_REDIRECT] [Fatal Error] :1:1: Premature end of file.
2026-07-16 12:24:17,461 [ERROR] LogOutputStream:75 - [STDERR_REDIRECT] 
2026-07-16 12:24:18,462 [ERROR] LogOutputStream:75 - [STDERR_REDIRECT] [Fatal Error] :1:1: Premature end of file.
2026-07-16 12:24:18,462 [ERROR] LogOutputStream:75 - [STDERR_REDIRECT] 
2026-07-16 12:24:19,462 [ERROR] LogOutputStream:75 - [STDERR_REDIRECT] [Fatal Error] :1:1: Premature end of file.
2026-07-16 12:24:19,462 [ERROR] LogOutputStream:75 - [STDERR_REDIRECT] 
2026-07-16 12:24:20,461 [ERROR] LogOutputStream:75 - [STDERR_REDIRECT] [Fatal Error] :1:1: Premature end of file.
2026-07-16 12:24:20,461 [ERROR] LogOutputStream:75 - [STDERR_REDIRECT] 
2026-07-16 12:24:21,462 [ERROR] LogOutputStream:75 - [STDERR_REDIRECT] [Fatal Error] :1:1: Premature end of file.
2026-07-16 12:24:21,462 [ERROR] LogOutputStream:75 - [STDERR_REDIRECT] 
2026-07-16 12:24:22,465 [ERROR] LogOutputStream:75 - [STDERR_REDIRECT] [Fatal Error] :1:1: Premature end of file.
2026-07-16 12:24:22,466 [ERROR] LogOutputStream:75 - [STDERR_REDIRECT] 
2026-07-16 12:24:23,462 [ERROR] LogOutputStream:75 - [STDERR_REDIRECT] [Fatal Error] :1:1: Premature end of file.
2026-07-16 12:24:23,462 [ERROR] LogOutputStream:75 - [STDERR_REDIRECT] 
2026-07-16 12:24:24,462 [ERROR] LogOutputStream:75 - [STDERR_REDIRECT] [Fatal Error] :1:1: Premature end of file.
2026-07-16 12:24:24,462 [ERROR] LogOutputStream:75 - [STDERR_REDIRECT] 
2026-07-16 12:24:25,462 [ERROR] LogOutputStream:75 - [STDERR_REDIRECT] [Fatal Error] :1:1: Premature end of file.
2026-07-16 12:24:25,462 [ERROR] LogOutputStream:75 - [STDERR_REDIRECT] 
2026-07-16 12:24:26,463 [ERROR] LogOutputStream:75 - [STDERR_REDIRECT] [Fatal Error] :1:1: Premature end of file.
2026-07-16 12:24:26,463 [ERROR] LogOutputStream:75 - [STDERR_REDIRECT] 
2026-07-16 12:24:27,462 [ERROR] LogOutputStream:75 - [STDERR_REDIRECT] [Fatal Error] :1:1: Premature end of file.
2026-07-16 12:24:27,462 [ERROR] LogOutputStream:75 - [STDERR_REDIRECT] 
2026-07-16 12:24:28,463 [ERROR] LogOutputStream:75 - [STDERR_REDIRECT] [Fatal Error] :1:1: Premature end of file.
2026-07-16 12:24:28,463 [ERROR] LogOutputStream:75 - [STDERR_REDIRECT] 
2026-07-16 12:24:29,464 [ERROR] LogOutputStream:75 - [STDERR_REDIRECT] [Fatal Error] :1:1: Premature end of file.
2026-07-16 12:24:29,464 [ERROR] LogOutputStream:75 - [STDERR_REDIRECT] 
2026-07-16 12:24:30,461 [ERROR] LogOutputStream:75 - [STDERR_REDIRECT] [Fatal Error] :1:1: Premature end of file.
2026-07-16 12:24:30,462 [ERROR] LogOutputStream:75 - [STDERR_REDIRECT] 
2026-07-16 12:24:30,871 [INFO] UtilMem:75 - End SaveConfig() Used Memory: 857886416 Bytes (1073741824)
2026-07-16 12:24:31,462 [ERROR] LogOutputStream:75 - [STDERR_REDIRECT] [Fatal Error] :1:1: Premature end of file.
2026-07-16 12:24:31,462 [ERROR] LogOutputStream:75 - [STDERR_REDIRECT] 
2026-07-16 12:24:32,102 [INFO] UtilMem:75 - End SaveConfig() Used Memory: 930764496 Bytes (1073741824)
2026-07-16 12:24:32,464 [ERROR] LogOutputStream:75 - [STDERR_REDIRECT] [Fatal Error] :1:1: Premature end of file.
2026-07-16 12:24:32,464 [ERROR] LogOutputStream:75 - [STDERR_REDIRECT] 
2026-07-16 12:24:32,488 [INFO] UtilMem:75 - End SaveConfig() Used Memory: 985290448 Bytes (1073741824)
2026-07-16 12:24:32,674 [INFO] BlockDiagram:2766 - set Specific Code input for plugin: SYS
2026-07-16 12:24:32,674 [INFO] BlockDiagram:2766 - set Specific Code input for plugin: RCC
2026-07-16 12:24:32,674 [INFO] BlockDiagram:2766 - set Specific Code input for plugin: USB_OTG_FS
2026-07-16 12:24:32,674 [INFO] BlockDiagram:2766 - set Specific Code input for plugin: NVIC
2026-07-16 12:24:32,674 [INFO] BlockDiagram:2766 - set Specific Code input for plugin: USART
2026-07-16 12:24:32,674 [INFO] BlockDiagram:2766 - set Specific Code input for plugin: GPIO
2026-07-16 12:24:32,674 [INFO] BlockDiagram:2766 - set Specific Code input for plugin: ETH
2026-07-16 12:24:32,675 [INFO] CodeGenerator:896 - code generatio: config db path: C:\ST\STM32CubeIDE_1.17.0\STM32CubeIDE\plugins\com.st.stm32cube.common.mx_6.13.0.202411220809\\db\
2026-07-16 12:24:32,677 [WARN] IP:2251 - Warning not found: check if there is a RefParameter without a condition.
2026-07-16 12:24:32,677 [WARN] IP:2251 - RxBufferAddress not found: check if there is a RefParameter without a condition.
2026-07-16 12:24:32,677 [WARN] IP:2251 - DESC_SIZE_UNIT not found: check if there is a RefParameter without a condition.
2026-07-16 12:24:32,719 [INFO] CodeEngine:255 - oldGeneratedFile, C:\Coding\test\MXTmpFiles\license.tmp_save
2026-07-16 12:24:32,849 [INFO] CodeEngine:279 - Generated code: C:\Coding\test\MXTmpFiles\license.tmp
2026-07-16 12:24:32,877 [INFO] CodeEngine:255 - oldGeneratedFile, C:\Coding\test\MXTmpFiles\gpio.tmp_save
2026-07-16 12:24:32,980 [INFO] CodeEngine:279 - Generated code: C:\Coding\test\MXTmpFiles\gpio.tmp
2026-07-16 12:24:33,085 [WARN] IPConfigManager:3034 - Warning: the RefConfig PWREx_EnableUSBVoltageDetector is not available in your config.xml file
2026-07-16 12:24:33,091 [INFO] CodeEngine:255 - oldGeneratedFile, C:\Coding\test\MXTmpFiles\cortex.tmp_save
2026-07-16 12:24:33,151 [INFO] CodeEngine:279 - Generated code: C:\Coding\test\MXTmpFiles\cortex.tmp
2026-07-16 12:24:33,165 [INFO] CodeEngine:255 - oldGeneratedFile, C:\Coding\test\Core\Src\stm32f7xx_it.c_save
2026-07-16 12:24:33,253 [INFO] CodeEngine:279 - Generated code: C:\Coding\test\Core\Src\stm32f7xx_it.c
2026-07-16 12:24:33,257 [INFO] CodeEngine:255 - oldGeneratedFile, C:\Coding\test\Core\Inc\stm32f7xx_it.h_save
2026-07-16 12:24:33,289 [INFO] CodeEngine:279 - Generated code: C:\Coding\test\Core\Inc\stm32f7xx_it.h
2026-07-16 12:24:33,302 [INFO] CodeEngine:255 - oldGeneratedFile, C:\Coding\test\Core\Src\stm32f7xx_hal_msp.c_save
2026-07-16 12:24:33,372 [INFO] CodeEngine:279 - Generated code: C:\Coding\test\Core\Src\stm32f7xx_hal_msp.c
2026-07-16 12:24:33,375 [INFO] CodeEngine:255 - oldGeneratedFile, C:\Coding\test\MXTmpFiles\system.tmp_save
2026-07-16 12:24:33,410 [INFO] CodeEngine:279 - Generated code: C:\Coding\test\MXTmpFiles\system.tmp
2026-07-16 12:24:33,426 [INFO] CodeEngine:311 - oldGeneratedFile, C:\Coding\test\Core\Inc\stm32f7xx_hal_conf.h_save
2026-07-16 12:24:33,471 [ERROR] LogOutputStream:75 - [STDERR_REDIRECT] [Fatal Error] :1:1: Premature end of file.
2026-07-16 12:24:33,472 [ERROR] LogOutputStream:75 - [STDERR_REDIRECT] 
2026-07-16 12:24:33,487 [INFO] CodeEngine:335 - Generated code: C:\Coding\test\Core\Inc\stm32f7xx_hal_conf.h
2026-07-16 12:24:33,522 [WARN] IPConfigManager:3618 - IP not found : USB_OTG
2026-07-16 12:24:33,522 [WARN] CodeGenerator:4152 - IP not found : null
2026-07-16 12:24:33,535 [INFO] CodeEngine:255 - oldGeneratedFile, C:\Coding\test\Core\Inc\main.h_save
2026-07-16 12:24:33,576 [INFO] CodeEngine:279 - Generated code: C:\Coding\test\Core\Inc\main.h
2026-07-16 12:24:33,585 [INFO] CodeEngine:255 - oldGeneratedFile, C:\Coding\test\Core\Src\main.c_save
2026-07-16 12:24:33,651 [INFO] CodeEngine:279 - Generated code: C:\Coding\test\Core\Src\main.c
2026-07-16 12:24:33,818 [INFO] ProjectBuilder:3289 - Time for Copy HAL[1] : 99mS.
2026-07-16 12:24:33,820 [INFO] ProjectBuilder:4876 - Project Generator version: 4.5.0-RC5
2026-07-16 12:24:33,854 [INFO] ConfigFileManager:1579 - The Die is : DIE451
2026-07-16 12:24:34,361 [INFO] ProjectBuilder:5154 - Time for Generating toolchain IDE Files: 541mS.
2026-07-16 12:24:34,362 [INFO] ProjectBuilder:3146 - Time for Copy CMSIS : 0mS.
2026-07-16 12:24:34,364 [INFO] ProjectBuilder:3146 - Time for Copy CMSIS : 0mS.
2026-07-16 12:24:34,466 [ERROR] LogOutputStream:75 - [STDERR_REDIRECT] [Fatal Error] :1:1: Premature end of file.
2026-07-16 12:24:34,467 [ERROR] LogOutputStream:75 - [STDERR_REDIRECT] 
2026-07-16 12:24:35,466 [ERROR] LogOutputStream:75 - [STDERR_REDIRECT] [Fatal Error] :1:1: Premature end of file.
2026-07-16 12:24:35,467 [ERROR] LogOutputStream:75 - [STDERR_REDIRECT] 
2026-07-16 12:24:36,465 [ERROR] LogOutputStream:75 - [STDERR_REDIRECT] [Fatal Error] :1:1: Premature end of file.
2026-07-16 12:24:36,465 [ERROR] LogOutputStream:75 - [STDERR_REDIRECT] 
2026-07-16 12:24:37,461 [ERROR] LogOutputStream:75 - [STDERR_REDIRECT] [Fatal Error] :1:1: Premature end of file.
2026-07-16 12:24:37,461 [ERROR] LogOutputStream:75 - [STDERR_REDIRECT] 
2026-07-16 12:24:38,462 [ERROR] LogOutputStream:75 - [STDERR_REDIRECT] [Fatal Error] :1:1: Premature end of file.
2026-07-16 12:24:38,462 [ERROR] LogOutputStream:75 - [STDERR_REDIRECT] 
2026-07-16 12:24:39,462 [ERROR] LogOutputStream:75 - [STDERR_REDIRECT] [Fatal Error] :1:1: Premature end of file.
2026-07-16 12:24:39,462 [ERROR] LogOutputStream:75 - [STDERR_REDIRECT] 
2026-07-16 12:24:40,461 [ERROR] LogOutputStream:75 - [STDERR_REDIRECT] [Fatal Error] :1:1: Premature end of file.
2026-07-16 12:24:40,461 [ERROR] LogOutputStream:75 - [STDERR_REDIRECT] 
2026-07-16 12:24:41,461 [ERROR] LogOutputStream:75 - [STDERR_REDIRECT] [Fatal Error] :1:1: Premature end of file.
2026-07-16 12:24:41,461 [ERROR] LogOutputStream:75 - [STDERR_REDIRECT] 
2026-07-16 12:24:42,463 [ERROR] LogOutputStream:75 - [STDERR_REDIRECT] [Fatal Error] :1:1: Premature end of file.
2026-07-16 12:24:42,463 [ERROR] LogOutputStream:75 - [STDERR_REDIRECT] 
2026-07-16 12:24:43,461 [ERROR] LogOutputStream:75 - [STDERR_REDIRECT] [Fatal Error] :1:1: Premature end of file.
2026-07-16 12:24:43,461 [ERROR] LogOutputStream:75 - [STDERR_REDIRECT] 
2026-07-16 12:24:44,462 [ERROR] LogOutputStream:75 - [STDERR_REDIRECT] [Fatal Error] :1:1: Premature end of file.
2026-07-16 12:24:44,462 [ERROR] LogOutputStream:75 - [STDERR_REDIRECT] 
2026-07-16 12:24:45,462 [ERROR] LogOutputStream:75 - [STDERR_REDIRECT] [Fatal Error] :1:1: Premature end of file.
2026-07-16 12:24:45,462 [ERROR] LogOutputStream:75 - [STDERR_REDIRECT] 
2026-07-16 12:24:46,463 [ERROR] LogOutputStream:75 - [STDERR_REDIRECT] [Fatal Error] :1:1: Premature end of file.
2026-07-16 12:24:46,463 [ERROR] LogOutputStream:75 - [STDERR_REDIRECT] 
2026-07-16 12:24:47,460 [ERROR] LogOutputStream:75 - [STDERR_REDIRECT] [Fatal Error] :1:1: Premature end of file.
2026-07-16 12:24:47,461 [ERROR] LogOutputStream:75 - [STDERR_REDIRECT] 
2026-07-16 12:24:48,462 [ERROR] LogOutputStream:75 - [STDERR_REDIRECT] [Fatal Error] :1:1: Premature end of file.
2026-07-16 12:24:48,463 [ERROR] LogOutputStream:75 - [STDERR_REDIRECT] 
2026-07-16 12:24:49,460 [ERROR] LogOutputStream:75 - [STDERR_REDIRECT] [Fatal Error] :1:1: Premature end of file.
2026-07-16 12:24:49,460 [ERROR] LogOutputStream:75 - [STDERR_REDIRECT] 
2026-07-16 12:24:50,461 [ERROR] LogOutputStream:75 - [STDERR_REDIRECT] [Fatal Error] :1:1: Premature end of file.
2026-07-16 12:24:50,461 [ERROR] LogOutputStream:75 - [STDERR_REDIRECT] 
2026-07-16 12:24:51,462 [ERROR] LogOutputStream:75 - [STDERR_REDIRECT] [Fatal Error] :1:1: Premature end of file.
2026-07-16 12:24:51,462 [ERROR] LogOutputStream:75 - [STDERR_REDIRECT] 
2026-07-16 12:24:52,462 [ERROR] LogOutputStream:75 - [STDERR_REDIRECT] [Fatal Error] :1:1: Premature end of file.
2026-07-16 12:24:52,462 [ERROR] LogOutputStream:75 - [STDERR_REDIRECT] 
2026-07-16 12:24:53,461 [ERROR] LogOutputStream:75 - [STDERR_REDIRECT] [Fatal Error] :1:1: Premature end of file.
2026-07-16 12:24:53,461 [ERROR] LogOutputStream:75 - [STDERR_REDIRECT] 
2026-07-16 12:24:54,462 [ERROR] LogOutputStream:75 - [STDERR_REDIRECT] [Fatal Error] :1:1: Premature end of file.
2026-07-16 12:24:54,462 [ERROR] LogOutputStream:75 - [STDERR_REDIRECT] 
2026-07-16 12:24:55,461 [ERROR] LogOutputStream:75 - [STDERR_REDIRECT] [Fatal Error] :1:1: Premature end of file.
2026-07-16 12:24:55,461 [ERROR] LogOutputStream:75 - [STDERR_REDIRECT] 
2026-07-16 12:24:56,461 [ERROR] LogOutputStream:75 - [STDERR_REDIRECT] [Fatal Error] :1:1: Premature end of file.
2026-07-16 12:24:56,461 [ERROR] LogOutputStream:75 - [STDERR_REDIRECT] 
2026-07-16 12:24:57,464 [ERROR] LogOutputStream:75 - [STDERR_REDIRECT] [Fatal Error] :1:1: Premature end of file.
2026-07-16 12:24:57,464 [ERROR] LogOutputStream:75 - [STDERR_REDIRECT] 
2026-07-16 12:24:58,461 [ERROR] LogOutputStream:75 - [STDERR_REDIRECT] [Fatal Error] :1:1: Premature end of file.
2026-07-16 12:24:58,461 [ERROR] LogOutputStream:75 - [STDERR_REDIRECT] 
2026-07-16 12:24:59,461 [ERROR] LogOutputStream:75 - [STDERR_REDIRECT] [Fatal Error] :1:1: Premature end of file.
2026-07-16 12:24:59,461 [ERROR] LogOutputStream:75 - [STDERR_REDIRECT] 
2026-07-16 12:25:00,465 [ERROR] LogOutputStream:75 - [STDERR_REDIRECT] [Fatal Error] :1:1: Premature end of file.
2026-07-16 12:25:00,465 [ERROR] LogOutputStream:75 - [STDERR_REDIRECT] 
2026-07-16 12:25:01,463 [ERROR] LogOutputStream:75 - [STDERR_REDIRECT] [Fatal Error] :1:1: Premature end of file.
2026-07-16 12:25:01,463 [ERROR] LogOutputStream:75 - [STDERR_REDIRECT] 
2026-07-16 12:25:02,471 [ERROR] LogOutputStream:75 - [STDERR_REDIRECT] [Fatal Error] :1:1: Premature end of file.
2026-07-16 12:25:02,471 [ERROR] LogOutputStream:75 - [STDERR_REDIRECT] 
2026-07-16 12:25:03,463 [ERROR] LogOutputStream:75 - [STDERR_REDIRECT] [Fatal Error] :1:1: Premature end of file.
2026-07-16 12:25:03,463 [ERROR] LogOutputStream:75 - [STDERR_REDIRECT] 
2026-07-16 12:25:04,462 [ERROR] LogOutputStream:75 - [STDERR_REDIRECT] [Fatal Error] :1:1: Premature end of file.
2026-07-16 12:25:04,462 [ERROR] LogOutputStream:75 - [STDERR_REDIRECT] 
2026-07-16 12:25:05,462 [ERROR] LogOutputStream:75 - [STDERR_REDIRECT] [Fatal Error] :1:1: Premature end of file.
2026-07-16 12:25:05,462 [ERROR] LogOutputStream:75 - [STDERR_REDIRECT] 
2026-07-16 12:25:06,463 [ERROR] LogOutputStream:75 - [STDERR_REDIRECT] [Fatal Error] :1:1: Premature end of file.
2026-07-16 12:25:06,463 [ERROR] LogOutputStream:75 - [STDERR_REDIRECT] 
2026-07-16 12:25:07,462 [ERROR] LogOutputStream:75 - [STDERR_REDIRECT] [Fatal Error] :1:1: Premature end of file.
2026-07-16 12:25:07,462 [ERROR] LogOutputStream:75 - [STDERR_REDIRECT] 
2026-07-16 12:25:08,462 [ERROR] LogOutputStream:75 - [STDERR_REDIRECT] [Fatal Error] :1:1: Premature end of file.
2026-07-16 12:25:08,463 [ERROR] LogOutputStream:75 - [STDERR_REDIRECT] 
2026-07-16 12:25:09,461 [ERROR] LogOutputStream:75 - [STDERR_REDIRECT] [Fatal Error] :1:1: Premature end of file.
2026-07-16 12:25:09,461 [ERROR] LogOutputStream:75 - [STDERR_REDIRECT] 
2026-07-16 12:25:10,461 [ERROR] LogOutputStream:75 - [STDERR_REDIRECT] [Fatal Error] :1:1: Premature end of file.
2026-07-16 12:25:10,462 [ERROR] LogOutputStream:75 - [STDERR_REDIRECT] 
2026-07-16 12:25:11,461 [ERROR] LogOutputStream:75 - [STDERR_REDIRECT] [Fatal Error] :1:1: Premature end of file.
2026-07-16 12:25:11,461 [ERROR] LogOutputStream:75 - [STDERR_REDIRECT] 
2026-07-16 12:25:12,463 [ERROR] LogOutputStream:75 - [STDERR_REDIRECT] [Fatal Error] :1:1: Premature end of file.
2026-07-16 12:25:12,463 [ERROR] LogOutputStream:75 - [STDERR_REDIRECT] 
2026-07-16 12:25:13,461 [ERROR] LogOutputStream:75 - [STDERR_REDIRECT] [Fatal Error] :1:1: Premature end of file.
2026-07-16 12:25:13,461 [ERROR] LogOutputStream:75 - [STDERR_REDIRECT] 
2026-07-16 12:25:14,461 [ERROR] LogOutputStream:75 - [STDERR_REDIRECT] [Fatal Error] :1:1: Premature end of file.
2026-07-16 12:25:14,461 [ERROR] LogOutputStream:75 - [STDERR_REDIRECT] 
2026-07-16 12:25:15,462 [ERROR] LogOutputStream:75 - [STDERR_REDIRECT] [Fatal Error] :1:1: Premature end of file.
2026-07-16 12:25:15,462 [ERROR] LogOutputStream:75 - [STDERR_REDIRECT] 
2026-07-16 12:25:16,464 [ERROR] LogOutputStream:75 - [STDERR_REDIRECT] [Fatal Error] :1:1: Premature end of file.
2026-07-16 12:25:16,464 [ERROR] LogOutputStream:75 - [STDERR_REDIRECT] 
2026-07-16 12:25:17,462 [ERROR] LogOutputStream:75 - [STDERR_REDIRECT] [Fatal Error] :1:1: Premature end of file.
2026-07-16 12:25:17,462 [ERROR] LogOutputStream:75 - [STDERR_REDIRECT] 
2026-07-16 12:25:18,462 [ERROR] LogOutputStream:75 - [STDERR_REDIRECT] [Fatal Error] :1:1: Premature end of file.
2026-07-16 12:25:18,463 [ERROR] LogOutputStream:75 - [STDERR_REDIRECT] 
2026-07-16 12:25:19,463 [ERROR] LogOutputStream:75 - [STDERR_REDIRECT] [Fatal Error] :1:1: Premature end of file.
2026-07-16 12:25:19,463 [ERROR] LogOutputStream:75 - [STDERR_REDIRECT] 
2026-07-16 12:25:20,462 [ERROR] LogOutputStream:75 - [STDERR_REDIRECT] [Fatal Error] :1:1: Premature end of file.
2026-07-16 12:25:20,462 [ERROR] LogOutputStream:75 - [STDERR_REDIRECT] 
2026-07-16 12:25:21,462 [ERROR] LogOutputStream:75 - [STDERR_REDIRECT] [Fatal Error] :1:1: Premature end of file.
2026-07-16 12:25:21,462 [ERROR] LogOutputStream:75 - [STDERR_REDIRECT] 
2026-07-16 12:25:22,464 [ERROR] LogOutputStream:75 - [STDERR_REDIRECT] [Fatal Error] :1:1: Premature end of file.
2026-07-16 12:25:22,464 [ERROR] LogOutputStream:75 - [STDERR_REDIRECT] 
2026-07-16 12:25:23,464 [ERROR] LogOutputStream:75 - [STDERR_REDIRECT] [Fatal Error] :1:1: Premature end of file.
2026-07-16 12:25:23,464 [ERROR] LogOutputStream:75 - [STDERR_REDIRECT] 
2026-07-16 12:25:24,462 [ERROR] LogOutputStream:75 - [STDERR_REDIRECT] [Fatal Error] :1:1: Premature end of file.
2026-07-16 12:25:24,462 [ERROR] LogOutputStream:75 - [STDERR_REDIRECT] 
2026-07-16 12:25:25,462 [ERROR] LogOutputStream:75 - [STDERR_REDIRECT] [Fatal Error] :1:1: Premature end of file.
2026-07-16 12:25:25,462 [ERROR] LogOutputStream:75 - [STDERR_REDIRECT] 
2026-07-16 12:25:26,463 [ERROR] LogOutputStream:75 - [STDERR_REDIRECT] [Fatal Error] :1:1: Premature end of file.
2026-07-16 12:25:26,463 [ERROR] LogOutputStream:75 - [STDERR_REDIRECT] 
2026-07-16 12:25:27,462 [ERROR] LogOutputStream:75 - [STDERR_REDIRECT] [Fatal Error] :1:1: Premature end of file.
2026-07-16 12:25:27,462 [ERROR] LogOutputStream:75 - [STDERR_REDIRECT] 
2026-07-16 12:25:28,462 [ERROR] LogOutputStream:75 - [STDERR_REDIRECT] [Fatal Error] :1:1: Premature end of file.
2026-07-16 12:25:28,462 [ERROR] LogOutputStream:75 - [STDERR_REDIRECT] 
2026-07-16 12:25:29,462 [ERROR] LogOutputStream:75 - [STDERR_REDIRECT] [Fatal Error] :1:1: Premature end of file.
2026-07-16 12:25:29,462 [ERROR] LogOutputStream:75 - [STDERR_REDIRECT] 
2026-07-16 12:25:30,462 [ERROR] LogOutputStream:75 - [STDERR_REDIRECT] [Fatal Error] :1:1: Premature end of file.
2026-07-16 12:25:30,462 [ERROR] LogOutputStream:75 - [STDERR_REDIRECT] 
2026-07-16 12:25:31,461 [ERROR] LogOutputStream:75 - [STDERR_REDIRECT] [Fatal Error] :1:1: Premature end of file.
2026-07-16 12:25:31,461 [ERROR] LogOutputStream:75 - [STDERR_REDIRECT] 
2026-07-16 12:25:32,462 [ERROR] LogOutputStream:75 - [STDERR_REDIRECT] [Fatal Error] :1:1: Premature end of file.
2026-07-16 12:25:32,462 [ERROR] LogOutputStream:75 - [STDERR_REDIRECT] 
2026-07-16 12:25:33,461 [ERROR] LogOutputStream:75 - [STDERR_REDIRECT] [Fatal Error] :1:1: Premature end of file.
2026-07-16 12:25:33,461 [ERROR] LogOutputStream:75 - [STDERR_REDIRECT] 
2026-07-16 12:25:34,463 [ERROR] LogOutputStream:75 - [STDERR_REDIRECT] [Fatal Error] :1:1: Premature end of file.
2026-07-16 12:25:34,463 [ERROR] LogOutputStream:75 - [STDERR_REDIRECT] 
2026-07-16 12:25:35,467 [ERROR] LogOutputStream:75 - [STDERR_REDIRECT] [Fatal Error] :1:1: Premature end of file.
2026-07-16 12:25:35,468 [ERROR] LogOutputStream:75 - [STDERR_REDIRECT] 
2026-07-16 12:25:36,462 [ERROR] LogOutputStream:75 - [STDERR_REDIRECT] [Fatal Error] :1:1: Premature end of file.
2026-07-16 12:25:36,462 [ERROR] LogOutputStream:75 - [STDERR_REDIRECT] 
2026-07-16 12:25:37,464 [ERROR] LogOutputStream:75 - [STDERR_REDIRECT] [Fatal Error] :1:1: Premature end of file.
2026-07-16 12:25:37,464 [ERROR] LogOutputStream:75 - [STDERR_REDIRECT] 
2026-07-16 12:25:38,462 [ERROR] LogOutputStream:75 - [STDERR_REDIRECT] [Fatal Error] :1:1: Premature end of file.
2026-07-16 12:25:38,462 [ERROR] LogOutputStream:75 - [STDERR_REDIRECT] 
2026-07-16 12:25:39,463 [ERROR] LogOutputStream:75 - [STDERR_REDIRECT] [Fatal Error] :1:1: Premature end of file.
2026-07-16 12:25:39,463 [ERROR] LogOutputStream:75 - [STDERR_REDIRECT] 
2026-07-16 12:25:40,464 [ERROR] LogOutputStream:75 - [STDERR_REDIRECT] [Fatal Error] :1:1: Premature end of file.
2026-07-16 12:25:40,464 [ERROR] LogOutputStream:75 - [STDERR_REDIRECT] 
2026-07-16 12:25:41,461 [ERROR] LogOutputStream:75 - [STDERR_REDIRECT] [Fatal Error] :1:1: Premature end of file.
2026-07-16 12:25:41,462 [ERROR] LogOutputStream:75 - [STDERR_REDIRECT] 
2026-07-16 12:25:42,462 [ERROR] LogOutputStream:75 - [STDERR_REDIRECT] [Fatal Error] :1:1: Premature end of file.
2026-07-16 12:25:42,462 [ERROR] LogOutputStream:75 - [STDERR_REDIRECT] 
2026-07-16 12:25:43,461 [ERROR] LogOutputStream:75 - [STDERR_REDIRECT] [Fatal Error] :1:1: Premature end of file.
2026-07-16 12:25:43,461 [ERROR] LogOutputStream:75 - [STDERR_REDIRECT] 
2026-07-16 12:25:44,462 [ERROR] LogOutputStream:75 - [STDERR_REDIRECT] [Fatal Error] :1:1: Premature end of file.
2026-07-16 12:25:44,462 [ERROR] LogOutputStream:75 - [STDERR_REDIRECT] 
2026-07-16 12:25:45,462 [ERROR] LogOutputStream:75 - [STDERR_REDIRECT] [Fatal Error] :1:1: Premature end of file.
2026-07-16 12:25:45,462 [ERROR] LogOutputStream:75 - [STDERR_REDIRECT] 
2026-07-16 12:25:46,461 [ERROR] LogOutputStream:75 - [STDERR_REDIRECT] [Fatal Error] :1:1: Premature end of file.
2026-07-16 12:25:46,461 [ERROR] LogOutputStream:75 - [STDERR_REDIRECT] 
2026-07-16 12:25:47,464 [ERROR] LogOutputStream:75 - [STDERR_REDIRECT] [Fatal Error] :1:1: Premature end of file.
2026-07-16 12:25:47,464 [ERROR] LogOutputStream:75 - [STDERR_REDIRECT] 
2026-07-16 12:25:48,463 [ERROR] LogOutputStream:75 - [STDERR_REDIRECT] [Fatal Error] :1:1: Premature end of file.
2026-07-16 12:25:48,463 [ERROR] LogOutputStream:75 - [STDERR_REDIRECT] 
2026-07-16 12:25:49,463 [ERROR] LogOutputStream:75 - [STDERR_REDIRECT] [Fatal Error] :1:1: Premature end of file.
2026-07-16 12:25:49,463 [ERROR] LogOutputStream:75 - [STDERR_REDIRECT] 
2026-07-16 12:25:50,462 [ERROR] LogOutputStream:75 - [STDERR_REDIRECT] [Fatal Error] :1:1: Premature end of file.
2026-07-16 12:25:50,462 [ERROR] LogOutputStream:75 - [STDERR_REDIRECT] 
2026-07-16 12:25:51,463 [ERROR] LogOutputStream:75 - [STDERR_REDIRECT] [Fatal Error] :1:1: Premature end of file.
2026-07-16 12:25:51,463 [ERROR] LogOutputStream:75 - [STDERR_REDIRECT] 
2026-07-16 12:25:52,461 [ERROR] LogOutputStream:75 - [STDERR_REDIRECT] [Fatal Error] :1:1: Premature end of file.
2026-07-16 12:25:52,461 [ERROR] LogOutputStream:75 - [STDERR_REDIRECT] 
2026-07-16 12:25:53,462 [ERROR] LogOutputStream:75 - [STDERR_REDIRECT] [Fatal Error] :1:1: Premature end of file.
2026-07-16 12:25:53,462 [ERROR] LogOutputStream:75 - [STDERR_REDIRECT] 
2026-07-16 12:25:54,462 [ERROR] LogOutputStream:75 - [STDERR_REDIRECT] [Fatal Error] :1:1: Premature end of file.
2026-07-16 12:25:54,462 [ERROR] LogOutputStream:75 - [STDERR_REDIRECT] 
2026-07-16 12:25:55,462 [ERROR] LogOutputStream:75 - [STDERR_REDIRECT] [Fatal Error] :1:1: Premature end of file.
2026-07-16 12:25:55,462 [ERROR] LogOutputStream:75 - [STDERR_REDIRECT] 
2026-07-16 12:25:56,463 [ERROR] LogOutputStream:75 - [STDERR_REDIRECT] [Fatal Error] :1:1: Premature end of file.
2026-07-16 12:25:56,463 [ERROR] LogOutputStream:75 - [STDERR_REDIRECT] 
2026-07-16 12:25:57,464 [ERROR] LogOutputStream:75 - [STDERR_REDIRECT] [Fatal Error] :1:1: Premature end of file.
2026-07-16 12:25:57,464 [ERROR] LogOutputStream:75 - [STDERR_REDIRECT] 
2026-07-16 12:25:58,461 [ERROR] LogOutputStream:75 - [STDERR_REDIRECT] [Fatal Error] :1:1: Premature end of file.
2026-07-16 12:25:58,462 [ERROR] LogOutputStream:75 - [STDERR_REDIRECT] 
2026-07-16 12:25:59,461 [ERROR] LogOutputStream:75 - [STDERR_REDIRECT] [Fatal Error] :1:1: Premature end of file.
2026-07-16 12:25:59,461 [ERROR] LogOutputStream:75 - [STDERR_REDIRECT] 
2026-07-16 12:26:00,461 [ERROR] LogOutputStream:75 - [STDERR_REDIRECT] [Fatal Error] :1:1: Premature end of file.
2026-07-16 12:26:00,461 [ERROR] LogOutputStream:75 - [STDERR_REDIRECT] 
2026-07-16 12:26:01,462 [ERROR] LogOutputStream:75 - [STDERR_REDIRECT] [Fatal Error] :1:1: Premature end of file.
2026-07-16 12:26:01,462 [ERROR] LogOutputStream:75 - [STDERR_REDIRECT] 
2026-07-16 12:26:02,462 [ERROR] LogOutputStream:75 - [STDERR_REDIRECT] [Fatal Error] :1:1: Premature end of file.
2026-07-16 12:26:02,462 [ERROR] LogOutputStream:75 - [STDERR_REDIRECT] 
2026-07-16 12:26:03,462 [ERROR] LogOutputStream:75 - [STDERR_REDIRECT] [Fatal Error] :1:1: Premature end of file.
2026-07-16 12:26:03,463 [ERROR] LogOutputStream:75 - [STDERR_REDIRECT] 
2026-07-16 12:26:04,462 [ERROR] LogOutputStream:75 - [STDERR_REDIRECT] [Fatal Error] :1:1: Premature end of file.
2026-07-16 12:26:04,462 [ERROR] LogOutputStream:75 - [STDERR_REDIRECT] 
2026-07-16 12:26:05,462 [ERROR] LogOutputStream:75 - [STDERR_REDIRECT] [Fatal Error] :1:1: Premature end of file.
2026-07-16 12:26:05,462 [ERROR] LogOutputStream:75 - [STDERR_REDIRECT] 
2026-07-16 12:26:06,462 [ERROR] LogOutputStream:75 - [STDERR_REDIRECT] [Fatal Error] :1:1: Premature end of file.
2026-07-16 12:26:06,462 [ERROR] LogOutputStream:75 - [STDERR_REDIRECT] 
2026-07-16 12:26:07,462 [ERROR] LogOutputStream:75 - [STDERR_REDIRECT] [Fatal Error] :1:1: Premature end of file.
2026-07-16 12:26:07,462 [ERROR] LogOutputStream:75 - [STDERR_REDIRECT] 
2026-07-16 12:26:08,461 [ERROR] LogOutputStream:75 - [STDERR_REDIRECT] [Fatal Error] :1:1: Premature end of file.
2026-07-16 12:26:08,462 [ERROR] LogOutputStream:75 - [STDERR_REDIRECT] 
2026-07-16 12:26:09,462 [ERROR] LogOutputStream:75 - [STDERR_REDIRECT] [Fatal Error] :1:1: Premature end of file.
2026-07-16 12:26:09,462 [ERROR] LogOutputStream:75 - [STDERR_REDIRECT] 
2026-07-16 12:26:10,462 [ERROR] LogOutputStream:75 - [STDERR_REDIRECT] [Fatal Error] :1:1: Premature end of file.
2026-07-16 12:26:10,462 [ERROR] LogOutputStream:75 - [STDERR_REDIRECT] 
2026-07-16 12:26:11,462 [ERROR] LogOutputStream:75 - [STDERR_REDIRECT] [Fatal Error] :1:1: Premature end of file.
2026-07-16 12:26:11,462 [ERROR] LogOutputStream:75 - [STDERR_REDIRECT] 
2026-07-16 12:26:12,462 [ERROR] LogOutputStream:75 - [STDERR_REDIRECT] [Fatal Error] :1:1: Premature end of file.
2026-07-16 12:26:12,462 [ERROR] LogOutputStream:75 - [STDERR_REDIRECT] 
2026-07-16 12:26:13,463 [ERROR] LogOutputStream:75 - [STDERR_REDIRECT] [Fatal Error] :1:1: Premature end of file.
2026-07-16 12:26:13,463 [ERROR] LogOutputStream:75 - [STDERR_REDIRECT] 
2026-07-16 12:26:14,463 [ERROR] LogOutputStream:75 - [STDERR_REDIRECT] [Fatal Error] :1:1: Premature end of file.
2026-07-16 12:26:14,463 [ERROR] LogOutputStream:75 - [STDERR_REDIRECT] 
2026-07-16 12:26:15,462 [ERROR] LogOutputStream:75 - [STDERR_REDIRECT] [Fatal Error] :1:1: Premature end of file.
2026-07-16 12:26:15,462 [ERROR] LogOutputStream:75 - [STDERR_REDIRECT] 
2026-07-16 12:26:16,463 [ERROR] LogOutputStream:75 - [STDERR_REDIRECT] [Fatal Error] :1:1: Premature end of file.
2026-07-16 12:26:16,463 [ERROR] LogOutputStream:75 - [STDERR_REDIRECT] 
2026-07-16 12:26:17,461 [ERROR] LogOutputStream:75 - [STDERR_REDIRECT] [Fatal Error] :1:1: Premature end of file.
2026-07-16 12:26:17,461 [ERROR] LogOutputStream:75 - [STDERR_REDIRECT] 
2026-07-16 12:26:18,461 [ERROR] LogOutputStream:75 - [STDERR_REDIRECT] [Fatal Error] :1:1: Premature end of file.
2026-07-16 12:26:18,462 [ERROR] LogOutputStream:75 - [STDERR_REDIRECT] 
2026-07-16 12:26:19,462 [ERROR] LogOutputStream:75 - [STDERR_REDIRECT] [Fatal Error] :1:1: Premature end of file.
2026-07-16 12:26:19,462 [ERROR] LogOutputStream:75 - [STDERR_REDIRECT] 
2026-07-16 12:26:20,463 [ERROR] LogOutputStream:75 - [STDERR_REDIRECT] [Fatal Error] :1:1: Premature end of file.
2026-07-16 12:26:20,463 [ERROR] LogOutputStream:75 - [STDERR_REDIRECT] 
2026-07-16 12:26:21,462 [ERROR] LogOutputStream:75 - [STDERR_REDIRECT] [Fatal Error] :1:1: Premature end of file.
2026-07-16 12:26:21,463 [ERROR] LogOutputStream:75 - [STDERR_REDIRECT] 
2026-07-16 12:26:22,464 [ERROR] LogOutputStream:75 - [STDERR_REDIRECT] [Fatal Error] :1:1: Premature end of file.
2026-07-16 12:26:22,464 [ERROR] LogOutputStream:75 - [STDERR_REDIRECT] 
2026-07-16 12:26:23,461 [ERROR] LogOutputStream:75 - [STDERR_REDIRECT] [Fatal Error] :1:1: Premature end of file.
2026-07-16 12:26:23,461 [ERROR] LogOutputStream:75 - [STDERR_REDIRECT] 
2026-07-16 12:26:24,461 [ERROR] LogOutputStream:75 - [STDERR_REDIRECT] [Fatal Error] :1:1: Premature end of file.
2026-07-16 12:26:24,461 [ERROR] LogOutputStream:75 - [STDERR_REDIRECT] 
2026-07-16 12:26:25,463 [ERROR] LogOutputStream:75 - [STDERR_REDIRECT] [Fatal Error] :1:1: Premature end of file.
2026-07-16 12:26:25,463 [ERROR] LogOutputStream:75 - [STDERR_REDIRECT] 
2026-07-16 12:26:26,462 [ERROR] LogOutputStream:75 - [STDERR_REDIRECT] [Fatal Error] :1:1: Premature end of file.
2026-07-16 12:26:26,462 [ERROR] LogOutputStream:75 - [STDERR_REDIRECT] 
2026-07-16 12:26:27,462 [ERROR] LogOutputStream:75 - [STDERR_REDIRECT] [Fatal Error] :1:1: Premature end of file.
2026-07-16 12:26:27,462 [ERROR] LogOutputStream:75 - [STDERR_REDIRECT] 
2026-07-16 12:26:28,461 [ERROR] LogOutputStream:75 - [STDERR_REDIRECT] [Fatal Error] :1:1: Premature end of file.
2026-07-16 12:26:28,461 [ERROR] LogOutputStream:75 - [STDERR_REDIRECT] 
2026-07-16 12:26:29,462 [ERROR] LogOutputStream:75 - [STDERR_REDIRECT] [Fatal Error] :1:1: Premature end of file.
2026-07-16 12:26:29,462 [ERROR] LogOutputStream:75 - [STDERR_REDIRECT] 
2026-07-16 12:26:30,463 [ERROR] LogOutputStream:75 - [STDERR_REDIRECT] [Fatal Error] :1:1: Premature end of file.
2026-07-16 12:26:30,463 [ERROR] LogOutputStream:75 - [STDERR_REDIRECT] 
2026-07-16 12:26:31,462 [ERROR] LogOutputStream:75 - [STDERR_REDIRECT] [Fatal Error] :1:1: Premature end of file.
2026-07-16 12:26:31,462 [ERROR] LogOutputStream:75 - [STDERR_REDIRECT] 
2026-07-16 12:26:32,464 [ERROR] LogOutputStream:75 - [STDERR_REDIRECT] [Fatal Error] :1:1: Premature end of file.
2026-07-16 12:26:32,464 [ERROR] LogOutputStream:75 - [STDERR_REDIRECT] 
2026-07-16 12:26:33,462 [ERROR] LogOutputStream:75 - [STDERR_REDIRECT] [Fatal Error] :1:1: Premature end of file.
2026-07-16 12:26:33,462 [ERROR] LogOutputStream:75 - [STDERR_REDIRECT] 
2026-07-16 12:26:34,462 [ERROR] LogOutputStream:75 - [STDERR_REDIRECT] [Fatal Error] :1:1: Premature end of file.
2026-07-16 12:26:34,462 [ERROR] LogOutputStream:75 - [STDERR_REDIRECT] 
2026-07-16 12:26:35,465 [ERROR] LogOutputStream:75 - [STDERR_REDIRECT] [Fatal Error] :1:1: Premature end of file.
2026-07-16 12:26:35,465 [ERROR] LogOutputStream:75 - [STDERR_REDIRECT] 
2026-07-16 12:26:36,463 [ERROR] LogOutputStream:75 - [STDERR_REDIRECT] [Fatal Error] :1:1: Premature end of file.
2026-07-16 12:26:36,463 [ERROR] LogOutputStream:75 - [STDERR_REDIRECT] 
2026-07-16 12:26:37,461 [ERROR] LogOutputStream:75 - [STDERR_REDIRECT] [Fatal Error] :1:1: Premature end of file.
2026-07-16 12:26:37,461 [ERROR] LogOutputStream:75 - [STDERR_REDIRECT] 
2026-07-16 12:26:38,467 [ERROR] LogOutputStream:75 - [STDERR_REDIRECT] [Fatal Error] :1:1: Premature end of file.
2026-07-16 12:26:38,467 [ERROR] LogOutputStream:75 - [STDERR_REDIRECT] 
2026-07-16 12:26:39,466 [ERROR] LogOutputStream:75 - [STDERR_REDIRECT] [Fatal Error] :1:1: Premature end of file.
2026-07-16 12:26:39,467 [ERROR] LogOutputStream:75 - [STDERR_REDIRECT] 
2026-07-16 12:26:40,464 [ERROR] LogOutputStream:75 - [STDERR_REDIRECT] [Fatal Error] :1:1: Premature end of file.
2026-07-16 12:26:40,465 [ERROR] LogOutputStream:75 - [STDERR_REDIRECT] 
2026-07-16 12:26:41,463 [ERROR] LogOutputStream:75 - [STDERR_REDIRECT] [Fatal Error] :1:1: Premature end of file.
2026-07-16 12:26:41,463 [ERROR] LogOutputStream:75 - [STDERR_REDIRECT] 
2026-07-16 12:26:42,462 [ERROR] LogOutputStream:75 - [STDERR_REDIRECT] [Fatal Error] :1:1: Premature end of file.
2026-07-16 12:26:42,462 [ERROR] LogOutputStream:75 - [STDERR_REDIRECT] 
2026-07-16 12:26:43,461 [ERROR] LogOutputStream:75 - [STDERR_REDIRECT] [Fatal Error] :1:1: Premature end of file.
2026-07-16 12:26:43,461 [ERROR] LogOutputStream:75 - [STDERR_REDIRECT] 
2026-07-16 12:26:44,461 [ERROR] LogOutputStream:75 - [STDERR_REDIRECT] [Fatal Error] :1:1: Premature end of file.
2026-07-16 12:26:44,461 [ERROR] LogOutputStream:75 - [STDERR_REDIRECT] 
2026-07-16 12:26:45,461 [ERROR] LogOutputStream:75 - [STDERR_REDIRECT] [Fatal Error] :1:1: Premature end of file.
2026-07-16 12:26:45,462 [ERROR] LogOutputStream:75 - [STDERR_REDIRECT] 
2026-07-16 12:26:46,466 [ERROR] LogOutputStream:75 - [STDERR_REDIRECT] [Fatal Error] :1:1: Premature end of file.
2026-07-16 12:26:46,466 [ERROR] LogOutputStream:75 - [STDERR_REDIRECT] 
2026-07-16 12:26:47,463 [ERROR] LogOutputStream:75 - [STDERR_REDIRECT] [Fatal Error] :1:1: Premature end of file.
2026-07-16 12:26:47,463 [ERROR] LogOutputStream:75 - [STDERR_REDIRECT] 
2026-07-16 12:26:48,464 [ERROR] LogOutputStream:75 - [STDERR_REDIRECT] [Fatal Error] :1:1: Premature end of file.
2026-07-16 12:26:48,464 [ERROR] LogOutputStream:75 - [STDERR_REDIRECT] 
2026-07-16 12:26:49,461 [ERROR] LogOutputStream:75 - [STDERR_REDIRECT] [Fatal Error] :1:1: Premature end of file.
2026-07-16 12:26:49,461 [ERROR] LogOutputStream:75 - [STDERR_REDIRECT] 
2026-07-16 12:26:50,461 [ERROR] LogOutputStream:75 - [STDERR_REDIRECT] [Fatal Error] :1:1: Premature end of file.
2026-07-16 12:26:50,461 [ERROR] LogOutputStream:75 - [STDERR_REDIRECT] 
2026-07-16 12:26:51,462 [ERROR] LogOutputStream:75 - [STDERR_REDIRECT] [Fatal Error] :1:1: Premature end of file.
2026-07-16 12:26:51,462 [ERROR] LogOutputStream:75 - [STDERR_REDIRECT] 
2026-07-16 12:26:52,461 [ERROR] LogOutputStream:75 - [STDERR_REDIRECT] [Fatal Error] :1:1: Premature end of file.
2026-07-16 12:26:52,461 [ERROR] LogOutputStream:75 - [STDERR_REDIRECT] 
2026-07-16 12:26:53,461 [ERROR] LogOutputStream:75 - [STDERR_REDIRECT] [Fatal Error] :1:1: Premature end of file.
2026-07-16 12:26:53,461 [ERROR] LogOutputStream:75 - [STDERR_REDIRECT] 
2026-07-16 12:26:54,461 [ERROR] LogOutputStream:75 - [STDERR_REDIRECT] [Fatal Error] :1:1: Premature end of file.
2026-07-16 12:26:54,461 [ERROR] LogOutputStream:75 - [STDERR_REDIRECT] 
2026-07-16 12:26:55,462 [ERROR] LogOutputStream:75 - [STDERR_REDIRECT] [Fatal Error] :1:1: Premature end of file.
2026-07-16 12:26:55,462 [ERROR] LogOutputStream:75 - [STDERR_REDIRECT] 
2026-07-16 12:26:56,461 [ERROR] LogOutputStream:75 - [STDERR_REDIRECT] [Fatal Error] :1:1: Premature end of file.
2026-07-16 12:26:56,461 [ERROR] LogOutputStream:75 - [STDERR_REDIRECT] 
2026-07-16 12:26:57,461 [ERROR] LogOutputStream:75 - [STDERR_REDIRECT] [Fatal Error] :1:1: Premature end of file.
2026-07-16 12:26:57,461 [ERROR] LogOutputStream:75 - [STDERR_REDIRECT] 
2026-07-16 12:26:58,461 [ERROR] LogOutputStream:75 - [STDERR_REDIRECT] [Fatal Error] :1:1: Premature end of file.
2026-07-16 12:26:58,461 [ERROR] LogOutputStream:75 - [STDERR_REDIRECT] 
2026-07-16 12:26:59,463 [ERROR] LogOutputStream:75 - [STDERR_REDIRECT] [Fatal Error] :1:1: Premature end of file.
2026-07-16 12:26:59,463 [ERROR] LogOutputStream:75 - [STDERR_REDIRECT] 
2026-07-16 12:27:00,461 [ERROR] LogOutputStream:75 - [STDERR_REDIRECT] [Fatal Error] :1:1: Premature end of file.
2026-07-16 12:27:00,461 [ERROR] LogOutputStream:75 - [STDERR_REDIRECT] 
2026-07-16 12:27:01,461 [ERROR] LogOutputStream:75 - [STDERR_REDIRECT] [Fatal Error] :1:1: Premature end of file.
2026-07-16 12:27:01,461 [ERROR] LogOutputStream:75 - [STDERR_REDIRECT] 
2026-07-16 12:27:02,461 [ERROR] LogOutputStream:75 - [STDERR_REDIRECT] [Fatal Error] :1:1: Premature end of file.
2026-07-16 12:27:02,461 [ERROR] LogOutputStream:75 - [STDERR_REDIRECT] 
2026-07-16 12:27:03,462 [ERROR] LogOutputStream:75 - [STDERR_REDIRECT] [Fatal Error] :1:1: Premature end of file.
2026-07-16 12:27:03,462 [ERROR] LogOutputStream:75 - [STDERR_REDIRECT] 
2026-07-16 12:27:04,461 [ERROR] LogOutputStream:75 - [STDERR_REDIRECT] [Fatal Error] :1:1: Premature end of file.
2026-07-16 12:27:04,461 [ERROR] LogOutputStream:75 - [STDERR_REDIRECT] 
2026-07-16 12:27:05,462 [ERROR] LogOutputStream:75 - [STDERR_REDIRECT] [Fatal Error] :1:1: Premature end of file.
2026-07-16 12:27:05,462 [ERROR] LogOutputStream:75 - [STDERR_REDIRECT] 
2026-07-16 12:27:06,461 [ERROR] LogOutputStream:75 - [STDERR_REDIRECT] [Fatal Error] :1:1: Premature end of file.
2026-07-16 12:27:06,462 [ERROR] LogOutputStream:75 - [STDERR_REDIRECT] 
2026-07-16 12:27:07,461 [ERROR] LogOutputStream:75 - [STDERR_REDIRECT] [Fatal Error] :1:1: Premature end of file.
2026-07-16 12:27:07,461 [ERROR] LogOutputStream:75 - [STDERR_REDIRECT] 
2026-07-16 12:27:08,462 [ERROR] LogOutputStream:75 - [STDERR_REDIRECT] [Fatal Error] :1:1: Premature end of file.
2026-07-16 12:27:08,462 [ERROR] LogOutputStream:75 - [STDERR_REDIRECT] 
2026-07-16 12:27:09,461 [ERROR] LogOutputStream:75 - [STDERR_REDIRECT] [Fatal Error] :1:1: Premature end of file.
2026-07-16 12:27:09,461 [ERROR] LogOutputStream:75 - [STDERR_REDIRECT] 
2026-07-16 12:27:10,461 [ERROR] LogOutputStream:75 - [STDERR_REDIRECT] [Fatal Error] :1:1: Premature end of file.
2026-07-16 12:27:10,461 [ERROR] LogOutputStream:75 - [STDERR_REDIRECT] 
2026-07-16 12:27:11,461 [ERROR] LogOutputStream:75 - [STDERR_REDIRECT] [Fatal Error] :1:1: Premature end of file.
2026-07-16 12:27:11,461 [ERROR] LogOutputStream:75 - [STDERR_REDIRECT] 
2026-07-16 12:27:12,461 [ERROR] LogOutputStream:75 - [STDERR_REDIRECT] [Fatal Error] :1:1: Premature end of file.
2026-07-16 12:27:12,461 [ERROR] LogOutputStream:75 - [STDERR_REDIRECT] 
2026-07-16 12:27:13,464 [ERROR] LogOutputStream:75 - [STDERR_REDIRECT] [Fatal Error] :1:1: Premature end of file.
2026-07-16 12:27:13,464 [ERROR] LogOutputStream:75 - [STDERR_REDIRECT] 
2026-07-16 12:27:14,463 [ERROR] LogOutputStream:75 - [STDERR_REDIRECT] [Fatal Error] :1:1: Premature end of file.
2026-07-16 12:27:14,463 [ERROR] LogOutputStream:75 - [STDERR_REDIRECT] 
2026-07-16 12:27:15,462 [ERROR] LogOutputStream:75 - [STDERR_REDIRECT] [Fatal Error] :1:1: Premature end of file.
2026-07-16 12:27:15,462 [ERROR] LogOutputStream:75 - [STDERR_REDIRECT] 
2026-07-16 12:27:16,462 [ERROR] LogOutputStream:75 - [STDERR_REDIRECT] [Fatal Error] :1:1: Premature end of file.
2026-07-16 12:27:16,462 [ERROR] LogOutputStream:75 - [STDERR_REDIRECT] 
2026-07-16 12:27:17,463 [ERROR] LogOutputStream:75 - [STDERR_REDIRECT] [Fatal Error] :1:1: Premature end of file.
2026-07-16 12:27:17,463 [ERROR] LogOutputStream:75 - [STDERR_REDIRECT] 
2026-07-16 12:27:18,461 [ERROR] LogOutputStream:75 - [STDERR_REDIRECT] [Fatal Error] :1:1: Premature end of file.
2026-07-16 12:27:18,461 [ERROR] LogOutputStream:75 - [STDERR_REDIRECT] 
2026-07-16 12:27:19,461 [ERROR] LogOutputStream:75 - [STDERR_REDIRECT] [Fatal Error] :1:1: Premature end of file.
2026-07-16 12:27:19,461 [ERROR] LogOutputStream:75 - [STDERR_REDIRECT] 
2026-07-16 12:27:20,462 [ERROR] LogOutputStream:75 - [STDERR_REDIRECT] [Fatal Error] :1:1: Premature end of file.
2026-07-16 12:27:20,462 [ERROR] LogOutputStream:75 - [STDERR_REDIRECT] 
2026-07-16 12:27:21,461 [ERROR] LogOutputStream:75 - [STDERR_REDIRECT] [Fatal Error] :1:1: Premature end of file.
2026-07-16 12:27:21,461 [ERROR] LogOutputStream:75 - [STDERR_REDIRECT] 
2026-07-16 12:27:22,461 [ERROR] LogOutputStream:75 - [STDERR_REDIRECT] [Fatal Error] :1:1: Premature end of file.
2026-07-16 12:27:22,461 [ERROR] LogOutputStream:75 - [STDERR_REDIRECT] 
2026-07-16 12:27:23,462 [ERROR] LogOutputStream:75 - [STDERR_REDIRECT] [Fatal Error] :1:1: Premature end of file.
2026-07-16 12:27:23,462 [ERROR] LogOutputStream:75 - [STDERR_REDIRECT] 
2026-07-16 12:27:24,461 [ERROR] LogOutputStream:75 - [STDERR_REDIRECT] [Fatal Error] :1:1: Premature end of file.
2026-07-16 12:27:24,461 [ERROR] LogOutputStream:75 - [STDERR_REDIRECT] 
2026-07-16 12:27:25,462 [ERROR] LogOutputStream:75 - [STDERR_REDIRECT] [Fatal Error] :1:1: Premature end of file.
2026-07-16 12:27:25,463 [ERROR] LogOutputStream:75 - [STDERR_REDIRECT] 
2026-07-16 12:27:26,462 [ERROR] LogOutputStream:75 - [STDERR_REDIRECT] [Fatal Error] :1:1: Premature end of file.
2026-07-16 12:27:26,462 [ERROR] LogOutputStream:75 - [STDERR_REDIRECT] 
2026-07-16 12:27:27,462 [ERROR] LogOutputStream:75 - [STDERR_REDIRECT] [Fatal Error] :1:1: Premature end of file.
2026-07-16 12:27:27,462 [ERROR] LogOutputStream:75 - [STDERR_REDIRECT] 
2026-07-16 12:27:28,461 [ERROR] LogOutputStream:75 - [STDERR_REDIRECT] [Fatal Error] :1:1: Premature end of file.
2026-07-16 12:27:28,461 [ERROR] LogOutputStream:75 - [STDERR_REDIRECT] 
2026-07-16 12:27:29,462 [ERROR] LogOutputStream:75 - [STDERR_REDIRECT] [Fatal Error] :1:1: Premature end of file.
2026-07-16 12:27:29,462 [ERROR] LogOutputStream:75 - [STDERR_REDIRECT] 
2026-07-16 12:27:30,461 [ERROR] LogOutputStream:75 - [STDERR_REDIRECT] [Fatal Error] :1:1: Premature end of file.
2026-07-16 12:27:30,461 [ERROR] LogOutputStream:75 - [STDERR_REDIRECT] 
2026-07-16 12:27:31,462 [ERROR] LogOutputStream:75 - [STDERR_REDIRECT] [Fatal Error] :1:1: Premature end of file.
2026-07-16 12:27:31,462 [ERROR] LogOutputStream:75 - [STDERR_REDIRECT] 
2026-07-16 12:27:32,462 [ERROR] LogOutputStream:75 - [STDERR_REDIRECT] [Fatal Error] :1:1: Premature end of file.
2026-07-16 12:27:32,462 [ERROR] LogOutputStream:75 - [STDERR_REDIRECT] 
2026-07-16 12:27:33,462 [ERROR] LogOutputStream:75 - [STDERR_REDIRECT] [Fatal Error] :1:1: Premature end of file.
2026-07-16 12:27:33,462 [ERROR] LogOutputStream:75 - [STDERR_REDIRECT] 
2026-07-16 12:27:34,462 [ERROR] LogOutputStream:75 - [STDERR_REDIRECT] [Fatal Error] :1:1: Premature end of file.
2026-07-16 12:27:34,462 [ERROR] LogOutputStream:75 - [STDERR_REDIRECT] 
2026-07-16 12:27:35,462 [ERROR] LogOutputStream:75 - [STDERR_REDIRECT] [Fatal Error] :1:1: Premature end of file.
2026-07-16 12:27:35,462 [ERROR] LogOutputStream:75 - [STDERR_REDIRECT] 
2026-07-16 12:27:36,461 [ERROR] LogOutputStream:75 - [STDERR_REDIRECT] [Fatal Error] :1:1: Premature end of file.
2026-07-16 12:27:36,461 [ERROR] LogOutputStream:75 - [STDERR_REDIRECT] 
2026-07-16 12:27:37,462 [ERROR] LogOutputStream:75 - [STDERR_REDIRECT] [Fatal Error] :1:1: Premature end of file.
2026-07-16 12:27:37,462 [ERROR] LogOutputStream:75 - [STDERR_REDIRECT] 
2026-07-16 12:27:38,461 [ERROR] LogOutputStream:75 - [STDERR_REDIRECT] [Fatal Error] :1:1: Premature end of file.
2026-07-16 12:27:38,462 [ERROR] LogOutputStream:75 - [STDERR_REDIRECT] 
2026-07-16 12:27:39,463 [ERROR] LogOutputStream:75 - [STDERR_REDIRECT] [Fatal Error] :1:1: Premature end of file.
2026-07-16 12:27:39,463 [ERROR] LogOutputStream:75 - [STDERR_REDIRECT] 
2026-07-16 12:27:40,463 [ERROR] LogOutputStream:75 - [STDERR_REDIRECT] [Fatal Error] :1:1: Premature end of file.
2026-07-16 12:27:40,463 [ERROR] LogOutputStream:75 - [STDERR_REDIRECT] 
2026-07-16 12:27:41,463 [ERROR] LogOutputStream:75 - [STDERR_REDIRECT] [Fatal Error] :1:1: Premature end of file.
2026-07-16 12:27:41,463 [ERROR] LogOutputStream:75 - [STDERR_REDIRECT] 
2026-07-16 12:27:42,461 [ERROR] LogOutputStream:75 - [STDERR_REDIRECT] [Fatal Error] :1:1: Premature end of file.
2026-07-16 12:27:42,461 [ERROR] LogOutputStream:75 - [STDERR_REDIRECT] 
2026-07-16 12:27:43,462 [ERROR] LogOutputStream:75 - [STDERR_REDIRECT] [Fatal Error] :1:1: Premature end of file.
2026-07-16 12:27:43,463 [ERROR] LogOutputStream:75 - [STDERR_REDIRECT] 
2026-07-16 12:27:44,462 [ERROR] LogOutputStream:75 - [STDERR_REDIRECT] [Fatal Error] :1:1: Premature end of file.
2026-07-16 12:27:44,462 [ERROR] LogOutputStream:75 - [STDERR_REDIRECT] 
2026-07-16 12:27:45,462 [ERROR] LogOutputStream:75 - [STDERR_REDIRECT] [Fatal Error] :1:1: Premature end of file.
2026-07-16 12:27:45,462 [ERROR] LogOutputStream:75 - [STDERR_REDIRECT] 
2026-07-16 12:27:46,463 [ERROR] LogOutputStream:75 - [STDERR_REDIRECT] [Fatal Error] :1:1: Premature end of file.
2026-07-16 12:27:46,463 [ERROR] LogOutputStream:75 - [STDERR_REDIRECT] 
2026-07-16 12:27:47,468 [ERROR] LogOutputStream:75 - [STDERR_REDIRECT] [Fatal Error] :1:1: Premature end of file.
2026-07-16 12:27:47,468 [ERROR] LogOutputStream:75 - [STDERR_REDIRECT] 
2026-07-16 12:27:48,463 [ERROR] LogOutputStream:75 - [STDERR_REDIRECT] [Fatal Error] :1:1: Premature end of file.
2026-07-16 12:27:48,463 [ERROR] LogOutputStream:75 - [STDERR_REDIRECT] 
2026-07-16 12:27:49,462 [ERROR] LogOutputStream:75 - [STDERR_REDIRECT] [Fatal Error] :1:1: Premature end of file.
2026-07-16 12:27:49,462 [ERROR] LogOutputStream:75 - [STDERR_REDIRECT] 
2026-07-16 12:27:50,462 [ERROR] LogOutputStream:75 - [STDERR_REDIRECT] [Fatal Error] :1:1: Premature end of file.
2026-07-16 12:27:50,462 [ERROR] LogOutputStream:75 - [STDERR_REDIRECT] 
2026-07-16 12:27:51,464 [ERROR] LogOutputStream:75 - [STDERR_REDIRECT] [Fatal Error] :1:1: Premature end of file.
2026-07-16 12:27:51,464 [ERROR] LogOutputStream:75 - [STDERR_REDIRECT] 
2026-07-16 12:27:52,464 [ERROR] LogOutputStream:75 - [STDERR_REDIRECT] [Fatal Error] :1:1: Premature end of file.
2026-07-16 12:27:52,464 [ERROR] LogOutputStream:75 - [STDERR_REDIRECT] 
2026-07-16 12:27:53,462 [ERROR] LogOutputStream:75 - [STDERR_REDIRECT] [Fatal Error] :1:1: Premature end of file.
2026-07-16 12:27:53,462 [ERROR] LogOutputStream:75 - [STDERR_REDIRECT] 
2026-07-16 12:27:54,463 [ERROR] LogOutputStream:75 - [STDERR_REDIRECT] [Fatal Error] :1:1: Premature end of file.
2026-07-16 12:27:54,464 [ERROR] LogOutputStream:75 - [STDERR_REDIRECT] 
2026-07-16 12:27:55,463 [ERROR] LogOutputStream:75 - [STDERR_REDIRECT] [Fatal Error] :1:1: Premature end of file.
2026-07-16 12:27:55,463 [ERROR] LogOutputStream:75 - [STDERR_REDIRECT] 
2026-07-16 12:27:56,462 [ERROR] LogOutputStream:75 - [STDERR_REDIRECT] [Fatal Error] :1:1: Premature end of file.
2026-07-16 12:27:56,462 [ERROR] LogOutputStream:75 - [STDERR_REDIRECT] 
2026-07-16 12:27:57,464 [ERROR] LogOutputStream:75 - [STDERR_REDIRECT] [Fatal Error] :1:1: Premature end of file.
2026-07-16 12:27:57,464 [ERROR] LogOutputStream:75 - [STDERR_REDIRECT] 
2026-07-16 12:27:58,462 [ERROR] LogOutputStream:75 - [STDERR_REDIRECT] [Fatal Error] :1:1: Premature end of file.
2026-07-16 12:27:58,462 [ERROR] LogOutputStream:75 - [STDERR_REDIRECT] 
2026-07-16 12:27:59,463 [ERROR] LogOutputStream:75 - [STDERR_REDIRECT] [Fatal Error] :1:1: Premature end of file.
2026-07-16 12:27:59,463 [ERROR] LogOutputStream:75 - [STDERR_REDIRECT] 
2026-07-16 12:28:00,462 [ERROR] LogOutputStream:75 - [STDERR_REDIRECT] [Fatal Error] :1:1: Premature end of file.
2026-07-16 12:28:00,462 [ERROR] LogOutputStream:75 - [STDERR_REDIRECT] 
2026-07-16 12:28:01,463 [ERROR] LogOutputStream:75 - [STDERR_REDIRECT] [Fatal Error] :1:1: Premature end of file.
2026-07-16 12:28:01,463 [ERROR] LogOutputStream:75 - [STDERR_REDIRECT] 
2026-07-16 12:28:02,464 [ERROR] LogOutputStream:75 - [STDERR_REDIRECT] [Fatal Error] :1:1: Premature end of file.
2026-07-16 12:28:02,464 [ERROR] LogOutputStream:75 - [STDERR_REDIRECT] 
2026-07-16 12:28:03,463 [ERROR] LogOutputStream:75 - [STDERR_REDIRECT] [Fatal Error] :1:1: Premature end of file.
2026-07-16 12:28:03,463 [ERROR] LogOutputStream:75 - [STDERR_REDIRECT] 
2026-07-16 12:28:04,462 [ERROR] LogOutputStream:75 - [STDERR_REDIRECT] [Fatal Error] :1:1: Premature end of file.
2026-07-16 12:28:04,462 [ERROR] LogOutputStream:75 - [STDERR_REDIRECT] 
2026-07-16 12:28:05,463 [ERROR] LogOutputStream:75 - [STDERR_REDIRECT] [Fatal Error] :1:1: Premature end of file.
2026-07-16 12:28:05,463 [ERROR] LogOutputStream:75 - [STDERR_REDIRECT] 
2026-07-16 12:28:06,463 [ERROR] LogOutputStream:75 - [STDERR_REDIRECT] [Fatal Error] :1:1: Premature end of file.
2026-07-16 12:28:06,463 [ERROR] LogOutputStream:75 - [STDERR_REDIRECT] 
2026-07-16 12:28:07,463 [ERROR] LogOutputStream:75 - [STDERR_REDIRECT] [Fatal Error] :1:1: Premature end of file.
2026-07-16 12:28:07,463 [ERROR] LogOutputStream:75 - [STDERR_REDIRECT] 
2026-07-16 12:28:08,462 [ERROR] LogOutputStream:75 - [STDERR_REDIRECT] [Fatal Error] :1:1: Premature end of file.
2026-07-16 12:28:08,462 [ERROR] LogOutputStream:75 - [STDERR_REDIRECT] 
2026-07-16 12:28:09,463 [ERROR] LogOutputStream:75 - [STDERR_REDIRECT] [Fatal Error] :1:1: Premature end of file.
2026-07-16 12:28:09,463 [ERROR] LogOutputStream:75 - [STDERR_REDIRECT] 
2026-07-16 12:28:10,461 [ERROR] LogOutputStream:75 - [STDERR_REDIRECT] [Fatal Error] :1:1: Premature end of file.
2026-07-16 12:28:10,461 [ERROR] LogOutputStream:75 - [STDERR_REDIRECT] 
2026-07-16 12:28:11,463 [ERROR] LogOutputStream:75 - [STDERR_REDIRECT] [Fatal Error] :1:1: Premature end of file.
2026-07-16 12:28:11,463 [ERROR] LogOutputStream:75 - [STDERR_REDIRECT] 
2026-07-16 12:28:12,463 [ERROR] LogOutputStream:75 - [STDERR_REDIRECT] [Fatal Error] :1:1: Premature end of file.
2026-07-16 12:28:12,463 [ERROR] LogOutputStream:75 - [STDERR_REDIRECT] 
2026-07-16 12:28:13,463 [ERROR] LogOutputStream:75 - [STDERR_REDIRECT] [Fatal Error] :1:1: Premature end of file.
2026-07-16 12:28:13,463 [ERROR] LogOutputStream:75 - [STDERR_REDIRECT] 
2026-07-16 12:28:14,462 [ERROR] LogOutputStream:75 - [STDERR_REDIRECT] [Fatal Error] :1:1: Premature end of file.
2026-07-16 12:28:14,462 [ERROR] LogOutputStream:75 - [STDERR_REDIRECT] 
2026-07-16 12:28:15,462 [ERROR] LogOutputStream:75 - [STDERR_REDIRECT] [Fatal Error] :1:1: Premature end of file.
2026-07-16 12:28:15,462 [ERROR] LogOutputStream:75 - [STDERR_REDIRECT] 
2026-07-16 12:28:16,463 [ERROR] LogOutputStream:75 - [STDERR_REDIRECT] [Fatal Error] :1:1: Premature end of file.
2026-07-16 12:28:16,463 [ERROR] LogOutputStream:75 - [STDERR_REDIRECT] 
2026-07-16 12:28:17,461 [ERROR] LogOutputStream:75 - [STDERR_REDIRECT] [Fatal Error] :1:1: Premature end of file.
2026-07-16 12:28:17,461 [ERROR] LogOutputStream:75 - [STDERR_REDIRECT] 
2026-07-16 12:28:18,462 [ERROR] LogOutputStream:75 - [STDERR_REDIRECT] [Fatal Error] :1:1: Premature end of file.
2026-07-16 12:28:18,462 [ERROR] LogOutputStream:75 - [STDERR_REDIRECT] 
2026-07-16 12:28:19,461 [ERROR] LogOutputStream:75 - [STDERR_REDIRECT] [Fatal Error] :1:1: Premature end of file.
2026-07-16 12:28:19,461 [ERROR] LogOutputStream:75 - [STDERR_REDIRECT] 
2026-07-16 12:28:20,464 [ERROR] LogOutputStream:75 - [STDERR_REDIRECT] [Fatal Error] :1:1: Premature end of file.
2026-07-16 12:28:20,464 [ERROR] LogOutputStream:75 - [STDERR_REDIRECT] 
2026-07-16 12:28:21,462 [ERROR] LogOutputStream:75 - [STDERR_REDIRECT] [Fatal Error] :1:1: Premature end of file.
2026-07-16 12:28:21,462 [ERROR] LogOutputStream:75 - [STDERR_REDIRECT] 
2026-07-16 12:28:22,462 [ERROR] LogOutputStream:75 - [STDERR_REDIRECT] [Fatal Error] :1:1: Premature end of file.
2026-07-16 12:28:22,462 [ERROR] LogOutputStream:75 - [STDERR_REDIRECT] 
2026-07-16 12:28:23,468 [ERROR] LogOutputStream:75 - [STDERR_REDIRECT] [Fatal Error] :1:1: Premature end of file.
2026-07-16 12:28:23,469 [ERROR] LogOutputStream:75 - [STDERR_REDIRECT] 
2026-07-16 12:28:24,465 [ERROR] LogOutputStream:75 - [STDERR_REDIRECT] [Fatal Error] :1:1: Premature end of file.
2026-07-16 12:28:24,465 [ERROR] LogOutputStream:75 - [STDERR_REDIRECT] 
2026-07-16 12:28:25,463 [ERROR] LogOutputStream:75 - [STDERR_REDIRECT] [Fatal Error] :1:1: Premature end of file.
2026-07-16 12:28:25,463 [ERROR] LogOutputStream:75 - [STDERR_REDIRECT] 
2026-07-16 12:28:26,461 [ERROR] LogOutputStream:75 - [STDERR_REDIRECT] [Fatal Error] :1:1: Premature end of file.
2026-07-16 12:28:26,461 [ERROR] LogOutputStream:75 - [STDERR_REDIRECT] 
2026-07-16 12:28:27,470 [ERROR] LogOutputStream:75 - [STDERR_REDIRECT] [Fatal Error] :1:1: Premature end of file.
2026-07-16 12:28:27,470 [ERROR] LogOutputStream:75 - [STDERR_REDIRECT] 
2026-07-16 12:28:28,465 [ERROR] LogOutputStream:75 - [STDERR_REDIRECT] [Fatal Error] :1:1: Premature end of file.
2026-07-16 12:28:28,465 [ERROR] LogOutputStream:75 - [STDERR_REDIRECT] 
2026-07-16 12:28:29,461 [ERROR] LogOutputStream:75 - [STDERR_REDIRECT] [Fatal Error] :1:1: Premature end of file.
2026-07-16 12:28:29,461 [ERROR] LogOutputStream:75 - [STDERR_REDIRECT] 
2026-07-16 12:28:30,463 [ERROR] LogOutputStream:75 - [STDERR_REDIRECT] [Fatal Error] :1:1: Premature end of file.
2026-07-16 12:28:30,463 [ERROR] LogOutputStream:75 - [STDERR_REDIRECT] 
2026-07-16 12:28:31,462 [ERROR] LogOutputStream:75 - [STDERR_REDIRECT] [Fatal Error] :1:1: Premature end of file.
2026-07-16 12:28:31,462 [ERROR] LogOutputStream:75 - [STDERR_REDIRECT] 
2026-07-16 12:28:32,470 [ERROR] LogOutputStream:75 - [STDERR_REDIRECT] [Fatal Error] :1:1: Premature end of file.
2026-07-16 12:28:32,470 [ERROR] LogOutputStream:75 - [STDERR_REDIRECT] 
2026-07-16 12:28:33,466 [ERROR] LogOutputStream:75 - [STDERR_REDIRECT] [Fatal Error] :1:1: Premature end of file.
2026-07-16 12:28:33,467 [ERROR] LogOutputStream:75 - [STDERR_REDIRECT] 
2026-07-16 12:28:34,463 [ERROR] LogOutputStream:75 - [STDERR_REDIRECT] [Fatal Error] :1:1: Premature end of file.
2026-07-16 12:28:34,463 [ERROR] LogOutputStream:75 - [STDERR_REDIRECT] 
2026-07-16 12:28:35,463 [ERROR] LogOutputStream:75 - [STDERR_REDIRECT] [Fatal Error] :1:1: Premature end of file.
2026-07-16 12:28:35,463 [ERROR] LogOutputStream:75 - [STDERR_REDIRECT] 
2026-07-16 12:28:36,467 [ERROR] LogOutputStream:75 - [STDERR_REDIRECT] [Fatal Error] :1:1: Premature end of file.
2026-07-16 12:28:36,468 [ERROR] LogOutputStream:75 - [STDERR_REDIRECT] 
2026-07-16 12:28:37,463 [ERROR] LogOutputStream:75 - [STDERR_REDIRECT] [Fatal Error] :1:1: Premature end of file.
2026-07-16 12:28:37,463 [ERROR] LogOutputStream:75 - [STDERR_REDIRECT] 
2026-07-16 12:28:38,462 [ERROR] LogOutputStream:75 - [STDERR_REDIRECT] [Fatal Error] :1:1: Premature end of file.
2026-07-16 12:28:38,462 [ERROR] LogOutputStream:75 - [STDERR_REDIRECT] 
2026-07-16 12:28:39,462 [ERROR] LogOutputStream:75 - [STDERR_REDIRECT] [Fatal Error] :1:1: Premature end of file.
2026-07-16 12:28:39,462 [ERROR] LogOutputStream:75 - [STDERR_REDIRECT] 
2026-07-16 12:28:40,462 [ERROR] LogOutputStream:75 - [STDERR_REDIRECT] [Fatal Error] :1:1: Premature end of file.
2026-07-16 12:28:40,462 [ERROR] LogOutputStream:75 - [STDERR_REDIRECT] 
2026-07-16 12:28:41,461 [ERROR] LogOutputStream:75 - [STDERR_REDIRECT] [Fatal Error] :1:1: Premature end of file.
2026-07-16 12:28:41,461 [ERROR] LogOutputStream:75 - [STDERR_REDIRECT] 
2026-07-16 12:28:42,461 [ERROR] LogOutputStream:75 - [STDERR_REDIRECT] [Fatal Error] :1:1: Premature end of file.
2026-07-16 12:28:42,461 [ERROR] LogOutputStream:75 - [STDERR_REDIRECT] 
2026-07-16 12:28:43,462 [ERROR] LogOutputStream:75 - [STDERR_REDIRECT] [Fatal Error] :1:1: Premature end of file.
2026-07-16 12:28:43,462 [ERROR] LogOutputStream:75 - [STDERR_REDIRECT] 
2026-07-16 12:28:44,462 [ERROR] LogOutputStream:75 - [STDERR_REDIRECT] [Fatal Error] :1:1: Premature end of file.
2026-07-16 12:28:44,462 [ERROR] LogOutputStream:75 - [STDERR_REDIRECT] 
2026-07-16 12:28:45,462 [ERROR] LogOutputStream:75 - [STDERR_REDIRECT] [Fatal Error] :1:1: Premature end of file.
2026-07-16 12:28:45,462 [ERROR] LogOutputStream:75 - [STDERR_REDIRECT] 
2026-07-16 12:28:46,461 [ERROR] LogOutputStream:75 - [STDERR_REDIRECT] [Fatal Error] :1:1: Premature end of file.
2026-07-16 12:28:46,461 [ERROR] LogOutputStream:75 - [STDERR_REDIRECT] 
2026-07-16 12:28:47,460 [ERROR] LogOutputStream:75 - [STDERR_REDIRECT] [Fatal Error] :1:1: Premature end of file.
2026-07-16 12:28:47,460 [ERROR] LogOutputStream:75 - [STDERR_REDIRECT] 
2026-07-16 12:28:48,460 [ERROR] LogOutputStream:75 - [STDERR_REDIRECT] [Fatal Error] :1:1: Premature end of file.
2026-07-16 12:28:48,460 [ERROR] LogOutputStream:75 - [STDERR_REDIRECT] 
2026-07-16 12:28:49,460 [ERROR] LogOutputStream:75 - [STDERR_REDIRECT] [Fatal Error] :1:1: Premature end of file.
2026-07-16 12:28:49,460 [ERROR] LogOutputStream:75 - [STDERR_REDIRECT] 
2026-07-16 12:28:50,461 [ERROR] LogOutputStream:75 - [STDERR_REDIRECT] [Fatal Error] :1:1: Premature end of file.
2026-07-16 12:28:50,461 [ERROR] LogOutputStream:75 - [STDERR_REDIRECT] 
2026-07-16 12:28:51,460 [ERROR] LogOutputStream:75 - [STDERR_REDIRECT] [Fatal Error] :1:1: Premature end of file.
2026-07-16 12:28:51,460 [ERROR] LogOutputStream:75 - [STDERR_REDIRECT] 
2026-07-16 12:28:52,461 [ERROR] LogOutputStream:75 - [STDERR_REDIRECT] [Fatal Error] :1:1: Premature end of file.
2026-07-16 12:28:52,462 [ERROR] LogOutputStream:75 - [STDERR_REDIRECT] 
2026-07-16 12:28:53,461 [ERROR] LogOutputStream:75 - [STDERR_REDIRECT] [Fatal Error] :1:1: Premature end of file.
2026-07-16 12:28:53,461 [ERROR] LogOutputStream:75 - [STDERR_REDIRECT] 
2026-07-16 12:28:54,459 [ERROR] LogOutputStream:75 - [STDERR_REDIRECT] [Fatal Error] :1:1: Premature end of file.
2026-07-16 12:28:54,459 [ERROR] LogOutputStream:75 - [STDERR_REDIRECT] 
2026-07-16 12:28:55,461 [ERROR] LogOutputStream:75 - [STDERR_REDIRECT] [Fatal Error] :1:1: Premature end of file.
2026-07-16 12:28:55,461 [ERROR] LogOutputStream:75 - [STDERR_REDIRECT] 
2026-07-16 12:28:56,461 [ERROR] LogOutputStream:75 - [STDERR_REDIRECT] [Fatal Error] :1:1: Premature end of file.
2026-07-16 12:28:56,461 [ERROR] LogOutputStream:75 - [STDERR_REDIRECT] 
2026-07-16 12:28:57,460 [ERROR] LogOutputStream:75 - [STDERR_REDIRECT] [Fatal Error] :1:1: Premature end of file.
2026-07-16 12:28:57,460 [ERROR] LogOutputStream:75 - [STDERR_REDIRECT] 
2026-07-16 12:28:58,461 [ERROR] LogOutputStream:75 - [STDERR_REDIRECT] [Fatal Error] :1:1: Premature end of file.
2026-07-16 12:28:58,461 [ERROR] LogOutputStream:75 - [STDERR_REDIRECT] 
2026-07-16 12:28:59,461 [ERROR] LogOutputStream:75 - [STDERR_REDIRECT] [Fatal Error] :1:1: Premature end of file.
2026-07-16 12:28:59,461 [ERROR] LogOutputStream:75 - [STDERR_REDIRECT] 
2026-07-16 12:29:00,460 [ERROR] LogOutputStream:75 - [STDERR_REDIRECT] [Fatal Error] :1:1: Premature end of file.
2026-07-16 12:29:00,460 [ERROR] LogOutputStream:75 - [STDERR_REDIRECT] 
2026-07-16 12:29:01,461 [ERROR] LogOutputStream:75 - [STDERR_REDIRECT] [Fatal Error] :1:1: Premature end of file.
2026-07-16 12:29:01,461 [ERROR] LogOutputStream:75 - [STDERR_REDIRECT] 
2026-07-16 12:29:02,461 [ERROR] LogOutputStream:75 - [STDERR_REDIRECT] [Fatal Error] :1:1: Premature end of file.
2026-07-16 12:29:02,461 [ERROR] LogOutputStream:75 - [STDERR_REDIRECT] 
2026-07-16 12:29:03,461 [ERROR] LogOutputStream:75 - [STDERR_REDIRECT] [Fatal Error] :1:1: Premature end of file.
2026-07-16 12:29:03,461 [ERROR] LogOutputStream:75 - [STDERR_REDIRECT] 
2026-07-16 12:29:04,473 [ERROR] LogOutputStream:75 - [STDERR_REDIRECT] [Fatal Error] :1:1: Premature end of file.
2026-07-16 12:29:04,474 [ERROR] LogOutputStream:75 - [STDERR_REDIRECT] 
2026-07-16 12:29:05,462 [ERROR] LogOutputStream:75 - [STDERR_REDIRECT] [Fatal Error] :1:1: Premature end of file.
2026-07-16 12:29:05,463 [ERROR] LogOutputStream:75 - [STDERR_REDIRECT] 
2026-07-16 12:29:06,461 [ERROR] LogOutputStream:75 - [STDERR_REDIRECT] [Fatal Error] :1:1: Premature end of file.
2026-07-16 12:29:06,461 [ERROR] LogOutputStream:75 - [STDERR_REDIRECT] 
2026-07-16 12:29:07,462 [ERROR] LogOutputStream:75 - [STDERR_REDIRECT] [Fatal Error] :1:1: Premature end of file.
2026-07-16 12:29:07,462 [ERROR] LogOutputStream:75 - [STDERR_REDIRECT] 
2026-07-16 12:29:08,466 [ERROR] LogOutputStream:75 - [STDERR_REDIRECT] [Fatal Error] :1:1: Premature end of file.
2026-07-16 12:29:08,466 [ERROR] LogOutputStream:75 - [STDERR_REDIRECT] 
2026-07-16 12:29:09,461 [ERROR] LogOutputStream:75 - [STDERR_REDIRECT] [Fatal Error] :1:1: Premature end of file.
2026-07-16 12:29:09,461 [ERROR] LogOutputStream:75 - [STDERR_REDIRECT] 
2026-07-16 12:29:10,461 [ERROR] LogOutputStream:75 - [STDERR_REDIRECT] [Fatal Error] :1:1: Premature end of file.
2026-07-16 12:29:10,461 [ERROR] LogOutputStream:75 - [STDERR_REDIRECT] 
2026-07-16 12:29:11,461 [ERROR] LogOutputStream:75 - [STDERR_REDIRECT] [Fatal Error] :1:1: Premature end of file.
2026-07-16 12:29:11,461 [ERROR] LogOutputStream:75 - [STDERR_REDIRECT] 
2026-07-16 12:29:12,461 [ERROR] LogOutputStream:75 - [STDERR_REDIRECT] [Fatal Error] :1:1: Premature end of file.
2026-07-16 12:29:12,461 [ERROR] LogOutputStream:75 - [STDERR_REDIRECT] 
2026-07-16 12:29:13,460 [ERROR] LogOutputStream:75 - [STDERR_REDIRECT] [Fatal Error] :1:1: Premature end of file.
2026-07-16 12:29:13,460 [ERROR] LogOutputStream:75 - [STDERR_REDIRECT] 
2026-07-16 12:29:14,461 [ERROR] LogOutputStream:75 - [STDERR_REDIRECT] [Fatal Error] :1:1: Premature end of file.
2026-07-16 12:29:14,461 [ERROR] LogOutputStream:75 - [STDERR_REDIRECT] 
2026-07-16 12:29:15,460 [ERROR] LogOutputStream:75 - [STDERR_REDIRECT] [Fatal Error] :1:1: Premature end of file.
2026-07-16 12:29:15,461 [ERROR] LogOutputStream:75 - [STDERR_REDIRECT] 
2026-07-16 12:29:16,461 [ERROR] LogOutputStream:75 - [STDERR_REDIRECT] [Fatal Error] :1:1: Premature end of file.
2026-07-16 12:29:16,461 [ERROR] LogOutputStream:75 - [STDERR_REDIRECT] 
2026-07-16 12:29:17,461 [ERROR] LogOutputStream:75 - [STDERR_REDIRECT] [Fatal Error] :1:1: Premature end of file.
2026-07-16 12:29:17,461 [ERROR] LogOutputStream:75 - [STDERR_REDIRECT] 
2026-07-16 12:29:18,461 [ERROR] LogOutputStream:75 - [STDERR_REDIRECT] [Fatal Error] :1:1: Premature end of file.
2026-07-16 12:29:18,461 [ERROR] LogOutputStream:75 - [STDERR_REDIRECT] 
2026-07-16 12:29:19,461 [ERROR] LogOutputStream:75 - [STDERR_REDIRECT] [Fatal Error] :1:1: Premature end of file.
2026-07-16 12:29:19,461 [ERROR] LogOutputStream:75 - [STDERR_REDIRECT] 
2026-07-16 12:29:20,461 [ERROR] LogOutputStream:75 - [STDERR_REDIRECT] [Fatal Error] :1:1: Premature end of file.
2026-07-16 12:29:20,461 [ERROR] LogOutputStream:75 - [STDERR_REDIRECT] 
2026-07-16 12:29:21,460 [ERROR] LogOutputStream:75 - [STDERR_REDIRECT] [Fatal Error] :1:1: Premature end of file.
2026-07-16 12:29:21,460 [ERROR] LogOutputStream:75 - [STDERR_REDIRECT] 
2026-07-16 12:29:22,460 [ERROR] LogOutputStream:75 - [STDERR_REDIRECT] [Fatal Error] :1:1: Premature end of file.
2026-07-16 12:29:22,461 [ERROR] LogOutputStream:75 - [STDERR_REDIRECT] 
2026-07-16 12:29:23,461 [ERROR] LogOutputStream:75 - [STDERR_REDIRECT] [Fatal Error] :1:1: Premature end of file.
2026-07-16 12:29:23,461 [ERROR] LogOutputStream:75 - [STDERR_REDIRECT] 
2026-07-16 12:29:24,463 [ERROR] LogOutputStream:75 - [STDERR_REDIRECT] [Fatal Error] :1:1: Premature end of file.
2026-07-16 12:29:24,463 [ERROR] LogOutputStream:75 - [STDERR_REDIRECT] 
2026-07-16 12:29:25,462 [ERROR] LogOutputStream:75 - [STDERR_REDIRECT] [Fatal Error] :1:1: Premature end of file.
2026-07-16 12:29:25,462 [ERROR] LogOutputStream:75 - [STDERR_REDIRECT] 
2026-07-16 12:29:26,461 [ERROR] LogOutputStream:75 - [STDERR_REDIRECT] [Fatal Error] :1:1: Premature end of file.
2026-07-16 12:29:26,461 [ERROR] LogOutputStream:75 - [STDERR_REDIRECT] 
2026-07-16 12:29:27,461 [ERROR] LogOutputStream:75 - [STDERR_REDIRECT] [Fatal Error] :1:1: Premature end of file.
2026-07-16 12:29:27,461 [ERROR] LogOutputStream:75 - [STDERR_REDIRECT] 
2026-07-16 12:29:28,463 [ERROR] LogOutputStream:75 - [STDERR_REDIRECT] [Fatal Error] :1:1: Premature end of file.
2026-07-16 12:29:28,463 [ERROR] LogOutputStream:75 - [STDERR_REDIRECT] 
2026-07-16 12:29:29,461 [ERROR] LogOutputStream:75 - [STDERR_REDIRECT] [Fatal Error] :1:1: Premature end of file.
2026-07-16 12:29:29,461 [ERROR] LogOutputStream:75 - [STDERR_REDIRECT] 
2026-07-16 12:29:30,462 [ERROR] LogOutputStream:75 - [STDERR_REDIRECT] [Fatal Error] :1:1: Premature end of file.
2026-07-16 12:29:30,462 [ERROR] LogOutputStream:75 - [STDERR_REDIRECT] 
2026-07-16 12:29:31,463 [ERROR] LogOutputStream:75 - [STDERR_REDIRECT] [Fatal Error] :1:1: Premature end of file.
2026-07-16 12:29:31,463 [ERROR] LogOutputStream:75 - [STDERR_REDIRECT] 
2026-07-16 12:29:32,460 [ERROR] LogOutputStream:75 - [STDERR_REDIRECT] [Fatal Error] :1:1: Premature end of file.
2026-07-16 12:29:32,460 [ERROR] LogOutputStream:75 - [STDERR_REDIRECT] 
2026-07-16 12:29:33,462 [ERROR] LogOutputStream:75 - [STDERR_REDIRECT] [Fatal Error] :1:1: Premature end of file.
2026-07-16 12:29:33,462 [ERROR] LogOutputStream:75 - [STDERR_REDIRECT] 
2026-07-16 12:29:34,466 [ERROR] LogOutputStream:75 - [STDERR_REDIRECT] [Fatal Error] :1:1: Premature end of file.
2026-07-16 12:29:34,466 [ERROR] LogOutputStream:75 - [STDERR_REDIRECT] 
2026-07-16 12:29:35,462 [ERROR] LogOutputStream:75 - [STDERR_REDIRECT] [Fatal Error] :1:1: Premature end of file.
2026-07-16 12:29:35,462 [ERROR] LogOutputStream:75 - [STDERR_REDIRECT] 
2026-07-16 12:29:36,461 [ERROR] LogOutputStream:75 - [STDERR_REDIRECT] [Fatal Error] :1:1: Premature end of file.
2026-07-16 12:29:36,462 [ERROR] LogOutputStream:75 - [STDERR_REDIRECT] 
2026-07-16 12:29:37,461 [ERROR] LogOutputStream:75 - [STDERR_REDIRECT] [Fatal Error] :1:1: Premature end of file.
2026-07-16 12:29:37,461 [ERROR] LogOutputStream:75 - [STDERR_REDIRECT] 
2026-07-16 12:29:38,461 [ERROR] LogOutputStream:75 - [STDERR_REDIRECT] [Fatal Error] :1:1: Premature end of file.
2026-07-16 12:29:38,462 [ERROR] LogOutputStream:75 - [STDERR_REDIRECT] 
2026-07-16 12:29:39,461 [ERROR] LogOutputStream:75 - [STDERR_REDIRECT] [Fatal Error] :1:1: Premature end of file.
2026-07-16 12:29:39,461 [ERROR] LogOutputStream:75 - [STDERR_REDIRECT] 
2026-07-16 12:29:40,464 [ERROR] LogOutputStream:75 - [STDERR_REDIRECT] [Fatal Error] :1:1: Premature end of file.
2026-07-16 12:29:40,464 [ERROR] LogOutputStream:75 - [STDERR_REDIRECT] 
2026-07-16 12:29:41,460 [ERROR] LogOutputStream:75 - [STDERR_REDIRECT] [Fatal Error] :1:1: Premature end of file.
2026-07-16 12:29:41,460 [ERROR] LogOutputStream:75 - [STDERR_REDIRECT] 
2026-07-16 12:29:42,462 [ERROR] LogOutputStream:75 - [STDERR_REDIRECT] [Fatal Error] :1:1: Premature end of file.
2026-07-16 12:29:42,462 [ERROR] LogOutputStream:75 - [STDERR_REDIRECT] 
2026-07-16 12:29:43,462 [ERROR] LogOutputStream:75 - [STDERR_REDIRECT] [Fatal Error] :1:1: Premature end of file.
2026-07-16 12:29:43,462 [ERROR] LogOutputStream:75 - [STDERR_REDIRECT] 
2026-07-16 12:29:44,461 [ERROR] LogOutputStream:75 - [STDERR_REDIRECT] [Fatal Error] :1:1: Premature end of file.
2026-07-16 12:29:44,461 [ERROR] LogOutputStream:75 - [STDERR_REDIRECT] 
2026-07-16 12:29:45,461 [ERROR] LogOutputStream:75 - [STDERR_REDIRECT] [Fatal Error] :1:1: Premature end of file.
2026-07-16 12:29:45,462 [ERROR] LogOutputStream:75 - [STDERR_REDIRECT] 
2026-07-16 12:29:46,461 [ERROR] LogOutputStream:75 - [STDERR_REDIRECT] [Fatal Error] :1:1: Premature end of file.
2026-07-16 12:29:46,461 [ERROR] LogOutputStream:75 - [STDERR_REDIRECT] 
2026-07-16 12:29:47,462 [ERROR] LogOutputStream:75 - [STDERR_REDIRECT] [Fatal Error] :1:1: Premature end of file.
2026-07-16 12:29:47,462 [ERROR] LogOutputStream:75 - [STDERR_REDIRECT] 
2026-07-16 12:29:48,462 [ERROR] LogOutputStream:75 - [STDERR_REDIRECT] [Fatal Error] :1:1: Premature end of file.
2026-07-16 12:29:48,462 [ERROR] LogOutputStream:75 - [STDERR_REDIRECT] 
2026-07-16 12:29:49,464 [ERROR] LogOutputStream:75 - [STDERR_REDIRECT] [Fatal Error] :1:1: Premature end of file.
2026-07-16 12:29:49,464 [ERROR] LogOutputStream:75 - [STDERR_REDIRECT] 
2026-07-16 12:29:50,462 [ERROR] LogOutputStream:75 - [STDERR_REDIRECT] [Fatal Error] :1:1: Premature end of file.
2026-07-16 12:29:50,462 [ERROR] LogOutputStream:75 - [STDERR_REDIRECT] 
2026-07-16 12:29:51,461 [ERROR] LogOutputStream:75 - [STDERR_REDIRECT] [Fatal Error] :1:1: Premature end of file.
2026-07-16 12:29:51,461 [ERROR] LogOutputStream:75 - [STDERR_REDIRECT] 
2026-07-16 12:29:52,462 [ERROR] LogOutputStream:75 - [STDERR_REDIRECT] [Fatal Error] :1:1: Premature end of file.
2026-07-16 12:29:52,462 [ERROR] LogOutputStream:75 - [STDERR_REDIRECT] 
2026-07-16 12:29:53,460 [ERROR] LogOutputStream:75 - [STDERR_REDIRECT] [Fatal Error] :1:1: Premature end of file.
2026-07-16 12:29:53,461 [ERROR] LogOutputStream:75 - [STDERR_REDIRECT] 
2026-07-16 12:29:54,461 [ERROR] LogOutputStream:75 - [STDERR_REDIRECT] [Fatal Error] :1:1: Premature end of file.
2026-07-16 12:29:54,461 [ERROR] LogOutputStream:75 - [STDERR_REDIRECT] 
2026-07-16 12:29:55,461 [ERROR] LogOutputStream:75 - [STDERR_REDIRECT] [Fatal Error] :1:1: Premature end of file.
2026-07-16 12:29:55,461 [ERROR] LogOutputStream:75 - [STDERR_REDIRECT] 
2026-07-16 12:29:56,462 [ERROR] LogOutputStream:75 - [STDERR_REDIRECT] [Fatal Error] :1:1: Premature end of file.
2026-07-16 12:29:56,462 [ERROR] LogOutputStream:75 - [STDERR_REDIRECT] 
2026-07-16 12:29:57,461 [ERROR] LogOutputStream:75 - [STDERR_REDIRECT] [Fatal Error] :1:1: Premature end of file.
2026-07-16 12:29:57,461 [ERROR] LogOutputStream:75 - [STDERR_REDIRECT] 
2026-07-16 12:29:58,461 [ERROR] LogOutputStream:75 - [STDERR_REDIRECT] [Fatal Error] :1:1: Premature end of file.
2026-07-16 12:29:58,461 [ERROR] LogOutputStream:75 - [STDERR_REDIRECT] 
2026-07-16 12:29:59,461 [ERROR] LogOutputStream:75 - [STDERR_REDIRECT] [Fatal Error] :1:1: Premature end of file.
2026-07-16 12:29:59,461 [ERROR] LogOutputStream:75 - [STDERR_REDIRECT] 
2026-07-16 12:30:00,462 [ERROR] LogOutputStream:75 - [STDERR_REDIRECT] [Fatal Error] :1:1: Premature end of file.
2026-07-16 12:30:00,462 [ERROR] LogOutputStream:75 - [STDERR_REDIRECT] 
2026-07-16 12:30:01,461 [ERROR] LogOutputStream:75 - [STDERR_REDIRECT] [Fatal Error] :1:1: Premature end of file.
2026-07-16 12:30:01,461 [ERROR] LogOutputStream:75 - [STDERR_REDIRECT] 
2026-07-16 12:30:02,461 [ERROR] LogOutputStream:75 - [STDERR_REDIRECT] [Fatal Error] :1:1: Premature end of file.
2026-07-16 12:30:02,461 [ERROR] LogOutputStream:75 - [STDERR_REDIRECT] 
2026-07-16 12:30:03,462 [ERROR] LogOutputStream:75 - [STDERR_REDIRECT] [Fatal Error] :1:1: Premature end of file.
2026-07-16 12:30:03,462 [ERROR] LogOutputStream:75 - [STDERR_REDIRECT] 
2026-07-16 12:30:04,462 [ERROR] LogOutputStream:75 - [STDERR_REDIRECT] [Fatal Error] :1:1: Premature end of file.
2026-07-16 12:30:04,462 [ERROR] LogOutputStream:75 - [STDERR_REDIRECT] 
2026-07-16 12:30:05,461 [ERROR] LogOutputStream:75 - [STDERR_REDIRECT] [Fatal Error] :1:1: Premature end of file.
2026-07-16 12:30:05,461 [ERROR] LogOutputStream:75 - [STDERR_REDIRECT] 
2026-07-16 12:30:06,462 [ERROR] LogOutputStream:75 - [STDERR_REDIRECT] [Fatal Error] :1:1: Premature end of file.
2026-07-16 12:30:06,462 [ERROR] LogOutputStream:75 - [STDERR_REDIRECT] 
2026-07-16 12:30:07,461 [ERROR] LogOutputStream:75 - [STDERR_REDIRECT] [Fatal Error] :1:1: Premature end of file.
2026-07-16 12:30:07,461 [ERROR] LogOutputStream:75 - [STDERR_REDIRECT] 
2026-07-16 12:30:08,460 [ERROR] LogOutputStream:75 - [STDERR_REDIRECT] [Fatal Error] :1:1: Premature end of file.
2026-07-16 12:30:08,461 [ERROR] LogOutputStream:75 - [STDERR_REDIRECT] 
2026-07-16 12:30:09,468 [ERROR] LogOutputStream:75 - [STDERR_REDIRECT] [Fatal Error] :1:1: Premature end of file.
2026-07-16 12:30:09,468 [ERROR] LogOutputStream:75 - [STDERR_REDIRECT] 
2026-07-16 12:30:10,462 [ERROR] LogOutputStream:75 - [STDERR_REDIRECT] [Fatal Error] :1:1: Premature end of file.
2026-07-16 12:30:10,462 [ERROR] LogOutputStream:75 - [STDERR_REDIRECT] 
2026-07-16 12:30:11,461 [ERROR] LogOutputStream:75 - [STDERR_REDIRECT] [Fatal Error] :1:1: Premature end of file.
2026-07-16 12:30:11,461 [ERROR] LogOutputStream:75 - [STDERR_REDIRECT] 
2026-07-16 12:30:12,460 [ERROR] LogOutputStream:75 - [STDERR_REDIRECT] [Fatal Error] :1:1: Premature end of file.
2026-07-16 12:30:12,460 [ERROR] LogOutputStream:75 - [STDERR_REDIRECT] 
2026-07-16 12:30:13,462 [ERROR] LogOutputStream:75 - [STDERR_REDIRECT] [Fatal Error] :1:1: Premature end of file.
2026-07-16 12:30:13,462 [ERROR] LogOutputStream:75 - [STDERR_REDIRECT] 
2026-07-16 12:30:14,461 [ERROR] LogOutputStream:75 - [STDERR_REDIRECT] [Fatal Error] :1:1: Premature end of file.
2026-07-16 12:30:14,461 [ERROR] LogOutputStream:75 - [STDERR_REDIRECT] 
2026-07-16 12:30:15,462 [ERROR] LogOutputStream:75 - [STDERR_REDIRECT] [Fatal Error] :1:1: Premature end of file.
2026-07-16 12:30:15,462 [ERROR] LogOutputStream:75 - [STDERR_REDIRECT] 
2026-07-16 12:30:16,463 [ERROR] LogOutputStream:75 - [STDERR_REDIRECT] [Fatal Error] :1:1: Premature end of file.
2026-07-16 12:30:16,463 [ERROR] LogOutputStream:75 - [STDERR_REDIRECT] 
2026-07-16 12:30:17,461 [ERROR] LogOutputStream:75 - [STDERR_REDIRECT] [Fatal Error] :1:1: Premature end of file.
2026-07-16 12:30:17,461 [ERROR] LogOutputStream:75 - [STDERR_REDIRECT] 
2026-07-16 12:30:18,461 [ERROR] LogOutputStream:75 - [STDERR_REDIRECT] [Fatal Error] :1:1: Premature end of file.
2026-07-16 12:30:18,461 [ERROR] LogOutputStream:75 - [STDERR_REDIRECT] 
2026-07-16 12:30:19,461 [ERROR] LogOutputStream:75 - [STDERR_REDIRECT] [Fatal Error] :1:1: Premature end of file.
2026-07-16 12:30:19,461 [ERROR] LogOutputStream:75 - [STDERR_REDIRECT] 
2026-07-16 12:30:20,461 [ERROR] LogOutputStream:75 - [STDERR_REDIRECT] [Fatal Error] :1:1: Premature end of file.
2026-07-16 12:30:20,461 [ERROR] LogOutputStream:75 - [STDERR_REDIRECT] 
2026-07-16 12:30:21,460 [ERROR] LogOutputStream:75 - [STDERR_REDIRECT] [Fatal Error] :1:1: Premature end of file.
2026-07-16 12:30:21,460 [ERROR] LogOutputStream:75 - [STDERR_REDIRECT] 
2026-07-16 12:30:22,460 [ERROR] LogOutputStream:75 - [STDERR_REDIRECT] [Fatal Error] :1:1: Premature end of file.
2026-07-16 12:30:22,460 [ERROR] LogOutputStream:75 - [STDERR_REDIRECT] 
2026-07-16 12:30:23,461 [ERROR] LogOutputStream:75 - [STDERR_REDIRECT] [Fatal Error] :1:1: Premature end of file.
2026-07-16 12:30:23,461 [ERROR] LogOutputStream:75 - [STDERR_REDIRECT] 
2026-07-16 12:30:24,461 [ERROR] LogOutputStream:75 - [STDERR_REDIRECT] [Fatal Error] :1:1: Premature end of file.
2026-07-16 12:30:24,461 [ERROR] LogOutputStream:75 - [STDERR_REDIRECT] 
2026-07-16 12:30:25,461 [ERROR] LogOutputStream:75 - [STDERR_REDIRECT] [Fatal Error] :1:1: Premature end of file.
2026-07-16 12:30:25,461 [ERROR] LogOutputStream:75 - [STDERR_REDIRECT] 
2026-07-16 12:30:26,462 [ERROR] LogOutputStream:75 - [STDERR_REDIRECT] [Fatal Error] :1:1: Premature end of file.
2026-07-16 12:30:26,462 [ERROR] LogOutputStream:75 - [STDERR_REDIRECT] 
2026-07-16 12:30:27,463 [ERROR] LogOutputStream:75 - [STDERR_REDIRECT] [Fatal Error] :1:1: Premature end of file.
2026-07-16 12:30:27,463 [ERROR] LogOutputStream:75 - [STDERR_REDIRECT] 
2026-07-16 12:30:28,461 [ERROR] LogOutputStream:75 - [STDERR_REDIRECT] [Fatal Error] :1:1: Premature end of file.
2026-07-16 12:30:28,461 [ERROR] LogOutputStream:75 - [STDERR_REDIRECT] 
2026-07-16 12:30:29,461 [ERROR] LogOutputStream:75 - [STDERR_REDIRECT] [Fatal Error] :1:1: Premature end of file.
2026-07-16 12:30:29,461 [ERROR] LogOutputStream:75 - [STDERR_REDIRECT] 
2026-07-16 12:30:30,461 [ERROR] LogOutputStream:75 - [STDERR_REDIRECT] [Fatal Error] :1:1: Premature end of file.
2026-07-16 12:30:30,461 [ERROR] LogOutputStream:75 - [STDERR_REDIRECT] 
2026-07-16 12:30:31,460 [ERROR] LogOutputStream:75 - [STDERR_REDIRECT] [Fatal Error] :1:1: Premature end of file.
2026-07-16 12:30:31,460 [ERROR] LogOutputStream:75 - [STDERR_REDIRECT] 
2026-07-16 12:30:32,461 [ERROR] LogOutputStream:75 - [STDERR_REDIRECT] [Fatal Error] :1:1: Premature end of file.
2026-07-16 12:30:32,461 [ERROR] LogOutputStream:75 - [STDERR_REDIRECT] 
2026-07-16 12:30:33,462 [ERROR] LogOutputStream:75 - [STDERR_REDIRECT] [Fatal Error] :1:1: Premature end of file.
2026-07-16 12:30:33,462 [ERROR] LogOutputStream:75 - [STDERR_REDIRECT] 
2026-07-16 12:30:34,461 [ERROR] LogOutputStream:75 - [STDERR_REDIRECT] [Fatal Error] :1:1: Premature end of file.
2026-07-16 12:30:34,461 [ERROR] LogOutputStream:75 - [STDERR_REDIRECT] 
2026-07-16 12:30:35,470 [ERROR] LogOutputStream:75 - [STDERR_REDIRECT] [Fatal Error] :1:1: Premature end of file.
2026-07-16 12:30:35,470 [ERROR] LogOutputStream:75 - [STDERR_REDIRECT] 
2026-07-16 12:30:36,462 [ERROR] LogOutputStream:75 - [STDERR_REDIRECT] [Fatal Error] :1:1: Premature end of file.
2026-07-16 12:30:36,462 [ERROR] LogOutputStream:75 - [STDERR_REDIRECT] 
2026-07-16 12:30:37,464 [ERROR] LogOutputStream:75 - [STDERR_REDIRECT] [Fatal Error] :1:1: Premature end of file.
2026-07-16 12:30:37,464 [ERROR] LogOutputStream:75 - [STDERR_REDIRECT] 
2026-07-16 12:30:38,464 [ERROR] LogOutputStream:75 - [STDERR_REDIRECT] [Fatal Error] :1:1: Premature end of file.
2026-07-16 12:30:38,464 [ERROR] LogOutputStream:75 - [STDERR_REDIRECT] 
2026-07-16 12:30:39,462 [ERROR] LogOutputStream:75 - [STDERR_REDIRECT] [Fatal Error] :1:1: Premature end of file.
2026-07-16 12:30:39,463 [ERROR] LogOutputStream:75 - [STDERR_REDIRECT] 
2026-07-16 12:30:40,463 [ERROR] LogOutputStream:75 - [STDERR_REDIRECT] [Fatal Error] :1:1: Premature end of file.
2026-07-16 12:30:40,463 [ERROR] LogOutputStream:75 - [STDERR_REDIRECT] 
2026-07-16 12:30:41,461 [ERROR] LogOutputStream:75 - [STDERR_REDIRECT] [Fatal Error] :1:1: Premature end of file.
2026-07-16 12:30:41,461 [ERROR] LogOutputStream:75 - [STDERR_REDIRECT] 
2026-07-16 12:30:42,461 [ERROR] LogOutputStream:75 - [STDERR_REDIRECT] [Fatal Error] :1:1: Premature end of file.
2026-07-16 12:30:42,461 [ERROR] LogOutputStream:75 - [STDERR_REDIRECT] 
2026-07-16 12:30:43,460 [ERROR] LogOutputStream:75 - [STDERR_REDIRECT] [Fatal Error] :1:1: Premature end of file.
2026-07-16 12:30:43,460 [ERROR] LogOutputStream:75 - [STDERR_REDIRECT] 
2026-07-16 12:30:44,459 [ERROR] LogOutputStream:75 - [STDERR_REDIRECT] [Fatal Error] :1:1: Premature end of file.
2026-07-16 12:30:44,459 [ERROR] LogOutputStream:75 - [STDERR_REDIRECT] 
2026-07-16 12:30:45,460 [ERROR] LogOutputStream:75 - [STDERR_REDIRECT] [Fatal Error] :1:1: Premature end of file.
2026-07-16 12:30:45,460 [ERROR] LogOutputStream:75 - [STDERR_REDIRECT] 
2026-07-16 12:30:46,460 [ERROR] LogOutputStream:75 - [STDERR_REDIRECT] [Fatal Error] :1:1: Premature end of file.
2026-07-16 12:30:46,460 [ERROR] LogOutputStream:75 - [STDERR_REDIRECT] 
2026-07-16 12:30:47,462 [ERROR] LogOutputStream:75 - [STDERR_REDIRECT] [Fatal Error] :1:1: Premature end of file.
2026-07-16 12:30:47,462 [ERROR] LogOutputStream:75 - [STDERR_REDIRECT] 
2026-07-16 12:30:48,462 [ERROR] LogOutputStream:75 - [STDERR_REDIRECT] [Fatal Error] :1:1: Premature end of file.
2026-07-16 12:30:48,462 [ERROR] LogOutputStream:75 - [STDERR_REDIRECT] 
2026-07-16 12:30:49,461 [ERROR] LogOutputStream:75 - [STDERR_REDIRECT] [Fatal Error] :1:1: Premature end of file.
2026-07-16 12:30:49,461 [ERROR] LogOutputStream:75 - [STDERR_REDIRECT] 
2026-07-16 12:30:50,461 [ERROR] LogOutputStream:75 - [STDERR_REDIRECT] [Fatal Error] :1:1: Premature end of file.
2026-07-16 12:30:50,461 [ERROR] LogOutputStream:75 - [STDERR_REDIRECT] 
2026-07-16 12:30:51,460 [ERROR] LogOutputStream:75 - [STDERR_REDIRECT] [Fatal Error] :1:1: Premature end of file.
2026-07-16 12:30:51,460 [ERROR] LogOutputStream:75 - [STDERR_REDIRECT] 
2026-07-16 12:30:52,464 [ERROR] LogOutputStream:75 - [STDERR_REDIRECT] [Fatal Error] :1:1: Premature end of file.
2026-07-16 12:30:52,465 [ERROR] LogOutputStream:75 - [STDERR_REDIRECT] 
2026-07-16 12:30:53,474 [ERROR] LogOutputStream:75 - [STDERR_REDIRECT] [Fatal Error] :1:1: Premature end of file.
2026-07-16 12:30:53,474 [ERROR] LogOutputStream:75 - [STDERR_REDIRECT] 
2026-07-16 12:30:54,468 [ERROR] LogOutputStream:75 - [STDERR_REDIRECT] [Fatal Error] :1:1: Premature end of file.
2026-07-16 12:30:54,468 [ERROR] LogOutputStream:75 - [STDERR_REDIRECT] 
2026-07-16 12:30:55,474 [ERROR] LogOutputStream:75 - [STDERR_REDIRECT] [Fatal Error] :1:1: Premature end of file.
2026-07-16 12:30:55,474 [ERROR] LogOutputStream:75 - [STDERR_REDIRECT] 
2026-07-16 12:30:56,468 [ERROR] LogOutputStream:75 - [STDERR_REDIRECT] [Fatal Error] :1:1: Premature end of file.
2026-07-16 12:30:56,468 [ERROR] LogOutputStream:75 - [STDERR_REDIRECT] 
2026-07-16 12:30:57,475 [ERROR] LogOutputStream:75 - [STDERR_REDIRECT] [Fatal Error] :1:1: Premature end of file.
2026-07-16 12:30:57,475 [ERROR] LogOutputStream:75 - [STDERR_REDIRECT] 
2026-07-16 12:30:58,466 [ERROR] LogOutputStream:75 - [STDERR_REDIRECT] [Fatal Error] :1:1: Premature end of file.
2026-07-16 12:30:58,466 [ERROR] LogOutputStream:75 - [STDERR_REDIRECT] 
2026-07-16 12:30:59,476 [ERROR] LogOutputStream:75 - [STDERR_REDIRECT] [Fatal Error] :1:1: Premature end of file.
2026-07-16 12:30:59,476 [ERROR] LogOutputStream:75 - [STDERR_REDIRECT] 
2026-07-16 12:31:00,466 [ERROR] LogOutputStream:75 - [STDERR_REDIRECT] [Fatal Error] :1:1: Premature end of file.
2026-07-16 12:31:00,466 [ERROR] LogOutputStream:75 - [STDERR_REDIRECT] 
2026-07-16 12:31:01,479 [ERROR] LogOutputStream:75 - [STDERR_REDIRECT] [Fatal Error] :1:1: Premature end of file.
2026-07-16 12:31:01,479 [ERROR] LogOutputStream:75 - [STDERR_REDIRECT] 
2026-07-16 12:31:02,470 [ERROR] LogOutputStream:75 - [STDERR_REDIRECT] [Fatal Error] :1:1: Premature end of file.
2026-07-16 12:31:02,470 [ERROR] LogOutputStream:75 - [STDERR_REDIRECT] 
2026-07-16 12:31:03,479 [ERROR] LogOutputStream:75 - [STDERR_REDIRECT] [Fatal Error] :1:1: Premature end of file.
2026-07-16 12:31:03,479 [ERROR] LogOutputStream:75 - [STDERR_REDIRECT] 
2026-07-16 12:31:04,469 [ERROR] LogOutputStream:75 - [STDERR_REDIRECT] [Fatal Error] :1:1: Premature end of file.
2026-07-16 12:31:04,470 [ERROR] LogOutputStream:75 - [STDERR_REDIRECT] 
2026-07-16 12:31:05,477 [ERROR] LogOutputStream:75 - [STDERR_REDIRECT] [Fatal Error] :1:1: Premature end of file.
2026-07-16 12:31:05,477 [ERROR] LogOutputStream:75 - [STDERR_REDIRECT] 
2026-07-16 12:31:06,469 [ERROR] LogOutputStream:75 - [STDERR_REDIRECT] [Fatal Error] :1:1: Premature end of file.
2026-07-16 12:31:06,469 [ERROR] LogOutputStream:75 - [STDERR_REDIRECT] 
2026-07-16 12:31:07,476 [ERROR] LogOutputStream:75 - [STDERR_REDIRECT] [Fatal Error] :1:1: Premature end of file.
2026-07-16 12:31:07,476 [ERROR] LogOutputStream:75 - [STDERR_REDIRECT] 
2026-07-16 12:31:08,467 [ERROR] LogOutputStream:75 - [STDERR_REDIRECT] [Fatal Error] :1:1: Premature end of file.
2026-07-16 12:31:08,467 [ERROR] LogOutputStream:75 - [STDERR_REDIRECT] 
2026-07-16 12:31:09,477 [ERROR] LogOutputStream:75 - [STDERR_REDIRECT] [Fatal Error] :1:1: Premature end of file.
2026-07-16 12:31:09,478 [ERROR] LogOutputStream:75 - [STDERR_REDIRECT] 
2026-07-16 12:31:10,469 [ERROR] LogOutputStream:75 - [STDERR_REDIRECT] [Fatal Error] :1:1: Premature end of file.
2026-07-16 12:31:10,470 [ERROR] LogOutputStream:75 - [STDERR_REDIRECT] 
2026-07-16 12:31:11,477 [ERROR] LogOutputStream:75 - [STDERR_REDIRECT] [Fatal Error] :1:1: Premature end of file.
2026-07-16 12:31:11,477 [ERROR] LogOutputStream:75 - [STDERR_REDIRECT] 
2026-07-16 12:31:12,468 [ERROR] LogOutputStream:75 - [STDERR_REDIRECT] [Fatal Error] :1:1: Premature end of file.
2026-07-16 12:31:12,468 [ERROR] LogOutputStream:75 - [STDERR_REDIRECT] 
2026-07-16 12:31:13,476 [ERROR] LogOutputStream:75 - [STDERR_REDIRECT] [Fatal Error] :1:1: Premature end of file.
2026-07-16 12:31:13,476 [ERROR] LogOutputStream:75 - [STDERR_REDIRECT] 
2026-07-16 12:31:14,468 [ERROR] LogOutputStream:75 - [STDERR_REDIRECT] [Fatal Error] :1:1: Premature end of file.
2026-07-16 12:31:14,468 [ERROR] LogOutputStream:75 - [STDERR_REDIRECT] 
2026-07-16 12:31:15,477 [ERROR] LogOutputStream:75 - [STDERR_REDIRECT] [Fatal Error] :1:1: Premature end of file.
2026-07-16 12:31:15,477 [ERROR] LogOutputStream:75 - [STDERR_REDIRECT] 
2026-07-16 12:31:16,469 [ERROR] LogOutputStream:75 - [STDERR_REDIRECT] [Fatal Error] :1:1: Premature end of file.
2026-07-16 12:31:16,469 [ERROR] LogOutputStream:75 - [STDERR_REDIRECT] 
2026-07-16 12:31:17,462 [ERROR] LogOutputStream:75 - [STDERR_REDIRECT] [Fatal Error] :1:1: Premature end of file.
2026-07-16 12:31:17,462 [ERROR] LogOutputStream:75 - [STDERR_REDIRECT] 
2026-07-16 12:31:18,471 [ERROR] LogOutputStream:75 - [STDERR_REDIRECT] [Fatal Error] :1:1: Premature end of file.
2026-07-16 12:31:18,472 [ERROR] LogOutputStream:75 - [STDERR_REDIRECT] 
2026-07-16 12:31:19,478 [ERROR] LogOutputStream:75 - [STDERR_REDIRECT] [Fatal Error] :1:1: Premature end of file.
2026-07-16 12:31:19,478 [ERROR] LogOutputStream:75 - [STDERR_REDIRECT] 
2026-07-16 12:31:20,469 [ERROR] LogOutputStream:75 - [STDERR_REDIRECT] [Fatal Error] :1:1: Premature end of file.
2026-07-16 12:31:20,469 [ERROR] LogOutputStream:75 - [STDERR_REDIRECT] 
2026-07-16 12:31:21,462 [ERROR] LogOutputStream:75 - [STDERR_REDIRECT] [Fatal Error] :1:1: Premature end of file.
2026-07-16 12:31:21,462 [ERROR] LogOutputStream:75 - [STDERR_REDIRECT] 
2026-07-16 12:31:22,469 [ERROR] LogOutputStream:75 - [STDERR_REDIRECT] [Fatal Error] :1:1: Premature end of file.
2026-07-16 12:31:22,469 [ERROR] LogOutputStream:75 - [STDERR_REDIRECT] 
2026-07-16 12:31:23,461 [ERROR] LogOutputStream:75 - [STDERR_REDIRECT] [Fatal Error] :1:1: Premature end of file.
2026-07-16 12:31:23,462 [ERROR] LogOutputStream:75 - [STDERR_REDIRECT] 
2026-07-16 12:31:24,469 [ERROR] LogOutputStream:75 - [STDERR_REDIRECT] [Fatal Error] :1:1: Premature end of file.
2026-07-16 12:31:24,469 [ERROR] LogOutputStream:75 - [STDERR_REDIRECT] 
2026-07-16 12:31:25,462 [ERROR] LogOutputStream:75 - [STDERR_REDIRECT] [Fatal Error] :1:1: Premature end of file.
2026-07-16 12:31:25,462 [ERROR] LogOutputStream:75 - [STDERR_REDIRECT] 
2026-07-16 12:31:26,470 [ERROR] LogOutputStream:75 - [STDERR_REDIRECT] [Fatal Error] :1:1: Premature end of file.
2026-07-16 12:31:26,470 [ERROR] LogOutputStream:75 - [STDERR_REDIRECT] 
2026-07-16 12:31:27,463 [ERROR] LogOutputStream:75 - [STDERR_REDIRECT] [Fatal Error] :1:1: Premature end of file.
2026-07-16 12:31:27,463 [ERROR] LogOutputStream:75 - [STDERR_REDIRECT] 
2026-07-16 12:31:28,469 [ERROR] LogOutputStream:75 - [STDERR_REDIRECT] [Fatal Error] :1:1: Premature end of file.
2026-07-16 12:31:28,470 [ERROR] LogOutputStream:75 - [STDERR_REDIRECT] 
2026-07-16 12:31:29,463 [ERROR] LogOutputStream:75 - [STDERR_REDIRECT] [Fatal Error] :1:1: Premature end of file.
2026-07-16 12:31:29,463 [ERROR] LogOutputStream:75 - [STDERR_REDIRECT] 
2026-07-16 12:31:30,470 [ERROR] LogOutputStream:75 - [STDERR_REDIRECT] [Fatal Error] :1:1: Premature end of file.
2026-07-16 12:31:30,470 [ERROR] LogOutputStream:75 - [STDERR_REDIRECT] 
2026-07-16 12:31:31,462 [ERROR] LogOutputStream:75 - [STDERR_REDIRECT] [Fatal Error] :1:1: Premature end of file.
2026-07-16 12:31:31,462 [ERROR] LogOutputStream:75 - [STDERR_REDIRECT] 
2026-07-16 12:31:32,472 [ERROR] LogOutputStream:75 - [STDERR_REDIRECT] [Fatal Error] :1:1: Premature end of file.
2026-07-16 12:31:32,472 [ERROR] LogOutputStream:75 - [STDERR_REDIRECT] 
2026-07-16 12:31:33,462 [ERROR] LogOutputStream:75 - [STDERR_REDIRECT] [Fatal Error] :1:1: Premature end of file.
2026-07-16 12:31:33,463 [ERROR] LogOutputStream:75 - [STDERR_REDIRECT] 
2026-07-16 12:31:34,471 [ERROR] LogOutputStream:75 - [STDERR_REDIRECT] [Fatal Error] :1:1: Premature end of file.
2026-07-16 12:31:34,471 [ERROR] LogOutputStream:75 - [STDERR_REDIRECT] 
2026-07-16 12:31:35,463 [ERROR] LogOutputStream:75 - [STDERR_REDIRECT] [Fatal Error] :1:1: Premature end of file.
2026-07-16 12:31:35,463 [ERROR] LogOutputStream:75 - [STDERR_REDIRECT] 
2026-07-16 12:31:36,471 [ERROR] LogOutputStream:75 - [STDERR_REDIRECT] [Fatal Error] :1:1: Premature end of file.
2026-07-16 12:31:36,471 [ERROR] LogOutputStream:75 - [STDERR_REDIRECT] 
2026-07-16 12:31:37,462 [ERROR] LogOutputStream:75 - [STDERR_REDIRECT] [Fatal Error] :1:1: Premature end of file.
2026-07-16 12:31:37,462 [ERROR] LogOutputStream:75 - [STDERR_REDIRECT] 
2026-07-16 12:31:38,471 [ERROR] LogOutputStream:75 - [STDERR_REDIRECT] [Fatal Error] :1:1: Premature end of file.
2026-07-16 12:31:38,471 [ERROR] LogOutputStream:75 - [STDERR_REDIRECT] 
2026-07-16 12:31:39,463 [ERROR] LogOutputStream:75 - [STDERR_REDIRECT] [Fatal Error] :1:1: Premature end of file.
2026-07-16 12:31:39,463 [ERROR] LogOutputStream:75 - [STDERR_REDIRECT] 
2026-07-16 12:31:40,476 [ERROR] LogOutputStream:75 - [STDERR_REDIRECT] [Fatal Error] :1:1: Premature end of file.
2026-07-16 12:31:40,476 [ERROR] LogOutputStream:75 - [STDERR_REDIRECT] 
2026-07-16 12:31:41,463 [ERROR] LogOutputStream:75 - [STDERR_REDIRECT] [Fatal Error] :1:1: Premature end of file.
2026-07-16 12:31:41,464 [ERROR] LogOutputStream:75 - [STDERR_REDIRECT] 
2026-07-16 12:31:42,471 [ERROR] LogOutputStream:75 - [STDERR_REDIRECT] [Fatal Error] :1:1: Premature end of file.
2026-07-16 12:31:42,472 [ERROR] LogOutputStream:75 - [STDERR_REDIRECT] 
2026-07-16 12:31:43,463 [ERROR] LogOutputStream:75 - [STDERR_REDIRECT] [Fatal Error] :1:1: Premature end of file.
2026-07-16 12:31:43,463 [ERROR] LogOutputStream:75 - [STDERR_REDIRECT] 
2026-07-16 12:31:44,471 [ERROR] LogOutputStream:75 - [STDERR_REDIRECT] [Fatal Error] :1:1: Premature end of file.
2026-07-16 12:31:44,471 [ERROR] LogOutputStream:75 - [STDERR_REDIRECT] 
2026-07-16 12:31:45,463 [ERROR] LogOutputStream:75 - [STDERR_REDIRECT] [Fatal Error] :1:1: Premature end of file.
2026-07-16 12:31:45,464 [ERROR] LogOutputStream:75 - [STDERR_REDIRECT] 
2026-07-16 12:31:46,471 [ERROR] LogOutputStream:75 - [STDERR_REDIRECT] [Fatal Error] :1:1: Premature end of file.
2026-07-16 12:31:46,471 [ERROR] LogOutputStream:75 - [STDERR_REDIRECT] 
2026-07-16 12:31:47,464 [ERROR] LogOutputStream:75 - [STDERR_REDIRECT] [Fatal Error] :1:1: Premature end of file.
2026-07-16 12:31:47,464 [ERROR] LogOutputStream:75 - [STDERR_REDIRECT] 
2026-07-16 12:31:48,471 [ERROR] LogOutputStream:75 - [STDERR_REDIRECT] [Fatal Error] :1:1: Premature end of file.
2026-07-16 12:31:48,471 [ERROR] LogOutputStream:75 - [STDERR_REDIRECT] 
2026-07-16 12:31:49,463 [ERROR] LogOutputStream:75 - [STDERR_REDIRECT] [Fatal Error] :1:1: Premature end of file.
2026-07-16 12:31:49,463 [ERROR] LogOutputStream:75 - [STDERR_REDIRECT] 
2026-07-16 12:31:50,471 [ERROR] LogOutputStream:75 - [STDERR_REDIRECT] [Fatal Error] :1:1: Premature end of file.
2026-07-16 12:31:50,471 [ERROR] LogOutputStream:75 - [STDERR_REDIRECT] 
2026-07-16 12:31:51,463 [ERROR] LogOutputStream:75 - [STDERR_REDIRECT] [Fatal Error] :1:1: Premature end of file.
2026-07-16 12:31:51,464 [ERROR] LogOutputStream:75 - [STDERR_REDIRECT] 
2026-07-16 12:31:52,472 [ERROR] LogOutputStream:75 - [STDERR_REDIRECT] [Fatal Error] :1:1: Premature end of file.
2026-07-16 12:31:52,472 [ERROR] LogOutputStream:75 - [STDERR_REDIRECT] 
2026-07-16 12:31:53,469 [ERROR] LogOutputStream:75 - [STDERR_REDIRECT] [Fatal Error] :1:1: Premature end of file.
2026-07-16 12:31:53,469 [ERROR] LogOutputStream:75 - [STDERR_REDIRECT] 
2026-07-16 12:31:54,472 [ERROR] LogOutputStream:75 - [STDERR_REDIRECT] [Fatal Error] :1:1: Premature end of file.
2026-07-16 12:31:54,472 [ERROR] LogOutputStream:75 - [STDERR_REDIRECT] 
2026-07-16 12:31:55,464 [ERROR] LogOutputStream:75 - [STDERR_REDIRECT] [Fatal Error] :1:1: Premature end of file.
2026-07-16 12:31:55,464 [ERROR] LogOutputStream:75 - [STDERR_REDIRECT] 
2026-07-16 12:31:56,472 [ERROR] LogOutputStream:75 - [STDERR_REDIRECT] [Fatal Error] :1:1: Premature end of file.
2026-07-16 12:31:56,472 [ERROR] LogOutputStream:75 - [STDERR_REDIRECT] 
2026-07-16 12:31:57,465 [ERROR] LogOutputStream:75 - [STDERR_REDIRECT] [Fatal Error] :1:1: Premature end of file.
2026-07-16 12:31:57,465 [ERROR] LogOutputStream:75 - [STDERR_REDIRECT] 
2026-07-16 12:31:58,472 [ERROR] LogOutputStream:75 - [STDERR_REDIRECT] [Fatal Error] :1:1: Premature end of file.
2026-07-16 12:31:58,472 [ERROR] LogOutputStream:75 - [STDERR_REDIRECT] 
2026-07-16 12:31:59,465 [ERROR] LogOutputStream:75 - [STDERR_REDIRECT] [Fatal Error] :1:1: Premature end of file.
2026-07-16 12:31:59,465 [ERROR] LogOutputStream:75 - [STDERR_REDIRECT] 
2026-07-16 12:32:00,473 [ERROR] LogOutputStream:75 - [STDERR_REDIRECT] [Fatal Error] :1:1: Premature end of file.
2026-07-16 12:32:00,473 [ERROR] LogOutputStream:75 - [STDERR_REDIRECT] 
2026-07-16 12:32:01,466 [ERROR] LogOutputStream:75 - [STDERR_REDIRECT] [Fatal Error] :1:1: Premature end of file.
2026-07-16 12:32:01,466 [ERROR] LogOutputStream:75 - [STDERR_REDIRECT] 
2026-07-16 12:32:02,473 [ERROR] LogOutputStream:75 - [STDERR_REDIRECT] [Fatal Error] :1:1: Premature end of file.
2026-07-16 12:32:02,473 [ERROR] LogOutputStream:75 - [STDERR_REDIRECT] 
2026-07-16 12:32:03,465 [ERROR] LogOutputStream:75 - [STDERR_REDIRECT] [Fatal Error] :1:1: Premature end of file.
2026-07-16 12:32:03,465 [ERROR] LogOutputStream:75 - [STDERR_REDIRECT] 
2026-07-16 12:32:04,473 [ERROR] LogOutputStream:75 - [STDERR_REDIRECT] [Fatal Error] :1:1: Premature end of file.
2026-07-16 12:32:04,473 [ERROR] LogOutputStream:75 - [STDERR_REDIRECT] 
2026-07-16 12:32:05,466 [ERROR] LogOutputStream:75 - [STDERR_REDIRECT] [Fatal Error] :1:1: Premature end of file.
2026-07-16 12:32:05,466 [ERROR] LogOutputStream:75 - [STDERR_REDIRECT] 
2026-07-16 12:32:06,476 [ERROR] LogOutputStream:75 - [STDERR_REDIRECT] [Fatal Error] :1:1: Premature end of file.
2026-07-16 12:32:06,476 [ERROR] LogOutputStream:75 - [STDERR_REDIRECT] 
2026-07-16 12:32:07,465 [ERROR] LogOutputStream:75 - [STDERR_REDIRECT] [Fatal Error] :1:1: Premature end of file.
2026-07-16 12:32:07,466 [ERROR] LogOutputStream:75 - [STDERR_REDIRECT] 
2026-07-16 12:32:08,474 [ERROR] LogOutputStream:75 - [STDERR_REDIRECT] [Fatal Error] :1:1: Premature end of file.
2026-07-16 12:32:08,474 [ERROR] LogOutputStream:75 - [STDERR_REDIRECT] 
2026-07-16 12:32:09,467 [ERROR] LogOutputStream:75 - [STDERR_REDIRECT] [Fatal Error] :1:1: Premature end of file.
2026-07-16 12:32:09,467 [ERROR] LogOutputStream:75 - [STDERR_REDIRECT] 
2026-07-16 12:32:10,475 [ERROR] LogOutputStream:75 - [STDERR_REDIRECT] [Fatal Error] :1:1: Premature end of file.
2026-07-16 12:32:10,475 [ERROR] LogOutputStream:75 - [STDERR_REDIRECT] 
2026-07-16 12:32:11,467 [ERROR] LogOutputStream:75 - [STDERR_REDIRECT] [Fatal Error] :1:1: Premature end of file.
2026-07-16 12:32:11,467 [ERROR] LogOutputStream:75 - [STDERR_REDIRECT] 
2026-07-16 12:32:12,476 [ERROR] LogOutputStream:75 - [STDERR_REDIRECT] [Fatal Error] :1:1: Premature end of file.
2026-07-16 12:32:12,476 [ERROR] LogOutputStream:75 - [STDERR_REDIRECT] 
2026-07-16 12:32:13,466 [ERROR] LogOutputStream:75 - [STDERR_REDIRECT] [Fatal Error] :1:1: Premature end of file.
2026-07-16 12:32:13,466 [ERROR] LogOutputStream:75 - [STDERR_REDIRECT] 
2026-07-16 12:32:14,474 [ERROR] LogOutputStream:75 - [STDERR_REDIRECT] [Fatal Error] :1:1: Premature end of file.
2026-07-16 12:32:14,474 [ERROR] LogOutputStream:75 - [STDERR_REDIRECT] 
2026-07-16 12:32:15,467 [ERROR] LogOutputStream:75 - [STDERR_REDIRECT] [Fatal Error] :1:1: Premature end of file.
2026-07-16 12:32:15,468 [ERROR] LogOutputStream:75 - [STDERR_REDIRECT] 
2026-07-16 12:32:16,461 [ERROR] LogOutputStream:75 - [STDERR_REDIRECT] [Fatal Error] :1:1: Premature end of file.
2026-07-16 12:32:16,461 [ERROR] LogOutputStream:75 - [STDERR_REDIRECT] 
2026-07-16 12:32:17,461 [ERROR] LogOutputStream:75 - [STDERR_REDIRECT] [Fatal Error] :1:1: Premature end of file.
2026-07-16 12:32:17,461 [ERROR] LogOutputStream:75 - [STDERR_REDIRECT] 
2026-07-16 12:32:18,464 [ERROR] LogOutputStream:75 - [STDERR_REDIRECT] [Fatal Error] :1:1: Premature end of file.
2026-07-16 12:32:18,464 [ERROR] LogOutputStream:75 - [STDERR_REDIRECT] 
2026-07-16 12:32:19,462 [ERROR] LogOutputStream:75 - [STDERR_REDIRECT] [Fatal Error] :1:1: Premature end of file.
2026-07-16 12:32:19,463 [ERROR] LogOutputStream:75 - [STDERR_REDIRECT] 
2026-07-16 12:32:20,461 [ERROR] LogOutputStream:75 - [STDERR_REDIRECT] [Fatal Error] :1:1: Premature end of file.
2026-07-16 12:32:20,462 [ERROR] LogOutputStream:75 - [STDERR_REDIRECT] 
2026-07-16 12:32:21,461 [ERROR] LogOutputStream:75 - [STDERR_REDIRECT] [Fatal Error] :1:1: Premature end of file.
2026-07-16 12:32:21,461 [ERROR] LogOutputStream:75 - [STDERR_REDIRECT] 
2026-07-16 12:32:22,461 [ERROR] LogOutputStream:75 - [STDERR_REDIRECT] [Fatal Error] :1:1: Premature end of file.
2026-07-16 12:32:22,461 [ERROR] LogOutputStream:75 - [STDERR_REDIRECT] 
2026-07-16 12:32:23,463 [ERROR] LogOutputStream:75 - [STDERR_REDIRECT] [Fatal Error] :1:1: Premature end of file.
2026-07-16 12:32:23,463 [ERROR] LogOutputStream:75 - [STDERR_REDIRECT] 
2026-07-16 12:32:24,461 [ERROR] LogOutputStream:75 - [STDERR_REDIRECT] [Fatal Error] :1:1: Premature end of file.
2026-07-16 12:32:24,461 [ERROR] LogOutputStream:75 - [STDERR_REDIRECT] 
2026-07-16 12:32:25,461 [ERROR] LogOutputStream:75 - [STDERR_REDIRECT] [Fatal Error] :1:1: Premature end of file.
2026-07-16 12:32:25,461 [ERROR] LogOutputStream:75 - [STDERR_REDIRECT] 
2026-07-16 12:32:26,461 [ERROR] LogOutputStream:75 - [STDERR_REDIRECT] [Fatal Error] :1:1: Premature end of file.
2026-07-16 12:32:26,461 [ERROR] LogOutputStream:75 - [STDERR_REDIRECT] 
2026-07-16 12:32:27,463 [ERROR] LogOutputStream:75 - [STDERR_REDIRECT] [Fatal Error] :1:1: Premature end of file.
2026-07-16 12:32:27,463 [ERROR] LogOutputStream:75 - [STDERR_REDIRECT] 
2026-07-16 12:32:28,465 [ERROR] LogOutputStream:75 - [STDERR_REDIRECT] [Fatal Error] :1:1: Premature end of file.
2026-07-16 12:32:28,465 [ERROR] LogOutputStream:75 - [STDERR_REDIRECT] 
2026-07-16 12:32:29,461 [ERROR] LogOutputStream:75 - [STDERR_REDIRECT] [Fatal Error] :1:1: Premature end of file.
2026-07-16 12:32:29,462 [ERROR] LogOutputStream:75 - [STDERR_REDIRECT] 
2026-07-16 12:32:30,460 [ERROR] LogOutputStream:75 - [STDERR_REDIRECT] [Fatal Error] :1:1: Premature end of file.
2026-07-16 12:32:30,461 [ERROR] LogOutputStream:75 - [STDERR_REDIRECT] 
2026-07-16 12:32:31,461 [ERROR] LogOutputStream:75 - [STDERR_REDIRECT] [Fatal Error] :1:1: Premature end of file.
2026-07-16 12:32:31,461 [ERROR] LogOutputStream:75 - [STDERR_REDIRECT] 
2026-07-16 12:32:32,461 [ERROR] LogOutputStream:75 - [STDERR_REDIRECT] [Fatal Error] :1:1: Premature end of file.
2026-07-16 12:32:32,461 [ERROR] LogOutputStream:75 - [STDERR_REDIRECT] 
2026-07-16 12:32:33,461 [ERROR] LogOutputStream:75 - [STDERR_REDIRECT] [Fatal Error] :1:1: Premature end of file.
2026-07-16 12:32:33,461 [ERROR] LogOutputStream:75 - [STDERR_REDIRECT] 
2026-07-16 12:32:34,461 [ERROR] LogOutputStream:75 - [STDERR_REDIRECT] [Fatal Error] :1:1: Premature end of file.
2026-07-16 12:32:34,461 [ERROR] LogOutputStream:75 - [STDERR_REDIRECT] 
2026-07-16 12:32:35,462 [ERROR] LogOutputStream:75 - [STDERR_REDIRECT] [Fatal Error] :1:1: Premature end of file.
2026-07-16 12:32:35,462 [ERROR] LogOutputStream:75 - [STDERR_REDIRECT] 
2026-07-16 12:32:36,461 [ERROR] LogOutputStream:75 - [STDERR_REDIRECT] [Fatal Error] :1:1: Premature end of file.
2026-07-16 12:32:36,461 [ERROR] LogOutputStream:75 - [STDERR_REDIRECT] 
2026-07-16 12:32:37,461 [ERROR] LogOutputStream:75 - [STDERR_REDIRECT] [Fatal Error] :1:1: Premature end of file.
2026-07-16 12:32:37,461 [ERROR] LogOutputStream:75 - [STDERR_REDIRECT] 
2026-07-16 12:32:38,461 [ERROR] LogOutputStream:75 - [STDERR_REDIRECT] [Fatal Error] :1:1: Premature end of file.
2026-07-16 12:32:38,461 [ERROR] LogOutputStream:75 - [STDERR_REDIRECT] 
2026-07-16 12:32:39,470 [ERROR] LogOutputStream:75 - [STDERR_REDIRECT] [Fatal Error] :1:1: Premature end of file.
2026-07-16 12:32:39,470 [ERROR] LogOutputStream:75 - [STDERR_REDIRECT] 
2026-07-16 12:32:40,463 [ERROR] LogOutputStream:75 - [STDERR_REDIRECT] [Fatal Error] :1:1: Premature end of file.
2026-07-16 12:32:40,464 [ERROR] LogOutputStream:75 - [STDERR_REDIRECT] 
2026-07-16 12:32:41,470 [ERROR] LogOutputStream:75 - [STDERR_REDIRECT] [Fatal Error] :1:1: Premature end of file.
2026-07-16 12:32:41,470 [ERROR] LogOutputStream:75 - [STDERR_REDIRECT] 
2026-07-16 12:32:42,464 [ERROR] LogOutputStream:75 - [STDERR_REDIRECT] [Fatal Error] :1:1: Premature end of file.
2026-07-16 12:32:42,464 [ERROR] LogOutputStream:75 - [STDERR_REDIRECT] 
2026-07-16 12:32:43,473 [ERROR] LogOutputStream:75 - [STDERR_REDIRECT] [Fatal Error] :1:1: Premature end of file.
2026-07-16 12:32:43,473 [ERROR] LogOutputStream:75 - [STDERR_REDIRECT] 
2026-07-16 12:32:44,466 [ERROR] LogOutputStream:75 - [STDERR_REDIRECT] [Fatal Error] :1:1: Premature end of file.
2026-07-16 12:32:44,466 [ERROR] LogOutputStream:75 - [STDERR_REDIRECT] 
2026-07-16 12:32:45,482 [ERROR] LogOutputStream:75 - [STDERR_REDIRECT] [Fatal Error] :1:1: Premature end of file.
2026-07-16 12:32:45,483 [ERROR] LogOutputStream:75 - [STDERR_REDIRECT] 
2026-07-16 12:32:46,466 [ERROR] LogOutputStream:75 - [STDERR_REDIRECT] [Fatal Error] :1:1: Premature end of file.
2026-07-16 12:32:46,467 [ERROR] LogOutputStream:75 - [STDERR_REDIRECT] 
2026-07-16 12:32:47,472 [ERROR] LogOutputStream:75 - [STDERR_REDIRECT] [Fatal Error] :1:1: Premature end of file.
2026-07-16 12:32:47,472 [ERROR] LogOutputStream:75 - [STDERR_REDIRECT] 
2026-07-16 12:32:48,464 [ERROR] LogOutputStream:75 - [STDERR_REDIRECT] [Fatal Error] :1:1: Premature end of file.
2026-07-16 12:32:48,464 [ERROR] LogOutputStream:75 - [STDERR_REDIRECT] 
2026-07-16 12:32:49,475 [ERROR] LogOutputStream:75 - [STDERR_REDIRECT] [Fatal Error] :1:1: Premature end of file.
2026-07-16 12:32:49,475 [ERROR] LogOutputStream:75 - [STDERR_REDIRECT] 
2026-07-16 12:32:50,469 [ERROR] LogOutputStream:75 - [STDERR_REDIRECT] [Fatal Error] :1:1: Premature end of file.
2026-07-16 12:32:50,469 [ERROR] LogOutputStream:75 - [STDERR_REDIRECT] 
2026-07-16 12:32:51,475 [ERROR] LogOutputStream:75 - [STDERR_REDIRECT] [Fatal Error] :1:1: Premature end of file.
2026-07-16 12:32:51,475 [ERROR] LogOutputStream:75 - [STDERR_REDIRECT] 
2026-07-16 12:32:52,466 [ERROR] LogOutputStream:75 - [STDERR_REDIRECT] [Fatal Error] :1:1: Premature end of file.
2026-07-16 12:32:52,466 [ERROR] LogOutputStream:75 - [STDERR_REDIRECT] 
2026-07-16 12:32:53,474 [ERROR] LogOutputStream:75 - [STDERR_REDIRECT] [Fatal Error] :1:1: Premature end of file.
2026-07-16 12:32:53,474 [ERROR] LogOutputStream:75 - [STDERR_REDIRECT] 
2026-07-16 12:32:54,466 [ERROR] LogOutputStream:75 - [STDERR_REDIRECT] [Fatal Error] :1:1: Premature end of file.
2026-07-16 12:32:54,466 [ERROR] LogOutputStream:75 - [STDERR_REDIRECT] 
2026-07-16 12:32:55,475 [ERROR] LogOutputStream:75 - [STDERR_REDIRECT] [Fatal Error] :1:1: Premature end of file.
2026-07-16 12:32:55,475 [ERROR] LogOutputStream:75 - [STDERR_REDIRECT] 
2026-07-16 12:32:56,468 [ERROR] LogOutputStream:75 - [STDERR_REDIRECT] [Fatal Error] :1:1: Premature end of file.
2026-07-16 12:32:56,469 [ERROR] LogOutputStream:75 - [STDERR_REDIRECT] 
2026-07-16 12:32:57,475 [ERROR] LogOutputStream:75 - [STDERR_REDIRECT] [Fatal Error] :1:1: Premature end of file.
2026-07-16 12:32:57,475 [ERROR] LogOutputStream:75 - [STDERR_REDIRECT] 
2026-07-16 12:32:58,468 [ERROR] LogOutputStream:75 - [STDERR_REDIRECT] [Fatal Error] :1:1: Premature end of file.
2026-07-16 12:32:58,468 [ERROR] LogOutputStream:75 - [STDERR_REDIRECT] 
2026-07-16 12:32:59,476 [ERROR] LogOutputStream:75 - [STDERR_REDIRECT] [Fatal Error] :1:1: Premature end of file.
2026-07-16 12:32:59,476 [ERROR] LogOutputStream:75 - [STDERR_REDIRECT] 
2026-07-16 12:33:00,469 [ERROR] LogOutputStream:75 - [STDERR_REDIRECT] [Fatal Error] :1:1: Premature end of file.
2026-07-16 12:33:00,469 [ERROR] LogOutputStream:75 - [STDERR_REDIRECT] 
2026-07-16 12:33:01,476 [ERROR] LogOutputStream:75 - [STDERR_REDIRECT] [Fatal Error] :1:1: Premature end of file.
2026-07-16 12:33:01,476 [ERROR] LogOutputStream:75 - [STDERR_REDIRECT] 
2026-07-16 12:33:02,468 [ERROR] LogOutputStream:75 - [STDERR_REDIRECT] [Fatal Error] :1:1: Premature end of file.
2026-07-16 12:33:02,468 [ERROR] LogOutputStream:75 - [STDERR_REDIRECT] 
2026-07-16 12:33:03,478 [ERROR] LogOutputStream:75 - [STDERR_REDIRECT] [Fatal Error] :1:1: Premature end of file.
2026-07-16 12:33:03,478 [ERROR] LogOutputStream:75 - [STDERR_REDIRECT] 
2026-07-16 12:33:04,469 [ERROR] LogOutputStream:75 - [STDERR_REDIRECT] [Fatal Error] :1:1: Premature end of file.
2026-07-16 12:33:04,469 [ERROR] LogOutputStream:75 - [STDERR_REDIRECT] 
2026-07-16 12:33:05,477 [ERROR] LogOutputStream:75 - [STDERR_REDIRECT] [Fatal Error] :1:1: Premature end of file.
2026-07-16 12:33:05,477 [ERROR] LogOutputStream:75 - [STDERR_REDIRECT] 
2026-07-16 12:33:06,470 [ERROR] LogOutputStream:75 - [STDERR_REDIRECT] [Fatal Error] :1:1: Premature end of file.
2026-07-16 12:33:06,470 [ERROR] LogOutputStream:75 - [STDERR_REDIRECT] 
2026-07-16 12:33:07,461 [ERROR] LogOutputStream:75 - [STDERR_REDIRECT] [Fatal Error] :1:1: Premature end of file.
2026-07-16 12:33:07,461 [ERROR] LogOutputStream:75 - [STDERR_REDIRECT] 
2026-07-16 12:33:08,472 [ERROR] LogOutputStream:75 - [STDERR_REDIRECT] [Fatal Error] :1:1: Premature end of file.
2026-07-16 12:33:08,472 [ERROR] LogOutputStream:75 - [STDERR_REDIRECT] 
2026-07-16 12:33:09,463 [ERROR] LogOutputStream:75 - [STDERR_REDIRECT] [Fatal Error] :1:1: Premature end of file.
2026-07-16 12:33:09,463 [ERROR] LogOutputStream:75 - [STDERR_REDIRECT] 
2026-07-16 12:33:10,470 [ERROR] LogOutputStream:75 - [STDERR_REDIRECT] [Fatal Error] :1:1: Premature end of file.
2026-07-16 12:33:10,471 [ERROR] LogOutputStream:75 - [STDERR_REDIRECT] 
2026-07-16 12:33:11,471 [ERROR] LogOutputStream:75 - [STDERR_REDIRECT] [Fatal Error] :1:1: Premature end of file.
2026-07-16 12:33:11,471 [ERROR] LogOutputStream:75 - [STDERR_REDIRECT] 
2026-07-16 12:33:12,471 [ERROR] LogOutputStream:75 - [STDERR_REDIRECT] [Fatal Error] :1:1: Premature end of file.
2026-07-16 12:33:12,471 [ERROR] LogOutputStream:75 - [STDERR_REDIRECT] 
2026-07-16 12:33:13,463 [ERROR] LogOutputStream:75 - [STDERR_REDIRECT] [Fatal Error] :1:1: Premature end of file.
2026-07-16 12:33:13,463 [ERROR] LogOutputStream:75 - [STDERR_REDIRECT] 
2026-07-16 12:33:14,472 [ERROR] LogOutputStream:75 - [STDERR_REDIRECT] [Fatal Error] :1:1: Premature end of file.
2026-07-16 12:33:14,472 [ERROR] LogOutputStream:75 - [STDERR_REDIRECT] 
2026-07-16 12:33:15,464 [ERROR] LogOutputStream:75 - [STDERR_REDIRECT] [Fatal Error] :1:1: Premature end of file.
2026-07-16 12:33:15,464 [ERROR] LogOutputStream:75 - [STDERR_REDIRECT] 
2026-07-16 12:33:16,472 [ERROR] LogOutputStream:75 - [STDERR_REDIRECT] [Fatal Error] :1:1: Premature end of file.
2026-07-16 12:33:16,473 [ERROR] LogOutputStream:75 - [STDERR_REDIRECT] 
2026-07-16 12:33:17,464 [ERROR] LogOutputStream:75 - [STDERR_REDIRECT] [Fatal Error] :1:1: Premature end of file.
2026-07-16 12:33:17,465 [ERROR] LogOutputStream:75 - [STDERR_REDIRECT] 
2026-07-16 12:33:18,473 [ERROR] LogOutputStream:75 - [STDERR_REDIRECT] [Fatal Error] :1:1: Premature end of file.
2026-07-16 12:33:18,473 [ERROR] LogOutputStream:75 - [STDERR_REDIRECT] 
2026-07-16 12:33:19,465 [ERROR] LogOutputStream:75 - [STDERR_REDIRECT] [Fatal Error] :1:1: Premature end of file.
2026-07-16 12:33:19,465 [ERROR] LogOutputStream:75 - [STDERR_REDIRECT] 
2026-07-16 12:33:20,473 [ERROR] LogOutputStream:75 - [STDERR_REDIRECT] [Fatal Error] :1:1: Premature end of file.
2026-07-16 12:33:20,474 [ERROR] LogOutputStream:75 - [STDERR_REDIRECT] 
2026-07-16 12:33:21,466 [ERROR] LogOutputStream:75 - [STDERR_REDIRECT] [Fatal Error] :1:1: Premature end of file.
2026-07-16 12:33:21,466 [ERROR] LogOutputStream:75 - [STDERR_REDIRECT] 
2026-07-16 12:33:22,473 [ERROR] LogOutputStream:75 - [STDERR_REDIRECT] [Fatal Error] :1:1: Premature end of file.
2026-07-16 12:33:22,474 [ERROR] LogOutputStream:75 - [STDERR_REDIRECT] 
2026-07-16 12:33:23,467 [ERROR] LogOutputStream:75 - [STDERR_REDIRECT] [Fatal Error] :1:1: Premature end of file.
2026-07-16 12:33:23,468 [ERROR] LogOutputStream:75 - [STDERR_REDIRECT] 
2026-07-16 12:33:24,474 [ERROR] LogOutputStream:75 - [STDERR_REDIRECT] [Fatal Error] :1:1: Premature end of file.
2026-07-16 12:33:24,474 [ERROR] LogOutputStream:75 - [STDERR_REDIRECT] 
2026-07-16 12:33:25,469 [ERROR] LogOutputStream:75 - [STDERR_REDIRECT] [Fatal Error] :1:1: Premature end of file.
2026-07-16 12:33:25,469 [ERROR] LogOutputStream:75 - [STDERR_REDIRECT] 
2026-07-16 12:33:26,474 [ERROR] LogOutputStream:75 - [STDERR_REDIRECT] [Fatal Error] :1:1: Premature end of file.
2026-07-16 12:33:26,474 [ERROR] LogOutputStream:75 - [STDERR_REDIRECT] 
2026-07-16 12:33:27,470 [ERROR] LogOutputStream:75 - [STDERR_REDIRECT] [Fatal Error] :1:1: Premature end of file.
2026-07-16 12:33:27,470 [ERROR] LogOutputStream:75 - [STDERR_REDIRECT] 
2026-07-16 12:33:28,476 [ERROR] LogOutputStream:75 - [STDERR_REDIRECT] [Fatal Error] :1:1: Premature end of file.
2026-07-16 12:33:28,476 [ERROR] LogOutputStream:75 - [STDERR_REDIRECT] 
2026-07-16 12:33:29,469 [ERROR] LogOutputStream:75 - [STDERR_REDIRECT] [Fatal Error] :1:1: Premature end of file.
2026-07-16 12:33:29,469 [ERROR] LogOutputStream:75 - [STDERR_REDIRECT] 
2026-07-16 12:33:30,475 [ERROR] LogOutputStream:75 - [STDERR_REDIRECT] [Fatal Error] :1:1: Premature end of file.
2026-07-16 12:33:30,475 [ERROR] LogOutputStream:75 - [STDERR_REDIRECT] 
2026-07-16 12:33:31,471 [ERROR] LogOutputStream:75 - [STDERR_REDIRECT] [Fatal Error] :1:1: Premature end of file.
2026-07-16 12:33:31,471 [ERROR] LogOutputStream:75 - [STDERR_REDIRECT] 
2026-07-16 12:33:32,477 [ERROR] LogOutputStream:75 - [STDERR_REDIRECT] [Fatal Error] :1:1: Premature end of file.
2026-07-16 12:33:32,477 [ERROR] LogOutputStream:75 - [STDERR_REDIRECT] 
2026-07-16 12:33:33,473 [ERROR] LogOutputStream:75 - [STDERR_REDIRECT] [Fatal Error] :1:1: Premature end of file.
2026-07-16 12:33:33,473 [ERROR] LogOutputStream:75 - [STDERR_REDIRECT] 
2026-07-16 12:33:34,464 [ERROR] LogOutputStream:75 - [STDERR_REDIRECT] [Fatal Error] :1:1: Premature end of file.
2026-07-16 12:33:34,465 [ERROR] LogOutputStream:75 - [STDERR_REDIRECT] 
2026-07-16 12:33:35,469 [ERROR] LogOutputStream:75 - [STDERR_REDIRECT] [Fatal Error] :1:1: Premature end of file.
2026-07-16 12:33:35,469 [ERROR] LogOutputStream:75 - [STDERR_REDIRECT] 
2026-07-16 12:33:36,462 [ERROR] LogOutputStream:75 - [STDERR_REDIRECT] [Fatal Error] :1:1: Premature end of file.
2026-07-16 12:33:36,462 [ERROR] LogOutputStream:75 - [STDERR_REDIRECT] 
2026-07-16 12:33:37,470 [ERROR] LogOutputStream:75 - [STDERR_REDIRECT] [Fatal Error] :1:1: Premature end of file.
2026-07-16 12:33:37,470 [ERROR] LogOutputStream:75 - [STDERR_REDIRECT] 
2026-07-16 12:33:38,464 [ERROR] LogOutputStream:75 - [STDERR_REDIRECT] [Fatal Error] :1:1: Premature end of file.
2026-07-16 12:33:38,464 [ERROR] LogOutputStream:75 - [STDERR_REDIRECT] 
2026-07-16 12:33:39,471 [ERROR] LogOutputStream:75 - [STDERR_REDIRECT] [Fatal Error] :1:1: Premature end of file.
2026-07-16 12:33:39,471 [ERROR] LogOutputStream:75 - [STDERR_REDIRECT] 
2026-07-16 12:33:40,463 [ERROR] LogOutputStream:75 - [STDERR_REDIRECT] [Fatal Error] :1:1: Premature end of file.
2026-07-16 12:33:40,463 [ERROR] LogOutputStream:75 - [STDERR_REDIRECT] 
2026-07-16 12:33:41,471 [ERROR] LogOutputStream:75 - [STDERR_REDIRECT] [Fatal Error] :1:1: Premature end of file.
2026-07-16 12:33:41,471 [ERROR] LogOutputStream:75 - [STDERR_REDIRECT] 
2026-07-16 12:33:42,465 [ERROR] LogOutputStream:75 - [STDERR_REDIRECT] [Fatal Error] :1:1: Premature end of file.
2026-07-16 12:33:42,466 [ERROR] LogOutputStream:75 - [STDERR_REDIRECT] 
2026-07-16 12:33:43,471 [ERROR] LogOutputStream:75 - [STDERR_REDIRECT] [Fatal Error] :1:1: Premature end of file.
2026-07-16 12:33:43,471 [ERROR] LogOutputStream:75 - [STDERR_REDIRECT] 
2026-07-16 12:33:44,464 [ERROR] LogOutputStream:75 - [STDERR_REDIRECT] [Fatal Error] :1:1: Premature end of file.
2026-07-16 12:33:44,464 [ERROR] LogOutputStream:75 - [STDERR_REDIRECT] 
2026-07-16 12:33:45,472 [ERROR] LogOutputStream:75 - [STDERR_REDIRECT] [Fatal Error] :1:1: Premature end of file.
2026-07-16 12:33:45,472 [ERROR] LogOutputStream:75 - [STDERR_REDIRECT] 
2026-07-16 12:33:46,464 [ERROR] LogOutputStream:75 - [STDERR_REDIRECT] [Fatal Error] :1:1: Premature end of file.
2026-07-16 12:33:46,464 [ERROR] LogOutputStream:75 - [STDERR_REDIRECT] 
2026-07-16 12:33:47,473 [ERROR] LogOutputStream:75 - [STDERR_REDIRECT] [Fatal Error] :1:1: Premature end of file.
2026-07-16 12:33:47,473 [ERROR] LogOutputStream:75 - [STDERR_REDIRECT] 
2026-07-16 12:33:48,464 [ERROR] LogOutputStream:75 - [STDERR_REDIRECT] [Fatal Error] :1:1: Premature end of file.
2026-07-16 12:33:48,464 [ERROR] LogOutputStream:75 - [STDERR_REDIRECT] 
2026-07-16 12:33:49,473 [ERROR] LogOutputStream:75 - [STDERR_REDIRECT] [Fatal Error] :1:1: Premature end of file.
2026-07-16 12:33:49,473 [ERROR] LogOutputStream:75 - [STDERR_REDIRECT] 
2026-07-16 12:33:50,466 [ERROR] LogOutputStream:75 - [STDERR_REDIRECT] [Fatal Error] :1:1: Premature end of file.
2026-07-16 12:33:50,466 [ERROR] LogOutputStream:75 - [STDERR_REDIRECT] 
2026-07-16 12:33:51,473 [ERROR] LogOutputStream:75 - [STDERR_REDIRECT] [Fatal Error] :1:1: Premature end of file.
2026-07-16 12:33:51,473 [ERROR] LogOutputStream:75 - [STDERR_REDIRECT] 
2026-07-16 12:33:52,466 [ERROR] LogOutputStream:75 - [STDERR_REDIRECT] [Fatal Error] :1:1: Premature end of file.
2026-07-16 12:33:52,467 [ERROR] LogOutputStream:75 - [STDERR_REDIRECT] 
2026-07-16 12:33:53,474 [ERROR] LogOutputStream:75 - [STDERR_REDIRECT] [Fatal Error] :1:1: Premature end of file.
2026-07-16 12:33:53,474 [ERROR] LogOutputStream:75 - [STDERR_REDIRECT] 
2026-07-16 12:33:54,467 [ERROR] LogOutputStream:75 - [STDERR_REDIRECT] [Fatal Error] :1:1: Premature end of file.
2026-07-16 12:33:54,467 [ERROR] LogOutputStream:75 - [STDERR_REDIRECT] 
2026-07-16 12:33:55,474 [ERROR] LogOutputStream:75 - [STDERR_REDIRECT] [Fatal Error] :1:1: Premature end of file.
2026-07-16 12:33:55,475 [ERROR] LogOutputStream:75 - [STDERR_REDIRECT] 
2026-07-16 12:33:56,468 [ERROR] LogOutputStream:75 - [STDERR_REDIRECT] [Fatal Error] :1:1: Premature end of file.
2026-07-16 12:33:56,468 [ERROR] LogOutputStream:75 - [STDERR_REDIRECT] 
2026-07-16 12:33:57,476 [ERROR] LogOutputStream:75 - [STDERR_REDIRECT] [Fatal Error] :1:1: Premature end of file.
2026-07-16 12:33:57,476 [ERROR] LogOutputStream:75 - [STDERR_REDIRECT] 
2026-07-16 12:33:58,469 [ERROR] LogOutputStream:75 - [STDERR_REDIRECT] [Fatal Error] :1:1: Premature end of file.
2026-07-16 12:33:58,469 [ERROR] LogOutputStream:75 - [STDERR_REDIRECT] 
2026-07-16 12:33:59,476 [ERROR] LogOutputStream:75 - [STDERR_REDIRECT] [Fatal Error] :1:1: Premature end of file.
2026-07-16 12:33:59,477 [ERROR] LogOutputStream:75 - [STDERR_REDIRECT] 
2026-07-16 12:34:00,468 [ERROR] LogOutputStream:75 - [STDERR_REDIRECT] [Fatal Error] :1:1: Premature end of file.
2026-07-16 12:34:00,468 [ERROR] LogOutputStream:75 - [STDERR_REDIRECT] 
2026-07-16 12:34:01,478 [ERROR] LogOutputStream:75 - [STDERR_REDIRECT] [Fatal Error] :1:1: Premature end of file.
2026-07-16 12:34:01,478 [ERROR] LogOutputStream:75 - [STDERR_REDIRECT] 
2026-07-16 12:34:02,468 [ERROR] LogOutputStream:75 - [STDERR_REDIRECT] [Fatal Error] :1:1: Premature end of file.
2026-07-16 12:34:02,468 [ERROR] LogOutputStream:75 - [STDERR_REDIRECT] 
2026-07-16 12:34:03,477 [ERROR] LogOutputStream:75 - [STDERR_REDIRECT] [Fatal Error] :1:1: Premature end of file.
2026-07-16 12:34:03,477 [ERROR] LogOutputStream:75 - [STDERR_REDIRECT] 
2026-07-16 12:34:04,468 [ERROR] LogOutputStream:75 - [STDERR_REDIRECT] [Fatal Error] :1:1: Premature end of file.
2026-07-16 12:34:04,469 [ERROR] LogOutputStream:75 - [STDERR_REDIRECT] 
2026-07-16 12:34:05,478 [ERROR] LogOutputStream:75 - [STDERR_REDIRECT] [Fatal Error] :1:1: Premature end of file.
2026-07-16 12:34:05,478 [ERROR] LogOutputStream:75 - [STDERR_REDIRECT] 
2026-07-16 12:34:06,469 [ERROR] LogOutputStream:75 - [STDERR_REDIRECT] [Fatal Error] :1:1: Premature end of file.
2026-07-16 12:34:06,469 [ERROR] LogOutputStream:75 - [STDERR_REDIRECT] 
2026-07-16 12:34:07,464 [ERROR] LogOutputStream:75 - [STDERR_REDIRECT] [Fatal Error] :1:1: Premature end of file.
2026-07-16 12:34:07,465 [ERROR] LogOutputStream:75 - [STDERR_REDIRECT] 
2026-07-16 12:34:08,471 [ERROR] LogOutputStream:75 - [STDERR_REDIRECT] [Fatal Error] :1:1: Premature end of file.
2026-07-16 12:34:08,471 [ERROR] LogOutputStream:75 - [STDERR_REDIRECT] 
2026-07-16 12:34:09,464 [ERROR] LogOutputStream:75 - [STDERR_REDIRECT] [Fatal Error] :1:1: Premature end of file.
2026-07-16 12:34:09,464 [ERROR] LogOutputStream:75 - [STDERR_REDIRECT] 
2026-07-16 12:34:10,471 [ERROR] LogOutputStream:75 - [STDERR_REDIRECT] [Fatal Error] :1:1: Premature end of file.
2026-07-16 12:34:10,471 [ERROR] LogOutputStream:75 - [STDERR_REDIRECT] 
2026-07-16 12:34:11,464 [ERROR] LogOutputStream:75 - [STDERR_REDIRECT] [Fatal Error] :1:1: Premature end of file.
2026-07-16 12:34:11,464 [ERROR] LogOutputStream:75 - [STDERR_REDIRECT] 
2026-07-16 12:34:12,471 [ERROR] LogOutputStream:75 - [STDERR_REDIRECT] [Fatal Error] :1:1: Premature end of file.
2026-07-16 12:34:12,471 [ERROR] LogOutputStream:75 - [STDERR_REDIRECT] 
2026-07-16 12:34:13,464 [ERROR] LogOutputStream:75 - [STDERR_REDIRECT] [Fatal Error] :1:1: Premature end of file.
2026-07-16 12:34:13,464 [ERROR] LogOutputStream:75 - [STDERR_REDIRECT] 
2026-07-16 12:34:14,472 [ERROR] LogOutputStream:75 - [STDERR_REDIRECT] [Fatal Error] :1:1: Premature end of file.
2026-07-16 12:34:14,472 [ERROR] LogOutputStream:75 - [STDERR_REDIRECT] 
2026-07-16 12:34:15,465 [ERROR] LogOutputStream:75 - [STDERR_REDIRECT] [Fatal Error] :1:1: Premature end of file.
2026-07-16 12:34:15,465 [ERROR] LogOutputStream:75 - [STDERR_REDIRECT] 
2026-07-16 12:34:16,473 [ERROR] LogOutputStream:75 - [STDERR_REDIRECT] [Fatal Error] :1:1: Premature end of file.
2026-07-16 12:34:16,473 [ERROR] LogOutputStream:75 - [STDERR_REDIRECT] 
2026-07-16 12:34:17,465 [ERROR] LogOutputStream:75 - [STDERR_REDIRECT] [Fatal Error] :1:1: Premature end of file.
2026-07-16 12:34:17,465 [ERROR] LogOutputStream:75 - [STDERR_REDIRECT] 
2026-07-16 12:34:18,473 [ERROR] LogOutputStream:75 - [STDERR_REDIRECT] [Fatal Error] :1:1: Premature end of file.
2026-07-16 12:34:18,473 [ERROR] LogOutputStream:75 - [STDERR_REDIRECT] 
2026-07-16 12:34:19,469 [ERROR] LogOutputStream:75 - [STDERR_REDIRECT] [Fatal Error] :1:1: Premature end of file.
2026-07-16 12:34:19,469 [ERROR] LogOutputStream:75 - [STDERR_REDIRECT] 
2026-07-16 12:34:20,474 [ERROR] LogOutputStream:75 - [STDERR_REDIRECT] [Fatal Error] :1:1: Premature end of file.
2026-07-16 12:34:20,474 [ERROR] LogOutputStream:75 - [STDERR_REDIRECT] 
2026-07-16 12:34:21,466 [ERROR] LogOutputStream:75 - [STDERR_REDIRECT] [Fatal Error] :1:1: Premature end of file.
2026-07-16 12:34:21,466 [ERROR] LogOutputStream:75 - [STDERR_REDIRECT] 
2026-07-16 12:34:22,474 [ERROR] LogOutputStream:75 - [STDERR_REDIRECT] [Fatal Error] :1:1: Premature end of file.
2026-07-16 12:34:22,474 [ERROR] LogOutputStream:75 - [STDERR_REDIRECT] 
2026-07-16 12:34:23,466 [ERROR] LogOutputStream:75 - [STDERR_REDIRECT] [Fatal Error] :1:1: Premature end of file.
2026-07-16 12:34:23,466 [ERROR] LogOutputStream:75 - [STDERR_REDIRECT] 
2026-07-16 12:34:24,475 [ERROR] LogOutputStream:75 - [STDERR_REDIRECT] [Fatal Error] :1:1: Premature end of file.
2026-07-16 12:34:24,475 [ERROR] LogOutputStream:75 - [STDERR_REDIRECT] 
2026-07-16 12:34:25,467 [ERROR] LogOutputStream:75 - [STDERR_REDIRECT] [Fatal Error] :1:1: Premature end of file.
2026-07-16 12:34:25,467 [ERROR] LogOutputStream:75 - [STDERR_REDIRECT] 
2026-07-16 12:34:26,475 [ERROR] LogOutputStream:75 - [STDERR_REDIRECT] [Fatal Error] :1:1: Premature end of file.
2026-07-16 12:34:26,475 [ERROR] LogOutputStream:75 - [STDERR_REDIRECT] 
2026-07-16 12:34:27,467 [ERROR] LogOutputStream:75 - [STDERR_REDIRECT] [Fatal Error] :1:1: Premature end of file.
2026-07-16 12:34:27,468 [ERROR] LogOutputStream:75 - [STDERR_REDIRECT] 
2026-07-16 12:34:28,475 [ERROR] LogOutputStream:75 - [STDERR_REDIRECT] [Fatal Error] :1:1: Premature end of file.
2026-07-16 12:34:28,475 [ERROR] LogOutputStream:75 - [STDERR_REDIRECT] 
2026-07-16 12:34:29,468 [ERROR] LogOutputStream:75 - [STDERR_REDIRECT] [Fatal Error] :1:1: Premature end of file.
2026-07-16 12:34:29,468 [ERROR] LogOutputStream:75 - [STDERR_REDIRECT] 
2026-07-16 12:34:30,476 [ERROR] LogOutputStream:75 - [STDERR_REDIRECT] [Fatal Error] :1:1: Premature end of file.
2026-07-16 12:34:30,476 [ERROR] LogOutputStream:75 - [STDERR_REDIRECT] 
2026-07-16 12:34:31,470 [ERROR] LogOutputStream:75 - [STDERR_REDIRECT] [Fatal Error] :1:1: Premature end of file.
2026-07-16 12:34:31,470 [ERROR] LogOutputStream:75 - [STDERR_REDIRECT] 
2026-07-16 12:34:32,478 [ERROR] LogOutputStream:75 - [STDERR_REDIRECT] [Fatal Error] :1:1: Premature end of file.
2026-07-16 12:34:32,478 [ERROR] LogOutputStream:75 - [STDERR_REDIRECT] 
2026-07-16 12:34:33,469 [ERROR] LogOutputStream:75 - [STDERR_REDIRECT] [Fatal Error] :1:1: Premature end of file.
2026-07-16 12:34:33,470 [ERROR] LogOutputStream:75 - [STDERR_REDIRECT] 
2026-07-16 12:34:34,478 [ERROR] LogOutputStream:75 - [STDERR_REDIRECT] [Fatal Error] :1:1: Premature end of file.
2026-07-16 12:34:34,478 [ERROR] LogOutputStream:75 - [STDERR_REDIRECT] 
2026-07-16 12:34:35,472 [ERROR] LogOutputStream:75 - [STDERR_REDIRECT] [Fatal Error] :1:1: Premature end of file.
2026-07-16 12:34:35,472 [ERROR] LogOutputStream:75 - [STDERR_REDIRECT] 
2026-07-16 12:34:36,463 [ERROR] LogOutputStream:75 - [STDERR_REDIRECT] [Fatal Error] :1:1: Premature end of file.
2026-07-16 12:34:36,463 [ERROR] LogOutputStream:75 - [STDERR_REDIRECT] 
2026-07-16 12:34:37,472 [ERROR] LogOutputStream:75 - [STDERR_REDIRECT] [Fatal Error] :1:1: Premature end of file.
2026-07-16 12:34:37,472 [ERROR] LogOutputStream:75 - [STDERR_REDIRECT] 
2026-07-16 12:34:38,463 [ERROR] LogOutputStream:75 - [STDERR_REDIRECT] [Fatal Error] :1:1: Premature end of file.
2026-07-16 12:34:38,463 [ERROR] LogOutputStream:75 - [STDERR_REDIRECT] 
2026-07-16 12:34:39,471 [ERROR] LogOutputStream:75 - [STDERR_REDIRECT] [Fatal Error] :1:1: Premature end of file.
2026-07-16 12:34:39,471 [ERROR] LogOutputStream:75 - [STDERR_REDIRECT] 
2026-07-16 12:34:40,463 [ERROR] LogOutputStream:75 - [STDERR_REDIRECT] [Fatal Error] :1:1: Premature end of file.
2026-07-16 12:34:40,463 [ERROR] LogOutputStream:75 - [STDERR_REDIRECT] 
2026-07-16 12:34:41,472 [ERROR] LogOutputStream:75 - [STDERR_REDIRECT] [Fatal Error] :1:1: Premature end of file.
2026-07-16 12:34:41,472 [ERROR] LogOutputStream:75 - [STDERR_REDIRECT] 
2026-07-16 12:34:42,464 [ERROR] LogOutputStream:75 - [STDERR_REDIRECT] [Fatal Error] :1:1: Premature end of file.
2026-07-16 12:34:42,464 [ERROR] LogOutputStream:75 - [STDERR_REDIRECT] 
2026-07-16 12:34:43,471 [ERROR] LogOutputStream:75 - [STDERR_REDIRECT] [Fatal Error] :1:1: Premature end of file.
2026-07-16 12:34:43,471 [ERROR] LogOutputStream:75 - [STDERR_REDIRECT] 
2026-07-16 12:34:44,464 [ERROR] LogOutputStream:75 - [STDERR_REDIRECT] [Fatal Error] :1:1: Premature end of file.
2026-07-16 12:34:44,464 [ERROR] LogOutputStream:75 - [STDERR_REDIRECT] 
2026-07-16 12:34:45,471 [ERROR] LogOutputStream:75 - [STDERR_REDIRECT] [Fatal Error] :1:1: Premature end of file.
2026-07-16 12:34:45,471 [ERROR] LogOutputStream:75 - [STDERR_REDIRECT] 
2026-07-16 12:34:46,464 [ERROR] LogOutputStream:75 - [STDERR_REDIRECT] [Fatal Error] :1:1: Premature end of file.
2026-07-16 12:34:46,464 [ERROR] LogOutputStream:75 - [STDERR_REDIRECT] 
2026-07-16 12:34:47,473 [ERROR] LogOutputStream:75 - [STDERR_REDIRECT] [Fatal Error] :1:1: Premature end of file.
2026-07-16 12:34:47,473 [ERROR] LogOutputStream:75 - [STDERR_REDIRECT] 
2026-07-16 12:34:48,464 [ERROR] LogOutputStream:75 - [STDERR_REDIRECT] [Fatal Error] :1:1: Premature end of file.
2026-07-16 12:34:48,464 [ERROR] LogOutputStream:75 - [STDERR_REDIRECT] 
2026-07-16 12:34:49,474 [ERROR] LogOutputStream:75 - [STDERR_REDIRECT] [Fatal Error] :1:1: Premature end of file.
2026-07-16 12:34:49,475 [ERROR] LogOutputStream:75 - [STDERR_REDIRECT] 
2026-07-16 12:34:50,465 [ERROR] LogOutputStream:75 - [STDERR_REDIRECT] [Fatal Error] :1:1: Premature end of file.
2026-07-16 12:34:50,465 [ERROR] LogOutputStream:75 - [STDERR_REDIRECT] 
2026-07-16 12:34:51,473 [ERROR] LogOutputStream:75 - [STDERR_REDIRECT] [Fatal Error] :1:1: Premature end of file.
2026-07-16 12:34:51,473 [ERROR] LogOutputStream:75 - [STDERR_REDIRECT] 
2026-07-16 12:34:52,464 [ERROR] LogOutputStream:75 - [STDERR_REDIRECT] [Fatal Error] :1:1: Premature end of file.
2026-07-16 12:34:52,464 [ERROR] LogOutputStream:75 - [STDERR_REDIRECT] 
2026-07-16 12:34:53,473 [ERROR] LogOutputStream:75 - [STDERR_REDIRECT] [Fatal Error] :1:1: Premature end of file.
2026-07-16 12:34:53,473 [ERROR] LogOutputStream:75 - [STDERR_REDIRECT] 
2026-07-16 12:34:54,465 [ERROR] LogOutputStream:75 - [STDERR_REDIRECT] [Fatal Error] :1:1: Premature end of file.
2026-07-16 12:34:54,465 [ERROR] LogOutputStream:75 - [STDERR_REDIRECT] 
2026-07-16 12:34:55,472 [ERROR] LogOutputStream:75 - [STDERR_REDIRECT] [Fatal Error] :1:1: Premature end of file.
2026-07-16 12:34:55,472 [ERROR] LogOutputStream:75 - [STDERR_REDIRECT] 
2026-07-16 12:34:56,467 [ERROR] LogOutputStream:75 - [STDERR_REDIRECT] [Fatal Error] :1:1: Premature end of file.
2026-07-16 12:34:56,467 [ERROR] LogOutputStream:75 - [STDERR_REDIRECT] 
2026-07-16 12:34:57,473 [ERROR] LogOutputStream:75 - [STDERR_REDIRECT] [Fatal Error] :1:1: Premature end of file.
2026-07-16 12:34:57,473 [ERROR] LogOutputStream:75 - [STDERR_REDIRECT] 
2026-07-16 12:34:58,470 [ERROR] LogOutputStream:75 - [STDERR_REDIRECT] [Fatal Error] :1:1: Premature end of file.
2026-07-16 12:34:58,470 [ERROR] LogOutputStream:75 - [STDERR_REDIRECT] 
2026-07-16 12:34:59,473 [ERROR] LogOutputStream:75 - [STDERR_REDIRECT] [Fatal Error] :1:1: Premature end of file.
2026-07-16 12:34:59,474 [ERROR] LogOutputStream:75 - [STDERR_REDIRECT] 
2026-07-16 12:35:00,465 [ERROR] LogOutputStream:75 - [STDERR_REDIRECT] [Fatal Error] :1:1: Premature end of file.
2026-07-16 12:35:00,465 [ERROR] LogOutputStream:75 - [STDERR_REDIRECT] 
2026-07-16 12:35:01,473 [ERROR] LogOutputStream:75 - [STDERR_REDIRECT] [Fatal Error] :1:1: Premature end of file.
2026-07-16 12:35:01,473 [ERROR] LogOutputStream:75 - [STDERR_REDIRECT] 
2026-07-16 12:35:02,468 [ERROR] LogOutputStream:75 - [STDERR_REDIRECT] [Fatal Error] :1:1: Premature end of file.
2026-07-16 12:35:02,468 [ERROR] LogOutputStream:75 - [STDERR_REDIRECT] 
2026-07-16 12:35:03,476 [ERROR] LogOutputStream:75 - [STDERR_REDIRECT] [Fatal Error] :1:1: Premature end of file.
2026-07-16 12:35:03,476 [ERROR] LogOutputStream:75 - [STDERR_REDIRECT] 
2026-07-16 12:35:04,466 [ERROR] LogOutputStream:75 - [STDERR_REDIRECT] [Fatal Error] :1:1: Premature end of file.
2026-07-16 12:35:04,466 [ERROR] LogOutputStream:75 - [STDERR_REDIRECT] 
2026-07-16 12:35:05,474 [ERROR] LogOutputStream:75 - [STDERR_REDIRECT] [Fatal Error] :1:1: Premature end of file.
2026-07-16 12:35:05,474 [ERROR] LogOutputStream:75 - [STDERR_REDIRECT] 
2026-07-16 12:35:06,466 [ERROR] LogOutputStream:75 - [STDERR_REDIRECT] [Fatal Error] :1:1: Premature end of file.
2026-07-16 12:35:06,466 [ERROR] LogOutputStream:75 - [STDERR_REDIRECT] 
2026-07-16 12:35:07,474 [ERROR] LogOutputStream:75 - [STDERR_REDIRECT] [Fatal Error] :1:1: Premature end of file.
2026-07-16 12:35:07,474 [ERROR] LogOutputStream:75 - [STDERR_REDIRECT] 
2026-07-16 12:35:08,467 [ERROR] LogOutputStream:75 - [STDERR_REDIRECT] [Fatal Error] :1:1: Premature end of file.
2026-07-16 12:35:08,467 [ERROR] LogOutputStream:75 - [STDERR_REDIRECT] 
2026-07-16 12:35:09,474 [ERROR] LogOutputStream:75 - [STDERR_REDIRECT] [Fatal Error] :1:1: Premature end of file.
2026-07-16 12:35:09,474 [ERROR] LogOutputStream:75 - [STDERR_REDIRECT] 
2026-07-16 12:35:10,468 [ERROR] LogOutputStream:75 - [STDERR_REDIRECT] [Fatal Error] :1:1: Premature end of file.
2026-07-16 12:35:10,468 [ERROR] LogOutputStream:75 - [STDERR_REDIRECT] 
2026-07-16 12:35:11,476 [ERROR] LogOutputStream:75 - [STDERR_REDIRECT] [Fatal Error] :1:1: Premature end of file.
2026-07-16 12:35:11,477 [ERROR] LogOutputStream:75 - [STDERR_REDIRECT] 
2026-07-16 12:35:12,466 [ERROR] LogOutputStream:75 - [STDERR_REDIRECT] [Fatal Error] :1:1: Premature end of file.
2026-07-16 12:35:12,467 [ERROR] LogOutputStream:75 - [STDERR_REDIRECT] 
2026-07-16 12:35:13,475 [ERROR] LogOutputStream:75 - [STDERR_REDIRECT] [Fatal Error] :1:1: Premature end of file.
2026-07-16 12:35:13,475 [ERROR] LogOutputStream:75 - [STDERR_REDIRECT] 
2026-07-16 12:35:14,467 [ERROR] LogOutputStream:75 - [STDERR_REDIRECT] [Fatal Error] :1:1: Premature end of file.
2026-07-16 12:35:14,467 [ERROR] LogOutputStream:75 - [STDERR_REDIRECT] 
2026-07-16 12:35:15,475 [ERROR] LogOutputStream:75 - [STDERR_REDIRECT] [Fatal Error] :1:1: Premature end of file.
2026-07-16 12:35:15,475 [ERROR] LogOutputStream:75 - [STDERR_REDIRECT] 
2026-07-16 12:35:16,469 [ERROR] LogOutputStream:75 - [STDERR_REDIRECT] [Fatal Error] :1:1: Premature end of file.
2026-07-16 12:35:16,470 [ERROR] LogOutputStream:75 - [STDERR_REDIRECT] 
2026-07-16 12:35:17,476 [ERROR] LogOutputStream:75 - [STDERR_REDIRECT] [Fatal Error] :1:1: Premature end of file.
2026-07-16 12:35:17,476 [ERROR] LogOutputStream:75 - [STDERR_REDIRECT] 
2026-07-16 12:35:18,467 [ERROR] LogOutputStream:75 - [STDERR_REDIRECT] [Fatal Error] :1:1: Premature end of file.
2026-07-16 12:35:18,468 [ERROR] LogOutputStream:75 - [STDERR_REDIRECT] 
2026-07-16 12:35:19,476 [ERROR] LogOutputStream:75 - [STDERR_REDIRECT] [Fatal Error] :1:1: Premature end of file.
2026-07-16 12:35:19,476 [ERROR] LogOutputStream:75 - [STDERR_REDIRECT] 
2026-07-16 12:35:20,467 [ERROR] LogOutputStream:75 - [STDERR_REDIRECT] [Fatal Error] :1:1: Premature end of file.
2026-07-16 12:35:20,467 [ERROR] LogOutputStream:75 - [STDERR_REDIRECT] 
2026-07-16 12:35:21,476 [ERROR] LogOutputStream:75 - [STDERR_REDIRECT] [Fatal Error] :1:1: Premature end of file.
2026-07-16 12:35:21,476 [ERROR] LogOutputStream:75 - [STDERR_REDIRECT] 
2026-07-16 12:35:22,467 [ERROR] LogOutputStream:75 - [STDERR_REDIRECT] [Fatal Error] :1:1: Premature end of file.
2026-07-16 12:35:22,467 [ERROR] LogOutputStream:75 - [STDERR_REDIRECT] 
2026-07-16 12:35:23,475 [ERROR] LogOutputStream:75 - [STDERR_REDIRECT] [Fatal Error] :1:1: Premature end of file.
2026-07-16 12:35:23,476 [ERROR] LogOutputStream:75 - [STDERR_REDIRECT] 
2026-07-16 12:35:24,467 [ERROR] LogOutputStream:75 - [STDERR_REDIRECT] [Fatal Error] :1:1: Premature end of file.
2026-07-16 12:35:24,467 [ERROR] LogOutputStream:75 - [STDERR_REDIRECT] 
2026-07-16 12:35:25,475 [ERROR] LogOutputStream:75 - [STDERR_REDIRECT] [Fatal Error] :1:1: Premature end of file.
2026-07-16 12:35:25,475 [ERROR] LogOutputStream:75 - [STDERR_REDIRECT] 
2026-07-16 12:35:26,468 [ERROR] LogOutputStream:75 - [STDERR_REDIRECT] [Fatal Error] :1:1: Premature end of file.
2026-07-16 12:35:26,468 [ERROR] LogOutputStream:75 - [STDERR_REDIRECT] 
2026-07-16 12:35:27,477 [ERROR] LogOutputStream:75 - [STDERR_REDIRECT] [Fatal Error] :1:1: Premature end of file.
2026-07-16 12:35:27,477 [ERROR] LogOutputStream:75 - [STDERR_REDIRECT] 
2026-07-16 12:35:28,471 [ERROR] LogOutputStream:75 - [STDERR_REDIRECT] [Fatal Error] :1:1: Premature end of file.
2026-07-16 12:35:28,471 [ERROR] LogOutputStream:75 - [STDERR_REDIRECT] 
2026-07-16 12:35:29,476 [ERROR] LogOutputStream:75 - [STDERR_REDIRECT] [Fatal Error] :1:1: Premature end of file.
2026-07-16 12:35:29,476 [ERROR] LogOutputStream:75 - [STDERR_REDIRECT] 
2026-07-16 12:35:30,469 [ERROR] LogOutputStream:75 - [STDERR_REDIRECT] [Fatal Error] :1:1: Premature end of file.
2026-07-16 12:35:30,469 [ERROR] LogOutputStream:75 - [STDERR_REDIRECT] 
2026-07-16 12:35:31,478 [ERROR] LogOutputStream:75 - [STDERR_REDIRECT] [Fatal Error] :1:1: Premature end of file.
2026-07-16 12:35:31,478 [ERROR] LogOutputStream:75 - [STDERR_REDIRECT] 
2026-07-16 12:35:32,469 [ERROR] LogOutputStream:75 - [STDERR_REDIRECT] [Fatal Error] :1:1: Premature end of file.
2026-07-16 12:35:32,469 [ERROR] LogOutputStream:75 - [STDERR_REDIRECT] 
2026-07-16 12:35:33,461 [ERROR] LogOutputStream:75 - [STDERR_REDIRECT] [Fatal Error] :1:1: Premature end of file.
2026-07-16 12:35:33,461 [ERROR] LogOutputStream:75 - [STDERR_REDIRECT] 
2026-07-16 12:35:34,468 [ERROR] LogOutputStream:75 - [STDERR_REDIRECT] [Fatal Error] :1:1: Premature end of file.
2026-07-16 12:35:34,468 [ERROR] LogOutputStream:75 - [STDERR_REDIRECT] 
2026-07-16 12:35:35,464 [ERROR] LogOutputStream:75 - [STDERR_REDIRECT] [Fatal Error] :1:1: Premature end of file.
2026-07-16 12:35:35,464 [ERROR] LogOutputStream:75 - [STDERR_REDIRECT] 
2026-07-16 12:35:36,469 [ERROR] LogOutputStream:75 - [STDERR_REDIRECT] [Fatal Error] :1:1: Premature end of file.
2026-07-16 12:35:36,469 [ERROR] LogOutputStream:75 - [STDERR_REDIRECT] 
2026-07-16 12:35:37,465 [ERROR] LogOutputStream:75 - [STDERR_REDIRECT] [Fatal Error] :1:1: Premature end of file.
2026-07-16 12:35:37,465 [ERROR] LogOutputStream:75 - [STDERR_REDIRECT] 
2026-07-16 12:35:38,470 [ERROR] LogOutputStream:75 - [STDERR_REDIRECT] [Fatal Error] :1:1: Premature end of file.
2026-07-16 12:35:38,470 [ERROR] LogOutputStream:75 - [STDERR_REDIRECT] 
2026-07-16 12:35:39,463 [ERROR] LogOutputStream:75 - [STDERR_REDIRECT] [Fatal Error] :1:1: Premature end of file.
2026-07-16 12:35:39,464 [ERROR] LogOutputStream:75 - [STDERR_REDIRECT] 
2026-07-16 12:35:40,469 [ERROR] LogOutputStream:75 - [STDERR_REDIRECT] [Fatal Error] :1:1: Premature end of file.
2026-07-16 12:35:40,470 [ERROR] LogOutputStream:75 - [STDERR_REDIRECT] 
2026-07-16 12:35:41,463 [ERROR] LogOutputStream:75 - [STDERR_REDIRECT] [Fatal Error] :1:1: Premature end of file.
2026-07-16 12:35:41,463 [ERROR] LogOutputStream:75 - [STDERR_REDIRECT] 
2026-07-16 12:35:42,469 [ERROR] LogOutputStream:75 - [STDERR_REDIRECT] [Fatal Error] :1:1: Premature end of file.
2026-07-16 12:35:42,469 [ERROR] LogOutputStream:75 - [STDERR_REDIRECT] 
2026-07-16 12:35:43,462 [ERROR] LogOutputStream:75 - [STDERR_REDIRECT] [Fatal Error] :1:1: Premature end of file.
2026-07-16 12:35:43,463 [ERROR] LogOutputStream:75 - [STDERR_REDIRECT] 
2026-07-16 12:35:44,470 [ERROR] LogOutputStream:75 - [STDERR_REDIRECT] [Fatal Error] :1:1: Premature end of file.
2026-07-16 12:35:44,470 [ERROR] LogOutputStream:75 - [STDERR_REDIRECT] 
2026-07-16 12:35:45,463 [ERROR] LogOutputStream:75 - [STDERR_REDIRECT] [Fatal Error] :1:1: Premature end of file.
2026-07-16 12:35:45,463 [ERROR] LogOutputStream:75 - [STDERR_REDIRECT] 
2026-07-16 12:35:46,473 [ERROR] LogOutputStream:75 - [STDERR_REDIRECT] [Fatal Error] :1:1: Premature end of file.
2026-07-16 12:35:46,473 [ERROR] LogOutputStream:75 - [STDERR_REDIRECT] 
2026-07-16 12:35:47,463 [ERROR] LogOutputStream:75 - [STDERR_REDIRECT] [Fatal Error] :1:1: Premature end of file.
2026-07-16 12:35:47,463 [ERROR] LogOutputStream:75 - [STDERR_REDIRECT] 
2026-07-16 12:35:48,470 [ERROR] LogOutputStream:75 - [STDERR_REDIRECT] [Fatal Error] :1:1: Premature end of file.
2026-07-16 12:35:48,470 [ERROR] LogOutputStream:75 - [STDERR_REDIRECT] 
2026-07-16 12:35:49,463 [ERROR] LogOutputStream:75 - [STDERR_REDIRECT] [Fatal Error] :1:1: Premature end of file.
2026-07-16 12:35:49,463 [ERROR] LogOutputStream:75 - [STDERR_REDIRECT] 
2026-07-16 12:35:50,471 [ERROR] LogOutputStream:75 - [STDERR_REDIRECT] [Fatal Error] :1:1: Premature end of file.
2026-07-16 12:35:50,471 [ERROR] LogOutputStream:75 - [STDERR_REDIRECT] 
2026-07-16 12:35:51,464 [ERROR] LogOutputStream:75 - [STDERR_REDIRECT] [Fatal Error] :1:1: Premature end of file.
2026-07-16 12:35:51,464 [ERROR] LogOutputStream:75 - [STDERR_REDIRECT] 
2026-07-16 12:35:52,470 [ERROR] LogOutputStream:75 - [STDERR_REDIRECT] [Fatal Error] :1:1: Premature end of file.
2026-07-16 12:35:52,470 [ERROR] LogOutputStream:75 - [STDERR_REDIRECT] 
2026-07-16 12:35:53,463 [ERROR] LogOutputStream:75 - [STDERR_REDIRECT] [Fatal Error] :1:1: Premature end of file.
2026-07-16 12:35:53,463 [ERROR] LogOutputStream:75 - [STDERR_REDIRECT] 
2026-07-16 12:35:54,472 [ERROR] LogOutputStream:75 - [STDERR_REDIRECT] [Fatal Error] :1:1: Premature end of file.
2026-07-16 12:35:54,473 [ERROR] LogOutputStream:75 - [STDERR_REDIRECT] 
2026-07-16 12:35:55,463 [ERROR] LogOutputStream:75 - [STDERR_REDIRECT] [Fatal Error] :1:1: Premature end of file.
2026-07-16 12:35:55,463 [ERROR] LogOutputStream:75 - [STDERR_REDIRECT] 
2026-07-16 12:35:56,474 [ERROR] LogOutputStream:75 - [STDERR_REDIRECT] [Fatal Error] :1:1: Premature end of file.
2026-07-16 12:35:56,474 [ERROR] LogOutputStream:75 - [STDERR_REDIRECT] 
2026-07-16 12:35:57,464 [ERROR] LogOutputStream:75 - [STDERR_REDIRECT] [Fatal Error] :1:1: Premature end of file.
2026-07-16 12:35:57,464 [ERROR] LogOutputStream:75 - [STDERR_REDIRECT] 
2026-07-16 12:35:58,472 [ERROR] LogOutputStream:75 - [STDERR_REDIRECT] [Fatal Error] :1:1: Premature end of file.
2026-07-16 12:35:58,472 [ERROR] LogOutputStream:75 - [STDERR_REDIRECT] 
2026-07-16 12:35:59,465 [ERROR] LogOutputStream:75 - [STDERR_REDIRECT] [Fatal Error] :1:1: Premature end of file.
2026-07-16 12:35:59,465 [ERROR] LogOutputStream:75 - [STDERR_REDIRECT] 
2026-07-16 12:36:00,476 [ERROR] LogOutputStream:75 - [STDERR_REDIRECT] [Fatal Error] :1:1: Premature end of file.
2026-07-16 12:36:00,476 [ERROR] LogOutputStream:75 - [STDERR_REDIRECT] 
2026-07-16 12:36:01,467 [ERROR] LogOutputStream:75 - [STDERR_REDIRECT] [Fatal Error] :1:1: Premature end of file.
2026-07-16 12:36:01,467 [ERROR] LogOutputStream:75 - [STDERR_REDIRECT] 
2026-07-16 12:36:02,472 [ERROR] LogOutputStream:75 - [STDERR_REDIRECT] [Fatal Error] :1:1: Premature end of file.
2026-07-16 12:36:02,473 [ERROR] LogOutputStream:75 - [STDERR_REDIRECT] 
2026-07-16 12:36:03,466 [ERROR] LogOutputStream:75 - [STDERR_REDIRECT] [Fatal Error] :1:1: Premature end of file.
2026-07-16 12:36:03,466 [ERROR] LogOutputStream:75 - [STDERR_REDIRECT] 
2026-07-16 12:36:04,478 [ERROR] LogOutputStream:75 - [STDERR_REDIRECT] [Fatal Error] :1:1: Premature end of file.
2026-07-16 12:36:04,478 [ERROR] LogOutputStream:75 - [STDERR_REDIRECT] 
2026-07-16 12:36:05,472 [ERROR] LogOutputStream:75 - [STDERR_REDIRECT] [Fatal Error] :1:1: Premature end of file.
2026-07-16 12:36:05,472 [ERROR] LogOutputStream:75 - [STDERR_REDIRECT] 
2026-07-16 12:36:06,469 [ERROR] LogOutputStream:75 - [STDERR_REDIRECT] [Fatal Error] :1:1: Premature end of file.
2026-07-16 12:36:06,469 [ERROR] LogOutputStream:75 - [STDERR_REDIRECT] 
2026-07-16 12:36:07,467 [ERROR] LogOutputStream:75 - [STDERR_REDIRECT] [Fatal Error] :1:1: Premature end of file.
2026-07-16 12:36:07,467 [ERROR] LogOutputStream:75 - [STDERR_REDIRECT] 
2026-07-16 12:36:08,474 [ERROR] LogOutputStream:75 - [STDERR_REDIRECT] [Fatal Error] :1:1: Premature end of file.
2026-07-16 12:36:08,474 [ERROR] LogOutputStream:75 - [STDERR_REDIRECT] 
2026-07-16 12:36:09,467 [ERROR] LogOutputStream:75 - [STDERR_REDIRECT] [Fatal Error] :1:1: Premature end of file.
2026-07-16 12:36:09,467 [ERROR] LogOutputStream:75 - [STDERR_REDIRECT] 
2026-07-16 12:36:10,476 [ERROR] LogOutputStream:75 - [STDERR_REDIRECT] [Fatal Error] :1:1: Premature end of file.
2026-07-16 12:36:10,476 [ERROR] LogOutputStream:75 - [STDERR_REDIRECT] 
2026-07-16 12:36:11,468 [ERROR] LogOutputStream:75 - [STDERR_REDIRECT] [Fatal Error] :1:1: Premature end of file.
2026-07-16 12:36:11,469 [ERROR] LogOutputStream:75 - [STDERR_REDIRECT] 
2026-07-16 12:36:12,477 [ERROR] LogOutputStream:75 - [STDERR_REDIRECT] [Fatal Error] :1:1: Premature end of file.
2026-07-16 12:36:12,478 [ERROR] LogOutputStream:75 - [STDERR_REDIRECT] 
2026-07-16 12:36:13,478 [ERROR] LogOutputStream:75 - [STDERR_REDIRECT] [Fatal Error] :1:1: Premature end of file.
2026-07-16 12:36:13,478 [ERROR] LogOutputStream:75 - [STDERR_REDIRECT] 
2026-07-16 12:36:14,481 [ERROR] LogOutputStream:75 - [STDERR_REDIRECT] [Fatal Error] :1:1: Premature end of file.
2026-07-16 12:36:14,481 [ERROR] LogOutputStream:75 - [STDERR_REDIRECT] 
2026-07-16 12:36:15,467 [ERROR] LogOutputStream:75 - [STDERR_REDIRECT] [Fatal Error] :1:1: Premature end of file.
2026-07-16 12:36:15,467 [ERROR] LogOutputStream:75 - [STDERR_REDIRECT] 
2026-07-16 12:36:16,464 [ERROR] LogOutputStream:75 - [STDERR_REDIRECT] [Fatal Error] :1:1: Premature end of file.
2026-07-16 12:36:16,464 [ERROR] LogOutputStream:75 - [STDERR_REDIRECT] 
2026-07-16 12:36:17,478 [ERROR] LogOutputStream:75 - [STDERR_REDIRECT] [Fatal Error] :1:1: Premature end of file.
2026-07-16 12:36:17,478 [ERROR] LogOutputStream:75 - [STDERR_REDIRECT] 
2026-07-16 12:36:18,469 [ERROR] LogOutputStream:75 - [STDERR_REDIRECT] [Fatal Error] :1:1: Premature end of file.
2026-07-16 12:36:18,469 [ERROR] LogOutputStream:75 - [STDERR_REDIRECT] 
2026-07-16 12:36:19,473 [ERROR] LogOutputStream:75 - [STDERR_REDIRECT] [Fatal Error] :1:1: Premature end of file.
2026-07-16 12:36:19,473 [ERROR] LogOutputStream:75 - [STDERR_REDIRECT] 
2026-07-16 12:36:20,465 [ERROR] LogOutputStream:75 - [STDERR_REDIRECT] [Fatal Error] :1:1: Premature end of file.
2026-07-16 12:36:20,465 [ERROR] LogOutputStream:75 - [STDERR_REDIRECT] 
2026-07-16 12:36:21,474 [ERROR] LogOutputStream:75 - [STDERR_REDIRECT] [Fatal Error] :1:1: Premature end of file.
2026-07-16 12:36:21,474 [ERROR] LogOutputStream:75 - [STDERR_REDIRECT] 
2026-07-16 12:36:22,478 [ERROR] LogOutputStream:75 - [STDERR_REDIRECT] [Fatal Error] :1:1: Premature end of file.
2026-07-16 12:36:22,478 [ERROR] LogOutputStream:75 - [STDERR_REDIRECT] 
2026-07-16 12:36:23,469 [ERROR] LogOutputStream:75 - [STDERR_REDIRECT] [Fatal Error] :1:1: Premature end of file.
2026-07-16 12:36:23,469 [ERROR] LogOutputStream:75 - [STDERR_REDIRECT] 
2026-07-16 12:36:24,476 [ERROR] LogOutputStream:75 - [STDERR_REDIRECT] [Fatal Error] :1:1: Premature end of file.
2026-07-16 12:36:24,476 [ERROR] LogOutputStream:75 - [STDERR_REDIRECT] 
2026-07-16 12:36:25,463 [ERROR] LogOutputStream:75 - [STDERR_REDIRECT] [Fatal Error] :1:1: Premature end of file.
2026-07-16 12:36:25,463 [ERROR] LogOutputStream:75 - [STDERR_REDIRECT] 
2026-07-16 12:36:26,464 [ERROR] LogOutputStream:75 - [STDERR_REDIRECT] [Fatal Error] :1:1: Premature end of file.
2026-07-16 12:36:26,464 [ERROR] LogOutputStream:75 - [STDERR_REDIRECT] 
2026-07-16 12:36:27,471 [ERROR] LogOutputStream:75 - [STDERR_REDIRECT] [Fatal Error] :1:1: Premature end of file.
2026-07-16 12:36:27,471 [ERROR] LogOutputStream:75 - [STDERR_REDIRECT] 
2026-07-16 12:36:28,472 [ERROR] LogOutputStream:75 - [STDERR_REDIRECT] [Fatal Error] :1:1: Premature end of file.
2026-07-16 12:36:28,472 [ERROR] LogOutputStream:75 - [STDERR_REDIRECT] 
2026-07-16 12:36:29,482 [ERROR] LogOutputStream:75 - [STDERR_REDIRECT] [Fatal Error] :1:1: Premature end of file.
2026-07-16 12:36:29,482 [ERROR] LogOutputStream:75 - [STDERR_REDIRECT] 
2026-07-16 12:36:30,471 [ERROR] LogOutputStream:75 - [STDERR_REDIRECT] [Fatal Error] :1:1: Premature end of file.
2026-07-16 12:36:30,471 [ERROR] LogOutputStream:75 - [STDERR_REDIRECT] 
2026-07-16 12:36:31,470 [ERROR] LogOutputStream:75 - [STDERR_REDIRECT] [Fatal Error] :1:1: Premature end of file.
2026-07-16 12:36:31,470 [ERROR] LogOutputStream:75 - [STDERR_REDIRECT] 
2026-07-16 12:36:32,473 [ERROR] LogOutputStream:75 - [STDERR_REDIRECT] [Fatal Error] :1:1: Premature end of file.
2026-07-16 12:36:32,473 [ERROR] LogOutputStream:75 - [STDERR_REDIRECT] 
2026-07-16 12:36:33,476 [ERROR] LogOutputStream:75 - [STDERR_REDIRECT] [Fatal Error] :1:1: Premature end of file.
2026-07-16 12:36:33,476 [ERROR] LogOutputStream:75 - [STDERR_REDIRECT] 
2026-07-16 12:36:34,465 [ERROR] LogOutputStream:75 - [STDERR_REDIRECT] [Fatal Error] :1:1: Premature end of file.
2026-07-16 12:36:34,465 [ERROR] LogOutputStream:75 - [STDERR_REDIRECT] 
2026-07-16 12:36:35,466 [ERROR] LogOutputStream:75 - [STDERR_REDIRECT] [Fatal Error] :1:1: Premature end of file.
2026-07-16 12:36:35,466 [ERROR] LogOutputStream:75 - [STDERR_REDIRECT] 
2026-07-16 12:36:36,473 [ERROR] LogOutputStream:75 - [STDERR_REDIRECT] [Fatal Error] :1:1: Premature end of file.
2026-07-16 12:36:36,473 [ERROR] LogOutputStream:75 - [STDERR_REDIRECT] 
2026-07-16 12:36:37,472 [ERROR] LogOutputStream:75 - [STDERR_REDIRECT] [Fatal Error] :1:1: Premature end of file.
2026-07-16 12:36:37,473 [ERROR] LogOutputStream:75 - [STDERR_REDIRECT] 
2026-07-16 12:36:38,475 [ERROR] LogOutputStream:75 - [STDERR_REDIRECT] [Fatal Error] :1:1: Premature end of file.
2026-07-16 12:36:38,475 [ERROR] LogOutputStream:75 - [STDERR_REDIRECT] 
2026-07-16 12:36:39,477 [ERROR] LogOutputStream:75 - [STDERR_REDIRECT] [Fatal Error] :1:1: Premature end of file.
2026-07-16 12:36:39,477 [ERROR] LogOutputStream:75 - [STDERR_REDIRECT] 
2026-07-16 12:36:40,466 [ERROR] LogOutputStream:75 - [STDERR_REDIRECT] [Fatal Error] :1:1: Premature end of file.
2026-07-16 12:36:40,466 [ERROR] LogOutputStream:75 - [STDERR_REDIRECT] 
2026-07-16 12:36:41,468 [ERROR] LogOutputStream:75 - [STDERR_REDIRECT] [Fatal Error] :1:1: Premature end of file.
2026-07-16 12:36:41,469 [ERROR] LogOutputStream:75 - [STDERR_REDIRECT] 
2026-07-16 12:36:42,471 [ERROR] LogOutputStream:75 - [STDERR_REDIRECT] [Fatal Error] :1:1: Premature end of file.
2026-07-16 12:36:42,471 [ERROR] LogOutputStream:75 - [STDERR_REDIRECT] 
2026-07-16 12:36:43,480 [ERROR] LogOutputStream:75 - [STDERR_REDIRECT] [Fatal Error] :1:1: Premature end of file.
2026-07-16 12:36:43,480 [ERROR] LogOutputStream:75 - [STDERR_REDIRECT] 
2026-07-16 12:36:44,474 [ERROR] LogOutputStream:75 - [STDERR_REDIRECT] [Fatal Error] :1:1: Premature end of file.
2026-07-16 12:36:44,474 [ERROR] LogOutputStream:75 - [STDERR_REDIRECT] 
2026-07-16 12:36:45,474 [ERROR] LogOutputStream:75 - [STDERR_REDIRECT] [Fatal Error] :1:1: Premature end of file.
2026-07-16 12:36:45,474 [ERROR] LogOutputStream:75 - [STDERR_REDIRECT] 
2026-07-16 12:36:46,465 [ERROR] LogOutputStream:75 - [STDERR_REDIRECT] [Fatal Error] :1:1: Premature end of file.
2026-07-16 12:36:46,465 [ERROR] LogOutputStream:75 - [STDERR_REDIRECT] 
2026-07-16 12:36:47,466 [ERROR] LogOutputStream:75 - [STDERR_REDIRECT] [Fatal Error] :1:1: Premature end of file.
2026-07-16 12:36:47,466 [ERROR] LogOutputStream:75 - [STDERR_REDIRECT] 
2026-07-16 12:36:48,468 [ERROR] LogOutputStream:75 - [STDERR_REDIRECT] [Fatal Error] :1:1: Premature end of file.
2026-07-16 12:36:48,468 [ERROR] LogOutputStream:75 - [STDERR_REDIRECT] 
2026-07-16 12:36:49,467 [ERROR] LogOutputStream:75 - [STDERR_REDIRECT] [Fatal Error] :1:1: Premature end of file.
2026-07-16 12:36:49,467 [ERROR] LogOutputStream:75 - [STDERR_REDIRECT] 
2026-07-16 12:36:50,473 [ERROR] LogOutputStream:75 - [STDERR_REDIRECT] [Fatal Error] :1:1: Premature end of file.
2026-07-16 12:36:50,473 [ERROR] LogOutputStream:75 - [STDERR_REDIRECT] 
2026-07-16 12:36:51,466 [ERROR] LogOutputStream:75 - [STDERR_REDIRECT] [Fatal Error] :1:1: Premature end of file.
2026-07-16 12:36:51,466 [ERROR] LogOutputStream:75 - [STDERR_REDIRECT] 
2026-07-16 12:36:52,469 [ERROR] LogOutputStream:75 - [STDERR_REDIRECT] [Fatal Error] :1:1: Premature end of file.
2026-07-16 12:36:52,469 [ERROR] LogOutputStream:75 - [STDERR_REDIRECT] 
2026-07-16 12:36:53,478 [ERROR] LogOutputStream:75 - [STDERR_REDIRECT] [Fatal Error] :1:1: Premature end of file.
2026-07-16 12:36:53,478 [ERROR] LogOutputStream:75 - [STDERR_REDIRECT] 
2026-07-16 12:36:54,465 [ERROR] LogOutputStream:75 - [STDERR_REDIRECT] [Fatal Error] :1:1: Premature end of file.
2026-07-16 12:36:54,465 [ERROR] LogOutputStream:75 - [STDERR_REDIRECT] 
2026-07-16 12:36:55,481 [ERROR] LogOutputStream:75 - [STDERR_REDIRECT] [Fatal Error] :1:1: Premature end of file.
2026-07-16 12:36:55,481 [ERROR] LogOutputStream:75 - [STDERR_REDIRECT] 
2026-07-16 12:36:56,466 [ERROR] LogOutputStream:75 - [STDERR_REDIRECT] [Fatal Error] :1:1: Premature end of file.
2026-07-16 12:36:56,466 [ERROR] LogOutputStream:75 - [STDERR_REDIRECT] 
2026-07-16 12:36:57,470 [ERROR] LogOutputStream:75 - [STDERR_REDIRECT] [Fatal Error] :1:1: Premature end of file.
2026-07-16 12:36:57,470 [ERROR] LogOutputStream:75 - [STDERR_REDIRECT] 
2026-07-16 12:36:58,465 [ERROR] LogOutputStream:75 - [STDERR_REDIRECT] [Fatal Error] :1:1: Premature end of file.
2026-07-16 12:36:58,465 [ERROR] LogOutputStream:75 - [STDERR_REDIRECT] 
2026-07-16 12:36:59,470 [ERROR] LogOutputStream:75 - [STDERR_REDIRECT] [Fatal Error] :1:1: Premature end of file.
2026-07-16 12:36:59,471 [ERROR] LogOutputStream:75 - [STDERR_REDIRECT] 
2026-07-16 12:37:00,478 [ERROR] LogOutputStream:75 - [STDERR_REDIRECT] [Fatal Error] :1:1: Premature end of file.
2026-07-16 12:37:00,478 [ERROR] LogOutputStream:75 - [STDERR_REDIRECT] 
2026-07-16 12:37:01,467 [ERROR] LogOutputStream:75 - [STDERR_REDIRECT] [Fatal Error] :1:1: Premature end of file.
2026-07-16 12:37:01,467 [ERROR] LogOutputStream:75 - [STDERR_REDIRECT] 
2026-07-16 12:37:02,477 [ERROR] LogOutputStream:75 - [STDERR_REDIRECT] [Fatal Error] :1:1: Premature end of file.
2026-07-16 12:37:02,477 [ERROR] LogOutputStream:75 - [STDERR_REDIRECT] 
2026-07-16 12:37:03,464 [ERROR] LogOutputStream:75 - [STDERR_REDIRECT] [Fatal Error] :1:1: Premature end of file.
2026-07-16 12:37:03,464 [ERROR] LogOutputStream:75 - [STDERR_REDIRECT] 
2026-07-16 12:37:04,473 [ERROR] LogOutputStream:75 - [STDERR_REDIRECT] [Fatal Error] :1:1: Premature end of file.
2026-07-16 12:37:04,474 [ERROR] LogOutputStream:75 - [STDERR_REDIRECT] 
2026-07-16 12:37:05,477 [ERROR] LogOutputStream:75 - [STDERR_REDIRECT] [Fatal Error] :1:1: Premature end of file.
2026-07-16 12:37:05,477 [ERROR] LogOutputStream:75 - [STDERR_REDIRECT] 
2026-07-16 12:37:06,471 [ERROR] LogOutputStream:75 - [STDERR_REDIRECT] [Fatal Error] :1:1: Premature end of file.
2026-07-16 12:37:06,471 [ERROR] LogOutputStream:75 - [STDERR_REDIRECT] 
2026-07-16 12:37:07,464 [ERROR] LogOutputStream:75 - [STDERR_REDIRECT] [Fatal Error] :1:1: Premature end of file.
2026-07-16 12:37:07,464 [ERROR] LogOutputStream:75 - [STDERR_REDIRECT] 
2026-07-16 12:37:08,469 [ERROR] LogOutputStream:75 - [STDERR_REDIRECT] [Fatal Error] :1:1: Premature end of file.
2026-07-16 12:37:08,469 [ERROR] LogOutputStream:75 - [STDERR_REDIRECT] 
2026-07-16 12:37:09,474 [ERROR] LogOutputStream:75 - [STDERR_REDIRECT] [Fatal Error] :1:1: Premature end of file.
2026-07-16 12:37:09,474 [ERROR] LogOutputStream:75 - [STDERR_REDIRECT] 
2026-07-16 12:37:10,465 [ERROR] LogOutputStream:75 - [STDERR_REDIRECT] [Fatal Error] :1:1: Premature end of file.
2026-07-16 12:37:10,465 [ERROR] LogOutputStream:75 - [STDERR_REDIRECT] 
2026-07-16 12:37:11,467 [ERROR] LogOutputStream:75 - [STDERR_REDIRECT] [Fatal Error] :1:1: Premature end of file.
2026-07-16 12:37:11,467 [ERROR] LogOutputStream:75 - [STDERR_REDIRECT] 
2026-07-16 12:37:12,474 [ERROR] LogOutputStream:75 - [STDERR_REDIRECT] [Fatal Error] :1:1: Premature end of file.
2026-07-16 12:37:12,474 [ERROR] LogOutputStream:75 - [STDERR_REDIRECT] 
2026-07-16 12:37:13,465 [ERROR] LogOutputStream:75 - [STDERR_REDIRECT] [Fatal Error] :1:1: Premature end of file.
2026-07-16 12:37:13,466 [ERROR] LogOutputStream:75 - [STDERR_REDIRECT] 
2026-07-16 12:37:14,468 [ERROR] LogOutputStream:75 - [STDERR_REDIRECT] [Fatal Error] :1:1: Premature end of file.
2026-07-16 12:37:14,468 [ERROR] LogOutputStream:75 - [STDERR_REDIRECT] 
2026-07-16 12:37:15,473 [ERROR] LogOutputStream:75 - [STDERR_REDIRECT] [Fatal Error] :1:1: Premature end of file.
2026-07-16 12:37:15,473 [ERROR] LogOutputStream:75 - [STDERR_REDIRECT] 
2026-07-16 12:37:16,464 [ERROR] LogOutputStream:75 - [STDERR_REDIRECT] [Fatal Error] :1:1: Premature end of file.
2026-07-16 12:37:16,464 [ERROR] LogOutputStream:75 - [STDERR_REDIRECT] 
2026-07-16 12:37:17,470 [ERROR] LogOutputStream:75 - [STDERR_REDIRECT] [Fatal Error] :1:1: Premature end of file.
2026-07-16 12:37:17,470 [ERROR] LogOutputStream:75 - [STDERR_REDIRECT] 
2026-07-16 12:37:18,475 [ERROR] LogOutputStream:75 - [STDERR_REDIRECT] [Fatal Error] :1:1: Premature end of file.
2026-07-16 12:37:18,475 [ERROR] LogOutputStream:75 - [STDERR_REDIRECT] 
2026-07-16 12:37:19,463 [ERROR] LogOutputStream:75 - [STDERR_REDIRECT] [Fatal Error] :1:1: Premature end of file.
2026-07-16 12:37:19,463 [ERROR] LogOutputStream:75 - [STDERR_REDIRECT] 
2026-07-16 12:37:20,469 [ERROR] LogOutputStream:75 - [STDERR_REDIRECT] [Fatal Error] :1:1: Premature end of file.
2026-07-16 12:37:20,469 [ERROR] LogOutputStream:75 - [STDERR_REDIRECT] 
2026-07-16 12:37:21,477 [ERROR] LogOutputStream:75 - [STDERR_REDIRECT] [Fatal Error] :1:1: Premature end of file.
2026-07-16 12:37:21,477 [ERROR] LogOutputStream:75 - [STDERR_REDIRECT] 
2026-07-16 12:37:22,468 [ERROR] LogOutputStream:75 - [STDERR_REDIRECT] [Fatal Error] :1:1: Premature end of file.
2026-07-16 12:37:22,468 [ERROR] LogOutputStream:75 - [STDERR_REDIRECT] 
2026-07-16 12:37:23,472 [ERROR] LogOutputStream:75 - [STDERR_REDIRECT] [Fatal Error] :1:1: Premature end of file.
2026-07-16 12:37:23,472 [ERROR] LogOutputStream:75 - [STDERR_REDIRECT] 
2026-07-16 12:37:24,476 [ERROR] LogOutputStream:75 - [STDERR_REDIRECT] [Fatal Error] :1:1: Premature end of file.
2026-07-16 12:37:24,476 [ERROR] LogOutputStream:75 - [STDERR_REDIRECT] 
2026-07-16 12:37:25,464 [ERROR] LogOutputStream:75 - [STDERR_REDIRECT] [Fatal Error] :1:1: Premature end of file.
2026-07-16 12:37:25,464 [ERROR] LogOutputStream:75 - [STDERR_REDIRECT] 
2026-07-16 12:37:26,469 [ERROR] LogOutputStream:75 - [STDERR_REDIRECT] [Fatal Error] :1:1: Premature end of file.
2026-07-16 12:37:26,469 [ERROR] LogOutputStream:75 - [STDERR_REDIRECT] 
2026-07-16 12:37:27,477 [ERROR] LogOutputStream:75 - [STDERR_REDIRECT] [Fatal Error] :1:1: Premature end of file.
2026-07-16 12:37:27,478 [ERROR] LogOutputStream:75 - [STDERR_REDIRECT] 
2026-07-16 12:37:28,470 [ERROR] LogOutputStream:75 - [STDERR_REDIRECT] [Fatal Error] :1:1: Premature end of file.
2026-07-16 12:37:28,470 [ERROR] LogOutputStream:75 - [STDERR_REDIRECT] 
2026-07-16 12:37:29,474 [ERROR] LogOutputStream:75 - [STDERR_REDIRECT] [Fatal Error] :1:1: Premature end of file.
2026-07-16 12:37:29,474 [ERROR] LogOutputStream:75 - [STDERR_REDIRECT] 
2026-07-16 12:37:30,466 [ERROR] LogOutputStream:75 - [STDERR_REDIRECT] [Fatal Error] :1:1: Premature end of file.
2026-07-16 12:37:30,466 [ERROR] LogOutputStream:75 - [STDERR_REDIRECT] 
2026-07-16 12:37:31,470 [ERROR] LogOutputStream:75 - [STDERR_REDIRECT] [Fatal Error] :1:1: Premature end of file.
2026-07-16 12:37:31,470 [ERROR] LogOutputStream:75 - [STDERR_REDIRECT] 
2026-07-16 12:37:32,474 [ERROR] LogOutputStream:75 - [STDERR_REDIRECT] [Fatal Error] :1:1: Premature end of file.
2026-07-16 12:37:32,474 [ERROR] LogOutputStream:75 - [STDERR_REDIRECT] 
2026-07-16 12:37:33,464 [ERROR] LogOutputStream:75 - [STDERR_REDIRECT] [Fatal Error] :1:1: Premature end of file.
2026-07-16 12:37:33,464 [ERROR] LogOutputStream:75 - [STDERR_REDIRECT] 
2026-07-16 12:37:34,471 [ERROR] LogOutputStream:75 - [STDERR_REDIRECT] [Fatal Error] :1:1: Premature end of file.
2026-07-16 12:37:34,472 [ERROR] LogOutputStream:75 - [STDERR_REDIRECT] 
2026-07-16 12:37:35,477 [ERROR] LogOutputStream:75 - [STDERR_REDIRECT] [Fatal Error] :1:1: Premature end of file.
2026-07-16 12:37:35,477 [ERROR] LogOutputStream:75 - [STDERR_REDIRECT] 
2026-07-16 12:37:36,468 [ERROR] LogOutputStream:75 - [STDERR_REDIRECT] [Fatal Error] :1:1: Premature end of file.
2026-07-16 12:37:36,468 [ERROR] LogOutputStream:75 - [STDERR_REDIRECT] 
2026-07-16 12:37:37,491 [ERROR] LogOutputStream:75 - [STDERR_REDIRECT] [Fatal Error] :1:1: Premature end of file.
2026-07-16 12:37:37,491 [ERROR] LogOutputStream:75 - [STDERR_REDIRECT] 
2026-07-16 12:37:38,466 [ERROR] LogOutputStream:75 - [STDERR_REDIRECT] [Fatal Error] :1:1: Premature end of file.
2026-07-16 12:37:38,466 [ERROR] LogOutputStream:75 - [STDERR_REDIRECT] 
2026-07-16 12:37:39,470 [ERROR] LogOutputStream:75 - [STDERR_REDIRECT] [Fatal Error] :1:1: Premature end of file.
2026-07-16 12:37:39,470 [ERROR] LogOutputStream:75 - [STDERR_REDIRECT] 
2026-07-16 12:37:40,474 [ERROR] LogOutputStream:75 - [STDERR_REDIRECT] [Fatal Error] :1:1: Premature end of file.
2026-07-16 12:37:40,475 [ERROR] LogOutputStream:75 - [STDERR_REDIRECT] 
2026-07-16 12:37:41,466 [ERROR] LogOutputStream:75 - [STDERR_REDIRECT] [Fatal Error] :1:1: Premature end of file.
2026-07-16 12:37:41,466 [ERROR] LogOutputStream:75 - [STDERR_REDIRECT] 
2026-07-16 12:37:42,470 [ERROR] LogOutputStream:75 - [STDERR_REDIRECT] [Fatal Error] :1:1: Premature end of file.
2026-07-16 12:37:42,470 [ERROR] LogOutputStream:75 - [STDERR_REDIRECT] 
2026-07-16 12:37:43,476 [ERROR] LogOutputStream:75 - [STDERR_REDIRECT] [Fatal Error] :1:1: Premature end of file.
2026-07-16 12:37:43,476 [ERROR] LogOutputStream:75 - [STDERR_REDIRECT] 
2026-07-16 12:37:44,466 [ERROR] LogOutputStream:75 - [STDERR_REDIRECT] [Fatal Error] :1:1: Premature end of file.
2026-07-16 12:37:44,466 [ERROR] LogOutputStream:75 - [STDERR_REDIRECT] 
2026-07-16 12:37:45,467 [ERROR] LogOutputStream:75 - [STDERR_REDIRECT] [Fatal Error] :1:1: Premature end of file.
2026-07-16 12:37:45,467 [ERROR] LogOutputStream:75 - [STDERR_REDIRECT] 
2026-07-16 12:37:46,471 [ERROR] LogOutputStream:75 - [STDERR_REDIRECT] [Fatal Error] :1:1: Premature end of file.
2026-07-16 12:37:46,471 [ERROR] LogOutputStream:75 - [STDERR_REDIRECT] 
2026-07-16 12:37:47,485 [ERROR] LogOutputStream:75 - [STDERR_REDIRECT] [Fatal Error] :1:1: Premature end of file.
2026-07-16 12:37:47,485 [ERROR] LogOutputStream:75 - [STDERR_REDIRECT] 
2026-07-16 12:37:48,466 [ERROR] LogOutputStream:75 - [STDERR_REDIRECT] [Fatal Error] :1:1: Premature end of file.
2026-07-16 12:37:48,466 [ERROR] LogOutputStream:75 - [STDERR_REDIRECT] 
2026-07-16 12:37:49,475 [ERROR] LogOutputStream:75 - [STDERR_REDIRECT] [Fatal Error] :1:1: Premature end of file.
2026-07-16 12:37:49,475 [ERROR] LogOutputStream:75 - [STDERR_REDIRECT] 
2026-07-16 12:37:50,466 [ERROR] LogOutputStream:75 - [STDERR_REDIRECT] [Fatal Error] :1:1: Premature end of file.
2026-07-16 12:37:50,466 [ERROR] LogOutputStream:75 - [STDERR_REDIRECT] 
2026-07-16 12:37:51,470 [ERROR] LogOutputStream:75 - [STDERR_REDIRECT] [Fatal Error] :1:1: Premature end of file.
2026-07-16 12:37:51,470 [ERROR] LogOutputStream:75 - [STDERR_REDIRECT] 
2026-07-16 12:37:52,472 [ERROR] LogOutputStream:75 - [STDERR_REDIRECT] [Fatal Error] :1:1: Premature end of file.
2026-07-16 12:37:52,472 [ERROR] LogOutputStream:75 - [STDERR_REDIRECT] 
2026-07-16 12:37:53,475 [ERROR] LogOutputStream:75 - [STDERR_REDIRECT] [Fatal Error] :1:1: Premature end of file.
2026-07-16 12:37:53,475 [ERROR] LogOutputStream:75 - [STDERR_REDIRECT] 
2026-07-16 12:37:54,463 [ERROR] LogOutputStream:75 - [STDERR_REDIRECT] [Fatal Error] :1:1: Premature end of file.
2026-07-16 12:37:54,463 [ERROR] LogOutputStream:75 - [STDERR_REDIRECT] 
2026-07-16 12:37:55,469 [ERROR] LogOutputStream:75 - [STDERR_REDIRECT] [Fatal Error] :1:1: Premature end of file.
2026-07-16 12:37:55,469 [ERROR] LogOutputStream:75 - [STDERR_REDIRECT] 
2026-07-16 12:37:56,469 [ERROR] LogOutputStream:75 - [STDERR_REDIRECT] [Fatal Error] :1:1: Premature end of file.
2026-07-16 12:37:56,469 [ERROR] LogOutputStream:75 - [STDERR_REDIRECT] 
2026-07-16 12:37:57,478 [ERROR] LogOutputStream:75 - [STDERR_REDIRECT] [Fatal Error] :1:1: Premature end of file.
2026-07-16 12:37:57,478 [ERROR] LogOutputStream:75 - [STDERR_REDIRECT] 
2026-07-16 12:37:58,464 [ERROR] LogOutputStream:75 - [STDERR_REDIRECT] [Fatal Error] :1:1: Premature end of file.
2026-07-16 12:37:58,464 [ERROR] LogOutputStream:75 - [STDERR_REDIRECT] 
2026-07-16 12:37:59,471 [ERROR] LogOutputStream:75 - [STDERR_REDIRECT] [Fatal Error] :1:1: Premature end of file.
2026-07-16 12:37:59,471 [ERROR] LogOutputStream:75 - [STDERR_REDIRECT] 
2026-07-16 12:38:00,475 [ERROR] LogOutputStream:75 - [STDERR_REDIRECT] [Fatal Error] :1:1: Premature end of file.
2026-07-16 12:38:00,475 [ERROR] LogOutputStream:75 - [STDERR_REDIRECT] 
2026-07-16 12:38:01,464 [ERROR] LogOutputStream:75 - [STDERR_REDIRECT] [Fatal Error] :1:1: Premature end of file.
2026-07-16 12:38:01,464 [ERROR] LogOutputStream:75 - [STDERR_REDIRECT] 
2026-07-16 12:38:02,470 [ERROR] LogOutputStream:75 - [STDERR_REDIRECT] [Fatal Error] :1:1: Premature end of file.
2026-07-16 12:38:02,470 [ERROR] LogOutputStream:75 - [STDERR_REDIRECT] 
2026-07-16 12:38:03,474 [ERROR] LogOutputStream:75 - [STDERR_REDIRECT] [Fatal Error] :1:1: Premature end of file.
2026-07-16 12:38:03,474 [ERROR] LogOutputStream:75 - [STDERR_REDIRECT] 
2026-07-16 12:38:04,464 [ERROR] LogOutputStream:75 - [STDERR_REDIRECT] [Fatal Error] :1:1: Premature end of file.
2026-07-16 12:38:04,464 [ERROR] LogOutputStream:75 - [STDERR_REDIRECT] 
2026-07-16 12:38:05,477 [ERROR] LogOutputStream:75 - [STDERR_REDIRECT] [Fatal Error] :1:1: Premature end of file.
2026-07-16 12:38:05,477 [ERROR] LogOutputStream:75 - [STDERR_REDIRECT] 
2026-07-16 12:38:06,469 [ERROR] LogOutputStream:75 - [STDERR_REDIRECT] [Fatal Error] :1:1: Premature end of file.
2026-07-16 12:38:06,469 [ERROR] LogOutputStream:75 - [STDERR_REDIRECT] 
2026-07-16 12:38:07,474 [ERROR] LogOutputStream:75 - [STDERR_REDIRECT] [Fatal Error] :1:1: Premature end of file.
2026-07-16 12:38:07,475 [ERROR] LogOutputStream:75 - [STDERR_REDIRECT] 
2026-07-16 12:38:08,479 [ERROR] LogOutputStream:75 - [STDERR_REDIRECT] [Fatal Error] :1:1: Premature end of file.
2026-07-16 12:38:08,479 [ERROR] LogOutputStream:75 - [STDERR_REDIRECT] 
2026-07-16 12:38:09,466 [ERROR] LogOutputStream:75 - [STDERR_REDIRECT] [Fatal Error] :1:1: Premature end of file.
2026-07-16 12:38:09,466 [ERROR] LogOutputStream:75 - [STDERR_REDIRECT] 
2026-07-16 12:38:10,470 [ERROR] LogOutputStream:75 - [STDERR_REDIRECT] [Fatal Error] :1:1: Premature end of file.
2026-07-16 12:38:10,470 [ERROR] LogOutputStream:75 - [STDERR_REDIRECT] 
2026-07-16 12:38:11,474 [ERROR] LogOutputStream:75 - [STDERR_REDIRECT] [Fatal Error] :1:1: Premature end of file.
2026-07-16 12:38:11,474 [ERROR] LogOutputStream:75 - [STDERR_REDIRECT] 
2026-07-16 12:38:12,475 [ERROR] LogOutputStream:75 - [STDERR_REDIRECT] [Fatal Error] :1:1: Premature end of file.
2026-07-16 12:38:12,475 [ERROR] LogOutputStream:75 - [STDERR_REDIRECT] 
2026-07-16 12:38:13,464 [ERROR] LogOutputStream:75 - [STDERR_REDIRECT] [Fatal Error] :1:1: Premature end of file.
2026-07-16 12:38:13,464 [ERROR] LogOutputStream:75 - [STDERR_REDIRECT] 
2026-07-16 12:38:14,470 [ERROR] LogOutputStream:75 - [STDERR_REDIRECT] [Fatal Error] :1:1: Premature end of file.
2026-07-16 12:38:14,470 [ERROR] LogOutputStream:75 - [STDERR_REDIRECT] 
2026-07-16 12:38:15,471 [ERROR] LogOutputStream:75 - [STDERR_REDIRECT] [Fatal Error] :1:1: Premature end of file.
2026-07-16 12:38:15,471 [ERROR] LogOutputStream:75 - [STDERR_REDIRECT] 
2026-07-16 12:38:16,464 [ERROR] LogOutputStream:75 - [STDERR_REDIRECT] [Fatal Error] :1:1: Premature end of file.
2026-07-16 12:38:16,464 [ERROR] LogOutputStream:75 - [STDERR_REDIRECT] 
2026-07-16 12:38:17,476 [ERROR] LogOutputStream:75 - [STDERR_REDIRECT] [Fatal Error] :1:1: Premature end of file.
2026-07-16 12:38:17,476 [ERROR] LogOutputStream:75 - [STDERR_REDIRECT] 
2026-07-16 12:38:18,466 [ERROR] LogOutputStream:75 - [STDERR_REDIRECT] [Fatal Error] :1:1: Premature end of file.
2026-07-16 12:38:18,466 [ERROR] LogOutputStream:75 - [STDERR_REDIRECT] 
2026-07-16 12:38:19,466 [ERROR] LogOutputStream:75 - [STDERR_REDIRECT] [Fatal Error] :1:1: Premature end of file.
2026-07-16 12:38:19,466 [ERROR] LogOutputStream:75 - [STDERR_REDIRECT] 
2026-07-16 12:38:20,472 [ERROR] LogOutputStream:75 - [STDERR_REDIRECT] [Fatal Error] :1:1: Premature end of file.
2026-07-16 12:38:20,472 [ERROR] LogOutputStream:75 - [STDERR_REDIRECT] 
2026-07-16 12:38:21,473 [ERROR] LogOutputStream:75 - [STDERR_REDIRECT] [Fatal Error] :1:1: Premature end of file.
2026-07-16 12:38:21,473 [ERROR] LogOutputStream:75 - [STDERR_REDIRECT] 
2026-07-16 12:38:22,474 [ERROR] LogOutputStream:75 - [STDERR_REDIRECT] [Fatal Error] :1:1: Premature end of file.
2026-07-16 12:38:22,474 [ERROR] LogOutputStream:75 - [STDERR_REDIRECT] 
2026-07-16 12:38:23,478 [ERROR] LogOutputStream:75 - [STDERR_REDIRECT] [Fatal Error] :1:1: Premature end of file.
2026-07-16 12:38:23,478 [ERROR] LogOutputStream:75 - [STDERR_REDIRECT] 
2026-07-16 12:38:24,465 [ERROR] LogOutputStream:75 - [STDERR_REDIRECT] [Fatal Error] :1:1: Premature end of file.
2026-07-16 12:38:24,466 [ERROR] LogOutputStream:75 - [STDERR_REDIRECT] 
2026-07-16 12:38:25,472 [ERROR] LogOutputStream:75 - [STDERR_REDIRECT] [Fatal Error] :1:1: Premature end of file.
2026-07-16 12:38:25,472 [ERROR] LogOutputStream:75 - [STDERR_REDIRECT] 
2026-07-16 12:38:26,478 [ERROR] LogOutputStream:75 - [STDERR_REDIRECT] [Fatal Error] :1:1: Premature end of file.
2026-07-16 12:38:26,478 [ERROR] LogOutputStream:75 - [STDERR_REDIRECT] 
2026-07-16 12:38:27,468 [ERROR] LogOutputStream:75 - [STDERR_REDIRECT] [Fatal Error] :1:1: Premature end of file.
2026-07-16 12:38:27,469 [ERROR] LogOutputStream:75 - [STDERR_REDIRECT] 
2026-07-16 12:38:28,476 [ERROR] LogOutputStream:75 - [STDERR_REDIRECT] [Fatal Error] :1:1: Premature end of file.
2026-07-16 12:38:28,476 [ERROR] LogOutputStream:75 - [STDERR_REDIRECT] 
2026-07-16 12:38:29,477 [ERROR] LogOutputStream:75 - [STDERR_REDIRECT] [Fatal Error] :1:1: Premature end of file.
2026-07-16 12:38:29,477 [ERROR] LogOutputStream:75 - [STDERR_REDIRECT] 
2026-07-16 12:38:30,468 [ERROR] LogOutputStream:75 - [STDERR_REDIRECT] [Fatal Error] :1:1: Premature end of file.
2026-07-16 12:38:30,468 [ERROR] LogOutputStream:75 - [STDERR_REDIRECT] 
2026-07-16 12:38:31,476 [ERROR] LogOutputStream:75 - [STDERR_REDIRECT] [Fatal Error] :1:1: Premature end of file.
2026-07-16 12:38:31,476 [ERROR] LogOutputStream:75 - [STDERR_REDIRECT] 
2026-07-16 12:38:32,467 [ERROR] LogOutputStream:75 - [STDERR_REDIRECT] [Fatal Error] :1:1: Premature end of file.
2026-07-16 12:38:32,467 [ERROR] LogOutputStream:75 - [STDERR_REDIRECT] 
2026-07-16 12:38:33,474 [ERROR] LogOutputStream:75 - [STDERR_REDIRECT] [Fatal Error] :1:1: Premature end of file.
2026-07-16 12:38:33,474 [ERROR] LogOutputStream:75 - [STDERR_REDIRECT] 
2026-07-16 12:38:34,478 [ERROR] LogOutputStream:75 - [STDERR_REDIRECT] [Fatal Error] :1:1: Premature end of file.
2026-07-16 12:38:34,478 [ERROR] LogOutputStream:75 - [STDERR_REDIRECT] 
2026-07-16 12:38:35,472 [ERROR] LogOutputStream:75 - [STDERR_REDIRECT] [Fatal Error] :1:1: Premature end of file.
2026-07-16 12:38:35,472 [ERROR] LogOutputStream:75 - [STDERR_REDIRECT] 
2026-07-16 12:38:36,478 [ERROR] LogOutputStream:75 - [STDERR_REDIRECT] [Fatal Error] :1:1: Premature end of file.
2026-07-16 12:38:36,478 [ERROR] LogOutputStream:75 - [STDERR_REDIRECT] 
2026-07-16 12:38:37,469 [ERROR] LogOutputStream:75 - [STDERR_REDIRECT] [Fatal Error] :1:1: Premature end of file.
2026-07-16 12:38:37,469 [ERROR] LogOutputStream:75 - [STDERR_REDIRECT] 
2026-07-16 12:38:38,469 [ERROR] LogOutputStream:75 - [STDERR_REDIRECT] [Fatal Error] :1:1: Premature end of file.
2026-07-16 12:38:38,469 [ERROR] LogOutputStream:75 - [STDERR_REDIRECT] 
2026-07-16 12:38:39,475 [ERROR] LogOutputStream:75 - [STDERR_REDIRECT] [Fatal Error] :1:1: Premature end of file.
2026-07-16 12:38:39,476 [ERROR] LogOutputStream:75 - [STDERR_REDIRECT] 
2026-07-16 12:38:40,465 [ERROR] LogOutputStream:75 - [STDERR_REDIRECT] [Fatal Error] :1:1: Premature end of file.
2026-07-16 12:38:40,465 [ERROR] LogOutputStream:75 - [STDERR_REDIRECT] 
2026-07-16 12:38:41,468 [ERROR] LogOutputStream:75 - [STDERR_REDIRECT] [Fatal Error] :1:1: Premature end of file.
2026-07-16 12:38:41,468 [ERROR] LogOutputStream:75 - [STDERR_REDIRECT] 
2026-07-16 12:38:42,470 [ERROR] LogOutputStream:75 - [STDERR_REDIRECT] [Fatal Error] :1:1: Premature end of file.
2026-07-16 12:38:42,470 [ERROR] LogOutputStream:75 - [STDERR_REDIRECT] 
2026-07-16 12:38:43,475 [ERROR] LogOutputStream:75 - [STDERR_REDIRECT] [Fatal Error] :1:1: Premature end of file.
2026-07-16 12:38:43,475 [ERROR] LogOutputStream:75 - [STDERR_REDIRECT] 
2026-07-16 12:38:44,465 [ERROR] LogOutputStream:75 - [STDERR_REDIRECT] [Fatal Error] :1:1: Premature end of file.
2026-07-16 12:38:44,465 [ERROR] LogOutputStream:75 - [STDERR_REDIRECT] 
2026-07-16 12:38:45,470 [ERROR] LogOutputStream:75 - [STDERR_REDIRECT] [Fatal Error] :1:1: Premature end of file.
2026-07-16 12:38:45,470 [ERROR] LogOutputStream:75 - [STDERR_REDIRECT] 
2026-07-16 12:38:46,472 [ERROR] LogOutputStream:75 - [STDERR_REDIRECT] [Fatal Error] :1:1: Premature end of file.
2026-07-16 12:38:46,472 [ERROR] LogOutputStream:75 - [STDERR_REDIRECT] 
2026-07-16 12:38:47,475 [ERROR] LogOutputStream:75 - [STDERR_REDIRECT] [Fatal Error] :1:1: Premature end of file.
2026-07-16 12:38:47,475 [ERROR] LogOutputStream:75 - [STDERR_REDIRECT] 
2026-07-16 12:38:48,464 [ERROR] LogOutputStream:75 - [STDERR_REDIRECT] [Fatal Error] :1:1: Premature end of file.
2026-07-16 12:38:48,464 [ERROR] LogOutputStream:75 - [STDERR_REDIRECT] 
2026-07-16 12:38:49,466 [ERROR] LogOutputStream:75 - [STDERR_REDIRECT] [Fatal Error] :1:1: Premature end of file.
2026-07-16 12:38:49,466 [ERROR] LogOutputStream:75 - [STDERR_REDIRECT] 
2026-07-16 12:38:50,471 [ERROR] LogOutputStream:75 - [STDERR_REDIRECT] [Fatal Error] :1:1: Premature end of file.
2026-07-16 12:38:50,471 [ERROR] LogOutputStream:75 - [STDERR_REDIRECT] 
2026-07-16 12:38:51,480 [ERROR] LogOutputStream:75 - [STDERR_REDIRECT] [Fatal Error] :1:1: Premature end of file.
2026-07-16 12:38:51,480 [ERROR] LogOutputStream:75 - [STDERR_REDIRECT] 
2026-07-16 12:38:52,466 [ERROR] LogOutputStream:75 - [STDERR_REDIRECT] [Fatal Error] :1:1: Premature end of file.
2026-07-16 12:38:52,466 [ERROR] LogOutputStream:75 - [STDERR_REDIRECT] 
2026-07-16 12:38:53,476 [ERROR] LogOutputStream:75 - [STDERR_REDIRECT] [Fatal Error] :1:1: Premature end of file.
2026-07-16 12:38:53,476 [ERROR] LogOutputStream:75 - [STDERR_REDIRECT] 
2026-07-16 12:38:54,463 [ERROR] LogOutputStream:75 - [STDERR_REDIRECT] [Fatal Error] :1:1: Premature end of file.
2026-07-16 12:38:54,463 [ERROR] LogOutputStream:75 - [STDERR_REDIRECT] 
2026-07-16 12:38:55,464 [ERROR] LogOutputStream:75 - [STDERR_REDIRECT] [Fatal Error] :1:1: Premature end of file.
2026-07-16 12:38:55,464 [ERROR] LogOutputStream:75 - [STDERR_REDIRECT] 
2026-07-16 12:38:56,466 [ERROR] LogOutputStream:75 - [STDERR_REDIRECT] [Fatal Error] :1:1: Premature end of file.
2026-07-16 12:38:56,466 [ERROR] LogOutputStream:75 - [STDERR_REDIRECT] 
2026-07-16 12:38:57,473 [ERROR] LogOutputStream:75 - [STDERR_REDIRECT] [Fatal Error] :1:1: Premature end of file.
2026-07-16 12:38:57,473 [ERROR] LogOutputStream:75 - [STDERR_REDIRECT] 
2026-07-16 12:38:58,476 [ERROR] LogOutputStream:75 - [STDERR_REDIRECT] [Fatal Error] :1:1: Premature end of file.
2026-07-16 12:38:58,476 [ERROR] LogOutputStream:75 - [STDERR_REDIRECT] 
2026-07-16 12:38:59,466 [ERROR] LogOutputStream:75 - [STDERR_REDIRECT] [Fatal Error] :1:1: Premature end of file.
2026-07-16 12:38:59,466 [ERROR] LogOutputStream:75 - [STDERR_REDIRECT] 
2026-07-16 12:39:00,472 [ERROR] LogOutputStream:75 - [STDERR_REDIRECT] [Fatal Error] :1:1: Premature end of file.
2026-07-16 12:39:00,472 [ERROR] LogOutputStream:75 - [STDERR_REDIRECT] 
2026-07-16 12:39:01,464 [ERROR] LogOutputStream:75 - [STDERR_REDIRECT] [Fatal Error] :1:1: Premature end of file.
2026-07-16 12:39:01,464 [ERROR] LogOutputStream:75 - [STDERR_REDIRECT] 
2026-07-16 12:39:02,471 [ERROR] LogOutputStream:75 - [STDERR_REDIRECT] [Fatal Error] :1:1: Premature end of file.
2026-07-16 12:39:02,471 [ERROR] LogOutputStream:75 - [STDERR_REDIRECT] 
2026-07-16 12:39:03,480 [ERROR] LogOutputStream:75 - [STDERR_REDIRECT] [Fatal Error] :1:1: Premature end of file.
2026-07-16 12:39:03,480 [ERROR] LogOutputStream:75 - [STDERR_REDIRECT] 
2026-07-16 12:39:04,467 [ERROR] LogOutputStream:75 - [STDERR_REDIRECT] [Fatal Error] :1:1: Premature end of file.
2026-07-16 12:39:04,467 [ERROR] LogOutputStream:75 - [STDERR_REDIRECT] 
2026-07-16 12:39:05,470 [ERROR] LogOutputStream:75 - [STDERR_REDIRECT] [Fatal Error] :1:1: Premature end of file.
2026-07-16 12:39:05,470 [ERROR] LogOutputStream:75 - [STDERR_REDIRECT] 
2026-07-16 12:39:06,477 [ERROR] LogOutputStream:75 - [STDERR_REDIRECT] [Fatal Error] :1:1: Premature end of file.
2026-07-16 12:39:06,477 [ERROR] LogOutputStream:75 - [STDERR_REDIRECT] 
2026-07-16 12:39:07,465 [ERROR] LogOutputStream:75 - [STDERR_REDIRECT] [Fatal Error] :1:1: Premature end of file.
2026-07-16 12:39:07,465 [ERROR] LogOutputStream:75 - [STDERR_REDIRECT] 
2026-07-16 12:39:08,468 [ERROR] LogOutputStream:75 - [STDERR_REDIRECT] [Fatal Error] :1:1: Premature end of file.
2026-07-16 12:39:08,468 [ERROR] LogOutputStream:75 - [STDERR_REDIRECT] 
2026-07-16 12:39:09,470 [ERROR] LogOutputStream:75 - [STDERR_REDIRECT] [Fatal Error] :1:1: Premature end of file.
2026-07-16 12:39:09,470 [ERROR] LogOutputStream:75 - [STDERR_REDIRECT] 
2026-07-16 12:39:10,474 [ERROR] LogOutputStream:75 - [STDERR_REDIRECT] [Fatal Error] :1:1: Premature end of file.
2026-07-16 12:39:10,474 [ERROR] LogOutputStream:75 - [STDERR_REDIRECT] 
2026-07-16 12:39:11,478 [ERROR] LogOutputStream:75 - [STDERR_REDIRECT] [Fatal Error] :1:1: Premature end of file.
2026-07-16 12:39:11,478 [ERROR] LogOutputStream:75 - [STDERR_REDIRECT] 
2026-07-16 12:39:12,466 [ERROR] LogOutputStream:75 - [STDERR_REDIRECT] [Fatal Error] :1:1: Premature end of file.
2026-07-16 12:39:12,466 [ERROR] LogOutputStream:75 - [STDERR_REDIRECT] 
2026-07-16 12:39:13,471 [ERROR] LogOutputStream:75 - [STDERR_REDIRECT] [Fatal Error] :1:1: Premature end of file.
2026-07-16 12:39:13,471 [ERROR] LogOutputStream:75 - [STDERR_REDIRECT] 
2026-07-16 12:39:14,477 [ERROR] LogOutputStream:75 - [STDERR_REDIRECT] [Fatal Error] :1:1: Premature end of file.
2026-07-16 12:39:14,477 [ERROR] LogOutputStream:75 - [STDERR_REDIRECT] 
2026-07-16 12:39:15,472 [ERROR] LogOutputStream:75 - [STDERR_REDIRECT] [Fatal Error] :1:1: Premature end of file.
2026-07-16 12:39:15,472 [ERROR] LogOutputStream:75 - [STDERR_REDIRECT] 
2026-07-16 12:39:16,475 [ERROR] LogOutputStream:75 - [STDERR_REDIRECT] [Fatal Error] :1:1: Premature end of file.
2026-07-16 12:39:16,475 [ERROR] LogOutputStream:75 - [STDERR_REDIRECT] 
2026-07-16 12:39:17,478 [ERROR] LogOutputStream:75 - [STDERR_REDIRECT] [Fatal Error] :1:1: Premature end of file.
2026-07-16 12:39:17,478 [ERROR] LogOutputStream:75 - [STDERR_REDIRECT] 
2026-07-16 12:39:18,466 [ERROR] LogOutputStream:75 - [STDERR_REDIRECT] [Fatal Error] :1:1: Premature end of file.
2026-07-16 12:39:18,467 [ERROR] LogOutputStream:75 - [STDERR_REDIRECT] 
2026-07-16 12:39:19,469 [ERROR] LogOutputStream:75 - [STDERR_REDIRECT] [Fatal Error] :1:1: Premature end of file.
2026-07-16 12:39:19,470 [ERROR] LogOutputStream:75 - [STDERR_REDIRECT] 
2026-07-16 12:39:20,473 [ERROR] LogOutputStream:75 - [STDERR_REDIRECT] [Fatal Error] :1:1: Premature end of file.
2026-07-16 12:39:20,473 [ERROR] LogOutputStream:75 - [STDERR_REDIRECT] 
2026-07-16 12:39:21,463 [ERROR] LogOutputStream:75 - [STDERR_REDIRECT] [Fatal Error] :1:1: Premature end of file.
2026-07-16 12:39:21,463 [ERROR] LogOutputStream:75 - [STDERR_REDIRECT] 
2026-07-16 12:39:22,469 [ERROR] LogOutputStream:75 - [STDERR_REDIRECT] [Fatal Error] :1:1: Premature end of file.
2026-07-16 12:39:22,469 [ERROR] LogOutputStream:75 - [STDERR_REDIRECT] 
2026-07-16 12:39:23,465 [ERROR] LogOutputStream:75 - [STDERR_REDIRECT] [Fatal Error] :1:1: Premature end of file.
2026-07-16 12:39:23,465 [ERROR] LogOutputStream:75 - [STDERR_REDIRECT] 
2026-07-16 12:39:24,467 [ERROR] LogOutputStream:75 - [STDERR_REDIRECT] [Fatal Error] :1:1: Premature end of file.
2026-07-16 12:39:24,467 [ERROR] LogOutputStream:75 - [STDERR_REDIRECT] 
2026-07-16 12:39:25,475 [ERROR] LogOutputStream:75 - [STDERR_REDIRECT] [Fatal Error] :1:1: Premature end of file.
2026-07-16 12:39:25,475 [ERROR] LogOutputStream:75 - [STDERR_REDIRECT] 
2026-07-16 12:39:26,479 [ERROR] LogOutputStream:75 - [STDERR_REDIRECT] [Fatal Error] :1:1: Premature end of file.
2026-07-16 12:39:26,480 [ERROR] LogOutputStream:75 - [STDERR_REDIRECT] 
2026-07-16 12:39:27,468 [ERROR] LogOutputStream:75 - [STDERR_REDIRECT] [Fatal Error] :1:1: Premature end of file.
2026-07-16 12:39:27,468 [ERROR] LogOutputStream:75 - [STDERR_REDIRECT] 
2026-07-16 12:39:28,473 [ERROR] LogOutputStream:75 - [STDERR_REDIRECT] [Fatal Error] :1:1: Premature end of file.
2026-07-16 12:39:28,473 [ERROR] LogOutputStream:75 - [STDERR_REDIRECT] 
2026-07-16 12:39:29,476 [ERROR] LogOutputStream:75 - [STDERR_REDIRECT] [Fatal Error] :1:1: Premature end of file.
2026-07-16 12:39:29,476 [ERROR] LogOutputStream:75 - [STDERR_REDIRECT] 
2026-07-16 12:39:30,463 [ERROR] LogOutputStream:75 - [STDERR_REDIRECT] [Fatal Error] :1:1: Premature end of file.
2026-07-16 12:39:30,463 [ERROR] LogOutputStream:75 - [STDERR_REDIRECT] 
2026-07-16 12:39:31,470 [ERROR] LogOutputStream:75 - [STDERR_REDIRECT] [Fatal Error] :1:1: Premature end of file.
2026-07-16 12:39:31,470 [ERROR] LogOutputStream:75 - [STDERR_REDIRECT] 
2026-07-16 12:39:32,475 [ERROR] LogOutputStream:75 - [STDERR_REDIRECT] [Fatal Error] :1:1: Premature end of file.
2026-07-16 12:39:32,475 [ERROR] LogOutputStream:75 - [STDERR_REDIRECT] 
2026-07-16 12:39:33,464 [ERROR] LogOutputStream:75 - [STDERR_REDIRECT] [Fatal Error] :1:1: Premature end of file.
2026-07-16 12:39:33,464 [ERROR] LogOutputStream:75 - [STDERR_REDIRECT] 
2026-07-16 12:39:34,468 [ERROR] LogOutputStream:75 - [STDERR_REDIRECT] [Fatal Error] :1:1: Premature end of file.
2026-07-16 12:39:34,469 [ERROR] LogOutputStream:75 - [STDERR_REDIRECT] 
2026-07-16 12:39:35,471 [ERROR] LogOutputStream:75 - [STDERR_REDIRECT] [Fatal Error] :1:1: Premature end of file.
2026-07-16 12:39:35,471 [ERROR] LogOutputStream:75 - [STDERR_REDIRECT] 
2026-07-16 12:39:36,465 [ERROR] LogOutputStream:75 - [STDERR_REDIRECT] [Fatal Error] :1:1: Premature end of file.
2026-07-16 12:39:36,466 [ERROR] LogOutputStream:75 - [STDERR_REDIRECT] 
2026-07-16 12:39:37,475 [ERROR] LogOutputStream:75 - [STDERR_REDIRECT] [Fatal Error] :1:1: Premature end of file.
2026-07-16 12:39:37,475 [ERROR] LogOutputStream:75 - [STDERR_REDIRECT] 
2026-07-16 12:39:38,478 [ERROR] LogOutputStream:75 - [STDERR_REDIRECT] [Fatal Error] :1:1: Premature end of file.
2026-07-16 12:39:38,478 [ERROR] LogOutputStream:75 - [STDERR_REDIRECT] 
2026-07-16 12:39:39,466 [ERROR] LogOutputStream:75 - [STDERR_REDIRECT] [Fatal Error] :1:1: Premature end of file.
2026-07-16 12:39:39,466 [ERROR] LogOutputStream:75 - [STDERR_REDIRECT] 
2026-07-16 12:39:40,469 [ERROR] LogOutputStream:75 - [STDERR_REDIRECT] [Fatal Error] :1:1: Premature end of file.
2026-07-16 12:39:40,469 [ERROR] LogOutputStream:75 - [STDERR_REDIRECT] 
2026-07-16 12:39:41,472 [ERROR] LogOutputStream:75 - [STDERR_REDIRECT] [Fatal Error] :1:1: Premature end of file.
2026-07-16 12:39:41,473 [ERROR] LogOutputStream:75 - [STDERR_REDIRECT] 
2026-07-16 12:39:42,478 [ERROR] LogOutputStream:75 - [STDERR_REDIRECT] [Fatal Error] :1:1: Premature end of file.
2026-07-16 12:39:42,478 [ERROR] LogOutputStream:75 - [STDERR_REDIRECT] 
2026-07-16 12:39:43,464 [ERROR] LogOutputStream:75 - [STDERR_REDIRECT] [Fatal Error] :1:1: Premature end of file.
2026-07-16 12:39:43,464 [ERROR] LogOutputStream:75 - [STDERR_REDIRECT] 
2026-07-16 12:39:44,471 [ERROR] LogOutputStream:75 - [STDERR_REDIRECT] [Fatal Error] :1:1: Premature end of file.
2026-07-16 12:39:44,471 [ERROR] LogOutputStream:75 - [STDERR_REDIRECT] 
2026-07-16 12:39:45,476 [ERROR] LogOutputStream:75 - [STDERR_REDIRECT] [Fatal Error] :1:1: Premature end of file.
2026-07-16 12:39:45,476 [ERROR] LogOutputStream:75 - [STDERR_REDIRECT] 
2026-07-16 12:39:46,467 [ERROR] LogOutputStream:75 - [STDERR_REDIRECT] [Fatal Error] :1:1: Premature end of file.
2026-07-16 12:39:46,467 [ERROR] LogOutputStream:75 - [STDERR_REDIRECT] 
2026-07-16 12:39:47,472 [ERROR] LogOutputStream:75 - [STDERR_REDIRECT] [Fatal Error] :1:1: Premature end of file.
2026-07-16 12:39:47,472 [ERROR] LogOutputStream:75 - [STDERR_REDIRECT] 
2026-07-16 12:39:48,472 [ERROR] LogOutputStream:75 - [STDERR_REDIRECT] [Fatal Error] :1:1: Premature end of file.
2026-07-16 12:39:48,472 [ERROR] LogOutputStream:75 - [STDERR_REDIRECT] 
2026-07-16 12:39:49,477 [ERROR] LogOutputStream:75 - [STDERR_REDIRECT] [Fatal Error] :1:1: Premature end of file.
2026-07-16 12:39:49,477 [ERROR] LogOutputStream:75 - [STDERR_REDIRECT] 
2026-07-16 12:39:50,467 [ERROR] LogOutputStream:75 - [STDERR_REDIRECT] [Fatal Error] :1:1: Premature end of file.
2026-07-16 12:39:50,467 [ERROR] LogOutputStream:75 - [STDERR_REDIRECT] 
2026-07-16 12:39:51,476 [ERROR] LogOutputStream:75 - [STDERR_REDIRECT] [Fatal Error] :1:1: Premature end of file.
2026-07-16 12:39:51,477 [ERROR] LogOutputStream:75 - [STDERR_REDIRECT] 
2026-07-16 12:39:52,466 [ERROR] LogOutputStream:75 - [STDERR_REDIRECT] [Fatal Error] :1:1: Premature end of file.
2026-07-16 12:39:52,466 [ERROR] LogOutputStream:75 - [STDERR_REDIRECT] 
2026-07-16 12:39:53,472 [ERROR] LogOutputStream:75 - [STDERR_REDIRECT] [Fatal Error] :1:1: Premature end of file.
2026-07-16 12:39:53,472 [ERROR] LogOutputStream:75 - [STDERR_REDIRECT] 
2026-07-16 12:39:54,463 [ERROR] LogOutputStream:75 - [STDERR_REDIRECT] [Fatal Error] :1:1: Premature end of file.
2026-07-16 12:39:54,463 [ERROR] LogOutputStream:75 - [STDERR_REDIRECT] 
2026-07-16 12:39:55,467 [ERROR] LogOutputStream:75 - [STDERR_REDIRECT] [Fatal Error] :1:1: Premature end of file.
2026-07-16 12:39:55,467 [ERROR] LogOutputStream:75 - [STDERR_REDIRECT] 
2026-07-16 12:39:56,468 [ERROR] LogOutputStream:75 - [STDERR_REDIRECT] [Fatal Error] :1:1: Premature end of file.
2026-07-16 12:39:56,468 [ERROR] LogOutputStream:75 - [STDERR_REDIRECT] 
2026-07-16 12:39:57,469 [ERROR] LogOutputStream:75 - [STDERR_REDIRECT] [Fatal Error] :1:1: Premature end of file.
2026-07-16 12:39:57,469 [ERROR] LogOutputStream:75 - [STDERR_REDIRECT] 
2026-07-16 12:39:58,471 [ERROR] LogOutputStream:75 - [STDERR_REDIRECT] [Fatal Error] :1:1: Premature end of file.
2026-07-16 12:39:58,472 [ERROR] LogOutputStream:75 - [STDERR_REDIRECT] 
2026-07-16 12:39:59,476 [ERROR] LogOutputStream:75 - [STDERR_REDIRECT] [Fatal Error] :1:1: Premature end of file.
2026-07-16 12:39:59,476 [ERROR] LogOutputStream:75 - [STDERR_REDIRECT] 
2026-07-16 12:40:00,468 [ERROR] LogOutputStream:75 - [STDERR_REDIRECT] [Fatal Error] :1:1: Premature end of file.
2026-07-16 12:40:00,468 [ERROR] LogOutputStream:75 - [STDERR_REDIRECT] 
2026-07-16 12:40:01,470 [ERROR] LogOutputStream:75 - [STDERR_REDIRECT] [Fatal Error] :1:1: Premature end of file.
2026-07-16 12:40:01,470 [ERROR] LogOutputStream:75 - [STDERR_REDIRECT] 
2026-07-16 12:40:02,474 [ERROR] LogOutputStream:75 - [STDERR_REDIRECT] [Fatal Error] :1:1: Premature end of file.
2026-07-16 12:40:02,474 [ERROR] LogOutputStream:75 - [STDERR_REDIRECT] 
2026-07-16 12:40:03,477 [ERROR] LogOutputStream:75 - [STDERR_REDIRECT] [Fatal Error] :1:1: Premature end of file.
2026-07-16 12:40:03,477 [ERROR] LogOutputStream:75 - [STDERR_REDIRECT] 
2026-07-16 12:40:04,470 [ERROR] LogOutputStream:75 - [STDERR_REDIRECT] [Fatal Error] :1:1: Premature end of file.
2026-07-16 12:40:04,470 [ERROR] LogOutputStream:75 - [STDERR_REDIRECT] 
2026-07-16 12:40:05,467 [ERROR] LogOutputStream:75 - [STDERR_REDIRECT] [Fatal Error] :1:1: Premature end of file.
2026-07-16 12:40:05,467 [ERROR] LogOutputStream:75 - [STDERR_REDIRECT] 
2026-07-16 12:40:06,469 [ERROR] LogOutputStream:75 - [STDERR_REDIRECT] [Fatal Error] :1:1: Premature end of file.
2026-07-16 12:40:06,469 [ERROR] LogOutputStream:75 - [STDERR_REDIRECT] 
2026-07-16 12:40:07,474 [ERROR] LogOutputStream:75 - [STDERR_REDIRECT] [Fatal Error] :1:1: Premature end of file.
2026-07-16 12:40:07,475 [ERROR] LogOutputStream:75 - [STDERR_REDIRECT] 
2026-07-16 12:40:08,464 [ERROR] LogOutputStream:75 - [STDERR_REDIRECT] [Fatal Error] :1:1: Premature end of file.
2026-07-16 12:40:08,464 [ERROR] LogOutputStream:75 - [STDERR_REDIRECT] 
2026-07-16 12:40:09,467 [ERROR] LogOutputStream:75 - [STDERR_REDIRECT] [Fatal Error] :1:1: Premature end of file.
2026-07-16 12:40:09,467 [ERROR] LogOutputStream:75 - [STDERR_REDIRECT] 
2026-07-16 12:40:10,466 [ERROR] LogOutputStream:75 - [STDERR_REDIRECT] [Fatal Error] :1:1: Premature end of file.
2026-07-16 12:40:10,467 [ERROR] LogOutputStream:75 - [STDERR_REDIRECT] 
2026-07-16 12:40:11,472 [ERROR] LogOutputStream:75 - [STDERR_REDIRECT] [Fatal Error] :1:1: Premature end of file.
2026-07-16 12:40:11,472 [ERROR] LogOutputStream:75 - [STDERR_REDIRECT] 
2026-07-16 12:40:12,478 [ERROR] LogOutputStream:75 - [STDERR_REDIRECT] [Fatal Error] :1:1: Premature end of file.
2026-07-16 12:40:12,478 [ERROR] LogOutputStream:75 - [STDERR_REDIRECT] 
2026-07-16 12:40:13,466 [ERROR] LogOutputStream:75 - [STDERR_REDIRECT] [Fatal Error] :1:1: Premature end of file.
2026-07-16 12:40:13,466 [ERROR] LogOutputStream:75 - [STDERR_REDIRECT] 
2026-07-16 12:40:14,471 [ERROR] LogOutputStream:75 - [STDERR_REDIRECT] [Fatal Error] :1:1: Premature end of file.
2026-07-16 12:40:14,471 [ERROR] LogOutputStream:75 - [STDERR_REDIRECT] 
2026-07-16 12:40:15,478 [ERROR] LogOutputStream:75 - [STDERR_REDIRECT] [Fatal Error] :1:1: Premature end of file.
2026-07-16 12:40:15,478 [ERROR] LogOutputStream:75 - [STDERR_REDIRECT] 
2026-07-16 12:40:16,466 [ERROR] LogOutputStream:75 - [STDERR_REDIRECT] [Fatal Error] :1:1: Premature end of file.
2026-07-16 12:40:16,467 [ERROR] LogOutputStream:75 - [STDERR_REDIRECT] 
2026-07-16 12:40:17,472 [ERROR] LogOutputStream:75 - [STDERR_REDIRECT] [Fatal Error] :1:1: Premature end of file.
2026-07-16 12:40:17,472 [ERROR] LogOutputStream:75 - [STDERR_REDIRECT] 
2026-07-16 12:40:18,474 [ERROR] LogOutputStream:75 - [STDERR_REDIRECT] [Fatal Error] :1:1: Premature end of file.
2026-07-16 12:40:18,474 [ERROR] LogOutputStream:75 - [STDERR_REDIRECT] 
2026-07-16 12:40:19,473 [ERROR] LogOutputStream:75 - [STDERR_REDIRECT] [Fatal Error] :1:1: Premature end of file.
2026-07-16 12:40:19,473 [ERROR] LogOutputStream:75 - [STDERR_REDIRECT] 
2026-07-16 12:40:20,475 [ERROR] LogOutputStream:75 - [STDERR_REDIRECT] [Fatal Error] :1:1: Premature end of file.
2026-07-16 12:40:20,475 [ERROR] LogOutputStream:75 - [STDERR_REDIRECT] 
2026-07-16 12:40:21,477 [ERROR] LogOutputStream:75 - [STDERR_REDIRECT] [Fatal Error] :1:1: Premature end of file.
2026-07-16 12:40:21,478 [ERROR] LogOutputStream:75 - [STDERR_REDIRECT] 
2026-07-16 12:40:22,469 [ERROR] LogOutputStream:75 - [STDERR_REDIRECT] [Fatal Error] :1:1: Premature end of file.
2026-07-16 12:40:22,469 [ERROR] LogOutputStream:75 - [STDERR_REDIRECT] 
2026-07-16 12:40:23,474 [ERROR] LogOutputStream:75 - [STDERR_REDIRECT] [Fatal Error] :1:1: Premature end of file.
2026-07-16 12:40:23,474 [ERROR] LogOutputStream:75 - [STDERR_REDIRECT] 
2026-07-16 12:40:24,479 [ERROR] LogOutputStream:75 - [STDERR_REDIRECT] [Fatal Error] :1:1: Premature end of file.
2026-07-16 12:40:24,479 [ERROR] LogOutputStream:75 - [STDERR_REDIRECT] 
2026-07-16 12:40:25,469 [ERROR] LogOutputStream:75 - [STDERR_REDIRECT] [Fatal Error] :1:1: Premature end of file.
2026-07-16 12:40:25,469 [ERROR] LogOutputStream:75 - [STDERR_REDIRECT] 
2026-07-16 12:40:26,472 [ERROR] LogOutputStream:75 - [STDERR_REDIRECT] [Fatal Error] :1:1: Premature end of file.
2026-07-16 12:40:26,472 [ERROR] LogOutputStream:75 - [STDERR_REDIRECT] 
2026-07-16 12:40:27,479 [ERROR] LogOutputStream:75 - [STDERR_REDIRECT] [Fatal Error] :1:1: Premature end of file.
2026-07-16 12:40:27,479 [ERROR] LogOutputStream:75 - [STDERR_REDIRECT] 
2026-07-16 12:40:28,471 [ERROR] LogOutputStream:75 - [STDERR_REDIRECT] [Fatal Error] :1:1: Premature end of file.
2026-07-16 12:40:28,471 [ERROR] LogOutputStream:75 - [STDERR_REDIRECT] 
2026-07-16 12:40:29,472 [ERROR] LogOutputStream:75 - [STDERR_REDIRECT] [Fatal Error] :1:1: Premature end of file.
2026-07-16 12:40:29,472 [ERROR] LogOutputStream:75 - [STDERR_REDIRECT] 
2026-07-16 12:40:30,477 [ERROR] LogOutputStream:75 - [STDERR_REDIRECT] [Fatal Error] :1:1: Premature end of file.
2026-07-16 12:40:30,478 [ERROR] LogOutputStream:75 - [STDERR_REDIRECT] 
2026-07-16 12:40:31,466 [ERROR] LogOutputStream:75 - [STDERR_REDIRECT] [Fatal Error] :1:1: Premature end of file.
2026-07-16 12:40:31,466 [ERROR] LogOutputStream:75 - [STDERR_REDIRECT] 
2026-07-16 12:40:32,469 [ERROR] LogOutputStream:75 - [STDERR_REDIRECT] [Fatal Error] :1:1: Premature end of file.
2026-07-16 12:40:32,469 [ERROR] LogOutputStream:75 - [STDERR_REDIRECT] 
2026-07-16 12:40:33,476 [ERROR] LogOutputStream:75 - [STDERR_REDIRECT] [Fatal Error] :1:1: Premature end of file.
2026-07-16 12:40:33,476 [ERROR] LogOutputStream:75 - [STDERR_REDIRECT] 
2026-07-16 12:40:34,478 [ERROR] LogOutputStream:75 - [STDERR_REDIRECT] [Fatal Error] :1:1: Premature end of file.
2026-07-16 12:40:34,478 [ERROR] LogOutputStream:75 - [STDERR_REDIRECT] 
2026-07-16 12:40:35,476 [ERROR] LogOutputStream:75 - [STDERR_REDIRECT] [Fatal Error] :1:1: Premature end of file.
2026-07-16 12:40:35,476 [ERROR] LogOutputStream:75 - [STDERR_REDIRECT] 
2026-07-16 12:40:36,473 [ERROR] LogOutputStream:75 - [STDERR_REDIRECT] [Fatal Error] :1:1: Premature end of file.
2026-07-16 12:40:36,473 [ERROR] LogOutputStream:75 - [STDERR_REDIRECT] 
2026-07-16 12:40:37,467 [ERROR] LogOutputStream:75 - [STDERR_REDIRECT] [Fatal Error] :1:1: Premature end of file.
2026-07-16 12:40:37,467 [ERROR] LogOutputStream:75 - [STDERR_REDIRECT] 
2026-07-16 12:40:38,470 [ERROR] LogOutputStream:75 - [STDERR_REDIRECT] [Fatal Error] :1:1: Premature end of file.
2026-07-16 12:40:38,470 [ERROR] LogOutputStream:75 - [STDERR_REDIRECT] 
2026-07-16 12:40:39,478 [ERROR] LogOutputStream:75 - [STDERR_REDIRECT] [Fatal Error] :1:1: Premature end of file.
2026-07-16 12:40:39,478 [ERROR] LogOutputStream:75 - [STDERR_REDIRECT] 
2026-07-16 12:40:40,466 [ERROR] LogOutputStream:75 - [STDERR_REDIRECT] [Fatal Error] :1:1: Premature end of file.
2026-07-16 12:40:40,466 [ERROR] LogOutputStream:75 - [STDERR_REDIRECT] 
2026-07-16 12:40:41,469 [ERROR] LogOutputStream:75 - [STDERR_REDIRECT] [Fatal Error] :1:1: Premature end of file.
2026-07-16 12:40:41,469 [ERROR] LogOutputStream:75 - [STDERR_REDIRECT] 
2026-07-16 12:40:42,475 [ERROR] LogOutputStream:75 - [STDERR_REDIRECT] [Fatal Error] :1:1: Premature end of file.
2026-07-16 12:40:42,476 [ERROR] LogOutputStream:75 - [STDERR_REDIRECT] 
2026-07-16 12:40:43,477 [ERROR] LogOutputStream:75 - [STDERR_REDIRECT] [Fatal Error] :1:1: Premature end of file.
2026-07-16 12:40:43,477 [ERROR] LogOutputStream:75 - [STDERR_REDIRECT] 
2026-07-16 12:40:44,478 [ERROR] LogOutputStream:75 - [STDERR_REDIRECT] [Fatal Error] :1:1: Premature end of file.
2026-07-16 12:40:44,478 [ERROR] LogOutputStream:75 - [STDERR_REDIRECT] 
2026-07-16 12:40:45,471 [ERROR] LogOutputStream:75 - [STDERR_REDIRECT] [Fatal Error] :1:1: Premature end of file.
2026-07-16 12:40:45,471 [ERROR] LogOutputStream:75 - [STDERR_REDIRECT] 
2026-07-16 12:40:46,476 [ERROR] LogOutputStream:75 - [STDERR_REDIRECT] [Fatal Error] :1:1: Premature end of file.
2026-07-16 12:40:46,476 [ERROR] LogOutputStream:75 - [STDERR_REDIRECT] 
2026-07-16 12:40:47,465 [ERROR] LogOutputStream:75 - [STDERR_REDIRECT] [Fatal Error] :1:1: Premature end of file.
2026-07-16 12:40:47,465 [ERROR] LogOutputStream:75 - [STDERR_REDIRECT] 
2026-07-16 12:40:48,467 [ERROR] LogOutputStream:75 - [STDERR_REDIRECT] [Fatal Error] :1:1: Premature end of file.
2026-07-16 12:40:48,468 [ERROR] LogOutputStream:75 - [STDERR_REDIRECT] 
2026-07-16 12:40:49,473 [ERROR] LogOutputStream:75 - [STDERR_REDIRECT] [Fatal Error] :1:1: Premature end of file.
2026-07-16 12:40:49,473 [ERROR] LogOutputStream:75 - [STDERR_REDIRECT] 
2026-07-16 12:40:50,479 [ERROR] LogOutputStream:75 - [STDERR_REDIRECT] [Fatal Error] :1:1: Premature end of file.
2026-07-16 12:40:50,479 [ERROR] LogOutputStream:75 - [STDERR_REDIRECT] 
2026-07-16 12:40:51,467 [ERROR] LogOutputStream:75 - [STDERR_REDIRECT] [Fatal Error] :1:1: Premature end of file.
2026-07-16 12:40:51,467 [ERROR] LogOutputStream:75 - [STDERR_REDIRECT] 
2026-07-16 12:40:52,472 [ERROR] LogOutputStream:75 - [STDERR_REDIRECT] [Fatal Error] :1:1: Premature end of file.
2026-07-16 12:40:52,472 [ERROR] LogOutputStream:75 - [STDERR_REDIRECT] 
2026-07-16 12:40:53,478 [ERROR] LogOutputStream:75 - [STDERR_REDIRECT] [Fatal Error] :1:1: Premature end of file.
2026-07-16 12:40:53,478 [ERROR] LogOutputStream:75 - [STDERR_REDIRECT] 
2026-07-16 12:40:54,470 [ERROR] LogOutputStream:75 - [STDERR_REDIRECT] [Fatal Error] :1:1: Premature end of file.
2026-07-16 12:40:54,471 [ERROR] LogOutputStream:75 - [STDERR_REDIRECT] 
2026-07-16 12:40:55,474 [ERROR] LogOutputStream:75 - [STDERR_REDIRECT] [Fatal Error] :1:1: Premature end of file.
2026-07-16 12:40:55,474 [ERROR] LogOutputStream:75 - [STDERR_REDIRECT] 
2026-07-16 12:40:56,464 [ERROR] LogOutputStream:75 - [STDERR_REDIRECT] [Fatal Error] :1:1: Premature end of file.
2026-07-16 12:40:56,464 [ERROR] LogOutputStream:75 - [STDERR_REDIRECT] 
2026-07-16 12:40:57,469 [ERROR] LogOutputStream:75 - [STDERR_REDIRECT] [Fatal Error] :1:1: Premature end of file.
2026-07-16 12:40:57,469 [ERROR] LogOutputStream:75 - [STDERR_REDIRECT] 
2026-07-16 12:40:58,471 [ERROR] LogOutputStream:75 - [STDERR_REDIRECT] [Fatal Error] :1:1: Premature end of file.
2026-07-16 12:40:58,471 [ERROR] LogOutputStream:75 - [STDERR_REDIRECT] 
2026-07-16 12:40:59,470 [ERROR] LogOutputStream:75 - [STDERR_REDIRECT] [Fatal Error] :1:1: Premature end of file.
2026-07-16 12:40:59,470 [ERROR] LogOutputStream:75 - [STDERR_REDIRECT] 
2026-07-16 12:41:00,473 [ERROR] LogOutputStream:75 - [STDERR_REDIRECT] [Fatal Error] :1:1: Premature end of file.
2026-07-16 12:41:00,474 [ERROR] LogOutputStream:75 - [STDERR_REDIRECT] 
2026-07-16 12:41:01,478 [ERROR] LogOutputStream:75 - [STDERR_REDIRECT] [Fatal Error] :1:1: Premature end of file.
2026-07-16 12:41:01,478 [ERROR] LogOutputStream:75 - [STDERR_REDIRECT] 
2026-07-16 12:41:02,466 [ERROR] LogOutputStream:75 - [STDERR_REDIRECT] [Fatal Error] :1:1: Premature end of file.
2026-07-16 12:41:02,466 [ERROR] LogOutputStream:75 - [STDERR_REDIRECT] 
2026-07-16 12:41:03,469 [ERROR] LogOutputStream:75 - [STDERR_REDIRECT] [Fatal Error] :1:1: Premature end of file.
2026-07-16 12:41:03,469 [ERROR] LogOutputStream:75 - [STDERR_REDIRECT] 
2026-07-16 12:41:04,474 [ERROR] LogOutputStream:75 - [STDERR_REDIRECT] [Fatal Error] :1:1: Premature end of file.
2026-07-16 12:41:04,474 [ERROR] LogOutputStream:75 - [STDERR_REDIRECT] 
2026-07-16 12:41:05,467 [ERROR] LogOutputStream:75 - [STDERR_REDIRECT] [Fatal Error] :1:1: Premature end of file.
2026-07-16 12:41:05,467 [ERROR] LogOutputStream:75 - [STDERR_REDIRECT] 
2026-07-16 12:41:06,478 [ERROR] LogOutputStream:75 - [STDERR_REDIRECT] [Fatal Error] :1:1: Premature end of file.
2026-07-16 12:41:06,478 [ERROR] LogOutputStream:75 - [STDERR_REDIRECT] 
2026-07-16 12:41:07,469 [ERROR] LogOutputStream:75 - [STDERR_REDIRECT] [Fatal Error] :1:1: Premature end of file.
2026-07-16 12:41:07,469 [ERROR] LogOutputStream:75 - [STDERR_REDIRECT] 
2026-07-16 12:41:08,473 [ERROR] LogOutputStream:75 - [STDERR_REDIRECT] [Fatal Error] :1:1: Premature end of file.
2026-07-16 12:41:08,474 [ERROR] LogOutputStream:75 - [STDERR_REDIRECT] 
2026-07-16 12:41:09,476 [ERROR] LogOutputStream:75 - [STDERR_REDIRECT] [Fatal Error] :1:1: Premature end of file.
2026-07-16 12:41:09,476 [ERROR] LogOutputStream:75 - [STDERR_REDIRECT] 
2026-07-16 12:41:10,467 [ERROR] LogOutputStream:75 - [STDERR_REDIRECT] [Fatal Error] :1:1: Premature end of file.
2026-07-16 12:41:10,467 [ERROR] LogOutputStream:75 - [STDERR_REDIRECT] 
2026-07-16 12:41:11,473 [ERROR] LogOutputStream:75 - [STDERR_REDIRECT] [Fatal Error] :1:1: Premature end of file.
2026-07-16 12:41:11,473 [ERROR] LogOutputStream:75 - [STDERR_REDIRECT] 
2026-07-16 12:41:12,476 [ERROR] LogOutputStream:75 - [STDERR_REDIRECT] [Fatal Error] :1:1: Premature end of file.
2026-07-16 12:41:12,476 [ERROR] LogOutputStream:75 - [STDERR_REDIRECT] 
2026-07-16 12:41:13,476 [ERROR] LogOutputStream:75 - [STDERR_REDIRECT] [Fatal Error] :1:1: Premature end of file.
2026-07-16 12:41:13,476 [ERROR] LogOutputStream:75 - [STDERR_REDIRECT] 
2026-07-16 12:41:14,467 [ERROR] LogOutputStream:75 - [STDERR_REDIRECT] [Fatal Error] :1:1: Premature end of file.
2026-07-16 12:41:14,467 [ERROR] LogOutputStream:75 - [STDERR_REDIRECT] 
2026-07-16 12:41:15,475 [ERROR] LogOutputStream:75 - [STDERR_REDIRECT] [Fatal Error] :1:1: Premature end of file.
2026-07-16 12:41:15,476 [ERROR] LogOutputStream:75 - [STDERR_REDIRECT] 
2026-07-16 12:41:16,467 [ERROR] LogOutputStream:75 - [STDERR_REDIRECT] [Fatal Error] :1:1: Premature end of file.
2026-07-16 12:41:16,468 [ERROR] LogOutputStream:75 - [STDERR_REDIRECT] 
2026-07-16 12:41:17,475 [ERROR] LogOutputStream:75 - [STDERR_REDIRECT] [Fatal Error] :1:1: Premature end of file.
2026-07-16 12:41:17,475 [ERROR] LogOutputStream:75 - [STDERR_REDIRECT] 
2026-07-16 12:41:18,477 [ERROR] LogOutputStream:75 - [STDERR_REDIRECT] [Fatal Error] :1:1: Premature end of file.
2026-07-16 12:41:18,477 [ERROR] LogOutputStream:75 - [STDERR_REDIRECT] 
2026-07-16 12:41:19,468 [ERROR] LogOutputStream:75 - [STDERR_REDIRECT] [Fatal Error] :1:1: Premature end of file.
2026-07-16 12:41:19,469 [ERROR] LogOutputStream:75 - [STDERR_REDIRECT] 
2026-07-16 12:41:20,473 [ERROR] LogOutputStream:75 - [STDERR_REDIRECT] [Fatal Error] :1:1: Premature end of file.
2026-07-16 12:41:20,473 [ERROR] LogOutputStream:75 - [STDERR_REDIRECT] 
2026-07-16 12:41:21,476 [ERROR] LogOutputStream:75 - [STDERR_REDIRECT] [Fatal Error] :1:1: Premature end of file.
2026-07-16 12:41:21,476 [ERROR] LogOutputStream:75 - [STDERR_REDIRECT] 
2026-07-16 12:41:22,470 [ERROR] LogOutputStream:75 - [STDERR_REDIRECT] [Fatal Error] :1:1: Premature end of file.
2026-07-16 12:41:22,471 [ERROR] LogOutputStream:75 - [STDERR_REDIRECT] 
2026-07-16 12:41:23,474 [ERROR] LogOutputStream:75 - [STDERR_REDIRECT] [Fatal Error] :1:1: Premature end of file.
2026-07-16 12:41:23,474 [ERROR] LogOutputStream:75 - [STDERR_REDIRECT] 
2026-07-16 12:41:24,465 [ERROR] LogOutputStream:75 - [STDERR_REDIRECT] [Fatal Error] :1:1: Premature end of file.
2026-07-16 12:41:24,465 [ERROR] LogOutputStream:75 - [STDERR_REDIRECT] 
2026-07-16 12:41:25,468 [ERROR] LogOutputStream:75 - [STDERR_REDIRECT] [Fatal Error] :1:1: Premature end of file.
2026-07-16 12:41:25,468 [ERROR] LogOutputStream:75 - [STDERR_REDIRECT] 
2026-07-16 12:41:26,474 [ERROR] LogOutputStream:75 - [STDERR_REDIRECT] [Fatal Error] :1:1: Premature end of file.
2026-07-16 12:41:26,474 [ERROR] LogOutputStream:75 - [STDERR_REDIRECT] 
2026-07-16 12:41:27,463 [ERROR] LogOutputStream:75 - [STDERR_REDIRECT] [Fatal Error] :1:1: Premature end of file.
2026-07-16 12:41:27,463 [ERROR] LogOutputStream:75 - [STDERR_REDIRECT] 
2026-07-16 12:41:28,467 [ERROR] LogOutputStream:75 - [STDERR_REDIRECT] [Fatal Error] :1:1: Premature end of file.
2026-07-16 12:41:28,468 [ERROR] LogOutputStream:75 - [STDERR_REDIRECT] 
2026-07-16 12:41:29,476 [ERROR] LogOutputStream:75 - [STDERR_REDIRECT] [Fatal Error] :1:1: Premature end of file.
2026-07-16 12:41:29,477 [ERROR] LogOutputStream:75 - [STDERR_REDIRECT] 
2026-07-16 12:41:30,465 [ERROR] LogOutputStream:75 - [STDERR_REDIRECT] [Fatal Error] :1:1: Premature end of file.
2026-07-16 12:41:30,465 [ERROR] LogOutputStream:75 - [STDERR_REDIRECT] 
2026-07-16 12:41:31,466 [ERROR] LogOutputStream:75 - [STDERR_REDIRECT] [Fatal Error] :1:1: Premature end of file.
2026-07-16 12:41:31,466 [ERROR] LogOutputStream:75 - [STDERR_REDIRECT] 
2026-07-16 12:41:32,462 [ERROR] LogOutputStream:75 - [STDERR_REDIRECT] [Fatal Error] :1:1: Premature end of file.
2026-07-16 12:41:32,462 [ERROR] LogOutputStream:75 - [STDERR_REDIRECT] 
2026-07-16 12:41:33,466 [ERROR] LogOutputStream:75 - [STDERR_REDIRECT] [Fatal Error] :1:1: Premature end of file.
2026-07-16 12:41:33,467 [ERROR] LogOutputStream:75 - [STDERR_REDIRECT] 
2026-07-16 12:41:34,465 [ERROR] LogOutputStream:75 - [STDERR_REDIRECT] [Fatal Error] :1:1: Premature end of file.
2026-07-16 12:41:34,465 [ERROR] LogOutputStream:75 - [STDERR_REDIRECT] 
2026-07-16 12:41:35,464 [ERROR] LogOutputStream:75 - [STDERR_REDIRECT] [Fatal Error] :1:1: Premature end of file.
2026-07-16 12:41:35,464 [ERROR] LogOutputStream:75 - [STDERR_REDIRECT] 
2026-07-16 12:41:36,465 [ERROR] LogOutputStream:75 - [STDERR_REDIRECT] [Fatal Error] :1:1: Premature end of file.
2026-07-16 12:41:36,465 [ERROR] LogOutputStream:75 - [STDERR_REDIRECT] 
2026-07-16 12:41:37,464 [ERROR] LogOutputStream:75 - [STDERR_REDIRECT] [Fatal Error] :1:1: Premature end of file.
2026-07-16 12:41:37,464 [ERROR] LogOutputStream:75 - [STDERR_REDIRECT] 
2026-07-16 12:41:38,464 [ERROR] LogOutputStream:75 - [STDERR_REDIRECT] [Fatal Error] :1:1: Premature end of file.
2026-07-16 12:41:38,464 [ERROR] LogOutputStream:75 - [STDERR_REDIRECT] 
2026-07-16 12:41:39,464 [ERROR] LogOutputStream:75 - [STDERR_REDIRECT] [Fatal Error] :1:1: Premature end of file.
2026-07-16 12:41:39,464 [ERROR] LogOutputStream:75 - [STDERR_REDIRECT] 
2026-07-16 12:41:40,463 [ERROR] LogOutputStream:75 - [STDERR_REDIRECT] [Fatal Error] :1:1: Premature end of file.
2026-07-16 12:41:40,463 [ERROR] LogOutputStream:75 - [STDERR_REDIRECT] 
2026-07-16 12:41:41,465 [ERROR] LogOutputStream:75 - [STDERR_REDIRECT] [Fatal Error] :1:1: Premature end of file.
2026-07-16 12:41:41,466 [ERROR] LogOutputStream:75 - [STDERR_REDIRECT] 
2026-07-16 12:41:42,463 [ERROR] LogOutputStream:75 - [STDERR_REDIRECT] [Fatal Error] :1:1: Premature end of file.
2026-07-16 12:41:42,463 [ERROR] LogOutputStream:75 - [STDERR_REDIRECT] 
2026-07-16 12:41:43,462 [ERROR] LogOutputStream:75 - [STDERR_REDIRECT] [Fatal Error] :1:1: Premature end of file.
2026-07-16 12:41:43,462 [ERROR] LogOutputStream:75 - [STDERR_REDIRECT] 
2026-07-16 12:41:44,463 [ERROR] LogOutputStream:75 - [STDERR_REDIRECT] [Fatal Error] :1:1: Premature end of file.
2026-07-16 12:41:44,463 [ERROR] LogOutputStream:75 - [STDERR_REDIRECT] 
2026-07-16 12:41:45,463 [ERROR] LogOutputStream:75 - [STDERR_REDIRECT] [Fatal Error] :1:1: Premature end of file.
2026-07-16 12:41:45,464 [ERROR] LogOutputStream:75 - [STDERR_REDIRECT] 
2026-07-16 12:41:46,465 [ERROR] LogOutputStream:75 - [STDERR_REDIRECT] [Fatal Error] :1:1: Premature end of file.
2026-07-16 12:41:46,465 [ERROR] LogOutputStream:75 - [STDERR_REDIRECT] 
2026-07-16 12:41:47,463 [ERROR] LogOutputStream:75 - [STDERR_REDIRECT] [Fatal Error] :1:1: Premature end of file.
2026-07-16 12:41:47,463 [ERROR] LogOutputStream:75 - [STDERR_REDIRECT] 
2026-07-16 12:41:48,461 [ERROR] LogOutputStream:75 - [STDERR_REDIRECT] [Fatal Error] :1:1: Premature end of file.
2026-07-16 12:41:48,461 [ERROR] LogOutputStream:75 - [STDERR_REDIRECT] 
2026-07-16 12:41:49,463 [ERROR] LogOutputStream:75 - [STDERR_REDIRECT] [Fatal Error] :1:1: Premature end of file.
2026-07-16 12:41:49,463 [ERROR] LogOutputStream:75 - [STDERR_REDIRECT] 
2026-07-16 12:41:50,465 [ERROR] LogOutputStream:75 - [STDERR_REDIRECT] [Fatal Error] :1:1: Premature end of file.
2026-07-16 12:41:50,465 [ERROR] LogOutputStream:75 - [STDERR_REDIRECT] 
2026-07-16 12:41:51,465 [ERROR] LogOutputStream:75 - [STDERR_REDIRECT] [Fatal Error] :1:1: Premature end of file.
2026-07-16 12:41:51,465 [ERROR] LogOutputStream:75 - [STDERR_REDIRECT] 
2026-07-16 12:41:52,462 [ERROR] LogOutputStream:75 - [STDERR_REDIRECT] [Fatal Error] :1:1: Premature end of file.
2026-07-16 12:41:52,462 [ERROR] LogOutputStream:75 - [STDERR_REDIRECT] 
2026-07-16 12:41:53,461 [ERROR] LogOutputStream:75 - [STDERR_REDIRECT] [Fatal Error] :1:1: Premature end of file.
2026-07-16 12:41:53,462 [ERROR] LogOutputStream:75 - [STDERR_REDIRECT] 
2026-07-16 12:41:54,462 [ERROR] LogOutputStream:75 - [STDERR_REDIRECT] [Fatal Error] :1:1: Premature end of file.
2026-07-16 12:41:54,462 [ERROR] LogOutputStream:75 - [STDERR_REDIRECT] 
2026-07-16 12:41:55,463 [ERROR] LogOutputStream:75 - [STDERR_REDIRECT] [Fatal Error] :1:1: Premature end of file.
2026-07-16 12:41:55,463 [ERROR] LogOutputStream:75 - [STDERR_REDIRECT] 
2026-07-16 12:41:56,461 [ERROR] LogOutputStream:75 - [STDERR_REDIRECT] [Fatal Error] :1:1: Premature end of file.
2026-07-16 12:41:56,462 [ERROR] LogOutputStream:75 - [STDERR_REDIRECT] 
2026-07-16 12:41:57,463 [ERROR] LogOutputStream:75 - [STDERR_REDIRECT] [Fatal Error] :1:1: Premature end of file.
2026-07-16 12:41:57,463 [ERROR] LogOutputStream:75 - [STDERR_REDIRECT] 
2026-07-16 12:41:58,464 [ERROR] LogOutputStream:75 - [STDERR_REDIRECT] [Fatal Error] :1:1: Premature end of file.
2026-07-16 12:41:58,464 [ERROR] LogOutputStream:75 - [STDERR_REDIRECT] 
2026-07-16 12:41:59,463 [ERROR] LogOutputStream:75 - [STDERR_REDIRECT] [Fatal Error] :1:1: Premature end of file.
2026-07-16 12:41:59,463 [ERROR] LogOutputStream:75 - [STDERR_REDIRECT] 
2026-07-16 12:42:00,462 [ERROR] LogOutputStream:75 - [STDERR_REDIRECT] [Fatal Error] :1:1: Premature end of file.
2026-07-16 12:42:00,462 [ERROR] LogOutputStream:75 - [STDERR_REDIRECT] 
2026-07-16 12:42:01,462 [ERROR] LogOutputStream:75 - [STDERR_REDIRECT] [Fatal Error] :1:1: Premature end of file.
2026-07-16 12:42:01,462 [ERROR] LogOutputStream:75 - [STDERR_REDIRECT] 
2026-07-16 12:42:02,461 [ERROR] LogOutputStream:75 - [STDERR_REDIRECT] [Fatal Error] :1:1: Premature end of file.
2026-07-16 12:42:02,462 [ERROR] LogOutputStream:75 - [STDERR_REDIRECT] 
2026-07-16 12:42:03,462 [ERROR] LogOutputStream:75 - [STDERR_REDIRECT] [Fatal Error] :1:1: Premature end of file.
2026-07-16 12:42:03,462 [ERROR] LogOutputStream:75 - [STDERR_REDIRECT] 
2026-07-16 12:42:04,463 [ERROR] LogOutputStream:75 - [STDERR_REDIRECT] [Fatal Error] :1:1: Premature end of file.
2026-07-16 12:42:04,463 [ERROR] LogOutputStream:75 - [STDERR_REDIRECT] 
2026-07-16 12:42:05,462 [ERROR] LogOutputStream:75 - [STDERR_REDIRECT] [Fatal Error] :1:1: Premature end of file.
2026-07-16 12:42:05,462 [ERROR] LogOutputStream:75 - [STDERR_REDIRECT] 
2026-07-16 12:42:06,466 [ERROR] LogOutputStream:75 - [STDERR_REDIRECT] [Fatal Error] :1:1: Premature end of file.
2026-07-16 12:42:06,466 [ERROR] LogOutputStream:75 - [STDERR_REDIRECT] 
2026-07-16 12:42:07,463 [ERROR] LogOutputStream:75 - [STDERR_REDIRECT] [Fatal Error] :1:1: Premature end of file.
2026-07-16 12:42:07,463 [ERROR] LogOutputStream:75 - [STDERR_REDIRECT] 
2026-07-16 12:42:08,462 [ERROR] LogOutputStream:75 - [STDERR_REDIRECT] [Fatal Error] :1:1: Premature end of file.
2026-07-16 12:42:08,462 [ERROR] LogOutputStream:75 - [STDERR_REDIRECT] 
2026-07-16 12:42:09,463 [ERROR] LogOutputStream:75 - [STDERR_REDIRECT] [Fatal Error] :1:1: Premature end of file.
2026-07-16 12:42:09,463 [ERROR] LogOutputStream:75 - [STDERR_REDIRECT] 
2026-07-16 12:42:10,462 [ERROR] LogOutputStream:75 - [STDERR_REDIRECT] [Fatal Error] :1:1: Premature end of file.
2026-07-16 12:42:10,462 [ERROR] LogOutputStream:75 - [STDERR_REDIRECT] 
2026-07-16 12:42:11,463 [ERROR] LogOutputStream:75 - [STDERR_REDIRECT] [Fatal Error] :1:1: Premature end of file.
2026-07-16 12:42:11,463 [ERROR] LogOutputStream:75 - [STDERR_REDIRECT] 
2026-07-16 12:42:12,462 [ERROR] LogOutputStream:75 - [STDERR_REDIRECT] [Fatal Error] :1:1: Premature end of file.
2026-07-16 12:42:12,462 [ERROR] LogOutputStream:75 - [STDERR_REDIRECT] 
2026-07-16 12:42:13,463 [ERROR] LogOutputStream:75 - [STDERR_REDIRECT] [Fatal Error] :1:1: Premature end of file.
2026-07-16 12:42:13,463 [ERROR] LogOutputStream:75 - [STDERR_REDIRECT] 
2026-07-16 12:42:14,462 [ERROR] LogOutputStream:75 - [STDERR_REDIRECT] [Fatal Error] :1:1: Premature end of file.
2026-07-16 12:42:14,462 [ERROR] LogOutputStream:75 - [STDERR_REDIRECT] 
2026-07-16 12:42:15,461 [ERROR] LogOutputStream:75 - [STDERR_REDIRECT] [Fatal Error] :1:1: Premature end of file.
2026-07-16 12:42:15,461 [ERROR] LogOutputStream:75 - [STDERR_REDIRECT] 
2026-07-16 12:42:16,464 [ERROR] LogOutputStream:75 - [STDERR_REDIRECT] [Fatal Error] :1:1: Premature end of file.
2026-07-16 12:42:16,464 [ERROR] LogOutputStream:75 - [STDERR_REDIRECT] 
2026-07-16 12:42:17,461 [ERROR] LogOutputStream:75 - [STDERR_REDIRECT] [Fatal Error] :1:1: Premature end of file.
2026-07-16 12:42:17,461 [ERROR] LogOutputStream:75 - [STDERR_REDIRECT] 
2026-07-16 12:42:18,463 [ERROR] LogOutputStream:75 - [STDERR_REDIRECT] [Fatal Error] :1:1: Premature end of file.
2026-07-16 12:42:18,463 [ERROR] LogOutputStream:75 - [STDERR_REDIRECT] 
2026-07-16 12:42:19,462 [ERROR] LogOutputStream:75 - [STDERR_REDIRECT] [Fatal Error] :1:1: Premature end of file.
2026-07-16 12:42:19,462 [ERROR] LogOutputStream:75 - [STDERR_REDIRECT] 
2026-07-16 12:42:20,463 [ERROR] LogOutputStream:75 - [STDERR_REDIRECT] [Fatal Error] :1:1: Premature end of file.
2026-07-16 12:42:20,463 [ERROR] LogOutputStream:75 - [STDERR_REDIRECT] 
2026-07-16 12:42:21,462 [ERROR] LogOutputStream:75 - [STDERR_REDIRECT] [Fatal Error] :1:1: Premature end of file.
2026-07-16 12:42:21,462 [ERROR] LogOutputStream:75 - [STDERR_REDIRECT] 
2026-07-16 12:42:22,465 [ERROR] LogOutputStream:75 - [STDERR_REDIRECT] [Fatal Error] :1:1: Premature end of file.
2026-07-16 12:42:22,465 [ERROR] LogOutputStream:75 - [STDERR_REDIRECT] 
2026-07-16 12:42:23,463 [ERROR] LogOutputStream:75 - [STDERR_REDIRECT] [Fatal Error] :1:1: Premature end of file.
2026-07-16 12:42:23,463 [ERROR] LogOutputStream:75 - [STDERR_REDIRECT] 
2026-07-16 12:42:24,461 [ERROR] LogOutputStream:75 - [STDERR_REDIRECT] [Fatal Error] :1:1: Premature end of file.
2026-07-16 12:42:24,461 [ERROR] LogOutputStream:75 - [STDERR_REDIRECT] 
2026-07-16 12:42:25,461 [ERROR] LogOutputStream:75 - [STDERR_REDIRECT] [Fatal Error] :1:1: Premature end of file.
2026-07-16 12:42:25,461 [ERROR] LogOutputStream:75 - [STDERR_REDIRECT] 
2026-07-16 12:42:26,462 [ERROR] LogOutputStream:75 - [STDERR_REDIRECT] [Fatal Error] :1:1: Premature end of file.
2026-07-16 12:42:26,463 [ERROR] LogOutputStream:75 - [STDERR_REDIRECT] 
2026-07-16 12:42:27,462 [ERROR] LogOutputStream:75 - [STDERR_REDIRECT] [Fatal Error] :1:1: Premature end of file.
2026-07-16 12:42:27,462 [ERROR] LogOutputStream:75 - [STDERR_REDIRECT] 
2026-07-16 12:42:28,463 [ERROR] LogOutputStream:75 - [STDERR_REDIRECT] [Fatal Error] :1:1: Premature end of file.
2026-07-16 12:42:28,463 [ERROR] LogOutputStream:75 - [STDERR_REDIRECT] 
2026-07-16 12:42:29,462 [ERROR] LogOutputStream:75 - [STDERR_REDIRECT] [Fatal Error] :1:1: Premature end of file.
2026-07-16 12:42:29,462 [ERROR] LogOutputStream:75 - [STDERR_REDIRECT] 
2026-07-16 12:42:30,463 [ERROR] LogOutputStream:75 - [STDERR_REDIRECT] [Fatal Error] :1:1: Premature end of file.
2026-07-16 12:42:30,463 [ERROR] LogOutputStream:75 - [STDERR_REDIRECT] 
2026-07-16 12:42:31,462 [ERROR] LogOutputStream:75 - [STDERR_REDIRECT] [Fatal Error] :1:1: Premature end of file.
2026-07-16 12:42:31,462 [ERROR] LogOutputStream:75 - [STDERR_REDIRECT] 
2026-07-16 12:42:32,463 [ERROR] LogOutputStream:75 - [STDERR_REDIRECT] [Fatal Error] :1:1: Premature end of file.
2026-07-16 12:42:32,463 [ERROR] LogOutputStream:75 - [STDERR_REDIRECT] 
2026-07-16 12:42:33,462 [ERROR] LogOutputStream:75 - [STDERR_REDIRECT] [Fatal Error] :1:1: Premature end of file.
2026-07-16 12:42:33,462 [ERROR] LogOutputStream:75 - [STDERR_REDIRECT] 
2026-07-16 12:42:34,463 [ERROR] LogOutputStream:75 - [STDERR_REDIRECT] [Fatal Error] :1:1: Premature end of file.
2026-07-16 12:42:34,463 [ERROR] LogOutputStream:75 - [STDERR_REDIRECT] 
2026-07-16 12:42:35,462 [ERROR] LogOutputStream:75 - [STDERR_REDIRECT] [Fatal Error] :1:1: Premature end of file.
2026-07-16 12:42:35,462 [ERROR] LogOutputStream:75 - [STDERR_REDIRECT] 
2026-07-16 12:42:36,464 [ERROR] LogOutputStream:75 - [STDERR_REDIRECT] [Fatal Error] :1:1: Premature end of file.
2026-07-16 12:42:36,464 [ERROR] LogOutputStream:75 - [STDERR_REDIRECT] 
2026-07-16 12:42:37,463 [ERROR] LogOutputStream:75 - [STDERR_REDIRECT] [Fatal Error] :1:1: Premature end of file.
2026-07-16 12:42:37,463 [ERROR] LogOutputStream:75 - [STDERR_REDIRECT] 
2026-07-16 12:42:38,462 [ERROR] LogOutputStream:75 - [STDERR_REDIRECT] [Fatal Error] :1:1: Premature end of file.
2026-07-16 12:42:38,462 [ERROR] LogOutputStream:75 - [STDERR_REDIRECT] 
2026-07-16 12:42:39,464 [ERROR] LogOutputStream:75 - [STDERR_REDIRECT] [Fatal Error] :1:1: Premature end of file.
2026-07-16 12:42:39,465 [ERROR] LogOutputStream:75 - [STDERR_REDIRECT] 
2026-07-16 12:42:40,463 [ERROR] LogOutputStream:75 - [STDERR_REDIRECT] [Fatal Error] :1:1: Premature end of file.
2026-07-16 12:42:40,463 [ERROR] LogOutputStream:75 - [STDERR_REDIRECT] 
2026-07-16 12:42:41,463 [ERROR] LogOutputStream:75 - [STDERR_REDIRECT] [Fatal Error] :1:1: Premature end of file.
2026-07-16 12:42:41,463 [ERROR] LogOutputStream:75 - [STDERR_REDIRECT] 
2026-07-16 12:42:42,462 [ERROR] LogOutputStream:75 - [STDERR_REDIRECT] [Fatal Error] :1:1: Premature end of file.
2026-07-16 12:42:42,462 [ERROR] LogOutputStream:75 - [STDERR_REDIRECT] 
2026-07-16 12:42:43,463 [ERROR] LogOutputStream:75 - [STDERR_REDIRECT] [Fatal Error] :1:1: Premature end of file.
2026-07-16 12:42:43,463 [ERROR] LogOutputStream:75 - [STDERR_REDIRECT] 
2026-07-16 12:42:44,462 [ERROR] LogOutputStream:75 - [STDERR_REDIRECT] [Fatal Error] :1:1: Premature end of file.
2026-07-16 12:42:44,462 [ERROR] LogOutputStream:75 - [STDERR_REDIRECT] 
2026-07-16 12:42:45,464 [ERROR] LogOutputStream:75 - [STDERR_REDIRECT] [Fatal Error] :1:1: Premature end of file.
2026-07-16 12:42:45,464 [ERROR] LogOutputStream:75 - [STDERR_REDIRECT] 
2026-07-16 12:42:46,463 [ERROR] LogOutputStream:75 - [STDERR_REDIRECT] [Fatal Error] :1:1: Premature end of file.
2026-07-16 12:42:46,463 [ERROR] LogOutputStream:75 - [STDERR_REDIRECT] 
2026-07-16 12:42:47,463 [ERROR] LogOutputStream:75 - [STDERR_REDIRECT] [Fatal Error] :1:1: Premature end of file.
2026-07-16 12:42:47,463 [ERROR] LogOutputStream:75 - [STDERR_REDIRECT] 
2026-07-16 12:42:48,462 [ERROR] LogOutputStream:75 - [STDERR_REDIRECT] [Fatal Error] :1:1: Premature end of file.
2026-07-16 12:42:48,463 [ERROR] LogOutputStream:75 - [STDERR_REDIRECT] 
2026-07-16 12:42:49,463 [ERROR] LogOutputStream:75 - [STDERR_REDIRECT] [Fatal Error] :1:1: Premature end of file.
2026-07-16 12:42:49,463 [ERROR] LogOutputStream:75 - [STDERR_REDIRECT] 
2026-07-16 12:42:50,462 [ERROR] LogOutputStream:75 - [STDERR_REDIRECT] [Fatal Error] :1:1: Premature end of file.
2026-07-16 12:42:50,462 [ERROR] LogOutputStream:75 - [STDERR_REDIRECT] 
2026-07-16 12:42:51,463 [ERROR] LogOutputStream:75 - [STDERR_REDIRECT] [Fatal Error] :1:1: Premature end of file.
2026-07-16 12:42:51,464 [ERROR] LogOutputStream:75 - [STDERR_REDIRECT] 
2026-07-16 12:42:52,462 [ERROR] LogOutputStream:75 - [STDERR_REDIRECT] [Fatal Error] :1:1: Premature end of file.
2026-07-16 12:42:52,462 [ERROR] LogOutputStream:75 - [STDERR_REDIRECT] 
2026-07-16 12:42:53,462 [ERROR] LogOutputStream:75 - [STDERR_REDIRECT] [Fatal Error] :1:1: Premature end of file.
2026-07-16 12:42:53,462 [ERROR] LogOutputStream:75 - [STDERR_REDIRECT] 
2026-07-16 12:42:54,462 [ERROR] LogOutputStream:75 - [STDERR_REDIRECT] [Fatal Error] :1:1: Premature end of file.
2026-07-16 12:42:54,462 [ERROR] LogOutputStream:75 - [STDERR_REDIRECT] 
2026-07-16 12:42:55,464 [ERROR] LogOutputStream:75 - [STDERR_REDIRECT] [Fatal Error] :1:1: Premature end of file.
2026-07-16 12:42:55,464 [ERROR] LogOutputStream:75 - [STDERR_REDIRECT] 
2026-07-16 12:42:56,462 [ERROR] LogOutputStream:75 - [STDERR_REDIRECT] [Fatal Error] :1:1: Premature end of file.
2026-07-16 12:42:56,462 [ERROR] LogOutputStream:75 - [STDERR_REDIRECT] 
2026-07-16 12:42:57,462 [ERROR] LogOutputStream:75 - [STDERR_REDIRECT] [Fatal Error] :1:1: Premature end of file.
2026-07-16 12:42:57,462 [ERROR] LogOutputStream:75 - [STDERR_REDIRECT] 
2026-07-16 12:42:58,462 [ERROR] LogOutputStream:75 - [STDERR_REDIRECT] [Fatal Error] :1:1: Premature end of file.
2026-07-16 12:42:58,462 [ERROR] LogOutputStream:75 - [STDERR_REDIRECT] 
2026-07-16 12:42:59,462 [ERROR] LogOutputStream:75 - [STDERR_REDIRECT] [Fatal Error] :1:1: Premature end of file.
2026-07-16 12:42:59,462 [ERROR] LogOutputStream:75 - [STDERR_REDIRECT] 
2026-07-16 12:43:00,465 [ERROR] LogOutputStream:75 - [STDERR_REDIRECT] [Fatal Error] :1:1: Premature end of file.
2026-07-16 12:43:00,465 [ERROR] LogOutputStream:75 - [STDERR_REDIRECT] 
2026-07-16 12:43:01,463 [ERROR] LogOutputStream:75 - [STDERR_REDIRECT] [Fatal Error] :1:1: Premature end of file.
2026-07-16 12:43:01,463 [ERROR] LogOutputStream:75 - [STDERR_REDIRECT] 
2026-07-16 12:43:02,462 [ERROR] LogOutputStream:75 - [STDERR_REDIRECT] [Fatal Error] :1:1: Premature end of file.
2026-07-16 12:43:02,462 [ERROR] LogOutputStream:75 - [STDERR_REDIRECT] 
2026-07-16 12:43:03,462 [ERROR] LogOutputStream:75 - [STDERR_REDIRECT] [Fatal Error] :1:1: Premature end of file.
2026-07-16 12:43:03,463 [ERROR] LogOutputStream:75 - [STDERR_REDIRECT] 
2026-07-16 12:43:04,462 [ERROR] LogOutputStream:75 - [STDERR_REDIRECT] [Fatal Error] :1:1: Premature end of file.
2026-07-16 12:43:04,462 [ERROR] LogOutputStream:75 - [STDERR_REDIRECT] 
2026-07-16 12:43:05,462 [ERROR] LogOutputStream:75 - [STDERR_REDIRECT] [Fatal Error] :1:1: Premature end of file.
2026-07-16 12:43:05,462 [ERROR] LogOutputStream:75 - [STDERR_REDIRECT] 
2026-07-16 12:43:06,466 [ERROR] LogOutputStream:75 - [STDERR_REDIRECT] [Fatal Error] :1:1: Premature end of file.
2026-07-16 12:43:06,466 [ERROR] LogOutputStream:75 - [STDERR_REDIRECT] 
2026-07-16 12:43:07,463 [ERROR] LogOutputStream:75 - [STDERR_REDIRECT] [Fatal Error] :1:1: Premature end of file.
2026-07-16 12:43:07,464 [ERROR] LogOutputStream:75 - [STDERR_REDIRECT] 
2026-07-16 12:43:08,463 [ERROR] LogOutputStream:75 - [STDERR_REDIRECT] [Fatal Error] :1:1: Premature end of file.
2026-07-16 12:43:08,463 [ERROR] LogOutputStream:75 - [STDERR_REDIRECT] 
2026-07-16 12:43:09,463 [ERROR] LogOutputStream:75 - [STDERR_REDIRECT] [Fatal Error] :1:1: Premature end of file.
2026-07-16 12:43:09,463 [ERROR] LogOutputStream:75 - [STDERR_REDIRECT] 
2026-07-16 12:43:10,464 [ERROR] LogOutputStream:75 - [STDERR_REDIRECT] [Fatal Error] :1:1: Premature end of file.
2026-07-16 12:43:10,464 [ERROR] LogOutputStream:75 - [STDERR_REDIRECT] 
2026-07-16 12:43:11,462 [ERROR] LogOutputStream:75 - [STDERR_REDIRECT] [Fatal Error] :1:1: Premature end of file.
2026-07-16 12:43:11,462 [ERROR] LogOutputStream:75 - [STDERR_REDIRECT] 
2026-07-16 12:43:12,463 [ERROR] LogOutputStream:75 - [STDERR_REDIRECT] [Fatal Error] :1:1: Premature end of file.
2026-07-16 12:43:12,463 [ERROR] LogOutputStream:75 - [STDERR_REDIRECT] 
2026-07-16 12:43:13,464 [ERROR] LogOutputStream:75 - [STDERR_REDIRECT] [Fatal Error] :1:1: Premature end of file.
2026-07-16 12:43:13,464 [ERROR] LogOutputStream:75 - [STDERR_REDIRECT] 
2026-07-16 12:43:14,461 [ERROR] LogOutputStream:75 - [STDERR_REDIRECT] [Fatal Error] :1:1: Premature end of file.
2026-07-16 12:43:14,461 [ERROR] LogOutputStream:75 - [STDERR_REDIRECT] 
2026-07-16 12:43:15,462 [ERROR] LogOutputStream:75 - [STDERR_REDIRECT] [Fatal Error] :1:1: Premature end of file.
2026-07-16 12:43:15,462 [ERROR] LogOutputStream:75 - [STDERR_REDIRECT] 
2026-07-16 12:43:16,463 [ERROR] LogOutputStream:75 - [STDERR_REDIRECT] [Fatal Error] :1:1: Premature end of file.
2026-07-16 12:43:16,463 [ERROR] LogOutputStream:75 - [STDERR_REDIRECT] 
2026-07-16 12:43:17,464 [ERROR] LogOutputStream:75 - [STDERR_REDIRECT] [Fatal Error] :1:1: Premature end of file.
2026-07-16 12:43:17,464 [ERROR] LogOutputStream:75 - [STDERR_REDIRECT] 
2026-07-16 12:43:18,462 [ERROR] LogOutputStream:75 - [STDERR_REDIRECT] [Fatal Error] :1:1: Premature end of file.
2026-07-16 12:43:18,462 [ERROR] LogOutputStream:75 - [STDERR_REDIRECT] 
2026-07-16 12:43:19,462 [ERROR] LogOutputStream:75 - [STDERR_REDIRECT] [Fatal Error] :1:1: Premature end of file.
2026-07-16 12:43:19,462 [ERROR] LogOutputStream:75 - [STDERR_REDIRECT] 
2026-07-16 12:43:20,462 [ERROR] LogOutputStream:75 - [STDERR_REDIRECT] [Fatal Error] :1:1: Premature end of file.
2026-07-16 12:43:20,462 [ERROR] LogOutputStream:75 - [STDERR_REDIRECT] 
2026-07-16 12:43:21,463 [ERROR] LogOutputStream:75 - [STDERR_REDIRECT] [Fatal Error] :1:1: Premature end of file.
2026-07-16 12:43:21,463 [ERROR] LogOutputStream:75 - [STDERR_REDIRECT] 
2026-07-16 12:43:22,462 [ERROR] LogOutputStream:75 - [STDERR_REDIRECT] [Fatal Error] :1:1: Premature end of file.
2026-07-16 12:43:22,462 [ERROR] LogOutputStream:75 - [STDERR_REDIRECT] 
2026-07-16 12:43:23,464 [ERROR] LogOutputStream:75 - [STDERR_REDIRECT] [Fatal Error] :1:1: Premature end of file.
2026-07-16 12:43:23,464 [ERROR] LogOutputStream:75 - [STDERR_REDIRECT] 
2026-07-16 12:43:24,463 [ERROR] LogOutputStream:75 - [STDERR_REDIRECT] [Fatal Error] :1:1: Premature end of file.
2026-07-16 12:43:24,463 [ERROR] LogOutputStream:75 - [STDERR_REDIRECT] 
2026-07-16 12:43:25,463 [ERROR] LogOutputStream:75 - [STDERR_REDIRECT] [Fatal Error] :1:1: Premature end of file.
2026-07-16 12:43:25,463 [ERROR] LogOutputStream:75 - [STDERR_REDIRECT] 
2026-07-16 12:43:26,463 [ERROR] LogOutputStream:75 - [STDERR_REDIRECT] [Fatal Error] :1:1: Premature end of file.
2026-07-16 12:43:26,463 [ERROR] LogOutputStream:75 - [STDERR_REDIRECT] 
2026-07-16 12:43:27,464 [ERROR] LogOutputStream:75 - [STDERR_REDIRECT] [Fatal Error] :1:1: Premature end of file.
2026-07-16 12:43:27,464 [ERROR] LogOutputStream:75 - [STDERR_REDIRECT] 
2026-07-16 12:43:28,465 [ERROR] LogOutputStream:75 - [STDERR_REDIRECT] [Fatal Error] :1:1: Premature end of file.
2026-07-16 12:43:28,465 [ERROR] LogOutputStream:75 - [STDERR_REDIRECT] 
2026-07-16 12:43:29,461 [ERROR] LogOutputStream:75 - [STDERR_REDIRECT] [Fatal Error] :1:1: Premature end of file.
2026-07-16 12:43:29,462 [ERROR] LogOutputStream:75 - [STDERR_REDIRECT] 
2026-07-16 12:43:30,462 [ERROR] LogOutputStream:75 - [STDERR_REDIRECT] [Fatal Error] :1:1: Premature end of file.
2026-07-16 12:43:30,462 [ERROR] LogOutputStream:75 - [STDERR_REDIRECT] 
2026-07-16 12:43:31,463 [ERROR] LogOutputStream:75 - [STDERR_REDIRECT] [Fatal Error] :1:1: Premature end of file.
2026-07-16 12:43:31,463 [ERROR] LogOutputStream:75 - [STDERR_REDIRECT] 
2026-07-16 12:43:32,462 [ERROR] LogOutputStream:75 - [STDERR_REDIRECT] [Fatal Error] :1:1: Premature end of file.
2026-07-16 12:43:32,463 [ERROR] LogOutputStream:75 - [STDERR_REDIRECT] 
2026-07-16 12:43:33,462 [ERROR] LogOutputStream:75 - [STDERR_REDIRECT] [Fatal Error] :1:1: Premature end of file.
2026-07-16 12:43:33,462 [ERROR] LogOutputStream:75 - [STDERR_REDIRECT] 
2026-07-16 12:43:34,462 [ERROR] LogOutputStream:75 - [STDERR_REDIRECT] [Fatal Error] :1:1: Premature end of file.
2026-07-16 12:43:34,462 [ERROR] LogOutputStream:75 - [STDERR_REDIRECT] 
2026-07-16 12:43:35,463 [ERROR] LogOutputStream:75 - [STDERR_REDIRECT] [Fatal Error] :1:1: Premature end of file.
2026-07-16 12:43:35,463 [ERROR] LogOutputStream:75 - [STDERR_REDIRECT] 
2026-07-16 12:43:36,463 [ERROR] LogOutputStream:75 - [STDERR_REDIRECT] [Fatal Error] :1:1: Premature end of file.
2026-07-16 12:43:36,463 [ERROR] LogOutputStream:75 - [STDERR_REDIRECT] 
2026-07-16 12:43:37,462 [ERROR] LogOutputStream:75 - [STDERR_REDIRECT] [Fatal Error] :1:1: Premature end of file.
2026-07-16 12:43:37,462 [ERROR] LogOutputStream:75 - [STDERR_REDIRECT] 
2026-07-16 12:43:38,463 [ERROR] LogOutputStream:75 - [STDERR_REDIRECT] [Fatal Error] :1:1: Premature end of file.
2026-07-16 12:43:38,463 [ERROR] LogOutputStream:75 - [STDERR_REDIRECT] 
2026-07-16 12:43:39,466 [ERROR] LogOutputStream:75 - [STDERR_REDIRECT] [Fatal Error] :1:1: Premature end of file.
2026-07-16 12:43:39,466 [ERROR] LogOutputStream:75 - [STDERR_REDIRECT] 
2026-07-16 12:43:40,463 [ERROR] LogOutputStream:75 - [STDERR_REDIRECT] [Fatal Error] :1:1: Premature end of file.
2026-07-16 12:43:40,463 [ERROR] LogOutputStream:75 - [STDERR_REDIRECT] 
2026-07-16 12:43:41,463 [ERROR] LogOutputStream:75 - [STDERR_REDIRECT] [Fatal Error] :1:1: Premature end of file.
2026-07-16 12:43:41,463 [ERROR] LogOutputStream:75 - [STDERR_REDIRECT] 
2026-07-16 12:43:42,464 [ERROR] LogOutputStream:75 - [STDERR_REDIRECT] [Fatal Error] :1:1: Premature end of file.
2026-07-16 12:43:42,464 [ERROR] LogOutputStream:75 - [STDERR_REDIRECT] 
2026-07-16 12:43:43,463 [ERROR] LogOutputStream:75 - [STDERR_REDIRECT] [Fatal Error] :1:1: Premature end of file.
2026-07-16 12:43:43,464 [ERROR] LogOutputStream:75 - [STDERR_REDIRECT] 
2026-07-16 12:43:44,464 [ERROR] LogOutputStream:75 - [STDERR_REDIRECT] [Fatal Error] :1:1: Premature end of file.
2026-07-16 12:43:44,464 [ERROR] LogOutputStream:75 - [STDERR_REDIRECT] 
2026-07-16 12:43:45,461 [ERROR] LogOutputStream:75 - [STDERR_REDIRECT] [Fatal Error] :1:1: Premature end of file.
2026-07-16 12:43:45,461 [ERROR] LogOutputStream:75 - [STDERR_REDIRECT] 
2026-07-16 12:43:46,462 [ERROR] LogOutputStream:75 - [STDERR_REDIRECT] [Fatal Error] :1:1: Premature end of file.
2026-07-16 12:43:46,462 [ERROR] LogOutputStream:75 - [STDERR_REDIRECT] 
2026-07-16 12:43:47,463 [ERROR] LogOutputStream:75 - [STDERR_REDIRECT] [Fatal Error] :1:1: Premature end of file.
2026-07-16 12:43:47,463 [ERROR] LogOutputStream:75 - [STDERR_REDIRECT] 
2026-07-16 12:43:48,463 [ERROR] LogOutputStream:75 - [STDERR_REDIRECT] [Fatal Error] :1:1: Premature end of file.
2026-07-16 12:43:48,463 [ERROR] LogOutputStream:75 - [STDERR_REDIRECT] 
2026-07-16 12:43:49,464 [ERROR] LogOutputStream:75 - [STDERR_REDIRECT] [Fatal Error] :1:1: Premature end of file.
2026-07-16 12:43:49,464 [ERROR] LogOutputStream:75 - [STDERR_REDIRECT] 
2026-07-16 12:43:50,463 [ERROR] LogOutputStream:75 - [STDERR_REDIRECT] [Fatal Error] :1:1: Premature end of file.
2026-07-16 12:43:50,463 [ERROR] LogOutputStream:75 - [STDERR_REDIRECT] 
2026-07-16 12:43:51,463 [ERROR] LogOutputStream:75 - [STDERR_REDIRECT] [Fatal Error] :1:1: Premature end of file.
2026-07-16 12:43:51,463 [ERROR] LogOutputStream:75 - [STDERR_REDIRECT] 
2026-07-16 12:43:52,462 [ERROR] LogOutputStream:75 - [STDERR_REDIRECT] [Fatal Error] :1:1: Premature end of file.
2026-07-16 12:43:52,462 [ERROR] LogOutputStream:75 - [STDERR_REDIRECT] 
2026-07-16 12:43:53,463 [ERROR] LogOutputStream:75 - [STDERR_REDIRECT] [Fatal Error] :1:1: Premature end of file.
2026-07-16 12:43:53,463 [ERROR] LogOutputStream:75 - [STDERR_REDIRECT] 
2026-07-16 12:43:54,464 [ERROR] LogOutputStream:75 - [STDERR_REDIRECT] [Fatal Error] :1:1: Premature end of file.
2026-07-16 12:43:54,464 [ERROR] LogOutputStream:75 - [STDERR_REDIRECT] 
2026-07-16 12:43:55,464 [ERROR] LogOutputStream:75 - [STDERR_REDIRECT] [Fatal Error] :1:1: Premature end of file.
2026-07-16 12:43:55,464 [ERROR] LogOutputStream:75 - [STDERR_REDIRECT] 
2026-07-16 12:43:56,464 [ERROR] LogOutputStream:75 - [STDERR_REDIRECT] [Fatal Error] :1:1: Premature end of file.
2026-07-16 12:43:56,464 [ERROR] LogOutputStream:75 - [STDERR_REDIRECT] 
2026-07-16 12:43:57,462 [ERROR] LogOutputStream:75 - [STDERR_REDIRECT] [Fatal Error] :1:1: Premature end of file.
2026-07-16 12:43:57,462 [ERROR] LogOutputStream:75 - [STDERR_REDIRECT] 
2026-07-16 12:43:58,464 [ERROR] LogOutputStream:75 - [STDERR_REDIRECT] [Fatal Error] :1:1: Premature end of file.
2026-07-16 12:43:58,464 [ERROR] LogOutputStream:75 - [STDERR_REDIRECT] 
2026-07-16 12:43:59,462 [ERROR] LogOutputStream:75 - [STDERR_REDIRECT] [Fatal Error] :1:1: Premature end of file.
2026-07-16 12:43:59,462 [ERROR] LogOutputStream:75 - [STDERR_REDIRECT] 
2026-07-16 12:44:00,463 [ERROR] LogOutputStream:75 - [STDERR_REDIRECT] [Fatal Error] :1:1: Premature end of file.
2026-07-16 12:44:00,463 [ERROR] LogOutputStream:75 - [STDERR_REDIRECT] 
2026-07-16 12:44:01,463 [ERROR] LogOutputStream:75 - [STDERR_REDIRECT] [Fatal Error] :1:1: Premature end of file.
2026-07-16 12:44:01,463 [ERROR] LogOutputStream:75 - [STDERR_REDIRECT] 
2026-07-16 12:44:02,463 [ERROR] LogOutputStream:75 - [STDERR_REDIRECT] [Fatal Error] :1:1: Premature end of file.
2026-07-16 12:44:02,463 [ERROR] LogOutputStream:75 - [STDERR_REDIRECT] 
2026-07-16 12:44:03,462 [ERROR] LogOutputStream:75 - [STDERR_REDIRECT] [Fatal Error] :1:1: Premature end of file.
2026-07-16 12:44:03,462 [ERROR] LogOutputStream:75 - [STDERR_REDIRECT] 
2026-07-16 12:44:04,462 [ERROR] LogOutputStream:75 - [STDERR_REDIRECT] [Fatal Error] :1:1: Premature end of file.
2026-07-16 12:44:04,462 [ERROR] LogOutputStream:75 - [STDERR_REDIRECT] 
2026-07-16 12:44:05,464 [ERROR] LogOutputStream:75 - [STDERR_REDIRECT] [Fatal Error] :1:1: Premature end of file.
2026-07-16 12:44:05,464 [ERROR] LogOutputStream:75 - [STDERR_REDIRECT] 
2026-07-16 12:44:06,464 [ERROR] LogOutputStream:75 - [STDERR_REDIRECT] [Fatal Error] :1:1: Premature end of file.
2026-07-16 12:44:06,464 [ERROR] LogOutputStream:75 - [STDERR_REDIRECT] 
2026-07-16 12:44:07,462 [ERROR] LogOutputStream:75 - [STDERR_REDIRECT] [Fatal Error] :1:1: Premature end of file.
2026-07-16 12:44:07,462 [ERROR] LogOutputStream:75 - [STDERR_REDIRECT] 
2026-07-16 12:44:08,462 [ERROR] LogOutputStream:75 - [STDERR_REDIRECT] [Fatal Error] :1:1: Premature end of file.
2026-07-16 12:44:08,462 [ERROR] LogOutputStream:75 - [STDERR_REDIRECT] 
2026-07-16 12:44:09,462 [ERROR] LogOutputStream:75 - [STDERR_REDIRECT] [Fatal Error] :1:1: Premature end of file.
2026-07-16 12:44:09,462 [ERROR] LogOutputStream:75 - [STDERR_REDIRECT] 
2026-07-16 12:44:10,462 [ERROR] LogOutputStream:75 - [STDERR_REDIRECT] [Fatal Error] :1:1: Premature end of file.
2026-07-16 12:44:10,462 [ERROR] LogOutputStream:75 - [STDERR_REDIRECT] 
2026-07-16 12:44:11,463 [ERROR] LogOutputStream:75 - [STDERR_REDIRECT] [Fatal Error] :1:1: Premature end of file.
2026-07-16 12:44:11,463 [ERROR] LogOutputStream:75 - [STDERR_REDIRECT] 
2026-07-16 12:44:12,462 [ERROR] LogOutputStream:75 - [STDERR_REDIRECT] [Fatal Error] :1:1: Premature end of file.
2026-07-16 12:44:12,462 [ERROR] LogOutputStream:75 - [STDERR_REDIRECT] 
2026-07-16 12:44:13,464 [ERROR] LogOutputStream:75 - [STDERR_REDIRECT] [Fatal Error] :1:1: Premature end of file.
2026-07-16 12:44:13,464 [ERROR] LogOutputStream:75 - [STDERR_REDIRECT] 
2026-07-16 12:44:14,461 [ERROR] LogOutputStream:75 - [STDERR_REDIRECT] [Fatal Error] :1:1: Premature end of file.
2026-07-16 12:44:14,461 [ERROR] LogOutputStream:75 - [STDERR_REDIRECT] 
2026-07-16 12:44:15,462 [ERROR] LogOutputStream:75 - [STDERR_REDIRECT] [Fatal Error] :1:1: Premature end of file.
2026-07-16 12:44:15,462 [ERROR] LogOutputStream:75 - [STDERR_REDIRECT] 
2026-07-16 12:44:16,463 [ERROR] LogOutputStream:75 - [STDERR_REDIRECT] [Fatal Error] :1:1: Premature end of file.
2026-07-16 12:44:16,464 [ERROR] LogOutputStream:75 - [STDERR_REDIRECT] 
2026-07-16 12:44:17,462 [ERROR] LogOutputStream:75 - [STDERR_REDIRECT] [Fatal Error] :1:1: Premature end of file.
2026-07-16 12:44:17,462 [ERROR] LogOutputStream:75 - [STDERR_REDIRECT] 
2026-07-16 12:44:18,464 [ERROR] LogOutputStream:75 - [STDERR_REDIRECT] [Fatal Error] :1:1: Premature end of file.
2026-07-16 12:44:18,464 [ERROR] LogOutputStream:75 - [STDERR_REDIRECT] 
2026-07-16 12:44:19,462 [ERROR] LogOutputStream:75 - [STDERR_REDIRECT] [Fatal Error] :1:1: Premature end of file.
2026-07-16 12:44:19,462 [ERROR] LogOutputStream:75 - [STDERR_REDIRECT] 
2026-07-16 12:44:20,463 [ERROR] LogOutputStream:75 - [STDERR_REDIRECT] [Fatal Error] :1:1: Premature end of file.
2026-07-16 12:44:20,463 [ERROR] LogOutputStream:75 - [STDERR_REDIRECT] 
2026-07-16 12:44:21,464 [ERROR] LogOutputStream:75 - [STDERR_REDIRECT] [Fatal Error] :1:1: Premature end of file.
2026-07-16 12:44:21,464 [ERROR] LogOutputStream:75 - [STDERR_REDIRECT] 
2026-07-16 12:44:22,462 [ERROR] LogOutputStream:75 - [STDERR_REDIRECT] [Fatal Error] :1:1: Premature end of file.
2026-07-16 12:44:22,462 [ERROR] LogOutputStream:75 - [STDERR_REDIRECT] 
2026-07-16 12:44:23,462 [ERROR] LogOutputStream:75 - [STDERR_REDIRECT] [Fatal Error] :1:1: Premature end of file.
2026-07-16 12:44:23,462 [ERROR] LogOutputStream:75 - [STDERR_REDIRECT] 
2026-07-16 12:44:24,462 [ERROR] LogOutputStream:75 - [STDERR_REDIRECT] [Fatal Error] :1:1: Premature end of file.
2026-07-16 12:44:24,462 [ERROR] LogOutputStream:75 - [STDERR_REDIRECT] 
2026-07-16 12:44:25,462 [ERROR] LogOutputStream:75 - [STDERR_REDIRECT] [Fatal Error] :1:1: Premature end of file.
2026-07-16 12:44:25,462 [ERROR] LogOutputStream:75 - [STDERR_REDIRECT] 
2026-07-16 12:44:26,463 [ERROR] LogOutputStream:75 - [STDERR_REDIRECT] [Fatal Error] :1:1: Premature end of file.
2026-07-16 12:44:26,463 [ERROR] LogOutputStream:75 - [STDERR_REDIRECT] 
2026-07-16 12:44:27,463 [ERROR] LogOutputStream:75 - [STDERR_REDIRECT] [Fatal Error] :1:1: Premature end of file.
2026-07-16 12:44:27,463 [ERROR] LogOutputStream:75 - [STDERR_REDIRECT] 
2026-07-16 12:44:28,462 [ERROR] LogOutputStream:75 - [STDERR_REDIRECT] [Fatal Error] :1:1: Premature end of file.
2026-07-16 12:44:28,462 [ERROR] LogOutputStream:75 - [STDERR_REDIRECT] 
2026-07-16 12:44:29,464 [ERROR] LogOutputStream:75 - [STDERR_REDIRECT] [Fatal Error] :1:1: Premature end of file.
2026-07-16 12:44:29,464 [ERROR] LogOutputStream:75 - [STDERR_REDIRECT] 
2026-07-16 12:44:30,464 [ERROR] LogOutputStream:75 - [STDERR_REDIRECT] [Fatal Error] :1:1: Premature end of file.
2026-07-16 12:44:30,464 [ERROR] LogOutputStream:75 - [STDERR_REDIRECT] 
2026-07-16 12:44:31,463 [ERROR] LogOutputStream:75 - [STDERR_REDIRECT] [Fatal Error] :1:1: Premature end of file.
2026-07-16 12:44:31,463 [ERROR] LogOutputStream:75 - [STDERR_REDIRECT] 
2026-07-16 12:44:32,462 [ERROR] LogOutputStream:75 - [STDERR_REDIRECT] [Fatal Error] :1:1: Premature end of file.
2026-07-16 12:44:32,463 [ERROR] LogOutputStream:75 - [STDERR_REDIRECT] 
2026-07-16 12:44:33,463 [ERROR] LogOutputStream:75 - [STDERR_REDIRECT] [Fatal Error] :1:1: Premature end of file.
2026-07-16 12:44:33,463 [ERROR] LogOutputStream:75 - [STDERR_REDIRECT] 
2026-07-16 12:44:34,463 [ERROR] LogOutputStream:75 - [STDERR_REDIRECT] [Fatal Error] :1:1: Premature end of file.
2026-07-16 12:44:34,463 [ERROR] LogOutputStream:75 - [STDERR_REDIRECT] 
2026-07-16 12:44:35,463 [ERROR] LogOutputStream:75 - [STDERR_REDIRECT] [Fatal Error] :1:1: Premature end of file.
2026-07-16 12:44:35,463 [ERROR] LogOutputStream:75 - [STDERR_REDIRECT] 
2026-07-16 12:44:36,462 [ERROR] LogOutputStream:75 - [STDERR_REDIRECT] [Fatal Error] :1:1: Premature end of file.
2026-07-16 12:44:36,462 [ERROR] LogOutputStream:75 - [STDERR_REDIRECT] 
2026-07-16 12:44:37,463 [ERROR] LogOutputStream:75 - [STDERR_REDIRECT] [Fatal Error] :1:1: Premature end of file.
2026-07-16 12:44:37,463 [ERROR] LogOutputStream:75 - [STDERR_REDIRECT] 
2026-07-16 12:44:38,462 [ERROR] LogOutputStream:75 - [STDERR_REDIRECT] [Fatal Error] :1:1: Premature end of file.
2026-07-16 12:44:38,462 [ERROR] LogOutputStream:75 - [STDERR_REDIRECT] 
2026-07-16 12:44:39,462 [ERROR] LogOutputStream:75 - [STDERR_REDIRECT] [Fatal Error] :1:1: Premature end of file.
2026-07-16 12:44:39,463 [ERROR] LogOutputStream:75 - [STDERR_REDIRECT] 
2026-07-16 12:44:40,462 [ERROR] LogOutputStream:75 - [STDERR_REDIRECT] [Fatal Error] :1:1: Premature end of file.
2026-07-16 12:44:40,463 [ERROR] LogOutputStream:75 - [STDERR_REDIRECT] 
2026-07-16 12:44:41,463 [ERROR] LogOutputStream:75 - [STDERR_REDIRECT] [Fatal Error] :1:1: Premature end of file.
2026-07-16 12:44:41,463 [ERROR] LogOutputStream:75 - [STDERR_REDIRECT] 
2026-07-16 12:44:42,463 [ERROR] LogOutputStream:75 - [STDERR_REDIRECT] [Fatal Error] :1:1: Premature end of file.
2026-07-16 12:44:42,463 [ERROR] LogOutputStream:75 - [STDERR_REDIRECT] 
2026-07-16 12:44:43,462 [ERROR] LogOutputStream:75 - [STDERR_REDIRECT] [Fatal Error] :1:1: Premature end of file.
2026-07-16 12:44:43,463 [ERROR] LogOutputStream:75 - [STDERR_REDIRECT] 
2026-07-16 12:44:44,463 [ERROR] LogOutputStream:75 - [STDERR_REDIRECT] [Fatal Error] :1:1: Premature end of file.
2026-07-16 12:44:44,463 [ERROR] LogOutputStream:75 - [STDERR_REDIRECT] 
2026-07-16 12:44:45,462 [ERROR] LogOutputStream:75 - [STDERR_REDIRECT] [Fatal Error] :1:1: Premature end of file.
2026-07-16 12:44:45,463 [ERROR] LogOutputStream:75 - [STDERR_REDIRECT] 
2026-07-16 12:44:46,461 [ERROR] LogOutputStream:75 - [STDERR_REDIRECT] [Fatal Error] :1:1: Premature end of file.
2026-07-16 12:44:46,461 [ERROR] LogOutputStream:75 - [STDERR_REDIRECT] 
2026-07-16 12:44:47,463 [ERROR] LogOutputStream:75 - [STDERR_REDIRECT] [Fatal Error] :1:1: Premature end of file.
2026-07-16 12:44:47,463 [ERROR] LogOutputStream:75 - [STDERR_REDIRECT] 
2026-07-16 12:44:48,463 [ERROR] LogOutputStream:75 - [STDERR_REDIRECT] [Fatal Error] :1:1: Premature end of file.
2026-07-16 12:44:48,463 [ERROR] LogOutputStream:75 - [STDERR_REDIRECT] 
2026-07-16 12:44:49,463 [ERROR] LogOutputStream:75 - [STDERR_REDIRECT] [Fatal Error] :1:1: Premature end of file.
2026-07-16 12:44:49,463 [ERROR] LogOutputStream:75 - [STDERR_REDIRECT] 
2026-07-16 12:44:50,462 [ERROR] LogOutputStream:75 - [STDERR_REDIRECT] [Fatal Error] :1:1: Premature end of file.
2026-07-16 12:44:50,462 [ERROR] LogOutputStream:75 - [STDERR_REDIRECT] 
2026-07-16 12:44:51,464 [ERROR] LogOutputStream:75 - [STDERR_REDIRECT] [Fatal Error] :1:1: Premature end of file.
2026-07-16 12:44:51,464 [ERROR] LogOutputStream:75 - [STDERR_REDIRECT] 
2026-07-16 12:44:52,463 [ERROR] LogOutputStream:75 - [STDERR_REDIRECT] [Fatal Error] :1:1: Premature end of file.
2026-07-16 12:44:52,463 [ERROR] LogOutputStream:75 - [STDERR_REDIRECT] 
2026-07-16 12:44:53,462 [ERROR] LogOutputStream:75 - [STDERR_REDIRECT] [Fatal Error] :1:1: Premature end of file.
2026-07-16 12:44:53,462 [ERROR] LogOutputStream:75 - [STDERR_REDIRECT] 
2026-07-16 12:44:54,463 [ERROR] LogOutputStream:75 - [STDERR_REDIRECT] [Fatal Error] :1:1: Premature end of file.
2026-07-16 12:44:54,463 [ERROR] LogOutputStream:75 - [STDERR_REDIRECT] 
2026-07-16 12:44:55,461 [ERROR] LogOutputStream:75 - [STDERR_REDIRECT] [Fatal Error] :1:1: Premature end of file.
2026-07-16 12:44:55,461 [ERROR] LogOutputStream:75 - [STDERR_REDIRECT] 
2026-07-16 12:44:56,462 [ERROR] LogOutputStream:75 - [STDERR_REDIRECT] [Fatal Error] :1:1: Premature end of file.
2026-07-16 12:44:56,462 [ERROR] LogOutputStream:75 - [STDERR_REDIRECT] 
2026-07-16 12:44:57,462 [ERROR] LogOutputStream:75 - [STDERR_REDIRECT] [Fatal Error] :1:1: Premature end of file.
2026-07-16 12:44:57,462 [ERROR] LogOutputStream:75 - [STDERR_REDIRECT] 
2026-07-16 12:44:58,463 [ERROR] LogOutputStream:75 - [STDERR_REDIRECT] [Fatal Error] :1:1: Premature end of file.
2026-07-16 12:44:58,463 [ERROR] LogOutputStream:75 - [STDERR_REDIRECT] 
2026-07-16 12:44:59,465 [ERROR] LogOutputStream:75 - [STDERR_REDIRECT] [Fatal Error] :1:1: Premature end of file.
2026-07-16 12:44:59,465 [ERROR] LogOutputStream:75 - [STDERR_REDIRECT] 
2026-07-16 12:45:00,463 [ERROR] LogOutputStream:75 - [STDERR_REDIRECT] [Fatal Error] :1:1: Premature end of file.
2026-07-16 12:45:00,463 [ERROR] LogOutputStream:75 - [STDERR_REDIRECT] 
2026-07-16 12:45:01,462 [ERROR] LogOutputStream:75 - [STDERR_REDIRECT] [Fatal Error] :1:1: Premature end of file.
2026-07-16 12:45:01,462 [ERROR] LogOutputStream:75 - [STDERR_REDIRECT] 
2026-07-16 12:45:02,463 [ERROR] LogOutputStream:75 - [STDERR_REDIRECT] [Fatal Error] :1:1: Premature end of file.
2026-07-16 12:45:02,463 [ERROR] LogOutputStream:75 - [STDERR_REDIRECT] 
2026-07-16 12:45:03,463 [ERROR] LogOutputStream:75 - [STDERR_REDIRECT] [Fatal Error] :1:1: Premature end of file.
2026-07-16 12:45:03,463 [ERROR] LogOutputStream:75 - [STDERR_REDIRECT] 
2026-07-16 12:45:04,463 [ERROR] LogOutputStream:75 - [STDERR_REDIRECT] [Fatal Error] :1:1: Premature end of file.
2026-07-16 12:45:04,464 [ERROR] LogOutputStream:75 - [STDERR_REDIRECT] 
2026-07-16 12:45:05,463 [ERROR] LogOutputStream:75 - [STDERR_REDIRECT] [Fatal Error] :1:1: Premature end of file.
2026-07-16 12:45:05,463 [ERROR] LogOutputStream:75 - [STDERR_REDIRECT] 
2026-07-16 12:45:06,463 [ERROR] LogOutputStream:75 - [STDERR_REDIRECT] [Fatal Error] :1:1: Premature end of file.
2026-07-16 12:45:06,463 [ERROR] LogOutputStream:75 - [STDERR_REDIRECT] 
2026-07-16 12:45:07,462 [ERROR] LogOutputStream:75 - [STDERR_REDIRECT] [Fatal Error] :1:1: Premature end of file.
2026-07-16 12:45:07,462 [ERROR] LogOutputStream:75 - [STDERR_REDIRECT] 
2026-07-16 12:45:08,464 [ERROR] LogOutputStream:75 - [STDERR_REDIRECT] [Fatal Error] :1:1: Premature end of file.
2026-07-16 12:45:08,464 [ERROR] LogOutputStream:75 - [STDERR_REDIRECT] 
2026-07-16 12:45:09,462 [ERROR] LogOutputStream:75 - [STDERR_REDIRECT] [Fatal Error] :1:1: Premature end of file.
2026-07-16 12:45:09,463 [ERROR] LogOutputStream:75 - [STDERR_REDIRECT] 
2026-07-16 12:45:10,461 [ERROR] LogOutputStream:75 - [STDERR_REDIRECT] [Fatal Error] :1:1: Premature end of file.
2026-07-16 12:45:10,461 [ERROR] LogOutputStream:75 - [STDERR_REDIRECT] 
2026-07-16 12:45:11,462 [ERROR] LogOutputStream:75 - [STDERR_REDIRECT] [Fatal Error] :1:1: Premature end of file.
2026-07-16 12:45:11,462 [ERROR] LogOutputStream:75 - [STDERR_REDIRECT] 
2026-07-16 12:45:12,463 [ERROR] LogOutputStream:75 - [STDERR_REDIRECT] [Fatal Error] :1:1: Premature end of file.
2026-07-16 12:45:12,463 [ERROR] LogOutputStream:75 - [STDERR_REDIRECT] 
2026-07-16 12:45:13,465 [ERROR] LogOutputStream:75 - [STDERR_REDIRECT] [Fatal Error] :1:1: Premature end of file.
2026-07-16 12:45:13,465 [ERROR] LogOutputStream:75 - [STDERR_REDIRECT] 
2026-07-16 12:45:14,461 [ERROR] LogOutputStream:75 - [STDERR_REDIRECT] [Fatal Error] :1:1: Premature end of file.
2026-07-16 12:45:14,461 [ERROR] LogOutputStream:75 - [STDERR_REDIRECT] 
2026-07-16 12:45:15,462 [ERROR] LogOutputStream:75 - [STDERR_REDIRECT] [Fatal Error] :1:1: Premature end of file.
2026-07-16 12:45:15,462 [ERROR] LogOutputStream:75 - [STDERR_REDIRECT] 
2026-07-16 12:45:16,463 [ERROR] LogOutputStream:75 - [STDERR_REDIRECT] [Fatal Error] :1:1: Premature end of file.
2026-07-16 12:45:16,463 [ERROR] LogOutputStream:75 - [STDERR_REDIRECT] 
2026-07-16 12:45:17,462 [ERROR] LogOutputStream:75 - [STDERR_REDIRECT] [Fatal Error] :1:1: Premature end of file.
2026-07-16 12:45:17,462 [ERROR] LogOutputStream:75 - [STDERR_REDIRECT] 
2026-07-16 12:45:18,462 [ERROR] LogOutputStream:75 - [STDERR_REDIRECT] [Fatal Error] :1:1: Premature end of file.
2026-07-16 12:45:18,462 [ERROR] LogOutputStream:75 - [STDERR_REDIRECT] 
2026-07-16 12:45:19,463 [ERROR] LogOutputStream:75 - [STDERR_REDIRECT] [Fatal Error] :1:1: Premature end of file.
2026-07-16 12:45:19,463 [ERROR] LogOutputStream:75 - [STDERR_REDIRECT] 
2026-07-16 12:45:20,463 [ERROR] LogOutputStream:75 - [STDERR_REDIRECT] [Fatal Error] :1:1: Premature end of file.
2026-07-16 12:45:20,463 [ERROR] LogOutputStream:75 - [STDERR_REDIRECT] 
2026-07-16 12:45:21,461 [ERROR] LogOutputStream:75 - [STDERR_REDIRECT] [Fatal Error] :1:1: Premature end of file.
2026-07-16 12:45:21,461 [ERROR] LogOutputStream:75 - [STDERR_REDIRECT] 
2026-07-16 12:45:22,463 [ERROR] LogOutputStream:75 - [STDERR_REDIRECT] [Fatal Error] :1:1: Premature end of file.
2026-07-16 12:45:22,463 [ERROR] LogOutputStream:75 - [STDERR_REDIRECT] 
2026-07-16 12:45:23,463 [ERROR] LogOutputStream:75 - [STDERR_REDIRECT] [Fatal Error] :1:1: Premature end of file.
2026-07-16 12:45:23,463 [ERROR] LogOutputStream:75 - [STDERR_REDIRECT] 
2026-07-16 12:45:24,461 [ERROR] LogOutputStream:75 - [STDERR_REDIRECT] [Fatal Error] :1:1: Premature end of file.
2026-07-16 12:45:24,461 [ERROR] LogOutputStream:75 - [STDERR_REDIRECT] 
2026-07-16 12:45:25,462 [ERROR] LogOutputStream:75 - [STDERR_REDIRECT] [Fatal Error] :1:1: Premature end of file.
2026-07-16 12:45:25,462 [ERROR] LogOutputStream:75 - [STDERR_REDIRECT] 
2026-07-16 12:45:26,461 [ERROR] LogOutputStream:75 - [STDERR_REDIRECT] [Fatal Error] :1:1: Premature end of file.
2026-07-16 12:45:26,461 [ERROR] LogOutputStream:75 - [STDERR_REDIRECT] 
2026-07-16 12:45:27,462 [ERROR] LogOutputStream:75 - [STDERR_REDIRECT] [Fatal Error] :1:1: Premature end of file.
2026-07-16 12:45:27,462 [ERROR] LogOutputStream:75 - [STDERR_REDIRECT] 
2026-07-16 12:45:28,463 [ERROR] LogOutputStream:75 - [STDERR_REDIRECT] [Fatal Error] :1:1: Premature end of file.
2026-07-16 12:45:28,463 [ERROR] LogOutputStream:75 - [STDERR_REDIRECT] 
2026-07-16 12:45:29,464 [ERROR] LogOutputStream:75 - [STDERR_REDIRECT] [Fatal Error] :1:1: Premature end of file.
2026-07-16 12:45:29,464 [ERROR] LogOutputStream:75 - [STDERR_REDIRECT] 
2026-07-16 12:45:30,462 [ERROR] LogOutputStream:75 - [STDERR_REDIRECT] [Fatal Error] :1:1: Premature end of file.
2026-07-16 12:45:30,462 [ERROR] LogOutputStream:75 - [STDERR_REDIRECT] 
2026-07-16 12:45:31,464 [ERROR] LogOutputStream:75 - [STDERR_REDIRECT] [Fatal Error] :1:1: Premature end of file.
2026-07-16 12:45:31,464 [ERROR] LogOutputStream:75 - [STDERR_REDIRECT] 
2026-07-16 12:45:32,464 [ERROR] LogOutputStream:75 - [STDERR_REDIRECT] [Fatal Error] :1:1: Premature end of file.
2026-07-16 12:45:32,464 [ERROR] LogOutputStream:75 - [STDERR_REDIRECT] 
2026-07-16 12:45:33,462 [ERROR] LogOutputStream:75 - [STDERR_REDIRECT] [Fatal Error] :1:1: Premature end of file.
2026-07-16 12:45:33,462 [ERROR] LogOutputStream:75 - [STDERR_REDIRECT] 
2026-07-16 12:45:34,462 [ERROR] LogOutputStream:75 - [STDERR_REDIRECT] [Fatal Error] :1:1: Premature end of file.
2026-07-16 12:45:34,462 [ERROR] LogOutputStream:75 - [STDERR_REDIRECT] 
2026-07-16 12:45:35,464 [ERROR] LogOutputStream:75 - [STDERR_REDIRECT] [Fatal Error] :1:1: Premature end of file.
2026-07-16 12:45:35,464 [ERROR] LogOutputStream:75 - [STDERR_REDIRECT] 
2026-07-16 12:45:36,464 [ERROR] LogOutputStream:75 - [STDERR_REDIRECT] [Fatal Error] :1:1: Premature end of file.
2026-07-16 12:45:36,464 [ERROR] LogOutputStream:75 - [STDERR_REDIRECT] 
2026-07-16 12:45:37,464 [ERROR] LogOutputStream:75 - [STDERR_REDIRECT] [Fatal Error] :1:1: Premature end of file.
2026-07-16 12:45:37,464 [ERROR] LogOutputStream:75 - [STDERR_REDIRECT] 
2026-07-16 12:45:38,462 [ERROR] LogOutputStream:75 - [STDERR_REDIRECT] [Fatal Error] :1:1: Premature end of file.
2026-07-16 12:45:38,462 [ERROR] LogOutputStream:75 - [STDERR_REDIRECT] 
2026-07-16 12:45:39,465 [ERROR] LogOutputStream:75 - [STDERR_REDIRECT] [Fatal Error] :1:1: Premature end of file.
2026-07-16 12:45:39,465 [ERROR] LogOutputStream:75 - [STDERR_REDIRECT] 
2026-07-16 12:45:40,464 [ERROR] LogOutputStream:75 - [STDERR_REDIRECT] [Fatal Error] :1:1: Premature end of file.
2026-07-16 12:45:40,464 [ERROR] LogOutputStream:75 - [STDERR_REDIRECT] 
2026-07-16 12:45:41,463 [ERROR] LogOutputStream:75 - [STDERR_REDIRECT] [Fatal Error] :1:1: Premature end of file.
2026-07-16 12:45:41,464 [ERROR] LogOutputStream:75 - [STDERR_REDIRECT] 
2026-07-16 12:45:42,463 [ERROR] LogOutputStream:75 - [STDERR_REDIRECT] [Fatal Error] :1:1: Premature end of file.
2026-07-16 12:45:42,463 [ERROR] LogOutputStream:75 - [STDERR_REDIRECT] 
2026-07-16 12:45:43,462 [ERROR] LogOutputStream:75 - [STDERR_REDIRECT] [Fatal Error] :1:1: Premature end of file.
2026-07-16 12:45:43,462 [ERROR] LogOutputStream:75 - [STDERR_REDIRECT] 
2026-07-16 12:45:44,463 [ERROR] LogOutputStream:75 - [STDERR_REDIRECT] [Fatal Error] :1:1: Premature end of file.
2026-07-16 12:45:44,463 [ERROR] LogOutputStream:75 - [STDERR_REDIRECT] 
2026-07-16 12:45:45,463 [ERROR] LogOutputStream:75 - [STDERR_REDIRECT] [Fatal Error] :1:1: Premature end of file.
2026-07-16 12:45:45,463 [ERROR] LogOutputStream:75 - [STDERR_REDIRECT] 
2026-07-16 12:45:46,465 [ERROR] LogOutputStream:75 - [STDERR_REDIRECT] [Fatal Error] :1:1: Premature end of file.
2026-07-16 12:45:46,465 [ERROR] LogOutputStream:75 - [STDERR_REDIRECT] 
2026-07-16 12:45:47,463 [ERROR] LogOutputStream:75 - [STDERR_REDIRECT] [Fatal Error] :1:1: Premature end of file.
2026-07-16 12:45:47,463 [ERROR] LogOutputStream:75 - [STDERR_REDIRECT] 
2026-07-16 12:45:48,464 [ERROR] LogOutputStream:75 - [STDERR_REDIRECT] [Fatal Error] :1:1: Premature end of file.
2026-07-16 12:45:48,465 [ERROR] LogOutputStream:75 - [STDERR_REDIRECT] 
2026-07-16 12:45:49,462 [ERROR] LogOutputStream:75 - [STDERR_REDIRECT] [Fatal Error] :1:1: Premature end of file.
2026-07-16 12:45:49,462 [ERROR] LogOutputStream:75 - [STDERR_REDIRECT] 
2026-07-16 12:45:50,465 [ERROR] LogOutputStream:75 - [STDERR_REDIRECT] [Fatal Error] :1:1: Premature end of file.
2026-07-16 12:45:50,465 [ERROR] LogOutputStream:75 - [STDERR_REDIRECT] 
2026-07-16 12:45:51,463 [ERROR] LogOutputStream:75 - [STDERR_REDIRECT] [Fatal Error] :1:1: Premature end of file.
2026-07-16 12:45:51,463 [ERROR] LogOutputStream:75 - [STDERR_REDIRECT] 
2026-07-16 12:45:52,464 [ERROR] LogOutputStream:75 - [STDERR_REDIRECT] [Fatal Error] :1:1: Premature end of file.
2026-07-16 12:45:52,464 [ERROR] LogOutputStream:75 - [STDERR_REDIRECT] 
2026-07-16 12:45:53,463 [ERROR] LogOutputStream:75 - [STDERR_REDIRECT] [Fatal Error] :1:1: Premature end of file.
2026-07-16 12:45:53,464 [ERROR] LogOutputStream:75 - [STDERR_REDIRECT] 
2026-07-16 12:45:54,463 [ERROR] LogOutputStream:75 - [STDERR_REDIRECT] [Fatal Error] :1:1: Premature end of file.
2026-07-16 12:45:54,463 [ERROR] LogOutputStream:75 - [STDERR_REDIRECT] 
2026-07-16 12:45:55,462 [ERROR] LogOutputStream:75 - [STDERR_REDIRECT] [Fatal Error] :1:1: Premature end of file.
2026-07-16 12:45:55,462 [ERROR] LogOutputStream:75 - [STDERR_REDIRECT] 
2026-07-16 12:45:56,463 [ERROR] LogOutputStream:75 - [STDERR_REDIRECT] [Fatal Error] :1:1: Premature end of file.
2026-07-16 12:45:56,463 [ERROR] LogOutputStream:75 - [STDERR_REDIRECT] 
2026-07-16 12:45:57,463 [ERROR] LogOutputStream:75 - [STDERR_REDIRECT] [Fatal Error] :1:1: Premature end of file.
2026-07-16 12:45:57,463 [ERROR] LogOutputStream:75 - [STDERR_REDIRECT] 
2026-07-16 12:45:58,463 [ERROR] LogOutputStream:75 - [STDERR_REDIRECT] [Fatal Error] :1:1: Premature end of file.
2026-07-16 12:45:58,463 [ERROR] LogOutputStream:75 - [STDERR_REDIRECT] 
2026-07-16 12:45:59,462 [ERROR] LogOutputStream:75 - [STDERR_REDIRECT] [Fatal Error] :1:1: Premature end of file.
2026-07-16 12:45:59,462 [ERROR] LogOutputStream:75 - [STDERR_REDIRECT] 
2026-07-16 12:46:00,463 [ERROR] LogOutputStream:75 - [STDERR_REDIRECT] [Fatal Error] :1:1: Premature end of file.
2026-07-16 12:46:00,463 [ERROR] LogOutputStream:75 - [STDERR_REDIRECT] 
2026-07-16 12:46:01,464 [ERROR] LogOutputStream:75 - [STDERR_REDIRECT] [Fatal Error] :1:1: Premature end of file.
2026-07-16 12:46:01,464 [ERROR] LogOutputStream:75 - [STDERR_REDIRECT] 
2026-07-16 12:46:02,462 [ERROR] LogOutputStream:75 - [STDERR_REDIRECT] [Fatal Error] :1:1: Premature end of file.
2026-07-16 12:46:02,462 [ERROR] LogOutputStream:75 - [STDERR_REDIRECT] 
2026-07-16 12:46:03,462 [ERROR] LogOutputStream:75 - [STDERR_REDIRECT] [Fatal Error] :1:1: Premature end of file.
2026-07-16 12:46:03,462 [ERROR] LogOutputStream:75 - [STDERR_REDIRECT] 
2026-07-16 12:46:04,463 [ERROR] LogOutputStream:75 - [STDERR_REDIRECT] [Fatal Error] :1:1: Premature end of file.
2026-07-16 12:46:04,463 [ERROR] LogOutputStream:75 - [STDERR_REDIRECT] 
2026-07-16 12:46:05,462 [ERROR] LogOutputStream:75 - [STDERR_REDIRECT] [Fatal Error] :1:1: Premature end of file.
2026-07-16 12:46:05,462 [ERROR] LogOutputStream:75 - [STDERR_REDIRECT] 
2026-07-16 12:46:06,462 [ERROR] LogOutputStream:75 - [STDERR_REDIRECT] [Fatal Error] :1:1: Premature end of file.
2026-07-16 12:46:06,462 [ERROR] LogOutputStream:75 - [STDERR_REDIRECT] 
2026-07-16 12:46:07,463 [ERROR] LogOutputStream:75 - [STDERR_REDIRECT] [Fatal Error] :1:1: Premature end of file.
2026-07-16 12:46:07,463 [ERROR] LogOutputStream:75 - [STDERR_REDIRECT] 
2026-07-16 12:46:08,463 [ERROR] LogOutputStream:75 - [STDERR_REDIRECT] [Fatal Error] :1:1: Premature end of file.
2026-07-16 12:46:08,463 [ERROR] LogOutputStream:75 - [STDERR_REDIRECT] 
2026-07-16 12:46:09,462 [ERROR] LogOutputStream:75 - [STDERR_REDIRECT] [Fatal Error] :1:1: Premature end of file.
2026-07-16 12:46:09,462 [ERROR] LogOutputStream:75 - [STDERR_REDIRECT] 
2026-07-16 12:46:10,464 [ERROR] LogOutputStream:75 - [STDERR_REDIRECT] [Fatal Error] :1:1: Premature end of file.
2026-07-16 12:46:10,464 [ERROR] LogOutputStream:75 - [STDERR_REDIRECT] 
2026-07-16 12:46:11,463 [ERROR] LogOutputStream:75 - [STDERR_REDIRECT] [Fatal Error] :1:1: Premature end of file.
2026-07-16 12:46:11,463 [ERROR] LogOutputStream:75 - [STDERR_REDIRECT] 
2026-07-16 12:46:12,463 [ERROR] LogOutputStream:75 - [STDERR_REDIRECT] [Fatal Error] :1:1: Premature end of file.
2026-07-16 12:46:12,463 [ERROR] LogOutputStream:75 - [STDERR_REDIRECT] 
2026-07-16 12:46:13,462 [ERROR] LogOutputStream:75 - [STDERR_REDIRECT] [Fatal Error] :1:1: Premature end of file.
2026-07-16 12:46:13,462 [ERROR] LogOutputStream:75 - [STDERR_REDIRECT] 
2026-07-16 12:46:14,461 [ERROR] LogOutputStream:75 - [STDERR_REDIRECT] [Fatal Error] :1:1: Premature end of file.
2026-07-16 12:46:14,461 [ERROR] LogOutputStream:75 - [STDERR_REDIRECT] 
2026-07-16 12:46:15,464 [ERROR] LogOutputStream:75 - [STDERR_REDIRECT] [Fatal Error] :1:1: Premature end of file.
2026-07-16 12:46:15,464 [ERROR] LogOutputStream:75 - [STDERR_REDIRECT] 
2026-07-16 12:46:16,462 [ERROR] LogOutputStream:75 - [STDERR_REDIRECT] [Fatal Error] :1:1: Premature end of file.
2026-07-16 12:46:16,462 [ERROR] LogOutputStream:75 - [STDERR_REDIRECT] 
2026-07-16 12:46:17,462 [ERROR] LogOutputStream:75 - [STDERR_REDIRECT] [Fatal Error] :1:1: Premature end of file.
2026-07-16 12:46:17,462 [ERROR] LogOutputStream:75 - [STDERR_REDIRECT] 
2026-07-16 12:46:18,464 [ERROR] LogOutputStream:75 - [STDERR_REDIRECT] [Fatal Error] :1:1: Premature end of file.
2026-07-16 12:46:18,464 [ERROR] LogOutputStream:75 - [STDERR_REDIRECT] 
2026-07-16 12:46:19,462 [ERROR] LogOutputStream:75 - [STDERR_REDIRECT] [Fatal Error] :1:1: Premature end of file.
2026-07-16 12:46:19,462 [ERROR] LogOutputStream:75 - [STDERR_REDIRECT] 
2026-07-16 12:46:20,464 [ERROR] LogOutputStream:75 - [STDERR_REDIRECT] [Fatal Error] :1:1: Premature end of file.
2026-07-16 12:46:20,464 [ERROR] LogOutputStream:75 - [STDERR_REDIRECT] 
2026-07-16 12:46:21,463 [ERROR] LogOutputStream:75 - [STDERR_REDIRECT] [Fatal Error] :1:1: Premature end of file.
2026-07-16 12:46:21,463 [ERROR] LogOutputStream:75 - [STDERR_REDIRECT] 
2026-07-16 12:46:22,462 [ERROR] LogOutputStream:75 - [STDERR_REDIRECT] [Fatal Error] :1:1: Premature end of file.
2026-07-16 12:46:22,462 [ERROR] LogOutputStream:75 - [STDERR_REDIRECT] 
2026-07-16 12:46:23,462 [ERROR] LogOutputStream:75 - [STDERR_REDIRECT] [Fatal Error] :1:1: Premature end of file.
2026-07-16 12:46:23,462 [ERROR] LogOutputStream:75 - [STDERR_REDIRECT] 
2026-07-16 12:46:24,464 [ERROR] LogOutputStream:75 - [STDERR_REDIRECT] [Fatal Error] :1:1: Premature end of file.
2026-07-16 12:46:24,464 [ERROR] LogOutputStream:75 - [STDERR_REDIRECT] 
2026-07-16 12:46:25,464 [ERROR] LogOutputStream:75 - [STDERR_REDIRECT] [Fatal Error] :1:1: Premature end of file.
2026-07-16 12:46:25,464 [ERROR] LogOutputStream:75 - [STDERR_REDIRECT] 
2026-07-16 12:46:26,466 [ERROR] LogOutputStream:75 - [STDERR_REDIRECT] [Fatal Error] :1:1: Premature end of file.
2026-07-16 12:46:26,466 [ERROR] LogOutputStream:75 - [STDERR_REDIRECT] 
2026-07-16 12:46:27,465 [ERROR] LogOutputStream:75 - [STDERR_REDIRECT] [Fatal Error] :1:1: Premature end of file.
2026-07-16 12:46:27,465 [ERROR] LogOutputStream:75 - [STDERR_REDIRECT] 
2026-07-16 12:46:28,462 [ERROR] LogOutputStream:75 - [STDERR_REDIRECT] [Fatal Error] :1:1: Premature end of file.
2026-07-16 12:46:28,462 [ERROR] LogOutputStream:75 - [STDERR_REDIRECT] 
2026-07-16 12:46:29,464 [ERROR] LogOutputStream:75 - [STDERR_REDIRECT] [Fatal Error] :1:1: Premature end of file.
2026-07-16 12:46:29,464 [ERROR] LogOutputStream:75 - [STDERR_REDIRECT] 
2026-07-16 12:46:30,465 [ERROR] LogOutputStream:75 - [STDERR_REDIRECT] [Fatal Error] :1:1: Premature end of file.
2026-07-16 12:46:30,465 [ERROR] LogOutputStream:75 - [STDERR_REDIRECT] 
2026-07-16 12:46:31,462 [ERROR] LogOutputStream:75 - [STDERR_REDIRECT] [Fatal Error] :1:1: Premature end of file.
2026-07-16 12:46:31,463 [ERROR] LogOutputStream:75 - [STDERR_REDIRECT] 
2026-07-16 12:46:32,463 [ERROR] LogOutputStream:75 - [STDERR_REDIRECT] [Fatal Error] :1:1: Premature end of file.
2026-07-16 12:46:32,463 [ERROR] LogOutputStream:75 - [STDERR_REDIRECT] 
2026-07-16 12:46:33,463 [ERROR] LogOutputStream:75 - [STDERR_REDIRECT] [Fatal Error] :1:1: Premature end of file.
2026-07-16 12:46:33,463 [ERROR] LogOutputStream:75 - [STDERR_REDIRECT] 
2026-07-16 12:46:34,465 [ERROR] LogOutputStream:75 - [STDERR_REDIRECT] [Fatal Error] :1:1: Premature end of file.
2026-07-16 12:46:34,465 [ERROR] LogOutputStream:75 - [STDERR_REDIRECT] 
2026-07-16 12:46:35,462 [ERROR] LogOutputStream:75 - [STDERR_REDIRECT] [Fatal Error] :1:1: Premature end of file.
2026-07-16 12:46:35,462 [ERROR] LogOutputStream:75 - [STDERR_REDIRECT] 
2026-07-16 12:46:36,464 [ERROR] LogOutputStream:75 - [STDERR_REDIRECT] [Fatal Error] :1:1: Premature end of file.
2026-07-16 12:46:36,464 [ERROR] LogOutputStream:75 - [STDERR_REDIRECT] 
2026-07-16 12:46:37,464 [ERROR] LogOutputStream:75 - [STDERR_REDIRECT] [Fatal Error] :1:1: Premature end of file.
2026-07-16 12:46:37,464 [ERROR] LogOutputStream:75 - [STDERR_REDIRECT] 
2026-07-16 12:46:38,463 [ERROR] LogOutputStream:75 - [STDERR_REDIRECT] [Fatal Error] :1:1: Premature end of file.
2026-07-16 12:46:38,463 [ERROR] LogOutputStream:75 - [STDERR_REDIRECT] 
2026-07-16 12:46:39,463 [ERROR] LogOutputStream:75 - [STDERR_REDIRECT] [Fatal Error] :1:1: Premature end of file.
2026-07-16 12:46:39,463 [ERROR] LogOutputStream:75 - [STDERR_REDIRECT] 
2026-07-16 12:46:40,464 [ERROR] LogOutputStream:75 - [STDERR_REDIRECT] [Fatal Error] :1:1: Premature end of file.
2026-07-16 12:46:40,464 [ERROR] LogOutputStream:75 - [STDERR_REDIRECT] 
2026-07-16 12:46:41,465 [ERROR] LogOutputStream:75 - [STDERR_REDIRECT] [Fatal Error] :1:1: Premature end of file.
2026-07-16 12:46:41,465 [ERROR] LogOutputStream:75 - [STDERR_REDIRECT] 
2026-07-16 12:46:42,462 [ERROR] LogOutputStream:75 - [STDERR_REDIRECT] [Fatal Error] :1:1: Premature end of file.
2026-07-16 12:46:42,462 [ERROR] LogOutputStream:75 - [STDERR_REDIRECT] 
2026-07-16 12:46:43,462 [ERROR] LogOutputStream:75 - [STDERR_REDIRECT] [Fatal Error] :1:1: Premature end of file.
2026-07-16 12:46:43,463 [ERROR] LogOutputStream:75 - [STDERR_REDIRECT] 
2026-07-16 12:46:44,464 [ERROR] LogOutputStream:75 - [STDERR_REDIRECT] [Fatal Error] :1:1: Premature end of file.
2026-07-16 12:46:44,464 [ERROR] LogOutputStream:75 - [STDERR_REDIRECT] 
2026-07-16 12:46:45,463 [ERROR] LogOutputStream:75 - [STDERR_REDIRECT] [Fatal Error] :1:1: Premature end of file.
2026-07-16 12:46:45,463 [ERROR] LogOutputStream:75 - [STDERR_REDIRECT] 
2026-07-16 12:46:46,463 [ERROR] LogOutputStream:75 - [STDERR_REDIRECT] [Fatal Error] :1:1: Premature end of file.
2026-07-16 12:46:46,463 [ERROR] LogOutputStream:75 - [STDERR_REDIRECT] 
2026-07-16 12:46:47,462 [ERROR] LogOutputStream:75 - [STDERR_REDIRECT] [Fatal Error] :1:1: Premature end of file.
2026-07-16 12:46:47,462 [ERROR] LogOutputStream:75 - [STDERR_REDIRECT] 
2026-07-16 12:46:48,466 [ERROR] LogOutputStream:75 - [STDERR_REDIRECT] [Fatal Error] :1:1: Premature end of file.
2026-07-16 12:46:48,467 [ERROR] LogOutputStream:75 - [STDERR_REDIRECT] 
2026-07-16 12:46:49,462 [ERROR] LogOutputStream:75 - [STDERR_REDIRECT] [Fatal Error] :1:1: Premature end of file.
2026-07-16 12:46:49,462 [ERROR] LogOutputStream:75 - [STDERR_REDIRECT] 
2026-07-16 12:46:50,463 [ERROR] LogOutputStream:75 - [STDERR_REDIRECT] [Fatal Error] :1:1: Premature end of file.
2026-07-16 12:46:50,463 [ERROR] LogOutputStream:75 - [STDERR_REDIRECT] 
2026-07-16 12:46:51,464 [ERROR] LogOutputStream:75 - [STDERR_REDIRECT] [Fatal Error] :1:1: Premature end of file.
2026-07-16 12:46:51,464 [ERROR] LogOutputStream:75 - [STDERR_REDIRECT] 
2026-07-16 12:46:52,462 [ERROR] LogOutputStream:75 - [STDERR_REDIRECT] [Fatal Error] :1:1: Premature end of file.
2026-07-16 12:46:52,462 [ERROR] LogOutputStream:75 - [STDERR_REDIRECT] 
2026-07-16 12:46:53,463 [ERROR] LogOutputStream:75 - [STDERR_REDIRECT] [Fatal Error] :1:1: Premature end of file.
2026-07-16 12:46:53,463 [ERROR] LogOutputStream:75 - [STDERR_REDIRECT] 
2026-07-16 12:46:54,463 [ERROR] LogOutputStream:75 - [STDERR_REDIRECT] [Fatal Error] :1:1: Premature end of file.
2026-07-16 12:46:54,463 [ERROR] LogOutputStream:75 - [STDERR_REDIRECT] 
2026-07-16 12:46:55,463 [ERROR] LogOutputStream:75 - [STDERR_REDIRECT] [Fatal Error] :1:1: Premature end of file.
2026-07-16 12:46:55,463 [ERROR] LogOutputStream:75 - [STDERR_REDIRECT] 
2026-07-16 12:46:56,463 [ERROR] LogOutputStream:75 - [STDERR_REDIRECT] [Fatal Error] :1:1: Premature end of file.
2026-07-16 12:46:56,463 [ERROR] LogOutputStream:75 - [STDERR_REDIRECT] 
2026-07-16 12:46:57,463 [ERROR] LogOutputStream:75 - [STDERR_REDIRECT] [Fatal Error] :1:1: Premature end of file.
2026-07-16 12:46:57,463 [ERROR] LogOutputStream:75 - [STDERR_REDIRECT] 
2026-07-16 12:46:58,463 [ERROR] LogOutputStream:75 - [STDERR_REDIRECT] [Fatal Error] :1:1: Premature end of file.
2026-07-16 12:46:58,463 [ERROR] LogOutputStream:75 - [STDERR_REDIRECT] 
2026-07-16 12:46:59,462 [ERROR] LogOutputStream:75 - [STDERR_REDIRECT] [Fatal Error] :1:1: Premature end of file.
2026-07-16 12:46:59,462 [ERROR] LogOutputStream:75 - [STDERR_REDIRECT] 
2026-07-16 12:47:00,463 [ERROR] LogOutputStream:75 - [STDERR_REDIRECT] [Fatal Error] :1:1: Premature end of file.
2026-07-16 12:47:00,463 [ERROR] LogOutputStream:75 - [STDERR_REDIRECT] 
2026-07-16 12:47:01,463 [ERROR] LogOutputStream:75 - [STDERR_REDIRECT] [Fatal Error] :1:1: Premature end of file.
2026-07-16 12:47:01,463 [ERROR] LogOutputStream:75 - [STDERR_REDIRECT] 
2026-07-16 12:47:02,462 [ERROR] LogOutputStream:75 - [STDERR_REDIRECT] [Fatal Error] :1:1: Premature end of file.
2026-07-16 12:47:02,462 [ERROR] LogOutputStream:75 - [STDERR_REDIRECT] 
2026-07-16 12:47:03,465 [ERROR] LogOutputStream:75 - [STDERR_REDIRECT] [Fatal Error] :1:1: Premature end of file.
2026-07-16 12:47:03,465 [ERROR] LogOutputStream:75 - [STDERR_REDIRECT] 
2026-07-16 12:47:04,464 [ERROR] LogOutputStream:75 - [STDERR_REDIRECT] [Fatal Error] :1:1: Premature end of file.
2026-07-16 12:47:04,464 [ERROR] LogOutputStream:75 - [STDERR_REDIRECT] 
2026-07-16 12:47:05,463 [ERROR] LogOutputStream:75 - [STDERR_REDIRECT] [Fatal Error] :1:1: Premature end of file.
2026-07-16 12:47:05,463 [ERROR] LogOutputStream:75 - [STDERR_REDIRECT] 
2026-07-16 12:47:06,463 [ERROR] LogOutputStream:75 - [STDERR_REDIRECT] [Fatal Error] :1:1: Premature end of file.
2026-07-16 12:47:06,464 [ERROR] LogOutputStream:75 - [STDERR_REDIRECT] 
2026-07-16 12:47:07,463 [ERROR] LogOutputStream:75 - [STDERR_REDIRECT] [Fatal Error] :1:1: Premature end of file.
2026-07-16 12:47:07,464 [ERROR] LogOutputStream:75 - [STDERR_REDIRECT] 
2026-07-16 12:47:08,462 [ERROR] LogOutputStream:75 - [STDERR_REDIRECT] [Fatal Error] :1:1: Premature end of file.
2026-07-16 12:47:08,462 [ERROR] LogOutputStream:75 - [STDERR_REDIRECT] 
2026-07-16 12:47:09,461 [ERROR] LogOutputStream:75 - [STDERR_REDIRECT] [Fatal Error] :1:1: Premature end of file.
2026-07-16 12:47:09,461 [ERROR] LogOutputStream:75 - [STDERR_REDIRECT] 
2026-07-16 12:47:10,462 [ERROR] LogOutputStream:75 - [STDERR_REDIRECT] [Fatal Error] :1:1: Premature end of file.
2026-07-16 12:47:10,462 [ERROR] LogOutputStream:75 - [STDERR_REDIRECT] 
2026-07-16 12:47:11,465 [ERROR] LogOutputStream:75 - [STDERR_REDIRECT] [Fatal Error] :1:1: Premature end of file.
2026-07-16 12:47:11,465 [ERROR] LogOutputStream:75 - [STDERR_REDIRECT] 
2026-07-16 12:47:12,463 [ERROR] LogOutputStream:75 - [STDERR_REDIRECT] [Fatal Error] :1:1: Premature end of file.
2026-07-16 12:47:12,464 [ERROR] LogOutputStream:75 - [STDERR_REDIRECT] 
2026-07-16 12:47:13,463 [ERROR] LogOutputStream:75 - [STDERR_REDIRECT] [Fatal Error] :1:1: Premature end of file.
2026-07-16 12:47:13,463 [ERROR] LogOutputStream:75 - [STDERR_REDIRECT] 
2026-07-16 12:47:14,466 [ERROR] LogOutputStream:75 - [STDERR_REDIRECT] [Fatal Error] :1:1: Premature end of file.
2026-07-16 12:47:14,466 [ERROR] LogOutputStream:75 - [STDERR_REDIRECT] 
2026-07-16 12:47:15,464 [ERROR] LogOutputStream:75 - [STDERR_REDIRECT] [Fatal Error] :1:1: Premature end of file.
2026-07-16 12:47:15,464 [ERROR] LogOutputStream:75 - [STDERR_REDIRECT] 
2026-07-16 12:47:16,463 [ERROR] LogOutputStream:75 - [STDERR_REDIRECT] [Fatal Error] :1:1: Premature end of file.
2026-07-16 12:47:16,463 [ERROR] LogOutputStream:75 - [STDERR_REDIRECT] 
2026-07-16 12:47:17,465 [ERROR] LogOutputStream:75 - [STDERR_REDIRECT] [Fatal Error] :1:1: Premature end of file.
2026-07-16 12:47:17,465 [ERROR] LogOutputStream:75 - [STDERR_REDIRECT] 
2026-07-16 12:47:18,464 [ERROR] LogOutputStream:75 - [STDERR_REDIRECT] [Fatal Error] :1:1: Premature end of file.
2026-07-16 12:47:18,464 [ERROR] LogOutputStream:75 - [STDERR_REDIRECT] 
2026-07-16 12:47:19,464 [ERROR] LogOutputStream:75 - [STDERR_REDIRECT] [Fatal Error] :1:1: Premature end of file.
2026-07-16 12:47:19,464 [ERROR] LogOutputStream:75 - [STDERR_REDIRECT] 
2026-07-16 12:47:20,465 [ERROR] LogOutputStream:75 - [STDERR_REDIRECT] [Fatal Error] :1:1: Premature end of file.
2026-07-16 12:47:20,465 [ERROR] LogOutputStream:75 - [STDERR_REDIRECT] 
2026-07-16 12:47:21,463 [ERROR] LogOutputStream:75 - [STDERR_REDIRECT] [Fatal Error] :1:1: Premature end of file.
2026-07-16 12:47:21,463 [ERROR] LogOutputStream:75 - [STDERR_REDIRECT] 
2026-07-16 12:47:22,466 [ERROR] LogOutputStream:75 - [STDERR_REDIRECT] [Fatal Error] :1:1: Premature end of file.
2026-07-16 12:47:22,466 [ERROR] LogOutputStream:75 - [STDERR_REDIRECT] 
2026-07-16 12:47:23,462 [ERROR] LogOutputStream:75 - [STDERR_REDIRECT] [Fatal Error] :1:1: Premature end of file.
2026-07-16 12:47:23,462 [ERROR] LogOutputStream:75 - [STDERR_REDIRECT] 
2026-07-16 12:47:24,464 [ERROR] LogOutputStream:75 - [STDERR_REDIRECT] [Fatal Error] :1:1: Premature end of file.
2026-07-16 12:47:24,464 [ERROR] LogOutputStream:75 - [STDERR_REDIRECT] 
2026-07-16 12:47:25,463 [ERROR] LogOutputStream:75 - [STDERR_REDIRECT] [Fatal Error] :1:1: Premature end of file.
2026-07-16 12:47:25,463 [ERROR] LogOutputStream:75 - [STDERR_REDIRECT] 
2026-07-16 12:47:26,465 [ERROR] LogOutputStream:75 - [STDERR_REDIRECT] [Fatal Error] :1:1: Premature end of file.
2026-07-16 12:47:26,465 [ERROR] LogOutputStream:75 - [STDERR_REDIRECT] 
2026-07-16 12:47:27,463 [ERROR] LogOutputStream:75 - [STDERR_REDIRECT] [Fatal Error] :1:1: Premature end of file.
2026-07-16 12:47:27,463 [ERROR] LogOutputStream:75 - [STDERR_REDIRECT] 
2026-07-16 12:47:28,465 [ERROR] LogOutputStream:75 - [STDERR_REDIRECT] [Fatal Error] :1:1: Premature end of file.
2026-07-16 12:47:28,465 [ERROR] LogOutputStream:75 - [STDERR_REDIRECT] 
2026-07-16 12:47:29,463 [ERROR] LogOutputStream:75 - [STDERR_REDIRECT] [Fatal Error] :1:1: Premature end of file.
2026-07-16 12:47:29,463 [ERROR] LogOutputStream:75 - [STDERR_REDIRECT] 
2026-07-16 12:47:30,462 [ERROR] LogOutputStream:75 - [STDERR_REDIRECT] [Fatal Error] :1:1: Premature end of file.
2026-07-16 12:47:30,462 [ERROR] LogOutputStream:75 - [STDERR_REDIRECT] 
2026-07-16 12:47:31,462 [ERROR] LogOutputStream:75 - [STDERR_REDIRECT] [Fatal Error] :1:1: Premature end of file.
2026-07-16 12:47:31,463 [ERROR] LogOutputStream:75 - [STDERR_REDIRECT] 
2026-07-16 12:47:32,464 [ERROR] LogOutputStream:75 - [STDERR_REDIRECT] [Fatal Error] :1:1: Premature end of file.
2026-07-16 12:47:32,464 [ERROR] LogOutputStream:75 - [STDERR_REDIRECT] 
2026-07-16 12:47:33,464 [ERROR] LogOutputStream:75 - [STDERR_REDIRECT] [Fatal Error] :1:1: Premature end of file.
2026-07-16 12:47:33,464 [ERROR] LogOutputStream:75 - [STDERR_REDIRECT] 
2026-07-16 12:47:34,463 [ERROR] LogOutputStream:75 - [STDERR_REDIRECT] [Fatal Error] :1:1: Premature end of file.
2026-07-16 12:47:34,463 [ERROR] LogOutputStream:75 - [STDERR_REDIRECT] 
2026-07-16 12:47:35,462 [ERROR] LogOutputStream:75 - [STDERR_REDIRECT] [Fatal Error] :1:1: Premature end of file.
2026-07-16 12:47:35,462 [ERROR] LogOutputStream:75 - [STDERR_REDIRECT] 
2026-07-16 12:47:36,462 [ERROR] LogOutputStream:75 - [STDERR_REDIRECT] [Fatal Error] :1:1: Premature end of file.
2026-07-16 12:47:36,462 [ERROR] LogOutputStream:75 - [STDERR_REDIRECT] 
2026-07-16 12:47:37,462 [ERROR] LogOutputStream:75 - [STDERR_REDIRECT] [Fatal Error] :1:1: Premature end of file.
2026-07-16 12:47:37,462 [ERROR] LogOutputStream:75 - [STDERR_REDIRECT] 
2026-07-16 12:47:38,463 [ERROR] LogOutputStream:75 - [STDERR_REDIRECT] [Fatal Error] :1:1: Premature end of file.
2026-07-16 12:47:38,463 [ERROR] LogOutputStream:75 - [STDERR_REDIRECT] 
2026-07-16 12:47:39,463 [ERROR] LogOutputStream:75 - [STDERR_REDIRECT] [Fatal Error] :1:1: Premature end of file.
2026-07-16 12:47:39,463 [ERROR] LogOutputStream:75 - [STDERR_REDIRECT] 
2026-07-16 12:47:40,462 [ERROR] LogOutputStream:75 - [STDERR_REDIRECT] [Fatal Error] :1:1: Premature end of file.
2026-07-16 12:47:40,462 [ERROR] LogOutputStream:75 - [STDERR_REDIRECT] 
2026-07-16 12:47:41,463 [ERROR] LogOutputStream:75 - [STDERR_REDIRECT] [Fatal Error] :1:1: Premature end of file.
2026-07-16 12:47:41,463 [ERROR] LogOutputStream:75 - [STDERR_REDIRECT] 
2026-07-16 12:47:42,462 [ERROR] LogOutputStream:75 - [STDERR_REDIRECT] [Fatal Error] :1:1: Premature end of file.
2026-07-16 12:47:42,462 [ERROR] LogOutputStream:75 - [STDERR_REDIRECT] 
2026-07-16 12:47:43,462 [ERROR] LogOutputStream:75 - [STDERR_REDIRECT] [Fatal Error] :1:1: Premature end of file.
2026-07-16 12:47:43,462 [ERROR] LogOutputStream:75 - [STDERR_REDIRECT] 
2026-07-16 12:47:44,465 [ERROR] LogOutputStream:75 - [STDERR_REDIRECT] [Fatal Error] :1:1: Premature end of file.
2026-07-16 12:47:44,465 [ERROR] LogOutputStream:75 - [STDERR_REDIRECT] 
2026-07-16 12:47:45,464 [ERROR] LogOutputStream:75 - [STDERR_REDIRECT] [Fatal Error] :1:1: Premature end of file.
2026-07-16 12:47:45,464 [ERROR] LogOutputStream:75 - [STDERR_REDIRECT] 
2026-07-16 12:47:46,462 [ERROR] LogOutputStream:75 - [STDERR_REDIRECT] [Fatal Error] :1:1: Premature end of file.
2026-07-16 12:47:46,463 [ERROR] LogOutputStream:75 - [STDERR_REDIRECT] 
2026-07-16 12:47:47,464 [ERROR] LogOutputStream:75 - [STDERR_REDIRECT] [Fatal Error] :1:1: Premature end of file.
2026-07-16 12:47:47,464 [ERROR] LogOutputStream:75 - [STDERR_REDIRECT] 
2026-07-16 12:47:48,463 [ERROR] LogOutputStream:75 - [STDERR_REDIRECT] [Fatal Error] :1:1: Premature end of file.
2026-07-16 12:47:48,463 [ERROR] LogOutputStream:75 - [STDERR_REDIRECT] 
2026-07-16 12:47:49,463 [ERROR] LogOutputStream:75 - [STDERR_REDIRECT] [Fatal Error] :1:1: Premature end of file.
2026-07-16 12:47:49,464 [ERROR] LogOutputStream:75 - [STDERR_REDIRECT] 
2026-07-16 12:47:50,464 [ERROR] LogOutputStream:75 - [STDERR_REDIRECT] [Fatal Error] :1:1: Premature end of file.
2026-07-16 12:47:50,464 [ERROR] LogOutputStream:75 - [STDERR_REDIRECT] 
2026-07-16 12:47:51,464 [ERROR] LogOutputStream:75 - [STDERR_REDIRECT] [Fatal Error] :1:1: Premature end of file.
2026-07-16 12:47:51,464 [ERROR] LogOutputStream:75 - [STDERR_REDIRECT] 
2026-07-16 12:47:52,465 [ERROR] LogOutputStream:75 - [STDERR_REDIRECT] [Fatal Error] :1:1: Premature end of file.
2026-07-16 12:47:52,465 [ERROR] LogOutputStream:75 - [STDERR_REDIRECT] 
2026-07-16 12:47:53,464 [ERROR] LogOutputStream:75 - [STDERR_REDIRECT] [Fatal Error] :1:1: Premature end of file.
2026-07-16 12:47:53,464 [ERROR] LogOutputStream:75 - [STDERR_REDIRECT] 
2026-07-16 12:47:54,468 [ERROR] LogOutputStream:75 - [STDERR_REDIRECT] [Fatal Error] :1:1: Premature end of file.
2026-07-16 12:47:54,468 [ERROR] LogOutputStream:75 - [STDERR_REDIRECT] 
2026-07-16 12:47:55,465 [ERROR] LogOutputStream:75 - [STDERR_REDIRECT] [Fatal Error] :1:1: Premature end of file.
2026-07-16 12:47:55,465 [ERROR] LogOutputStream:75 - [STDERR_REDIRECT] 
2026-07-16 12:47:56,479 [ERROR] LogOutputStream:75 - [STDERR_REDIRECT] [Fatal Error] :1:1: Premature end of file.
2026-07-16 12:47:56,479 [ERROR] LogOutputStream:75 - [STDERR_REDIRECT] 
2026-07-16 12:47:57,477 [ERROR] LogOutputStream:75 - [STDERR_REDIRECT] [Fatal Error] :1:1: Premature end of file.
2026-07-16 12:47:57,477 [ERROR] LogOutputStream:75 - [STDERR_REDIRECT] 
2026-07-16 12:47:58,473 [ERROR] LogOutputStream:75 - [STDERR_REDIRECT] [Fatal Error] :1:1: Premature end of file.
2026-07-16 12:47:58,473 [ERROR] LogOutputStream:75 - [STDERR_REDIRECT] 
2026-07-16 12:47:59,466 [ERROR] LogOutputStream:75 - [STDERR_REDIRECT] [Fatal Error] :1:1: Premature end of file.
2026-07-16 12:47:59,466 [ERROR] LogOutputStream:75 - [STDERR_REDIRECT] 
2026-07-16 12:48:00,468 [ERROR] LogOutputStream:75 - [STDERR_REDIRECT] [Fatal Error] :1:1: Premature end of file.
2026-07-16 12:48:00,468 [ERROR] LogOutputStream:75 - [STDERR_REDIRECT] 
2026-07-16 12:48:01,470 [ERROR] LogOutputStream:75 - [STDERR_REDIRECT] [Fatal Error] :1:1: Premature end of file.
2026-07-16 12:48:01,470 [ERROR] LogOutputStream:75 - [STDERR_REDIRECT] 
2026-07-16 12:48:02,472 [ERROR] LogOutputStream:75 - [STDERR_REDIRECT] [Fatal Error] :1:1: Premature end of file.
2026-07-16 12:48:02,472 [ERROR] LogOutputStream:75 - [STDERR_REDIRECT] 
2026-07-16 12:48:03,472 [ERROR] LogOutputStream:75 - [STDERR_REDIRECT] [Fatal Error] :1:1: Premature end of file.
2026-07-16 12:48:03,472 [ERROR] LogOutputStream:75 - [STDERR_REDIRECT] 
2026-07-16 12:48:04,477 [ERROR] LogOutputStream:75 - [STDERR_REDIRECT] [Fatal Error] :1:1: Premature end of file.
2026-07-16 12:48:04,477 [ERROR] LogOutputStream:75 - [STDERR_REDIRECT] 
2026-07-16 12:48:05,464 [ERROR] LogOutputStream:75 - [STDERR_REDIRECT] [Fatal Error] :1:1: Premature end of file.
2026-07-16 12:48:05,465 [ERROR] LogOutputStream:75 - [STDERR_REDIRECT] 
2026-07-16 12:48:06,468 [ERROR] LogOutputStream:75 - [STDERR_REDIRECT] [Fatal Error] :1:1: Premature end of file.
2026-07-16 12:48:06,468 [ERROR] LogOutputStream:75 - [STDERR_REDIRECT] 
2026-07-16 12:48:07,467 [ERROR] LogOutputStream:75 - [STDERR_REDIRECT] [Fatal Error] :1:1: Premature end of file.
2026-07-16 12:48:07,467 [ERROR] LogOutputStream:75 - [STDERR_REDIRECT] 
2026-07-16 12:48:08,470 [ERROR] LogOutputStream:75 - [STDERR_REDIRECT] [Fatal Error] :1:1: Premature end of file.
2026-07-16 12:48:08,470 [ERROR] LogOutputStream:75 - [STDERR_REDIRECT] 
2026-07-16 12:48:09,471 [ERROR] LogOutputStream:75 - [STDERR_REDIRECT] [Fatal Error] :1:1: Premature end of file.
2026-07-16 12:48:09,471 [ERROR] LogOutputStream:75 - [STDERR_REDIRECT] 
2026-07-16 12:48:10,470 [ERROR] LogOutputStream:75 - [STDERR_REDIRECT] [Fatal Error] :1:1: Premature end of file.
2026-07-16 12:48:10,470 [ERROR] LogOutputStream:75 - [STDERR_REDIRECT] 
2026-07-16 12:48:11,474 [ERROR] LogOutputStream:75 - [STDERR_REDIRECT] [Fatal Error] :1:1: Premature end of file.
2026-07-16 12:48:11,474 [ERROR] LogOutputStream:75 - [STDERR_REDIRECT] 
2026-07-16 12:48:12,464 [ERROR] LogOutputStream:75 - [STDERR_REDIRECT] [Fatal Error] :1:1: Premature end of file.
2026-07-16 12:48:12,464 [ERROR] LogOutputStream:75 - [STDERR_REDIRECT] 
2026-07-16 12:48:13,473 [ERROR] LogOutputStream:75 - [STDERR_REDIRECT] [Fatal Error] :1:1: Premature end of file.
2026-07-16 12:48:13,474 [ERROR] LogOutputStream:75 - [STDERR_REDIRECT] 
2026-07-16 12:48:14,466 [ERROR] LogOutputStream:75 - [STDERR_REDIRECT] [Fatal Error] :1:1: Premature end of file.
2026-07-16 12:48:14,466 [ERROR] LogOutputStream:75 - [STDERR_REDIRECT] 
2026-07-16 12:48:15,478 [ERROR] LogOutputStream:75 - [STDERR_REDIRECT] [Fatal Error] :1:1: Premature end of file.
2026-07-16 12:48:15,478 [ERROR] LogOutputStream:75 - [STDERR_REDIRECT] 
2026-07-16 12:48:16,478 [ERROR] LogOutputStream:75 - [STDERR_REDIRECT] [Fatal Error] :1:1: Premature end of file.
2026-07-16 12:48:16,478 [ERROR] LogOutputStream:75 - [STDERR_REDIRECT] 
2026-07-16 12:48:17,479 [ERROR] LogOutputStream:75 - [STDERR_REDIRECT] [Fatal Error] :1:1: Premature end of file.
2026-07-16 12:48:17,479 [ERROR] LogOutputStream:75 - [STDERR_REDIRECT] 
2026-07-16 12:48:18,480 [ERROR] LogOutputStream:75 - [STDERR_REDIRECT] [Fatal Error] :1:1: Premature end of file.
2026-07-16 12:48:18,480 [ERROR] LogOutputStream:75 - [STDERR_REDIRECT] 
2026-07-16 12:48:19,466 [ERROR] LogOutputStream:75 - [STDERR_REDIRECT] [Fatal Error] :1:1: Premature end of file.
2026-07-16 12:48:19,466 [ERROR] LogOutputStream:75 - [STDERR_REDIRECT] 
2026-07-16 12:48:20,468 [ERROR] LogOutputStream:75 - [STDERR_REDIRECT] [Fatal Error] :1:1: Premature end of file.
2026-07-16 12:48:20,468 [ERROR] LogOutputStream:75 - [STDERR_REDIRECT] 
2026-07-16 12:48:21,467 [ERROR] LogOutputStream:75 - [STDERR_REDIRECT] [Fatal Error] :1:1: Premature end of file.
2026-07-16 12:48:21,467 [ERROR] LogOutputStream:75 - [STDERR_REDIRECT] 
2026-07-16 12:48:22,468 [ERROR] LogOutputStream:75 - [STDERR_REDIRECT] [Fatal Error] :1:1: Premature end of file.
2026-07-16 12:48:22,468 [ERROR] LogOutputStream:75 - [STDERR_REDIRECT] 
2026-07-16 12:48:23,473 [ERROR] LogOutputStream:75 - [STDERR_REDIRECT] [Fatal Error] :1:1: Premature end of file.
2026-07-16 12:48:23,473 [ERROR] LogOutputStream:75 - [STDERR_REDIRECT] 
2026-07-16 12:48:24,473 [ERROR] LogOutputStream:75 - [STDERR_REDIRECT] [Fatal Error] :1:1: Premature end of file.
2026-07-16 12:48:24,473 [ERROR] LogOutputStream:75 - [STDERR_REDIRECT] 
2026-07-16 12:48:25,475 [ERROR] LogOutputStream:75 - [STDERR_REDIRECT] [Fatal Error] :1:1: Premature end of file.
2026-07-16 12:48:25,476 [ERROR] LogOutputStream:75 - [STDERR_REDIRECT] 
2026-07-16 12:48:26,473 [ERROR] LogOutputStream:75 - [STDERR_REDIRECT] [Fatal Error] :1:1: Premature end of file.
2026-07-16 12:48:26,473 [ERROR] LogOutputStream:75 - [STDERR_REDIRECT] 
2026-07-16 12:48:27,473 [ERROR] LogOutputStream:75 - [STDERR_REDIRECT] [Fatal Error] :1:1: Premature end of file.
2026-07-16 12:48:27,473 [ERROR] LogOutputStream:75 - [STDERR_REDIRECT] 
2026-07-16 12:48:28,476 [ERROR] LogOutputStream:75 - [STDERR_REDIRECT] [Fatal Error] :1:1: Premature end of file.
2026-07-16 12:48:28,476 [ERROR] LogOutputStream:75 - [STDERR_REDIRECT] 
2026-07-16 12:48:29,465 [ERROR] LogOutputStream:75 - [STDERR_REDIRECT] [Fatal Error] :1:1: Premature end of file.
2026-07-16 12:48:29,465 [ERROR] LogOutputStream:75 - [STDERR_REDIRECT] 
2026-07-16 12:48:30,470 [ERROR] LogOutputStream:75 - [STDERR_REDIRECT] [Fatal Error] :1:1: Premature end of file.
2026-07-16 12:48:30,470 [ERROR] LogOutputStream:75 - [STDERR_REDIRECT] 
2026-07-16 12:48:31,475 [ERROR] LogOutputStream:75 - [STDERR_REDIRECT] [Fatal Error] :1:1: Premature end of file.
2026-07-16 12:48:31,475 [ERROR] LogOutputStream:75 - [STDERR_REDIRECT] 
2026-07-16 12:48:32,478 [ERROR] LogOutputStream:75 - [STDERR_REDIRECT] [Fatal Error] :1:1: Premature end of file.
2026-07-16 12:48:32,478 [ERROR] LogOutputStream:75 - [STDERR_REDIRECT] 
2026-07-16 12:48:33,479 [ERROR] LogOutputStream:75 - [STDERR_REDIRECT] [Fatal Error] :1:1: Premature end of file.
2026-07-16 12:48:33,479 [ERROR] LogOutputStream:75 - [STDERR_REDIRECT] 
2026-07-16 12:48:34,465 [ERROR] LogOutputStream:75 - [STDERR_REDIRECT] [Fatal Error] :1:1: Premature end of file.
2026-07-16 12:48:34,465 [ERROR] LogOutputStream:75 - [STDERR_REDIRECT] 
2026-07-16 12:48:35,466 [ERROR] LogOutputStream:75 - [STDERR_REDIRECT] [Fatal Error] :1:1: Premature end of file.
2026-07-16 12:48:35,466 [ERROR] LogOutputStream:75 - [STDERR_REDIRECT] 
2026-07-16 12:48:36,465 [ERROR] LogOutputStream:75 - [STDERR_REDIRECT] [Fatal Error] :1:1: Premature end of file.
2026-07-16 12:48:36,465 [ERROR] LogOutputStream:75 - [STDERR_REDIRECT] 
2026-07-16 12:48:37,476 [ERROR] LogOutputStream:75 - [STDERR_REDIRECT] [Fatal Error] :1:1: Premature end of file.
2026-07-16 12:48:37,476 [ERROR] LogOutputStream:75 - [STDERR_REDIRECT] 
2026-07-16 12:48:38,472 [ERROR] LogOutputStream:75 - [STDERR_REDIRECT] [Fatal Error] :1:1: Premature end of file.
2026-07-16 12:48:38,472 [ERROR] LogOutputStream:75 - [STDERR_REDIRECT] 
2026-07-16 12:48:39,470 [ERROR] LogOutputStream:75 - [STDERR_REDIRECT] [Fatal Error] :1:1: Premature end of file.
2026-07-16 12:48:39,470 [ERROR] LogOutputStream:75 - [STDERR_REDIRECT] 
2026-07-16 12:48:40,471 [ERROR] LogOutputStream:75 - [STDERR_REDIRECT] [Fatal Error] :1:1: Premature end of file.
2026-07-16 12:48:40,471 [ERROR] LogOutputStream:75 - [STDERR_REDIRECT] 
2026-07-16 12:48:41,478 [ERROR] LogOutputStream:75 - [STDERR_REDIRECT] [Fatal Error] :1:1: Premature end of file.
2026-07-16 12:48:41,478 [ERROR] LogOutputStream:75 - [STDERR_REDIRECT] 
2026-07-16 12:48:42,465 [ERROR] LogOutputStream:75 - [STDERR_REDIRECT] [Fatal Error] :1:1: Premature end of file.
2026-07-16 12:48:42,465 [ERROR] LogOutputStream:75 - [STDERR_REDIRECT] 
2026-07-16 12:48:43,469 [ERROR] LogOutputStream:75 - [STDERR_REDIRECT] [Fatal Error] :1:1: Premature end of file.
2026-07-16 12:48:43,469 [ERROR] LogOutputStream:75 - [STDERR_REDIRECT] 
2026-07-16 12:48:44,465 [ERROR] LogOutputStream:75 - [STDERR_REDIRECT] [Fatal Error] :1:1: Premature end of file.
2026-07-16 12:48:44,465 [ERROR] LogOutputStream:75 - [STDERR_REDIRECT] 
2026-07-16 12:48:45,467 [ERROR] LogOutputStream:75 - [STDERR_REDIRECT] [Fatal Error] :1:1: Premature end of file.
2026-07-16 12:48:45,467 [ERROR] LogOutputStream:75 - [STDERR_REDIRECT] 
2026-07-16 12:48:46,477 [ERROR] LogOutputStream:75 - [STDERR_REDIRECT] [Fatal Error] :1:1: Premature end of file.
2026-07-16 12:48:46,477 [ERROR] LogOutputStream:75 - [STDERR_REDIRECT] 
2026-07-16 12:48:47,466 [ERROR] LogOutputStream:75 - [STDERR_REDIRECT] [Fatal Error] :1:1: Premature end of file.
2026-07-16 12:48:47,466 [ERROR] LogOutputStream:75 - [STDERR_REDIRECT] 
2026-07-16 12:48:48,467 [ERROR] LogOutputStream:75 - [STDERR_REDIRECT] [Fatal Error] :1:1: Premature end of file.
2026-07-16 12:48:48,467 [ERROR] LogOutputStream:75 - [STDERR_REDIRECT] 
2026-07-16 12:48:49,468 [ERROR] LogOutputStream:75 - [STDERR_REDIRECT] [Fatal Error] :1:1: Premature end of file.
2026-07-16 12:48:49,468 [ERROR] LogOutputStream:75 - [STDERR_REDIRECT] 
2026-07-16 12:48:50,474 [ERROR] LogOutputStream:75 - [STDERR_REDIRECT] [Fatal Error] :1:1: Premature end of file.
2026-07-16 12:48:50,474 [ERROR] LogOutputStream:75 - [STDERR_REDIRECT] 
2026-07-16 12:48:51,473 [ERROR] LogOutputStream:75 - [STDERR_REDIRECT] [Fatal Error] :1:1: Premature end of file.
2026-07-16 12:48:51,473 [ERROR] LogOutputStream:75 - [STDERR_REDIRECT] 
2026-07-16 12:48:52,471 [ERROR] LogOutputStream:75 - [STDERR_REDIRECT] [Fatal Error] :1:1: Premature end of file.
2026-07-16 12:48:52,471 [ERROR] LogOutputStream:75 - [STDERR_REDIRECT] 
2026-07-16 12:48:53,475 [ERROR] LogOutputStream:75 - [STDERR_REDIRECT] [Fatal Error] :1:1: Premature end of file.
2026-07-16 12:48:53,475 [ERROR] LogOutputStream:75 - [STDERR_REDIRECT] 
2026-07-16 12:48:54,467 [ERROR] LogOutputStream:75 - [STDERR_REDIRECT] [Fatal Error] :1:1: Premature end of file.
2026-07-16 12:48:54,467 [ERROR] LogOutputStream:75 - [STDERR_REDIRECT] 
2026-07-16 12:48:55,469 [ERROR] LogOutputStream:75 - [STDERR_REDIRECT] [Fatal Error] :1:1: Premature end of file.
2026-07-16 12:48:55,469 [ERROR] LogOutputStream:75 - [STDERR_REDIRECT] 
2026-07-16 12:48:56,470 [ERROR] LogOutputStream:75 - [STDERR_REDIRECT] [Fatal Error] :1:1: Premature end of file.
2026-07-16 12:48:56,470 [ERROR] LogOutputStream:75 - [STDERR_REDIRECT] 
2026-07-16 12:48:57,469 [ERROR] LogOutputStream:75 - [STDERR_REDIRECT] [Fatal Error] :1:1: Premature end of file.
2026-07-16 12:48:57,469 [ERROR] LogOutputStream:75 - [STDERR_REDIRECT] 
2026-07-16 12:48:58,468 [ERROR] LogOutputStream:75 - [STDERR_REDIRECT] [Fatal Error] :1:1: Premature end of file.
2026-07-16 12:48:58,469 [ERROR] LogOutputStream:75 - [STDERR_REDIRECT] 
2026-07-16 12:48:59,471 [ERROR] LogOutputStream:75 - [STDERR_REDIRECT] [Fatal Error] :1:1: Premature end of file.
2026-07-16 12:48:59,471 [ERROR] LogOutputStream:75 - [STDERR_REDIRECT] 
2026-07-16 12:49:00,468 [ERROR] LogOutputStream:75 - [STDERR_REDIRECT] [Fatal Error] :1:1: Premature end of file.
2026-07-16 12:49:00,468 [ERROR] LogOutputStream:75 - [STDERR_REDIRECT] 
2026-07-16 12:49:01,468 [ERROR] LogOutputStream:75 - [STDERR_REDIRECT] [Fatal Error] :1:1: Premature end of file.
2026-07-16 12:49:01,468 [ERROR] LogOutputStream:75 - [STDERR_REDIRECT] 
2026-07-16 12:49:02,471 [ERROR] LogOutputStream:75 - [STDERR_REDIRECT] [Fatal Error] :1:1: Premature end of file.
2026-07-16 12:49:02,471 [ERROR] LogOutputStream:75 - [STDERR_REDIRECT] 
2026-07-16 12:49:03,470 [ERROR] LogOutputStream:75 - [STDERR_REDIRECT] [Fatal Error] :1:1: Premature end of file.
2026-07-16 12:49:03,470 [ERROR] LogOutputStream:75 - [STDERR_REDIRECT] 
2026-07-16 12:49:04,468 [ERROR] LogOutputStream:75 - [STDERR_REDIRECT] [Fatal Error] :1:1: Premature end of file.
2026-07-16 12:49:04,468 [ERROR] LogOutputStream:75 - [STDERR_REDIRECT] 
2026-07-16 12:49:05,468 [ERROR] LogOutputStream:75 - [STDERR_REDIRECT] [Fatal Error] :1:1: Premature end of file.
2026-07-16 12:49:05,468 [ERROR] LogOutputStream:75 - [STDERR_REDIRECT] 
2026-07-16 12:49:06,470 [ERROR] LogOutputStream:75 - [STDERR_REDIRECT] [Fatal Error] :1:1: Premature end of file.
2026-07-16 12:49:06,470 [ERROR] LogOutputStream:75 - [STDERR_REDIRECT] 
2026-07-16 12:49:07,464 [ERROR] LogOutputStream:75 - [STDERR_REDIRECT] [Fatal Error] :1:1: Premature end of file.
2026-07-16 12:49:07,464 [ERROR] LogOutputStream:75 - [STDERR_REDIRECT] 
2026-07-16 12:49:08,470 [ERROR] LogOutputStream:75 - [STDERR_REDIRECT] [Fatal Error] :1:1: Premature end of file.
2026-07-16 12:49:08,470 [ERROR] LogOutputStream:75 - [STDERR_REDIRECT] 
2026-07-16 12:49:09,474 [ERROR] LogOutputStream:75 - [STDERR_REDIRECT] [Fatal Error] :1:1: Premature end of file.
2026-07-16 12:49:09,474 [ERROR] LogOutputStream:75 - [STDERR_REDIRECT] 
2026-07-16 12:49:10,475 [ERROR] LogOutputStream:75 - [STDERR_REDIRECT] [Fatal Error] :1:1: Premature end of file.
2026-07-16 12:49:10,475 [ERROR] LogOutputStream:75 - [STDERR_REDIRECT] 
2026-07-16 12:49:11,476 [ERROR] LogOutputStream:75 - [STDERR_REDIRECT] [Fatal Error] :1:1: Premature end of file.
2026-07-16 12:49:11,476 [ERROR] LogOutputStream:75 - [STDERR_REDIRECT] 
2026-07-16 12:49:12,479 [ERROR] LogOutputStream:75 - [STDERR_REDIRECT] [Fatal Error] :1:1: Premature end of file.
2026-07-16 12:49:12,479 [ERROR] LogOutputStream:75 - [STDERR_REDIRECT] 
2026-07-16 12:49:13,466 [ERROR] LogOutputStream:75 - [STDERR_REDIRECT] [Fatal Error] :1:1: Premature end of file.
2026-07-16 12:49:13,466 [ERROR] LogOutputStream:75 - [STDERR_REDIRECT] 
2026-07-16 12:49:14,465 [ERROR] LogOutputStream:75 - [STDERR_REDIRECT] [Fatal Error] :1:1: Premature end of file.
2026-07-16 12:49:14,465 [ERROR] LogOutputStream:75 - [STDERR_REDIRECT] 
2026-07-16 12:49:15,474 [ERROR] LogOutputStream:75 - [STDERR_REDIRECT] [Fatal Error] :1:1: Premature end of file.
2026-07-16 12:49:15,474 [ERROR] LogOutputStream:75 - [STDERR_REDIRECT] 
2026-07-16 12:49:16,475 [ERROR] LogOutputStream:75 - [STDERR_REDIRECT] [Fatal Error] :1:1: Premature end of file.
2026-07-16 12:49:16,475 [ERROR] LogOutputStream:75 - [STDERR_REDIRECT] 
2026-07-16 12:49:17,465 [ERROR] LogOutputStream:75 - [STDERR_REDIRECT] [Fatal Error] :1:1: Premature end of file.
2026-07-16 12:49:17,465 [ERROR] LogOutputStream:75 - [STDERR_REDIRECT] 
2026-07-16 12:49:18,478 [ERROR] LogOutputStream:75 - [STDERR_REDIRECT] [Fatal Error] :1:1: Premature end of file.
2026-07-16 12:49:18,478 [ERROR] LogOutputStream:75 - [STDERR_REDIRECT] 
2026-07-16 12:49:19,470 [ERROR] LogOutputStream:75 - [STDERR_REDIRECT] [Fatal Error] :1:1: Premature end of file.
2026-07-16 12:49:19,470 [ERROR] LogOutputStream:75 - [STDERR_REDIRECT] 
2026-07-16 12:49:20,475 [ERROR] LogOutputStream:75 - [STDERR_REDIRECT] [Fatal Error] :1:1: Premature end of file.
2026-07-16 12:49:20,475 [ERROR] LogOutputStream:75 - [STDERR_REDIRECT] 
2026-07-16 12:49:21,475 [ERROR] LogOutputStream:75 - [STDERR_REDIRECT] [Fatal Error] :1:1: Premature end of file.
2026-07-16 12:49:21,475 [ERROR] LogOutputStream:75 - [STDERR_REDIRECT] 
2026-07-16 12:49:22,477 [ERROR] LogOutputStream:75 - [STDERR_REDIRECT] [Fatal Error] :1:1: Premature end of file.
2026-07-16 12:49:22,477 [ERROR] LogOutputStream:75 - [STDERR_REDIRECT] 
2026-07-16 12:49:23,477 [ERROR] LogOutputStream:75 - [STDERR_REDIRECT] [Fatal Error] :1:1: Premature end of file.
2026-07-16 12:49:23,477 [ERROR] LogOutputStream:75 - [STDERR_REDIRECT] 
2026-07-16 12:49:24,466 [ERROR] LogOutputStream:75 - [STDERR_REDIRECT] [Fatal Error] :1:1: Premature end of file.
2026-07-16 12:49:24,466 [ERROR] LogOutputStream:75 - [STDERR_REDIRECT] 
2026-07-16 12:49:25,466 [ERROR] LogOutputStream:75 - [STDERR_REDIRECT] [Fatal Error] :1:1: Premature end of file.
2026-07-16 12:49:25,466 [ERROR] LogOutputStream:75 - [STDERR_REDIRECT] 
2026-07-16 12:49:26,467 [ERROR] LogOutputStream:75 - [STDERR_REDIRECT] [Fatal Error] :1:1: Premature end of file.
2026-07-16 12:49:26,467 [ERROR] LogOutputStream:75 - [STDERR_REDIRECT] 
2026-07-16 12:49:27,469 [ERROR] LogOutputStream:75 - [STDERR_REDIRECT] [Fatal Error] :1:1: Premature end of file.
2026-07-16 12:49:27,469 [ERROR] LogOutputStream:75 - [STDERR_REDIRECT] 
2026-07-16 12:49:28,469 [ERROR] LogOutputStream:75 - [STDERR_REDIRECT] [Fatal Error] :1:1: Premature end of file.
2026-07-16 12:49:28,469 [ERROR] LogOutputStream:75 - [STDERR_REDIRECT] 
2026-07-16 12:49:29,469 [ERROR] LogOutputStream:75 - [STDERR_REDIRECT] [Fatal Error] :1:1: Premature end of file.
2026-07-16 12:49:29,469 [ERROR] LogOutputStream:75 - [STDERR_REDIRECT] 
2026-07-16 12:49:30,473 [ERROR] LogOutputStream:75 - [STDERR_REDIRECT] [Fatal Error] :1:1: Premature end of file.
2026-07-16 12:49:30,473 [ERROR] LogOutputStream:75 - [STDERR_REDIRECT] 
2026-07-16 12:49:31,473 [ERROR] LogOutputStream:75 - [STDERR_REDIRECT] [Fatal Error] :1:1: Premature end of file.
2026-07-16 12:49:31,473 [ERROR] LogOutputStream:75 - [STDERR_REDIRECT] 
2026-07-16 12:49:32,468 [ERROR] LogOutputStream:75 - [STDERR_REDIRECT] [Fatal Error] :1:1: Premature end of file.
2026-07-16 12:49:32,468 [ERROR] LogOutputStream:75 - [STDERR_REDIRECT] 
2026-07-16 12:49:33,466 [ERROR] LogOutputStream:75 - [STDERR_REDIRECT] [Fatal Error] :1:1: Premature end of file.
2026-07-16 12:49:33,466 [ERROR] LogOutputStream:75 - [STDERR_REDIRECT] 
2026-07-16 12:49:34,470 [ERROR] LogOutputStream:75 - [STDERR_REDIRECT] [Fatal Error] :1:1: Premature end of file.
2026-07-16 12:49:34,470 [ERROR] LogOutputStream:75 - [STDERR_REDIRECT] 
2026-07-16 12:49:35,470 [ERROR] LogOutputStream:75 - [STDERR_REDIRECT] [Fatal Error] :1:1: Premature end of file.
2026-07-16 12:49:35,470 [ERROR] LogOutputStream:75 - [STDERR_REDIRECT] 
2026-07-16 12:49:36,468 [ERROR] LogOutputStream:75 - [STDERR_REDIRECT] [Fatal Error] :1:1: Premature end of file.
2026-07-16 12:49:36,468 [ERROR] LogOutputStream:75 - [STDERR_REDIRECT] 
2026-07-16 12:49:37,471 [ERROR] LogOutputStream:75 - [STDERR_REDIRECT] [Fatal Error] :1:1: Premature end of file.
2026-07-16 12:49:37,471 [ERROR] LogOutputStream:75 - [STDERR_REDIRECT] 
2026-07-16 12:49:38,472 [ERROR] LogOutputStream:75 - [STDERR_REDIRECT] [Fatal Error] :1:1: Premature end of file.
2026-07-16 12:49:38,472 [ERROR] LogOutputStream:75 - [STDERR_REDIRECT] 
2026-07-16 12:49:39,477 [ERROR] LogOutputStream:75 - [STDERR_REDIRECT] [Fatal Error] :1:1: Premature end of file.
2026-07-16 12:49:39,477 [ERROR] LogOutputStream:75 - [STDERR_REDIRECT] 
2026-07-16 12:49:40,476 [ERROR] LogOutputStream:75 - [STDERR_REDIRECT] [Fatal Error] :1:1: Premature end of file.
2026-07-16 12:49:40,476 [ERROR] LogOutputStream:75 - [STDERR_REDIRECT] 
2026-07-16 12:49:41,477 [ERROR] LogOutputStream:75 - [STDERR_REDIRECT] [Fatal Error] :1:1: Premature end of file.
2026-07-16 12:49:41,477 [ERROR] LogOutputStream:75 - [STDERR_REDIRECT] 
2026-07-16 12:49:42,465 [ERROR] LogOutputStream:75 - [STDERR_REDIRECT] [Fatal Error] :1:1: Premature end of file.
2026-07-16 12:49:42,465 [ERROR] LogOutputStream:75 - [STDERR_REDIRECT] 
2026-07-16 12:49:43,471 [ERROR] LogOutputStream:75 - [STDERR_REDIRECT] [Fatal Error] :1:1: Premature end of file.
2026-07-16 12:49:43,471 [ERROR] LogOutputStream:75 - [STDERR_REDIRECT] 
2026-07-16 12:49:44,477 [ERROR] LogOutputStream:75 - [STDERR_REDIRECT] [Fatal Error] :1:1: Premature end of file.
2026-07-16 12:49:44,477 [ERROR] LogOutputStream:75 - [STDERR_REDIRECT] 
2026-07-16 12:49:45,478 [ERROR] LogOutputStream:75 - [STDERR_REDIRECT] [Fatal Error] :1:1: Premature end of file.
2026-07-16 12:49:45,478 [ERROR] LogOutputStream:75 - [STDERR_REDIRECT] 
2026-07-16 12:49:46,478 [ERROR] LogOutputStream:75 - [STDERR_REDIRECT] [Fatal Error] :1:1: Premature end of file.
2026-07-16 12:49:46,478 [ERROR] LogOutputStream:75 - [STDERR_REDIRECT] 
2026-07-16 12:49:47,470 [ERROR] LogOutputStream:75 - [STDERR_REDIRECT] [Fatal Error] :1:1: Premature end of file.
2026-07-16 12:49:47,470 [ERROR] LogOutputStream:75 - [STDERR_REDIRECT] 
2026-07-16 12:49:48,468 [ERROR] LogOutputStream:75 - [STDERR_REDIRECT] [Fatal Error] :1:1: Premature end of file.
2026-07-16 12:49:48,468 [ERROR] LogOutputStream:75 - [STDERR_REDIRECT] 
2026-07-16 12:49:49,468 [ERROR] LogOutputStream:75 - [STDERR_REDIRECT] [Fatal Error] :1:1: Premature end of file.
2026-07-16 12:49:49,468 [ERROR] LogOutputStream:75 - [STDERR_REDIRECT] 
2026-07-16 12:49:50,474 [ERROR] LogOutputStream:75 - [STDERR_REDIRECT] [Fatal Error] :1:1: Premature end of file.
2026-07-16 12:49:50,474 [ERROR] LogOutputStream:75 - [STDERR_REDIRECT] 
2026-07-16 12:49:51,478 [ERROR] LogOutputStream:75 - [STDERR_REDIRECT] [Fatal Error] :1:1: Premature end of file.
2026-07-16 12:49:51,479 [ERROR] LogOutputStream:75 - [STDERR_REDIRECT] 
2026-07-16 12:49:52,464 [ERROR] LogOutputStream:75 - [STDERR_REDIRECT] [Fatal Error] :1:1: Premature end of file.
2026-07-16 12:49:52,464 [ERROR] LogOutputStream:75 - [STDERR_REDIRECT] 
2026-07-16 12:49:53,466 [ERROR] LogOutputStream:75 - [STDERR_REDIRECT] [Fatal Error] :1:1: Premature end of file.
2026-07-16 12:49:53,466 [ERROR] LogOutputStream:75 - [STDERR_REDIRECT] 
2026-07-16 12:49:54,467 [ERROR] LogOutputStream:75 - [STDERR_REDIRECT] [Fatal Error] :1:1: Premature end of file.
2026-07-16 12:49:54,467 [ERROR] LogOutputStream:75 - [STDERR_REDIRECT] 
2026-07-16 12:49:55,467 [ERROR] LogOutputStream:75 - [STDERR_REDIRECT] [Fatal Error] :1:1: Premature end of file.
2026-07-16 12:49:55,467 [ERROR] LogOutputStream:75 - [STDERR_REDIRECT] 
2026-07-16 12:49:56,470 [ERROR] LogOutputStream:75 - [STDERR_REDIRECT] [Fatal Error] :1:1: Premature end of file.
2026-07-16 12:49:56,470 [ERROR] LogOutputStream:75 - [STDERR_REDIRECT] 
2026-07-16 12:49:57,465 [ERROR] LogOutputStream:75 - [STDERR_REDIRECT] [Fatal Error] :1:1: Premature end of file.
2026-07-16 12:49:57,465 [ERROR] LogOutputStream:75 - [STDERR_REDIRECT] 
2026-07-16 12:49:58,469 [ERROR] LogOutputStream:75 - [STDERR_REDIRECT] [Fatal Error] :1:1: Premature end of file.
2026-07-16 12:49:58,470 [ERROR] LogOutputStream:75 - [STDERR_REDIRECT] 
2026-07-16 12:49:59,473 [ERROR] LogOutputStream:75 - [STDERR_REDIRECT] [Fatal Error] :1:1: Premature end of file.
2026-07-16 12:49:59,473 [ERROR] LogOutputStream:75 - [STDERR_REDIRECT] 
2026-07-16 12:50:00,476 [ERROR] LogOutputStream:75 - [STDERR_REDIRECT] [Fatal Error] :1:1: Premature end of file.
2026-07-16 12:50:00,476 [ERROR] LogOutputStream:75 - [STDERR_REDIRECT] 
2026-07-16 12:50:01,476 [ERROR] LogOutputStream:75 - [STDERR_REDIRECT] [Fatal Error] :1:1: Premature end of file.
2026-07-16 12:50:01,476 [ERROR] LogOutputStream:75 - [STDERR_REDIRECT] 
2026-07-16 12:50:02,474 [ERROR] LogOutputStream:75 - [STDERR_REDIRECT] [Fatal Error] :1:1: Premature end of file.
2026-07-16 12:50:02,474 [ERROR] LogOutputStream:75 - [STDERR_REDIRECT] 
2026-07-16 12:50:03,471 [ERROR] LogOutputStream:75 - [STDERR_REDIRECT] [Fatal Error] :1:1: Premature end of file.
2026-07-16 12:50:03,471 [ERROR] LogOutputStream:75 - [STDERR_REDIRECT] 
2026-07-16 12:50:04,470 [ERROR] LogOutputStream:75 - [STDERR_REDIRECT] [Fatal Error] :1:1: Premature end of file.
2026-07-16 12:50:04,470 [ERROR] LogOutputStream:75 - [STDERR_REDIRECT] 
2026-07-16 12:50:05,467 [ERROR] LogOutputStream:75 - [STDERR_REDIRECT] [Fatal Error] :1:1: Premature end of file.
2026-07-16 12:50:05,467 [ERROR] LogOutputStream:75 - [STDERR_REDIRECT] 
2026-07-16 12:50:06,470 [ERROR] LogOutputStream:75 - [STDERR_REDIRECT] [Fatal Error] :1:1: Premature end of file.
2026-07-16 12:50:06,470 [ERROR] LogOutputStream:75 - [STDERR_REDIRECT] 
2026-07-16 12:50:07,474 [ERROR] LogOutputStream:75 - [STDERR_REDIRECT] [Fatal Error] :1:1: Premature end of file.
2026-07-16 12:50:07,474 [ERROR] LogOutputStream:75 - [STDERR_REDIRECT] 
2026-07-16 12:50:08,475 [ERROR] LogOutputStream:75 - [STDERR_REDIRECT] [Fatal Error] :1:1: Premature end of file.
2026-07-16 12:50:08,475 [ERROR] LogOutputStream:75 - [STDERR_REDIRECT] 
2026-07-16 12:50:09,477 [ERROR] LogOutputStream:75 - [STDERR_REDIRECT] [Fatal Error] :1:1: Premature end of file.
2026-07-16 12:50:09,477 [ERROR] LogOutputStream:75 - [STDERR_REDIRECT] 
2026-07-16 12:50:10,465 [ERROR] LogOutputStream:75 - [STDERR_REDIRECT] [Fatal Error] :1:1: Premature end of file.
2026-07-16 12:50:10,465 [ERROR] LogOutputStream:75 - [STDERR_REDIRECT] 
2026-07-16 12:50:11,465 [ERROR] LogOutputStream:75 - [STDERR_REDIRECT] [Fatal Error] :1:1: Premature end of file.
2026-07-16 12:50:11,466 [ERROR] LogOutputStream:75 - [STDERR_REDIRECT] 
2026-07-16 12:50:12,469 [ERROR] LogOutputStream:75 - [STDERR_REDIRECT] [Fatal Error] :1:1: Premature end of file.
2026-07-16 12:50:12,469 [ERROR] LogOutputStream:75 - [STDERR_REDIRECT] 
2026-07-16 12:50:13,477 [ERROR] LogOutputStream:75 - [STDERR_REDIRECT] [Fatal Error] :1:1: Premature end of file.
2026-07-16 12:50:13,477 [ERROR] LogOutputStream:75 - [STDERR_REDIRECT] 
2026-07-16 12:50:14,468 [ERROR] LogOutputStream:75 - [STDERR_REDIRECT] [Fatal Error] :1:1: Premature end of file.
2026-07-16 12:50:14,468 [ERROR] LogOutputStream:75 - [STDERR_REDIRECT] 
2026-07-16 12:50:15,471 [ERROR] LogOutputStream:75 - [STDERR_REDIRECT] [Fatal Error] :1:1: Premature end of file.
2026-07-16 12:50:15,471 [ERROR] LogOutputStream:75 - [STDERR_REDIRECT] 
2026-07-16 12:50:16,470 [ERROR] LogOutputStream:75 - [STDERR_REDIRECT] [Fatal Error] :1:1: Premature end of file.
2026-07-16 12:50:16,470 [ERROR] LogOutputStream:75 - [STDERR_REDIRECT] 
2026-07-16 12:50:17,468 [ERROR] LogOutputStream:75 - [STDERR_REDIRECT] [Fatal Error] :1:1: Premature end of file.
2026-07-16 12:50:17,468 [ERROR] LogOutputStream:75 - [STDERR_REDIRECT] 
2026-07-16 12:50:18,473 [ERROR] LogOutputStream:75 - [STDERR_REDIRECT] [Fatal Error] :1:1: Premature end of file.
2026-07-16 12:50:18,473 [ERROR] LogOutputStream:75 - [STDERR_REDIRECT] 
2026-07-16 12:50:19,478 [ERROR] LogOutputStream:75 - [STDERR_REDIRECT] [Fatal Error] :1:1: Premature end of file.
2026-07-16 12:50:19,479 [ERROR] LogOutputStream:75 - [STDERR_REDIRECT] 
2026-07-16 12:50:20,477 [ERROR] LogOutputStream:75 - [STDERR_REDIRECT] [Fatal Error] :1:1: Premature end of file.
2026-07-16 12:50:20,477 [ERROR] LogOutputStream:75 - [STDERR_REDIRECT] 
2026-07-16 12:50:21,468 [ERROR] LogOutputStream:75 - [STDERR_REDIRECT] [Fatal Error] :1:1: Premature end of file.
2026-07-16 12:50:21,468 [ERROR] LogOutputStream:75 - [STDERR_REDIRECT] 
2026-07-16 12:50:22,476 [ERROR] LogOutputStream:75 - [STDERR_REDIRECT] [Fatal Error] :1:1: Premature end of file.
2026-07-16 12:50:22,476 [ERROR] LogOutputStream:75 - [STDERR_REDIRECT] 
2026-07-16 12:50:23,479 [ERROR] LogOutputStream:75 - [STDERR_REDIRECT] [Fatal Error] :1:1: Premature end of file.
2026-07-16 12:50:23,479 [ERROR] LogOutputStream:75 - [STDERR_REDIRECT] 
2026-07-16 12:50:24,465 [ERROR] LogOutputStream:75 - [STDERR_REDIRECT] [Fatal Error] :1:1: Premature end of file.
2026-07-16 12:50:24,465 [ERROR] LogOutputStream:75 - [STDERR_REDIRECT] 
2026-07-16 12:50:25,469 [ERROR] LogOutputStream:75 - [STDERR_REDIRECT] [Fatal Error] :1:1: Premature end of file.
2026-07-16 12:50:25,469 [ERROR] LogOutputStream:75 - [STDERR_REDIRECT] 
2026-07-16 12:50:26,467 [ERROR] LogOutputStream:75 - [STDERR_REDIRECT] [Fatal Error] :1:1: Premature end of file.
2026-07-16 12:50:26,467 [ERROR] LogOutputStream:75 - [STDERR_REDIRECT] 
2026-07-16 12:50:27,472 [ERROR] LogOutputStream:75 - [STDERR_REDIRECT] [Fatal Error] :1:1: Premature end of file.
2026-07-16 12:50:27,472 [ERROR] LogOutputStream:75 - [STDERR_REDIRECT] 
2026-07-16 12:50:28,478 [ERROR] LogOutputStream:75 - [STDERR_REDIRECT] [Fatal Error] :1:1: Premature end of file.
2026-07-16 12:50:28,478 [ERROR] LogOutputStream:75 - [STDERR_REDIRECT] 
2026-07-16 12:50:29,470 [ERROR] LogOutputStream:75 - [STDERR_REDIRECT] [Fatal Error] :1:1: Premature end of file.
2026-07-16 12:50:29,470 [ERROR] LogOutputStream:75 - [STDERR_REDIRECT] 
2026-07-16 12:50:30,471 [ERROR] LogOutputStream:75 - [STDERR_REDIRECT] [Fatal Error] :1:1: Premature end of file.
2026-07-16 12:50:30,471 [ERROR] LogOutputStream:75 - [STDERR_REDIRECT] 
2026-07-16 12:50:31,477 [ERROR] LogOutputStream:75 - [STDERR_REDIRECT] [Fatal Error] :1:1: Premature end of file.
2026-07-16 12:50:31,477 [ERROR] LogOutputStream:75 - [STDERR_REDIRECT] 
2026-07-16 12:50:32,466 [ERROR] LogOutputStream:75 - [STDERR_REDIRECT] [Fatal Error] :1:1: Premature end of file.
2026-07-16 12:50:32,466 [ERROR] LogOutputStream:75 - [STDERR_REDIRECT] 
2026-07-16 12:50:33,474 [ERROR] LogOutputStream:75 - [STDERR_REDIRECT] [Fatal Error] :1:1: Premature end of file.
2026-07-16 12:50:33,474 [ERROR] LogOutputStream:75 - [STDERR_REDIRECT] 
2026-07-16 12:50:34,466 [ERROR] LogOutputStream:75 - [STDERR_REDIRECT] [Fatal Error] :1:1: Premature end of file.
2026-07-16 12:50:34,466 [ERROR] LogOutputStream:75 - [STDERR_REDIRECT] 
2026-07-16 12:50:35,470 [ERROR] LogOutputStream:75 - [STDERR_REDIRECT] [Fatal Error] :1:1: Premature end of file.
2026-07-16 12:50:35,470 [ERROR] LogOutputStream:75 - [STDERR_REDIRECT] 
2026-07-16 12:50:36,474 [ERROR] LogOutputStream:75 - [STDERR_REDIRECT] [Fatal Error] :1:1: Premature end of file.
2026-07-16 12:50:36,474 [ERROR] LogOutputStream:75 - [STDERR_REDIRECT] 
2026-07-16 12:50:37,466 [ERROR] LogOutputStream:75 - [STDERR_REDIRECT] [Fatal Error] :1:1: Premature end of file.
2026-07-16 12:50:37,466 [ERROR] LogOutputStream:75 - [STDERR_REDIRECT] 
2026-07-16 12:50:38,467 [ERROR] LogOutputStream:75 - [STDERR_REDIRECT] [Fatal Error] :1:1: Premature end of file.
2026-07-16 12:50:38,467 [ERROR] LogOutputStream:75 - [STDERR_REDIRECT] 
2026-07-16 12:50:39,478 [ERROR] LogOutputStream:75 - [STDERR_REDIRECT] [Fatal Error] :1:1: Premature end of file.
2026-07-16 12:50:39,478 [ERROR] LogOutputStream:75 - [STDERR_REDIRECT] 
2026-07-16 12:50:40,466 [ERROR] LogOutputStream:75 - [STDERR_REDIRECT] [Fatal Error] :1:1: Premature end of file.
2026-07-16 12:50:40,466 [ERROR] LogOutputStream:75 - [STDERR_REDIRECT] 
2026-07-16 12:50:41,479 [ERROR] LogOutputStream:75 - [STDERR_REDIRECT] [Fatal Error] :1:1: Premature end of file.
2026-07-16 12:50:41,479 [ERROR] LogOutputStream:75 - [STDERR_REDIRECT] 
2026-07-16 12:50:42,473 [ERROR] LogOutputStream:75 - [STDERR_REDIRECT] [Fatal Error] :1:1: Premature end of file.
2026-07-16 12:50:42,473 [ERROR] LogOutputStream:75 - [STDERR_REDIRECT] 
2026-07-16 12:50:43,474 [ERROR] LogOutputStream:75 - [STDERR_REDIRECT] [Fatal Error] :1:1: Premature end of file.
2026-07-16 12:50:43,474 [ERROR] LogOutputStream:75 - [STDERR_REDIRECT] 
2026-07-16 12:50:44,477 [ERROR] LogOutputStream:75 - [STDERR_REDIRECT] [Fatal Error] :1:1: Premature end of file.
2026-07-16 12:50:44,477 [ERROR] LogOutputStream:75 - [STDERR_REDIRECT] 
2026-07-16 12:50:45,468 [ERROR] LogOutputStream:75 - [STDERR_REDIRECT] [Fatal Error] :1:1: Premature end of file.
2026-07-16 12:50:45,468 [ERROR] LogOutputStream:75 - [STDERR_REDIRECT] 
2026-07-16 12:50:46,471 [ERROR] LogOutputStream:75 - [STDERR_REDIRECT] [Fatal Error] :1:1: Premature end of file.
2026-07-16 12:50:46,471 [ERROR] LogOutputStream:75 - [STDERR_REDIRECT] 
2026-07-16 12:50:47,476 [ERROR] LogOutputStream:75 - [STDERR_REDIRECT] [Fatal Error] :1:1: Premature end of file.
2026-07-16 12:50:47,476 [ERROR] LogOutputStream:75 - [STDERR_REDIRECT] 
2026-07-16 12:50:48,475 [ERROR] LogOutputStream:75 - [STDERR_REDIRECT] [Fatal Error] :1:1: Premature end of file.
2026-07-16 12:50:48,475 [ERROR] LogOutputStream:75 - [STDERR_REDIRECT] 
2026-07-16 12:50:49,481 [ERROR] LogOutputStream:75 - [STDERR_REDIRECT] [Fatal Error] :1:1: Premature end of file.
2026-07-16 12:50:49,481 [ERROR] LogOutputStream:75 - [STDERR_REDIRECT] 
2026-07-16 12:50:50,470 [ERROR] LogOutputStream:75 - [STDERR_REDIRECT] [Fatal Error] :1:1: Premature end of file.
2026-07-16 12:50:50,470 [ERROR] LogOutputStream:75 - [STDERR_REDIRECT] 
2026-07-16 12:50:51,479 [ERROR] LogOutputStream:75 - [STDERR_REDIRECT] [Fatal Error] :1:1: Premature end of file.
2026-07-16 12:50:51,479 [ERROR] LogOutputStream:75 - [STDERR_REDIRECT] 
2026-07-16 12:50:52,472 [ERROR] LogOutputStream:75 - [STDERR_REDIRECT] [Fatal Error] :1:1: Premature end of file.
2026-07-16 12:50:52,472 [ERROR] LogOutputStream:75 - [STDERR_REDIRECT] 
2026-07-16 12:50:53,481 [ERROR] LogOutputStream:75 - [STDERR_REDIRECT] [Fatal Error] :1:1: Premature end of file.
2026-07-16 12:50:53,482 [ERROR] LogOutputStream:75 - [STDERR_REDIRECT] 
2026-07-16 12:50:54,468 [ERROR] LogOutputStream:75 - [STDERR_REDIRECT] [Fatal Error] :1:1: Premature end of file.
2026-07-16 12:50:54,468 [ERROR] LogOutputStream:75 - [STDERR_REDIRECT] 
2026-07-16 12:50:55,476 [ERROR] LogOutputStream:75 - [STDERR_REDIRECT] [Fatal Error] :1:1: Premature end of file.
2026-07-16 12:50:55,476 [ERROR] LogOutputStream:75 - [STDERR_REDIRECT] 
2026-07-16 12:50:56,479 [ERROR] LogOutputStream:75 - [STDERR_REDIRECT] [Fatal Error] :1:1: Premature end of file.
2026-07-16 12:50:56,479 [ERROR] LogOutputStream:75 - [STDERR_REDIRECT] 
2026-07-16 12:50:57,478 [ERROR] LogOutputStream:75 - [STDERR_REDIRECT] [Fatal Error] :1:1: Premature end of file.
2026-07-16 12:50:57,478 [ERROR] LogOutputStream:75 - [STDERR_REDIRECT] 
2026-07-16 12:50:58,469 [ERROR] LogOutputStream:75 - [STDERR_REDIRECT] [Fatal Error] :1:1: Premature end of file.
2026-07-16 12:50:58,469 [ERROR] LogOutputStream:75 - [STDERR_REDIRECT] 
2026-07-16 12:50:59,470 [ERROR] LogOutputStream:75 - [STDERR_REDIRECT] [Fatal Error] :1:1: Premature end of file.
2026-07-16 12:50:59,470 [ERROR] LogOutputStream:75 - [STDERR_REDIRECT] 
2026-07-16 12:51:00,471 [ERROR] LogOutputStream:75 - [STDERR_REDIRECT] [Fatal Error] :1:1: Premature end of file.
2026-07-16 12:51:00,471 [ERROR] LogOutputStream:75 - [STDERR_REDIRECT] 
2026-07-16 12:51:01,478 [ERROR] LogOutputStream:75 - [STDERR_REDIRECT] [Fatal Error] :1:1: Premature end of file.
2026-07-16 12:51:01,478 [ERROR] LogOutputStream:75 - [STDERR_REDIRECT] 
2026-07-16 12:51:02,478 [ERROR] LogOutputStream:75 - [STDERR_REDIRECT] [Fatal Error] :1:1: Premature end of file.
2026-07-16 12:51:02,478 [ERROR] LogOutputStream:75 - [STDERR_REDIRECT] 
2026-07-16 12:51:03,468 [ERROR] LogOutputStream:75 - [STDERR_REDIRECT] [Fatal Error] :1:1: Premature end of file.
2026-07-16 12:51:03,468 [ERROR] LogOutputStream:75 - [STDERR_REDIRECT] 
2026-07-16 12:51:04,473 [ERROR] LogOutputStream:75 - [STDERR_REDIRECT] [Fatal Error] :1:1: Premature end of file.
2026-07-16 12:51:04,473 [ERROR] LogOutputStream:75 - [STDERR_REDIRECT] 
2026-07-16 12:51:05,475 [ERROR] LogOutputStream:75 - [STDERR_REDIRECT] [Fatal Error] :1:1: Premature end of file.
2026-07-16 12:51:05,475 [ERROR] LogOutputStream:75 - [STDERR_REDIRECT] 
2026-07-16 12:51:06,472 [ERROR] LogOutputStream:75 - [STDERR_REDIRECT] [Fatal Error] :1:1: Premature end of file.
2026-07-16 12:51:06,472 [ERROR] LogOutputStream:75 - [STDERR_REDIRECT] 
2026-07-16 12:51:07,464 [ERROR] LogOutputStream:75 - [STDERR_REDIRECT] [Fatal Error] :1:1: Premature end of file.
2026-07-16 12:51:07,465 [ERROR] LogOutputStream:75 - [STDERR_REDIRECT] 
2026-07-16 12:51:08,471 [ERROR] LogOutputStream:75 - [STDERR_REDIRECT] [Fatal Error] :1:1: Premature end of file.
2026-07-16 12:51:08,471 [ERROR] LogOutputStream:75 - [STDERR_REDIRECT] 
2026-07-16 12:51:09,472 [ERROR] LogOutputStream:75 - [STDERR_REDIRECT] [Fatal Error] :1:1: Premature end of file.
2026-07-16 12:51:09,472 [ERROR] LogOutputStream:75 - [STDERR_REDIRECT] 
2026-07-16 12:51:10,478 [ERROR] LogOutputStream:75 - [STDERR_REDIRECT] [Fatal Error] :1:1: Premature end of file.
2026-07-16 12:51:10,479 [ERROR] LogOutputStream:75 - [STDERR_REDIRECT] 
2026-07-16 12:51:11,467 [ERROR] LogOutputStream:75 - [STDERR_REDIRECT] [Fatal Error] :1:1: Premature end of file.
2026-07-16 12:51:11,467 [ERROR] LogOutputStream:75 - [STDERR_REDIRECT] 
2026-07-16 12:51:12,468 [ERROR] LogOutputStream:75 - [STDERR_REDIRECT] [Fatal Error] :1:1: Premature end of file.
2026-07-16 12:51:12,468 [ERROR] LogOutputStream:75 - [STDERR_REDIRECT] 
2026-07-16 12:51:13,469 [ERROR] LogOutputStream:75 - [STDERR_REDIRECT] [Fatal Error] :1:1: Premature end of file.
2026-07-16 12:51:13,469 [ERROR] LogOutputStream:75 - [STDERR_REDIRECT] 
2026-07-16 12:51:14,473 [ERROR] LogOutputStream:75 - [STDERR_REDIRECT] [Fatal Error] :1:1: Premature end of file.
2026-07-16 12:51:14,473 [ERROR] LogOutputStream:75 - [STDERR_REDIRECT] 
2026-07-16 12:51:15,473 [ERROR] LogOutputStream:75 - [STDERR_REDIRECT] [Fatal Error] :1:1: Premature end of file.
2026-07-16 12:51:15,474 [ERROR] LogOutputStream:75 - [STDERR_REDIRECT] 
2026-07-16 12:51:16,477 [ERROR] LogOutputStream:75 - [STDERR_REDIRECT] [Fatal Error] :1:1: Premature end of file.
2026-07-16 12:51:16,478 [ERROR] LogOutputStream:75 - [STDERR_REDIRECT] 
2026-07-16 12:51:17,475 [ERROR] LogOutputStream:75 - [STDERR_REDIRECT] [Fatal Error] :1:1: Premature end of file.
2026-07-16 12:51:17,476 [ERROR] LogOutputStream:75 - [STDERR_REDIRECT] 
2026-07-16 12:51:18,477 [ERROR] LogOutputStream:75 - [STDERR_REDIRECT] [Fatal Error] :1:1: Premature end of file.
2026-07-16 12:51:18,478 [ERROR] LogOutputStream:75 - [STDERR_REDIRECT] 
2026-07-16 12:51:19,479 [ERROR] LogOutputStream:75 - [STDERR_REDIRECT] [Fatal Error] :1:1: Premature end of file.
2026-07-16 12:51:19,479 [ERROR] LogOutputStream:75 - [STDERR_REDIRECT] 
2026-07-16 12:51:20,470 [ERROR] LogOutputStream:75 - [STDERR_REDIRECT] [Fatal Error] :1:1: Premature end of file.
2026-07-16 12:51:20,470 [ERROR] LogOutputStream:75 - [STDERR_REDIRECT] 
2026-07-16 12:51:21,470 [ERROR] LogOutputStream:75 - [STDERR_REDIRECT] [Fatal Error] :1:1: Premature end of file.
2026-07-16 12:51:21,470 [ERROR] LogOutputStream:75 - [STDERR_REDIRECT] 
2026-07-16 12:51:22,480 [ERROR] LogOutputStream:75 - [STDERR_REDIRECT] [Fatal Error] :1:1: Premature end of file.
2026-07-16 12:51:22,480 [ERROR] LogOutputStream:75 - [STDERR_REDIRECT] 
2026-07-16 12:51:23,474 [ERROR] LogOutputStream:75 - [STDERR_REDIRECT] [Fatal Error] :1:1: Premature end of file.
2026-07-16 12:51:23,475 [ERROR] LogOutputStream:75 - [STDERR_REDIRECT] 
2026-07-16 12:51:24,477 [ERROR] LogOutputStream:75 - [STDERR_REDIRECT] [Fatal Error] :1:1: Premature end of file.
2026-07-16 12:51:24,477 [ERROR] LogOutputStream:75 - [STDERR_REDIRECT] 
2026-07-16 12:51:25,474 [ERROR] LogOutputStream:75 - [STDERR_REDIRECT] [Fatal Error] :1:1: Premature end of file.
2026-07-16 12:51:25,474 [ERROR] LogOutputStream:75 - [STDERR_REDIRECT] 
2026-07-16 12:51:26,475 [ERROR] LogOutputStream:75 - [STDERR_REDIRECT] [Fatal Error] :1:1: Premature end of file.
2026-07-16 12:51:26,476 [ERROR] LogOutputStream:75 - [STDERR_REDIRECT] 
2026-07-16 12:51:27,480 [ERROR] LogOutputStream:75 - [STDERR_REDIRECT] [Fatal Error] :1:1: Premature end of file.
2026-07-16 12:51:27,480 [ERROR] LogOutputStream:75 - [STDERR_REDIRECT] 
2026-07-16 12:51:28,469 [ERROR] LogOutputStream:75 - [STDERR_REDIRECT] [Fatal Error] :1:1: Premature end of file.
2026-07-16 12:51:28,469 [ERROR] LogOutputStream:75 - [STDERR_REDIRECT] 
2026-07-16 12:51:29,470 [ERROR] LogOutputStream:75 - [STDERR_REDIRECT] [Fatal Error] :1:1: Premature end of file.
2026-07-16 12:51:29,470 [ERROR] LogOutputStream:75 - [STDERR_REDIRECT] 
2026-07-16 12:51:30,477 [ERROR] LogOutputStream:75 - [STDERR_REDIRECT] [Fatal Error] :1:1: Premature end of file.
2026-07-16 12:51:30,477 [ERROR] LogOutputStream:75 - [STDERR_REDIRECT] 
2026-07-16 12:51:31,468 [ERROR] LogOutputStream:75 - [STDERR_REDIRECT] [Fatal Error] :1:1: Premature end of file.
2026-07-16 12:51:31,469 [ERROR] LogOutputStream:75 - [STDERR_REDIRECT] 
2026-07-16 12:51:32,477 [ERROR] LogOutputStream:75 - [STDERR_REDIRECT] [Fatal Error] :1:1: Premature end of file.
2026-07-16 12:51:32,477 [ERROR] LogOutputStream:75 - [STDERR_REDIRECT] 
2026-07-16 12:51:33,465 [ERROR] LogOutputStream:75 - [STDERR_REDIRECT] [Fatal Error] :1:1: Premature end of file.
2026-07-16 12:51:33,466 [ERROR] LogOutputStream:75 - [STDERR_REDIRECT] 
2026-07-16 12:51:34,472 [ERROR] LogOutputStream:75 - [STDERR_REDIRECT] [Fatal Error] :1:1: Premature end of file.
2026-07-16 12:51:34,472 [ERROR] LogOutputStream:75 - [STDERR_REDIRECT] 
2026-07-16 12:51:35,478 [ERROR] LogOutputStream:75 - [STDERR_REDIRECT] [Fatal Error] :1:1: Premature end of file.
2026-07-16 12:51:35,478 [ERROR] LogOutputStream:75 - [STDERR_REDIRECT] 
2026-07-16 12:51:36,479 [ERROR] LogOutputStream:75 - [STDERR_REDIRECT] [Fatal Error] :1:1: Premature end of file.
2026-07-16 12:51:36,479 [ERROR] LogOutputStream:75 - [STDERR_REDIRECT] 
2026-07-16 12:51:37,464 [ERROR] LogOutputStream:75 - [STDERR_REDIRECT] [Fatal Error] :1:1: Premature end of file.
2026-07-16 12:51:37,464 [ERROR] LogOutputStream:75 - [STDERR_REDIRECT] 
2026-07-16 12:51:38,478 [ERROR] LogOutputStream:75 - [STDERR_REDIRECT] [Fatal Error] :1:1: Premature end of file.
2026-07-16 12:51:38,478 [ERROR] LogOutputStream:75 - [STDERR_REDIRECT] 
2026-07-16 12:51:39,471 [ERROR] LogOutputStream:75 - [STDERR_REDIRECT] [Fatal Error] :1:1: Premature end of file.
2026-07-16 12:51:39,471 [ERROR] LogOutputStream:75 - [STDERR_REDIRECT] 
2026-07-16 12:51:40,473 [ERROR] LogOutputStream:75 - [STDERR_REDIRECT] [Fatal Error] :1:1: Premature end of file.
2026-07-16 12:51:40,473 [ERROR] LogOutputStream:75 - [STDERR_REDIRECT] 
2026-07-16 12:51:41,473 [ERROR] LogOutputStream:75 - [STDERR_REDIRECT] [Fatal Error] :1:1: Premature end of file.
2026-07-16 12:51:41,473 [ERROR] LogOutputStream:75 - [STDERR_REDIRECT] 
2026-07-16 12:51:42,480 [ERROR] LogOutputStream:75 - [STDERR_REDIRECT] [Fatal Error] :1:1: Premature end of file.
2026-07-16 12:51:42,480 [ERROR] LogOutputStream:75 - [STDERR_REDIRECT] 
2026-07-16 12:51:43,468 [ERROR] LogOutputStream:75 - [STDERR_REDIRECT] [Fatal Error] :1:1: Premature end of file.
2026-07-16 12:51:43,468 [ERROR] LogOutputStream:75 - [STDERR_REDIRECT] 
2026-07-16 12:51:44,471 [ERROR] LogOutputStream:75 - [STDERR_REDIRECT] [Fatal Error] :1:1: Premature end of file.
2026-07-16 12:51:44,471 [ERROR] LogOutputStream:75 - [STDERR_REDIRECT] 
2026-07-16 12:51:45,475 [ERROR] LogOutputStream:75 - [STDERR_REDIRECT] [Fatal Error] :1:1: Premature end of file.
2026-07-16 12:51:45,475 [ERROR] LogOutputStream:75 - [STDERR_REDIRECT] 
2026-07-16 12:51:46,481 [ERROR] LogOutputStream:75 - [STDERR_REDIRECT] [Fatal Error] :1:1: Premature end of file.
2026-07-16 12:51:46,481 [ERROR] LogOutputStream:75 - [STDERR_REDIRECT] 
2026-07-16 12:51:47,468 [ERROR] LogOutputStream:75 - [STDERR_REDIRECT] [Fatal Error] :1:1: Premature end of file.
2026-07-16 12:51:47,468 [ERROR] LogOutputStream:75 - [STDERR_REDIRECT] 
2026-07-16 12:51:48,464 [ERROR] LogOutputStream:75 - [STDERR_REDIRECT] [Fatal Error] :1:1: Premature end of file.
2026-07-16 12:51:48,465 [ERROR] LogOutputStream:75 - [STDERR_REDIRECT] 
2026-07-16 12:51:49,469 [ERROR] LogOutputStream:75 - [STDERR_REDIRECT] [Fatal Error] :1:1: Premature end of file.
2026-07-16 12:51:49,469 [ERROR] LogOutputStream:75 - [STDERR_REDIRECT] 
2026-07-16 12:51:50,472 [ERROR] LogOutputStream:75 - [STDERR_REDIRECT] [Fatal Error] :1:1: Premature end of file.
2026-07-16 12:51:50,472 [ERROR] LogOutputStream:75 - [STDERR_REDIRECT] 
2026-07-16 12:51:51,474 [ERROR] LogOutputStream:75 - [STDERR_REDIRECT] [Fatal Error] :1:1: Premature end of file.
2026-07-16 12:51:51,474 [ERROR] LogOutputStream:75 - [STDERR_REDIRECT] 
2026-07-16 12:51:52,477 [ERROR] LogOutputStream:75 - [STDERR_REDIRECT] [Fatal Error] :1:1: Premature end of file.
2026-07-16 12:51:52,477 [ERROR] LogOutputStream:75 - [STDERR_REDIRECT] 
2026-07-16 12:51:53,467 [ERROR] LogOutputStream:75 - [STDERR_REDIRECT] [Fatal Error] :1:1: Premature end of file.
2026-07-16 12:51:53,468 [ERROR] LogOutputStream:75 - [STDERR_REDIRECT] 
2026-07-16 12:51:54,471 [ERROR] LogOutputStream:75 - [STDERR_REDIRECT] [Fatal Error] :1:1: Premature end of file.
2026-07-16 12:51:54,471 [ERROR] LogOutputStream:75 - [STDERR_REDIRECT] 
2026-07-16 12:51:55,473 [ERROR] LogOutputStream:75 - [STDERR_REDIRECT] [Fatal Error] :1:1: Premature end of file.
2026-07-16 12:51:55,473 [ERROR] LogOutputStream:75 - [STDERR_REDIRECT] 
2026-07-16 12:51:56,477 [ERROR] LogOutputStream:75 - [STDERR_REDIRECT] [Fatal Error] :1:1: Premature end of file.
2026-07-16 12:51:56,477 [ERROR] LogOutputStream:75 - [STDERR_REDIRECT] 
2026-07-16 12:51:57,466 [ERROR] LogOutputStream:75 - [STDERR_REDIRECT] [Fatal Error] :1:1: Premature end of file.
2026-07-16 12:51:57,466 [ERROR] LogOutputStream:75 - [STDERR_REDIRECT] 
2026-07-16 12:51:58,468 [ERROR] LogOutputStream:75 - [STDERR_REDIRECT] [Fatal Error] :1:1: Premature end of file.
2026-07-16 12:51:58,468 [ERROR] LogOutputStream:75 - [STDERR_REDIRECT] 
2026-07-16 12:51:59,471 [ERROR] LogOutputStream:75 - [STDERR_REDIRECT] [Fatal Error] :1:1: Premature end of file.
2026-07-16 12:51:59,471 [ERROR] LogOutputStream:75 - [STDERR_REDIRECT] 
2026-07-16 12:52:00,473 [ERROR] LogOutputStream:75 - [STDERR_REDIRECT] [Fatal Error] :1:1: Premature end of file.
2026-07-16 12:52:00,473 [ERROR] LogOutputStream:75 - [STDERR_REDIRECT] 
2026-07-16 12:52:01,479 [ERROR] LogOutputStream:75 - [STDERR_REDIRECT] [Fatal Error] :1:1: Premature end of file.
2026-07-16 12:52:01,479 [ERROR] LogOutputStream:75 - [STDERR_REDIRECT] 
2026-07-16 12:52:02,479 [ERROR] LogOutputStream:75 - [STDERR_REDIRECT] [Fatal Error] :1:1: Premature end of file.
2026-07-16 12:52:02,479 [ERROR] LogOutputStream:75 - [STDERR_REDIRECT] 
2026-07-16 12:52:03,469 [ERROR] LogOutputStream:75 - [STDERR_REDIRECT] [Fatal Error] :1:1: Premature end of file.
2026-07-16 12:52:03,469 [ERROR] LogOutputStream:75 - [STDERR_REDIRECT] 
2026-07-16 12:52:04,477 [ERROR] LogOutputStream:75 - [STDERR_REDIRECT] [Fatal Error] :1:1: Premature end of file.
2026-07-16 12:52:04,477 [ERROR] LogOutputStream:75 - [STDERR_REDIRECT] 
2026-07-16 12:52:05,478 [ERROR] LogOutputStream:75 - [STDERR_REDIRECT] [Fatal Error] :1:1: Premature end of file.
2026-07-16 12:52:05,479 [ERROR] LogOutputStream:75 - [STDERR_REDIRECT] 
2026-07-16 12:52:06,474 [ERROR] LogOutputStream:75 - [STDERR_REDIRECT] [Fatal Error] :1:1: Premature end of file.
2026-07-16 12:52:06,474 [ERROR] LogOutputStream:75 - [STDERR_REDIRECT] 
2026-07-16 12:52:07,475 [ERROR] LogOutputStream:75 - [STDERR_REDIRECT] [Fatal Error] :1:1: Premature end of file.
2026-07-16 12:52:07,476 [ERROR] LogOutputStream:75 - [STDERR_REDIRECT] 
2026-07-16 12:52:08,478 [ERROR] LogOutputStream:75 - [STDERR_REDIRECT] [Fatal Error] :1:1: Premature end of file.
2026-07-16 12:52:08,478 [ERROR] LogOutputStream:75 - [STDERR_REDIRECT] 
2026-07-16 12:52:09,477 [ERROR] LogOutputStream:75 - [STDERR_REDIRECT] [Fatal Error] :1:1: Premature end of file.
2026-07-16 12:52:09,477 [ERROR] LogOutputStream:75 - [STDERR_REDIRECT] 
2026-07-16 12:52:10,478 [ERROR] LogOutputStream:75 - [STDERR_REDIRECT] [Fatal Error] :1:1: Premature end of file.
2026-07-16 12:52:10,478 [ERROR] LogOutputStream:75 - [STDERR_REDIRECT] 
2026-07-16 12:52:11,465 [ERROR] LogOutputStream:75 - [STDERR_REDIRECT] [Fatal Error] :1:1: Premature end of file.
2026-07-16 12:52:11,466 [ERROR] LogOutputStream:75 - [STDERR_REDIRECT] 
2026-07-16 12:52:12,470 [ERROR] LogOutputStream:75 - [STDERR_REDIRECT] [Fatal Error] :1:1: Premature end of file.
2026-07-16 12:52:12,470 [ERROR] LogOutputStream:75 - [STDERR_REDIRECT] 
2026-07-16 12:52:13,470 [ERROR] LogOutputStream:75 - [STDERR_REDIRECT] [Fatal Error] :1:1: Premature end of file.
2026-07-16 12:52:13,470 [ERROR] LogOutputStream:75 - [STDERR_REDIRECT] 
2026-07-16 12:52:14,472 [ERROR] LogOutputStream:75 - [STDERR_REDIRECT] [Fatal Error] :1:1: Premature end of file.
2026-07-16 12:52:14,472 [ERROR] LogOutputStream:75 - [STDERR_REDIRECT] 
2026-07-16 12:52:15,480 [ERROR] LogOutputStream:75 - [STDERR_REDIRECT] [Fatal Error] :1:1: Premature end of file.
2026-07-16 12:52:15,480 [ERROR] LogOutputStream:75 - [STDERR_REDIRECT] 
2026-07-16 12:52:16,479 [ERROR] LogOutputStream:75 - [STDERR_REDIRECT] [Fatal Error] :1:1: Premature end of file.
2026-07-16 12:52:16,479 [ERROR] LogOutputStream:75 - [STDERR_REDIRECT] 
2026-07-16 12:52:17,472 [ERROR] LogOutputStream:75 - [STDERR_REDIRECT] [Fatal Error] :1:1: Premature end of file.
2026-07-16 12:52:17,472 [ERROR] LogOutputStream:75 - [STDERR_REDIRECT] 
2026-07-16 12:52:18,473 [ERROR] LogOutputStream:75 - [STDERR_REDIRECT] [Fatal Error] :1:1: Premature end of file.
2026-07-16 12:52:18,473 [ERROR] LogOutputStream:75 - [STDERR_REDIRECT] 
2026-07-16 12:52:19,474 [ERROR] LogOutputStream:75 - [STDERR_REDIRECT] [Fatal Error] :1:1: Premature end of file.
2026-07-16 12:52:19,474 [ERROR] LogOutputStream:75 - [STDERR_REDIRECT] 
2026-07-16 12:52:20,482 [ERROR] LogOutputStream:75 - [STDERR_REDIRECT] [Fatal Error] :1:1: Premature end of file.
2026-07-16 12:52:20,482 [ERROR] LogOutputStream:75 - [STDERR_REDIRECT] 
2026-07-16 12:52:21,472 [ERROR] LogOutputStream:75 - [STDERR_REDIRECT] [Fatal Error] :1:1: Premature end of file.
2026-07-16 12:52:21,472 [ERROR] LogOutputStream:75 - [STDERR_REDIRECT] 
2026-07-16 12:52:22,476 [ERROR] LogOutputStream:75 - [STDERR_REDIRECT] [Fatal Error] :1:1: Premature end of file.
2026-07-16 12:52:22,476 [ERROR] LogOutputStream:75 - [STDERR_REDIRECT] 
2026-07-16 12:52:23,477 [ERROR] LogOutputStream:75 - [STDERR_REDIRECT] [Fatal Error] :1:1: Premature end of file.
2026-07-16 12:52:23,477 [ERROR] LogOutputStream:75 - [STDERR_REDIRECT] 
2026-07-16 12:52:24,477 [ERROR] LogOutputStream:75 - [STDERR_REDIRECT] [Fatal Error] :1:1: Premature end of file.
2026-07-16 12:52:24,477 [ERROR] LogOutputStream:75 - [STDERR_REDIRECT] 
2026-07-16 12:52:25,466 [ERROR] LogOutputStream:75 - [STDERR_REDIRECT] [Fatal Error] :1:1: Premature end of file.
2026-07-16 12:52:25,466 [ERROR] LogOutputStream:75 - [STDERR_REDIRECT] 
2026-07-16 12:52:26,470 [ERROR] LogOutputStream:75 - [STDERR_REDIRECT] [Fatal Error] :1:1: Premature end of file.
2026-07-16 12:52:26,470 [ERROR] LogOutputStream:75 - [STDERR_REDIRECT] 
2026-07-16 12:52:27,477 [ERROR] LogOutputStream:75 - [STDERR_REDIRECT] [Fatal Error] :1:1: Premature end of file.
2026-07-16 12:52:27,477 [ERROR] LogOutputStream:75 - [STDERR_REDIRECT] 
2026-07-16 12:52:28,465 [ERROR] LogOutputStream:75 - [STDERR_REDIRECT] [Fatal Error] :1:1: Premature end of file.
2026-07-16 12:52:28,465 [ERROR] LogOutputStream:75 - [STDERR_REDIRECT] 
2026-07-16 12:52:29,467 [ERROR] LogOutputStream:75 - [STDERR_REDIRECT] [Fatal Error] :1:1: Premature end of file.
2026-07-16 12:52:29,468 [ERROR] LogOutputStream:75 - [STDERR_REDIRECT] 
2026-07-16 12:52:30,476 [ERROR] LogOutputStream:75 - [STDERR_REDIRECT] [Fatal Error] :1:1: Premature end of file.
2026-07-16 12:52:30,476 [ERROR] LogOutputStream:75 - [STDERR_REDIRECT] 
2026-07-16 12:52:31,465 [ERROR] LogOutputStream:75 - [STDERR_REDIRECT] [Fatal Error] :1:1: Premature end of file.
2026-07-16 12:52:31,465 [ERROR] LogOutputStream:75 - [STDERR_REDIRECT] 
2026-07-16 12:52:32,470 [ERROR] LogOutputStream:75 - [STDERR_REDIRECT] [Fatal Error] :1:1: Premature end of file.
2026-07-16 12:52:32,470 [ERROR] LogOutputStream:75 - [STDERR_REDIRECT] 
2026-07-16 12:52:33,471 [ERROR] LogOutputStream:75 - [STDERR_REDIRECT] [Fatal Error] :1:1: Premature end of file.
2026-07-16 12:52:33,471 [ERROR] LogOutputStream:75 - [STDERR_REDIRECT] 
2026-07-16 12:52:34,474 [ERROR] LogOutputStream:75 - [STDERR_REDIRECT] [Fatal Error] :1:1: Premature end of file.
2026-07-16 12:52:34,474 [ERROR] LogOutputStream:75 - [STDERR_REDIRECT] 
2026-07-16 12:52:35,473 [ERROR] LogOutputStream:75 - [STDERR_REDIRECT] [Fatal Error] :1:1: Premature end of file.
2026-07-16 12:52:35,473 [ERROR] LogOutputStream:75 - [STDERR_REDIRECT] 
2026-07-16 12:52:36,471 [ERROR] LogOutputStream:75 - [STDERR_REDIRECT] [Fatal Error] :1:1: Premature end of file.
2026-07-16 12:52:36,471 [ERROR] LogOutputStream:75 - [STDERR_REDIRECT] 
2026-07-16 12:52:37,476 [ERROR] LogOutputStream:75 - [STDERR_REDIRECT] [Fatal Error] :1:1: Premature end of file.
2026-07-16 12:52:37,476 [ERROR] LogOutputStream:75 - [STDERR_REDIRECT] 
2026-07-16 12:52:38,464 [ERROR] LogOutputStream:75 - [STDERR_REDIRECT] [Fatal Error] :1:1: Premature end of file.
2026-07-16 12:52:38,464 [ERROR] LogOutputStream:75 - [STDERR_REDIRECT] 
2026-07-16 12:52:39,468 [ERROR] LogOutputStream:75 - [STDERR_REDIRECT] [Fatal Error] :1:1: Premature end of file.
2026-07-16 12:52:39,468 [ERROR] LogOutputStream:75 - [STDERR_REDIRECT] 
2026-07-16 12:52:40,472 [ERROR] LogOutputStream:75 - [STDERR_REDIRECT] [Fatal Error] :1:1: Premature end of file.
2026-07-16 12:52:40,472 [ERROR] LogOutputStream:75 - [STDERR_REDIRECT] 
2026-07-16 12:52:41,475 [ERROR] LogOutputStream:75 - [STDERR_REDIRECT] [Fatal Error] :1:1: Premature end of file.
2026-07-16 12:52:41,475 [ERROR] LogOutputStream:75 - [STDERR_REDIRECT] 
2026-07-16 12:52:42,479 [ERROR] LogOutputStream:75 - [STDERR_REDIRECT] [Fatal Error] :1:1: Premature end of file.
2026-07-16 12:52:42,479 [ERROR] LogOutputStream:75 - [STDERR_REDIRECT] 
2026-07-16 12:52:43,468 [ERROR] LogOutputStream:75 - [STDERR_REDIRECT] [Fatal Error] :1:1: Premature end of file.
2026-07-16 12:52:43,468 [ERROR] LogOutputStream:75 - [STDERR_REDIRECT] 
2026-07-16 12:52:44,471 [ERROR] LogOutputStream:75 - [STDERR_REDIRECT] [Fatal Error] :1:1: Premature end of file.
2026-07-16 12:52:44,471 [ERROR] LogOutputStream:75 - [STDERR_REDIRECT] 
2026-07-16 12:52:45,476 [ERROR] LogOutputStream:75 - [STDERR_REDIRECT] [Fatal Error] :1:1: Premature end of file.
2026-07-16 12:52:45,476 [ERROR] LogOutputStream:75 - [STDERR_REDIRECT] 
2026-07-16 12:52:46,470 [ERROR] LogOutputStream:75 - [STDERR_REDIRECT] [Fatal Error] :1:1: Premature end of file.
2026-07-16 12:52:46,470 [ERROR] LogOutputStream:75 - [STDERR_REDIRECT] 
2026-07-16 12:52:47,475 [ERROR] LogOutputStream:75 - [STDERR_REDIRECT] [Fatal Error] :1:1: Premature end of file.
2026-07-16 12:52:47,475 [ERROR] LogOutputStream:75 - [STDERR_REDIRECT] 
2026-07-16 12:52:48,465 [ERROR] LogOutputStream:75 - [STDERR_REDIRECT] [Fatal Error] :1:1: Premature end of file.
2026-07-16 12:52:48,466 [ERROR] LogOutputStream:75 - [STDERR_REDIRECT] 
2026-07-16 12:52:49,469 [ERROR] LogOutputStream:75 - [STDERR_REDIRECT] [Fatal Error] :1:1: Premature end of file.
2026-07-16 12:52:49,469 [ERROR] LogOutputStream:75 - [STDERR_REDIRECT] 
2026-07-16 12:52:50,470 [ERROR] LogOutputStream:75 - [STDERR_REDIRECT] [Fatal Error] :1:1: Premature end of file.
2026-07-16 12:52:50,470 [ERROR] LogOutputStream:75 - [STDERR_REDIRECT] 
2026-07-16 12:52:51,474 [ERROR] LogOutputStream:75 - [STDERR_REDIRECT] [Fatal Error] :1:1: Premature end of file.
2026-07-16 12:52:51,474 [ERROR] LogOutputStream:75 - [STDERR_REDIRECT] 
2026-07-16 12:52:52,473 [ERROR] LogOutputStream:75 - [STDERR_REDIRECT] [Fatal Error] :1:1: Premature end of file.
2026-07-16 12:52:52,473 [ERROR] LogOutputStream:75 - [STDERR_REDIRECT] 
2026-07-16 12:52:53,472 [ERROR] LogOutputStream:75 - [STDERR_REDIRECT] [Fatal Error] :1:1: Premature end of file.
2026-07-16 12:52:53,472 [ERROR] LogOutputStream:75 - [STDERR_REDIRECT] 
2026-07-16 12:52:54,480 [ERROR] LogOutputStream:75 - [STDERR_REDIRECT] [Fatal Error] :1:1: Premature end of file.
2026-07-16 12:52:54,480 [ERROR] LogOutputStream:75 - [STDERR_REDIRECT] 
2026-07-16 12:52:55,473 [ERROR] LogOutputStream:75 - [STDERR_REDIRECT] [Fatal Error] :1:1: Premature end of file.
2026-07-16 12:52:55,473 [ERROR] LogOutputStream:75 - [STDERR_REDIRECT] 
2026-07-16 12:52:56,478 [ERROR] LogOutputStream:75 - [STDERR_REDIRECT] [Fatal Error] :1:1: Premature end of file.
2026-07-16 12:52:56,478 [ERROR] LogOutputStream:75 - [STDERR_REDIRECT] 
2026-07-16 12:52:57,477 [ERROR] LogOutputStream:75 - [STDERR_REDIRECT] [Fatal Error] :1:1: Premature end of file.
2026-07-16 12:52:57,478 [ERROR] LogOutputStream:75 - [STDERR_REDIRECT] 
2026-07-16 12:52:58,477 [ERROR] LogOutputStream:75 - [STDERR_REDIRECT] [Fatal Error] :1:1: Premature end of file.
2026-07-16 12:52:58,477 [ERROR] LogOutputStream:75 - [STDERR_REDIRECT] 
2026-07-16 12:52:59,466 [ERROR] LogOutputStream:75 - [STDERR_REDIRECT] [Fatal Error] :1:1: Premature end of file.
2026-07-16 12:52:59,466 [ERROR] LogOutputStream:75 - [STDERR_REDIRECT] 
2026-07-16 12:53:00,469 [ERROR] LogOutputStream:75 - [STDERR_REDIRECT] [Fatal Error] :1:1: Premature end of file.
2026-07-16 12:53:00,469 [ERROR] LogOutputStream:75 - [STDERR_REDIRECT] 
2026-07-16 12:53:01,470 [ERROR] LogOutputStream:75 - [STDERR_REDIRECT] [Fatal Error] :1:1: Premature end of file.
2026-07-16 12:53:01,470 [ERROR] LogOutputStream:75 - [STDERR_REDIRECT] 
2026-07-16 12:53:02,479 [ERROR] LogOutputStream:75 - [STDERR_REDIRECT] [Fatal Error] :1:1: Premature end of file.
2026-07-16 12:53:02,479 [ERROR] LogOutputStream:75 - [STDERR_REDIRECT] 
2026-07-16 12:53:03,466 [ERROR] LogOutputStream:75 - [STDERR_REDIRECT] [Fatal Error] :1:1: Premature end of file.
2026-07-16 12:53:03,466 [ERROR] LogOutputStream:75 - [STDERR_REDIRECT] 
2026-07-16 12:53:04,471 [ERROR] LogOutputStream:75 - [STDERR_REDIRECT] [Fatal Error] :1:1: Premature end of file.
2026-07-16 12:53:04,471 [ERROR] LogOutputStream:75 - [STDERR_REDIRECT] 
2026-07-16 12:53:05,477 [ERROR] LogOutputStream:75 - [STDERR_REDIRECT] [Fatal Error] :1:1: Premature end of file.
2026-07-16 12:53:05,477 [ERROR] LogOutputStream:75 - [STDERR_REDIRECT] 
2026-07-16 12:53:06,475 [ERROR] LogOutputStream:75 - [STDERR_REDIRECT] [Fatal Error] :1:1: Premature end of file.
2026-07-16 12:53:06,475 [ERROR] LogOutputStream:75 - [STDERR_REDIRECT] 
2026-07-16 12:53:07,477 [ERROR] LogOutputStream:75 - [STDERR_REDIRECT] [Fatal Error] :1:1: Premature end of file.
2026-07-16 12:53:07,477 [ERROR] LogOutputStream:75 - [STDERR_REDIRECT] 
2026-07-16 12:53:08,464 [ERROR] LogOutputStream:75 - [STDERR_REDIRECT] [Fatal Error] :1:1: Premature end of file.
2026-07-16 12:53:08,464 [ERROR] LogOutputStream:75 - [STDERR_REDIRECT] 
2026-07-16 12:53:09,469 [ERROR] LogOutputStream:75 - [STDERR_REDIRECT] [Fatal Error] :1:1: Premature end of file.
2026-07-16 12:53:09,469 [ERROR] LogOutputStream:75 - [STDERR_REDIRECT] 
2026-07-16 12:53:10,476 [ERROR] LogOutputStream:75 - [STDERR_REDIRECT] [Fatal Error] :1:1: Premature end of file.
2026-07-16 12:53:10,476 [ERROR] LogOutputStream:75 - [STDERR_REDIRECT] 
2026-07-16 12:53:11,471 [ERROR] LogOutputStream:75 - [STDERR_REDIRECT] [Fatal Error] :1:1: Premature end of file.
2026-07-16 12:53:11,472 [ERROR] LogOutputStream:75 - [STDERR_REDIRECT] 
2026-07-16 12:53:12,473 [ERROR] LogOutputStream:75 - [STDERR_REDIRECT] [Fatal Error] :1:1: Premature end of file.
2026-07-16 12:53:12,473 [ERROR] LogOutputStream:75 - [STDERR_REDIRECT] 
2026-07-16 12:53:13,479 [ERROR] LogOutputStream:75 - [STDERR_REDIRECT] [Fatal Error] :1:1: Premature end of file.
2026-07-16 12:53:13,479 [ERROR] LogOutputStream:75 - [STDERR_REDIRECT] 
2026-07-16 12:53:14,478 [ERROR] LogOutputStream:75 - [STDERR_REDIRECT] [Fatal Error] :1:1: Premature end of file.
2026-07-16 12:53:14,479 [ERROR] LogOutputStream:75 - [STDERR_REDIRECT] 
2026-07-16 12:53:15,471 [ERROR] LogOutputStream:75 - [STDERR_REDIRECT] [Fatal Error] :1:1: Premature end of file.
2026-07-16 12:53:15,471 [ERROR] LogOutputStream:75 - [STDERR_REDIRECT] 
2026-07-16 12:53:16,475 [ERROR] LogOutputStream:75 - [STDERR_REDIRECT] [Fatal Error] :1:1: Premature end of file.
2026-07-16 12:53:16,475 [ERROR] LogOutputStream:75 - [STDERR_REDIRECT] 
2026-07-16 12:53:17,475 [ERROR] LogOutputStream:75 - [STDERR_REDIRECT] [Fatal Error] :1:1: Premature end of file.
2026-07-16 12:53:17,475 [ERROR] LogOutputStream:75 - [STDERR_REDIRECT] 
2026-07-16 12:53:18,478 [ERROR] LogOutputStream:75 - [STDERR_REDIRECT] [Fatal Error] :1:1: Premature end of file.
2026-07-16 12:53:18,478 [ERROR] LogOutputStream:75 - [STDERR_REDIRECT] 
2026-07-16 12:53:19,466 [ERROR] LogOutputStream:75 - [STDERR_REDIRECT] [Fatal Error] :1:1: Premature end of file.
2026-07-16 12:53:19,466 [ERROR] LogOutputStream:75 - [STDERR_REDIRECT] 
2026-07-16 12:53:20,465 [ERROR] LogOutputStream:75 - [STDERR_REDIRECT] [Fatal Error] :1:1: Premature end of file.
2026-07-16 12:53:20,466 [ERROR] LogOutputStream:75 - [STDERR_REDIRECT] 
2026-07-16 12:53:21,466 [ERROR] LogOutputStream:75 - [STDERR_REDIRECT] [Fatal Error] :1:1: Premature end of file.
2026-07-16 12:53:21,466 [ERROR] LogOutputStream:75 - [STDERR_REDIRECT] 
2026-07-16 12:53:22,478 [ERROR] LogOutputStream:75 - [STDERR_REDIRECT] [Fatal Error] :1:1: Premature end of file.
2026-07-16 12:53:22,478 [ERROR] LogOutputStream:75 - [STDERR_REDIRECT] 
2026-07-16 12:53:23,467 [ERROR] LogOutputStream:75 - [STDERR_REDIRECT] [Fatal Error] :1:1: Premature end of file.
2026-07-16 12:53:23,467 [ERROR] LogOutputStream:75 - [STDERR_REDIRECT] 
2026-07-16 12:53:24,467 [ERROR] LogOutputStream:75 - [STDERR_REDIRECT] [Fatal Error] :1:1: Premature end of file.
2026-07-16 12:53:24,467 [ERROR] LogOutputStream:75 - [STDERR_REDIRECT] 
2026-07-16 12:53:25,467 [ERROR] LogOutputStream:75 - [STDERR_REDIRECT] [Fatal Error] :1:1: Premature end of file.
2026-07-16 12:53:25,467 [ERROR] LogOutputStream:75 - [STDERR_REDIRECT] 
2026-07-16 12:53:26,467 [ERROR] LogOutputStream:75 - [STDERR_REDIRECT] [Fatal Error] :1:1: Premature end of file.
2026-07-16 12:53:26,467 [ERROR] LogOutputStream:75 - [STDERR_REDIRECT] 
2026-07-16 12:53:27,469 [ERROR] LogOutputStream:75 - [STDERR_REDIRECT] [Fatal Error] :1:1: Premature end of file.
2026-07-16 12:53:27,470 [ERROR] LogOutputStream:75 - [STDERR_REDIRECT] 
2026-07-16 12:53:28,476 [ERROR] LogOutputStream:75 - [STDERR_REDIRECT] [Fatal Error] :1:1: Premature end of file.
2026-07-16 12:53:28,476 [ERROR] LogOutputStream:75 - [STDERR_REDIRECT] 
2026-07-16 12:53:29,467 [ERROR] LogOutputStream:75 - [STDERR_REDIRECT] [Fatal Error] :1:1: Premature end of file.
2026-07-16 12:53:29,467 [ERROR] LogOutputStream:75 - [STDERR_REDIRECT] 
2026-07-16 12:53:30,475 [ERROR] LogOutputStream:75 - [STDERR_REDIRECT] [Fatal Error] :1:1: Premature end of file.
2026-07-16 12:53:30,475 [ERROR] LogOutputStream:75 - [STDERR_REDIRECT] 
2026-07-16 12:53:31,466 [ERROR] LogOutputStream:75 - [STDERR_REDIRECT] [Fatal Error] :1:1: Premature end of file.
2026-07-16 12:53:31,466 [ERROR] LogOutputStream:75 - [STDERR_REDIRECT] 
2026-07-16 12:53:32,471 [ERROR] LogOutputStream:75 - [STDERR_REDIRECT] [Fatal Error] :1:1: Premature end of file.
2026-07-16 12:53:32,471 [ERROR] LogOutputStream:75 - [STDERR_REDIRECT] 
2026-07-16 12:53:33,471 [ERROR] LogOutputStream:75 - [STDERR_REDIRECT] [Fatal Error] :1:1: Premature end of file.
2026-07-16 12:53:33,471 [ERROR] LogOutputStream:75 - [STDERR_REDIRECT] 
2026-07-16 12:53:34,479 [ERROR] LogOutputStream:75 - [STDERR_REDIRECT] [Fatal Error] :1:1: Premature end of file.
2026-07-16 12:53:34,479 [ERROR] LogOutputStream:75 - [STDERR_REDIRECT] 
2026-07-16 12:53:35,466 [ERROR] LogOutputStream:75 - [STDERR_REDIRECT] [Fatal Error] :1:1: Premature end of file.
2026-07-16 12:53:35,466 [ERROR] LogOutputStream:75 - [STDERR_REDIRECT] 
2026-07-16 12:53:36,475 [ERROR] LogOutputStream:75 - [STDERR_REDIRECT] [Fatal Error] :1:1: Premature end of file.
2026-07-16 12:53:36,475 [ERROR] LogOutputStream:75 - [STDERR_REDIRECT] 
2026-07-16 12:53:37,475 [ERROR] LogOutputStream:75 - [STDERR_REDIRECT] [Fatal Error] :1:1: Premature end of file.
2026-07-16 12:53:37,475 [ERROR] LogOutputStream:75 - [STDERR_REDIRECT] 
2026-07-16 12:53:38,476 [ERROR] LogOutputStream:75 - [STDERR_REDIRECT] [Fatal Error] :1:1: Premature end of file.
2026-07-16 12:53:38,477 [ERROR] LogOutputStream:75 - [STDERR_REDIRECT] 
2026-07-16 12:53:39,478 [ERROR] LogOutputStream:75 - [STDERR_REDIRECT] [Fatal Error] :1:1: Premature end of file.
2026-07-16 12:53:39,478 [ERROR] LogOutputStream:75 - [STDERR_REDIRECT] 
2026-07-16 12:53:40,478 [ERROR] LogOutputStream:75 - [STDERR_REDIRECT] [Fatal Error] :1:1: Premature end of file.
2026-07-16 12:53:40,478 [ERROR] LogOutputStream:75 - [STDERR_REDIRECT] 
2026-07-16 12:53:41,468 [ERROR] LogOutputStream:75 - [STDERR_REDIRECT] [Fatal Error] :1:1: Premature end of file.
2026-07-16 12:53:41,468 [ERROR] LogOutputStream:75 - [STDERR_REDIRECT] 
2026-07-16 12:53:42,476 [ERROR] LogOutputStream:75 - [STDERR_REDIRECT] [Fatal Error] :1:1: Premature end of file.
2026-07-16 12:53:42,476 [ERROR] LogOutputStream:75 - [STDERR_REDIRECT] 
2026-07-16 12:53:43,466 [ERROR] LogOutputStream:75 - [STDERR_REDIRECT] [Fatal Error] :1:1: Premature end of file.
2026-07-16 12:53:43,467 [ERROR] LogOutputStream:75 - [STDERR_REDIRECT] 
2026-07-16 12:53:44,475 [ERROR] LogOutputStream:75 - [STDERR_REDIRECT] [Fatal Error] :1:1: Premature end of file.
2026-07-16 12:53:44,475 [ERROR] LogOutputStream:75 - [STDERR_REDIRECT] 
2026-07-16 12:53:45,466 [ERROR] LogOutputStream:75 - [STDERR_REDIRECT] [Fatal Error] :1:1: Premature end of file.
2026-07-16 12:53:45,466 [ERROR] LogOutputStream:75 - [STDERR_REDIRECT] 
2026-07-16 12:53:46,479 [ERROR] LogOutputStream:75 - [STDERR_REDIRECT] [Fatal Error] :1:1: Premature end of file.
2026-07-16 12:53:46,479 [ERROR] LogOutputStream:75 - [STDERR_REDIRECT] 
2026-07-16 12:53:47,470 [ERROR] LogOutputStream:75 - [STDERR_REDIRECT] [Fatal Error] :1:1: Premature end of file.
2026-07-16 12:53:47,470 [ERROR] LogOutputStream:75 - [STDERR_REDIRECT] 
2026-07-16 12:53:48,476 [ERROR] LogOutputStream:75 - [STDERR_REDIRECT] [Fatal Error] :1:1: Premature end of file.
2026-07-16 12:53:48,476 [ERROR] LogOutputStream:75 - [STDERR_REDIRECT] 
2026-07-16 12:53:49,467 [ERROR] LogOutputStream:75 - [STDERR_REDIRECT] [Fatal Error] :1:1: Premature end of file.
2026-07-16 12:53:49,467 [ERROR] LogOutputStream:75 - [STDERR_REDIRECT] 
2026-07-16 12:53:50,467 [ERROR] LogOutputStream:75 - [STDERR_REDIRECT] [Fatal Error] :1:1: Premature end of file.
2026-07-16 12:53:50,467 [ERROR] LogOutputStream:75 - [STDERR_REDIRECT] 
2026-07-16 12:53:51,473 [ERROR] LogOutputStream:75 - [STDERR_REDIRECT] [Fatal Error] :1:1: Premature end of file.
2026-07-16 12:53:51,473 [ERROR] LogOutputStream:75 - [STDERR_REDIRECT] 
2026-07-16 12:53:52,475 [ERROR] LogOutputStream:75 - [STDERR_REDIRECT] [Fatal Error] :1:1: Premature end of file.
2026-07-16 12:53:52,475 [ERROR] LogOutputStream:75 - [STDERR_REDIRECT] 
2026-07-16 12:53:53,480 [ERROR] LogOutputStream:75 - [STDERR_REDIRECT] [Fatal Error] :1:1: Premature end of file.
2026-07-16 12:53:53,480 [ERROR] LogOutputStream:75 - [STDERR_REDIRECT] 
2026-07-16 12:53:54,469 [ERROR] LogOutputStream:75 - [STDERR_REDIRECT] [Fatal Error] :1:1: Premature end of file.
2026-07-16 12:53:54,469 [ERROR] LogOutputStream:75 - [STDERR_REDIRECT] 
2026-07-16 12:53:55,475 [ERROR] LogOutputStream:75 - [STDERR_REDIRECT] [Fatal Error] :1:1: Premature end of file.
2026-07-16 12:53:55,475 [ERROR] LogOutputStream:75 - [STDERR_REDIRECT] 
2026-07-16 12:53:56,465 [ERROR] LogOutputStream:75 - [STDERR_REDIRECT] [Fatal Error] :1:1: Premature end of file.
2026-07-16 12:53:56,465 [ERROR] LogOutputStream:75 - [STDERR_REDIRECT] 
2026-07-16 12:53:57,478 [ERROR] LogOutputStream:75 - [STDERR_REDIRECT] [Fatal Error] :1:1: Premature end of file.
2026-07-16 12:53:57,478 [ERROR] LogOutputStream:75 - [STDERR_REDIRECT] 
2026-07-16 12:53:58,478 [ERROR] LogOutputStream:75 - [STDERR_REDIRECT] [Fatal Error] :1:1: Premature end of file.
2026-07-16 12:53:58,479 [ERROR] LogOutputStream:75 - [STDERR_REDIRECT] 
2026-07-16 12:53:59,478 [ERROR] LogOutputStream:75 - [STDERR_REDIRECT] [Fatal Error] :1:1: Premature end of file.
2026-07-16 12:53:59,478 [ERROR] LogOutputStream:75 - [STDERR_REDIRECT] 
2026-07-16 12:54:00,468 [ERROR] LogOutputStream:75 - [STDERR_REDIRECT] [Fatal Error] :1:1: Premature end of file.
2026-07-16 12:54:00,468 [ERROR] LogOutputStream:75 - [STDERR_REDIRECT] 
2026-07-16 12:54:01,470 [ERROR] LogOutputStream:75 - [STDERR_REDIRECT] [Fatal Error] :1:1: Premature end of file.
2026-07-16 12:54:01,470 [ERROR] LogOutputStream:75 - [STDERR_REDIRECT] 
2026-07-16 12:54:02,471 [ERROR] LogOutputStream:75 - [STDERR_REDIRECT] [Fatal Error] :1:1: Premature end of file.
2026-07-16 12:54:02,471 [ERROR] LogOutputStream:75 - [STDERR_REDIRECT] 
2026-07-16 12:54:03,471 [ERROR] LogOutputStream:75 - [STDERR_REDIRECT] [Fatal Error] :1:1: Premature end of file.
2026-07-16 12:54:03,471 [ERROR] LogOutputStream:75 - [STDERR_REDIRECT] 
2026-07-16 12:54:04,471 [ERROR] LogOutputStream:75 - [STDERR_REDIRECT] [Fatal Error] :1:1: Premature end of file.
2026-07-16 12:54:04,471 [ERROR] LogOutputStream:75 - [STDERR_REDIRECT] 
2026-07-16 12:54:05,473 [ERROR] LogOutputStream:75 - [STDERR_REDIRECT] [Fatal Error] :1:1: Premature end of file.
2026-07-16 12:54:05,473 [ERROR] LogOutputStream:75 - [STDERR_REDIRECT] 
2026-07-16 12:54:06,476 [ERROR] LogOutputStream:75 - [STDERR_REDIRECT] [Fatal Error] :1:1: Premature end of file.
2026-07-16 12:54:06,476 [ERROR] LogOutputStream:75 - [STDERR_REDIRECT] 
2026-07-16 12:54:07,475 [ERROR] LogOutputStream:75 - [STDERR_REDIRECT] [Fatal Error] :1:1: Premature end of file.
2026-07-16 12:54:07,475 [ERROR] LogOutputStream:75 - [STDERR_REDIRECT] 
2026-07-16 12:54:08,477 [ERROR] LogOutputStream:75 - [STDERR_REDIRECT] [Fatal Error] :1:1: Premature end of file.
2026-07-16 12:54:08,477 [ERROR] LogOutputStream:75 - [STDERR_REDIRECT] 
2026-07-16 12:54:09,481 [ERROR] LogOutputStream:75 - [STDERR_REDIRECT] [Fatal Error] :1:1: Premature end of file.
2026-07-16 12:54:09,481 [ERROR] LogOutputStream:75 - [STDERR_REDIRECT] 
2026-07-16 12:54:10,466 [ERROR] LogOutputStream:75 - [STDERR_REDIRECT] [Fatal Error] :1:1: Premature end of file.
2026-07-16 12:54:10,466 [ERROR] LogOutputStream:75 - [STDERR_REDIRECT] 
2026-07-16 12:54:11,470 [ERROR] LogOutputStream:75 - [STDERR_REDIRECT] [Fatal Error] :1:1: Premature end of file.
2026-07-16 12:54:11,470 [ERROR] LogOutputStream:75 - [STDERR_REDIRECT] 
2026-07-16 12:54:12,475 [ERROR] LogOutputStream:75 - [STDERR_REDIRECT] [Fatal Error] :1:1: Premature end of file.
2026-07-16 12:54:12,475 [ERROR] LogOutputStream:75 - [STDERR_REDIRECT] 
2026-07-16 12:54:13,479 [ERROR] LogOutputStream:75 - [STDERR_REDIRECT] [Fatal Error] :1:1: Premature end of file.
2026-07-16 12:54:13,479 [ERROR] LogOutputStream:75 - [STDERR_REDIRECT] 
2026-07-16 12:54:14,468 [ERROR] LogOutputStream:75 - [STDERR_REDIRECT] [Fatal Error] :1:1: Premature end of file.
2026-07-16 12:54:14,469 [ERROR] LogOutputStream:75 - [STDERR_REDIRECT] 
2026-07-16 12:54:15,471 [ERROR] LogOutputStream:75 - [STDERR_REDIRECT] [Fatal Error] :1:1: Premature end of file.
2026-07-16 12:54:15,471 [ERROR] LogOutputStream:75 - [STDERR_REDIRECT] 
2026-07-16 12:54:16,471 [ERROR] LogOutputStream:75 - [STDERR_REDIRECT] [Fatal Error] :1:1: Premature end of file.
2026-07-16 12:54:16,471 [ERROR] LogOutputStream:75 - [STDERR_REDIRECT] 
2026-07-16 12:54:17,474 [ERROR] LogOutputStream:75 - [STDERR_REDIRECT] [Fatal Error] :1:1: Premature end of file.
2026-07-16 12:54:17,475 [ERROR] LogOutputStream:75 - [STDERR_REDIRECT] 
2026-07-16 12:54:18,467 [ERROR] LogOutputStream:75 - [STDERR_REDIRECT] [Fatal Error] :1:1: Premature end of file.
2026-07-16 12:54:18,467 [ERROR] LogOutputStream:75 - [STDERR_REDIRECT] 
2026-07-16 12:54:19,471 [ERROR] LogOutputStream:75 - [STDERR_REDIRECT] [Fatal Error] :1:1: Premature end of file.
2026-07-16 12:54:19,471 [ERROR] LogOutputStream:75 - [STDERR_REDIRECT] 
2026-07-16 12:54:20,480 [ERROR] LogOutputStream:75 - [STDERR_REDIRECT] [Fatal Error] :1:1: Premature end of file.
2026-07-16 12:54:20,480 [ERROR] LogOutputStream:75 - [STDERR_REDIRECT] 
2026-07-16 12:54:21,469 [ERROR] LogOutputStream:75 - [STDERR_REDIRECT] [Fatal Error] :1:1: Premature end of file.
2026-07-16 12:54:21,469 [ERROR] LogOutputStream:75 - [STDERR_REDIRECT] 
2026-07-16 12:54:22,474 [ERROR] LogOutputStream:75 - [STDERR_REDIRECT] [Fatal Error] :1:1: Premature end of file.
2026-07-16 12:54:22,474 [ERROR] LogOutputStream:75 - [STDERR_REDIRECT] 
2026-07-16 12:54:23,488 [ERROR] LogOutputStream:75 - [STDERR_REDIRECT] [Fatal Error] :1:1: Premature end of file.
2026-07-16 12:54:23,489 [ERROR] LogOutputStream:75 - [STDERR_REDIRECT] 
2026-07-16 12:54:24,481 [ERROR] LogOutputStream:75 - [STDERR_REDIRECT] [Fatal Error] :1:1: Premature end of file.
2026-07-16 12:54:24,481 [ERROR] LogOutputStream:75 - [STDERR_REDIRECT] 
2026-07-16 12:54:25,468 [ERROR] LogOutputStream:75 - [STDERR_REDIRECT] [Fatal Error] :1:1: Premature end of file.
2026-07-16 12:54:25,469 [ERROR] LogOutputStream:75 - [STDERR_REDIRECT] 
2026-07-16 12:54:26,469 [ERROR] LogOutputStream:75 - [STDERR_REDIRECT] [Fatal Error] :1:1: Premature end of file.
2026-07-16 12:54:26,469 [ERROR] LogOutputStream:75 - [STDERR_REDIRECT] 
2026-07-16 12:54:27,477 [ERROR] LogOutputStream:75 - [STDERR_REDIRECT] [Fatal Error] :1:1: Premature end of file.
2026-07-16 12:54:27,477 [ERROR] LogOutputStream:75 - [STDERR_REDIRECT] 
2026-07-16 12:54:28,478 [ERROR] LogOutputStream:75 - [STDERR_REDIRECT] [Fatal Error] :1:1: Premature end of file.
2026-07-16 12:54:28,478 [ERROR] LogOutputStream:75 - [STDERR_REDIRECT] 
2026-07-16 12:54:29,469 [ERROR] LogOutputStream:75 - [STDERR_REDIRECT] [Fatal Error] :1:1: Premature end of file.
2026-07-16 12:54:29,469 [ERROR] LogOutputStream:75 - [STDERR_REDIRECT] 
2026-07-16 12:54:30,467 [ERROR] LogOutputStream:75 - [STDERR_REDIRECT] [Fatal Error] :1:1: Premature end of file.
2026-07-16 12:54:30,467 [ERROR] LogOutputStream:75 - [STDERR_REDIRECT] 
2026-07-16 12:54:31,474 [ERROR] LogOutputStream:75 - [STDERR_REDIRECT] [Fatal Error] :1:1: Premature end of file.
2026-07-16 12:54:31,474 [ERROR] LogOutputStream:75 - [STDERR_REDIRECT] 
2026-07-16 12:54:32,476 [ERROR] LogOutputStream:75 - [STDERR_REDIRECT] [Fatal Error] :1:1: Premature end of file.
2026-07-16 12:54:32,476 [ERROR] LogOutputStream:75 - [STDERR_REDIRECT] 
2026-07-16 12:54:33,482 [ERROR] LogOutputStream:75 - [STDERR_REDIRECT] [Fatal Error] :1:1: Premature end of file.
2026-07-16 12:54:33,482 [ERROR] LogOutputStream:75 - [STDERR_REDIRECT] 
2026-07-16 12:54:34,471 [ERROR] LogOutputStream:75 - [STDERR_REDIRECT] [Fatal Error] :1:1: Premature end of file.
2026-07-16 12:54:34,471 [ERROR] LogOutputStream:75 - [STDERR_REDIRECT] 
2026-07-16 12:54:35,474 [ERROR] LogOutputStream:75 - [STDERR_REDIRECT] [Fatal Error] :1:1: Premature end of file.
2026-07-16 12:54:35,474 [ERROR] LogOutputStream:75 - [STDERR_REDIRECT] 
2026-07-16 12:54:36,471 [ERROR] LogOutputStream:75 - [STDERR_REDIRECT] [Fatal Error] :1:1: Premature end of file.
2026-07-16 12:54:36,471 [ERROR] LogOutputStream:75 - [STDERR_REDIRECT] 
2026-07-16 12:54:37,472 [ERROR] LogOutputStream:75 - [STDERR_REDIRECT] [Fatal Error] :1:1: Premature end of file.
2026-07-16 12:54:37,472 [ERROR] LogOutputStream:75 - [STDERR_REDIRECT] 
2026-07-16 12:54:38,471 [ERROR] LogOutputStream:75 - [STDERR_REDIRECT] [Fatal Error] :1:1: Premature end of file.
2026-07-16 12:54:38,471 [ERROR] LogOutputStream:75 - [STDERR_REDIRECT] 
2026-07-16 12:54:39,473 [ERROR] LogOutputStream:75 - [STDERR_REDIRECT] [Fatal Error] :1:1: Premature end of file.
2026-07-16 12:54:39,473 [ERROR] LogOutputStream:75 - [STDERR_REDIRECT] 
2026-07-16 12:54:40,474 [ERROR] LogOutputStream:75 - [STDERR_REDIRECT] [Fatal Error] :1:1: Premature end of file.
2026-07-16 12:54:40,474 [ERROR] LogOutputStream:75 - [STDERR_REDIRECT] 
2026-07-16 12:54:41,477 [ERROR] LogOutputStream:75 - [STDERR_REDIRECT] [Fatal Error] :1:1: Premature end of file.
2026-07-16 12:54:41,477 [ERROR] LogOutputStream:75 - [STDERR_REDIRECT] 
2026-07-16 12:54:42,480 [ERROR] LogOutputStream:75 - [STDERR_REDIRECT] [Fatal Error] :1:1: Premature end of file.
2026-07-16 12:54:42,480 [ERROR] LogOutputStream:75 - [STDERR_REDIRECT] 
2026-07-16 12:54:43,481 [ERROR] LogOutputStream:75 - [STDERR_REDIRECT] [Fatal Error] :1:1: Premature end of file.
2026-07-16 12:54:43,481 [ERROR] LogOutputStream:75 - [STDERR_REDIRECT] 
2026-07-16 12:54:44,471 [ERROR] LogOutputStream:75 - [STDERR_REDIRECT] [Fatal Error] :1:1: Premature end of file.
2026-07-16 12:54:44,471 [ERROR] LogOutputStream:75 - [STDERR_REDIRECT] 
2026-07-16 12:54:45,475 [ERROR] LogOutputStream:75 - [STDERR_REDIRECT] [Fatal Error] :1:1: Premature end of file.
2026-07-16 12:54:45,475 [ERROR] LogOutputStream:75 - [STDERR_REDIRECT] 
2026-07-16 12:54:46,478 [ERROR] LogOutputStream:75 - [STDERR_REDIRECT] [Fatal Error] :1:1: Premature end of file.
2026-07-16 12:54:46,478 [ERROR] LogOutputStream:75 - [STDERR_REDIRECT] 
2026-07-16 12:54:47,478 [ERROR] LogOutputStream:75 - [STDERR_REDIRECT] [Fatal Error] :1:1: Premature end of file.
2026-07-16 12:54:47,478 [ERROR] LogOutputStream:75 - [STDERR_REDIRECT] 
2026-07-16 12:54:48,481 [ERROR] LogOutputStream:75 - [STDERR_REDIRECT] [Fatal Error] :1:1: Premature end of file.
2026-07-16 12:54:48,481 [ERROR] LogOutputStream:75 - [STDERR_REDIRECT] 
2026-07-16 12:54:49,477 [ERROR] LogOutputStream:75 - [STDERR_REDIRECT] [Fatal Error] :1:1: Premature end of file.
2026-07-16 12:54:49,477 [ERROR] LogOutputStream:75 - [STDERR_REDIRECT] 
2026-07-16 12:54:50,481 [ERROR] LogOutputStream:75 - [STDERR_REDIRECT] [Fatal Error] :1:1: Premature end of file.
2026-07-16 12:54:50,481 [ERROR] LogOutputStream:75 - [STDERR_REDIRECT] 
2026-07-16 12:54:51,468 [ERROR] LogOutputStream:75 - [STDERR_REDIRECT] [Fatal Error] :1:1: Premature end of file.
2026-07-16 12:54:51,468 [ERROR] LogOutputStream:75 - [STDERR_REDIRECT] 
2026-07-16 12:54:52,474 [ERROR] LogOutputStream:75 - [STDERR_REDIRECT] [Fatal Error] :1:1: Premature end of file.
2026-07-16 12:54:52,474 [ERROR] LogOutputStream:75 - [STDERR_REDIRECT] 
2026-07-16 12:54:53,478 [ERROR] LogOutputStream:75 - [STDERR_REDIRECT] [Fatal Error] :1:1: Premature end of file.
2026-07-16 12:54:53,478 [ERROR] LogOutputStream:75 - [STDERR_REDIRECT] 
2026-07-16 12:54:54,469 [ERROR] LogOutputStream:75 - [STDERR_REDIRECT] [Fatal Error] :1:1: Premature end of file.
2026-07-16 12:54:54,469 [ERROR] LogOutputStream:75 - [STDERR_REDIRECT] 
2026-07-16 12:54:55,471 [ERROR] LogOutputStream:75 - [STDERR_REDIRECT] [Fatal Error] :1:1: Premature end of file.
2026-07-16 12:54:55,471 [ERROR] LogOutputStream:75 - [STDERR_REDIRECT] 
2026-07-16 12:54:56,471 [ERROR] LogOutputStream:75 - [STDERR_REDIRECT] [Fatal Error] :1:1: Premature end of file.
2026-07-16 12:54:56,472 [ERROR] LogOutputStream:75 - [STDERR_REDIRECT] 
2026-07-16 12:54:57,473 [ERROR] LogOutputStream:75 - [STDERR_REDIRECT] [Fatal Error] :1:1: Premature end of file.
2026-07-16 12:54:57,473 [ERROR] LogOutputStream:75 - [STDERR_REDIRECT] 
2026-07-16 12:54:58,466 [ERROR] LogOutputStream:75 - [STDERR_REDIRECT] [Fatal Error] :1:1: Premature end of file.
2026-07-16 12:54:58,466 [ERROR] LogOutputStream:75 - [STDERR_REDIRECT] 
2026-07-16 12:54:59,475 [ERROR] LogOutputStream:75 - [STDERR_REDIRECT] [Fatal Error] :1:1: Premature end of file.
2026-07-16 12:54:59,475 [ERROR] LogOutputStream:75 - [STDERR_REDIRECT] 
2026-07-16 12:55:00,478 [ERROR] LogOutputStream:75 - [STDERR_REDIRECT] [Fatal Error] :1:1: Premature end of file.
2026-07-16 12:55:00,478 [ERROR] LogOutputStream:75 - [STDERR_REDIRECT] 
2026-07-16 12:55:01,470 [ERROR] LogOutputStream:75 - [STDERR_REDIRECT] [Fatal Error] :1:1: Premature end of file.
2026-07-16 12:55:01,470 [ERROR] LogOutputStream:75 - [STDERR_REDIRECT] 
2026-07-16 12:55:02,467 [ERROR] LogOutputStream:75 - [STDERR_REDIRECT] [Fatal Error] :1:1: Premature end of file.
2026-07-16 12:55:02,467 [ERROR] LogOutputStream:75 - [STDERR_REDIRECT] 
2026-07-16 12:55:03,467 [ERROR] LogOutputStream:75 - [STDERR_REDIRECT] [Fatal Error] :1:1: Premature end of file.
2026-07-16 12:55:03,467 [ERROR] LogOutputStream:75 - [STDERR_REDIRECT] 
2026-07-16 12:55:04,470 [ERROR] LogOutputStream:75 - [STDERR_REDIRECT] [Fatal Error] :1:1: Premature end of file.
2026-07-16 12:55:04,470 [ERROR] LogOutputStream:75 - [STDERR_REDIRECT] 
2026-07-16 12:55:05,473 [ERROR] LogOutputStream:75 - [STDERR_REDIRECT] [Fatal Error] :1:1: Premature end of file.
2026-07-16 12:55:05,473 [ERROR] LogOutputStream:75 - [STDERR_REDIRECT] 
2026-07-16 12:55:06,473 [ERROR] LogOutputStream:75 - [STDERR_REDIRECT] [Fatal Error] :1:1: Premature end of file.
2026-07-16 12:55:06,473 [ERROR] LogOutputStream:75 - [STDERR_REDIRECT] 
2026-07-16 12:55:07,479 [ERROR] LogOutputStream:75 - [STDERR_REDIRECT] [Fatal Error] :1:1: Premature end of file.
2026-07-16 12:55:07,479 [ERROR] LogOutputStream:75 - [STDERR_REDIRECT] 
2026-07-16 12:55:08,482 [ERROR] LogOutputStream:75 - [STDERR_REDIRECT] [Fatal Error] :1:1: Premature end of file.
2026-07-16 12:55:08,482 [ERROR] LogOutputStream:75 - [STDERR_REDIRECT] 
2026-07-16 12:55:09,481 [ERROR] LogOutputStream:75 - [STDERR_REDIRECT] [Fatal Error] :1:1: Premature end of file.
2026-07-16 12:55:09,481 [ERROR] LogOutputStream:75 - [STDERR_REDIRECT] 
2026-07-16 12:55:10,469 [ERROR] LogOutputStream:75 - [STDERR_REDIRECT] [Fatal Error] :1:1: Premature end of file.
2026-07-16 12:55:10,469 [ERROR] LogOutputStream:75 - [STDERR_REDIRECT] 
2026-07-16 12:55:11,472 [ERROR] LogOutputStream:75 - [STDERR_REDIRECT] [Fatal Error] :1:1: Premature end of file.
2026-07-16 12:55:11,473 [ERROR] LogOutputStream:75 - [STDERR_REDIRECT] 
2026-07-16 12:55:12,478 [ERROR] LogOutputStream:75 - [STDERR_REDIRECT] [Fatal Error] :1:1: Premature end of file.
2026-07-16 12:55:12,478 [ERROR] LogOutputStream:75 - [STDERR_REDIRECT] 
2026-07-16 12:55:13,466 [ERROR] LogOutputStream:75 - [STDERR_REDIRECT] [Fatal Error] :1:1: Premature end of file.
2026-07-16 12:55:13,466 [ERROR] LogOutputStream:75 - [STDERR_REDIRECT] 
2026-07-16 12:55:14,470 [ERROR] LogOutputStream:75 - [STDERR_REDIRECT] [Fatal Error] :1:1: Premature end of file.
2026-07-16 12:55:14,470 [ERROR] LogOutputStream:75 - [STDERR_REDIRECT] 
2026-07-16 12:55:15,473 [ERROR] LogOutputStream:75 - [STDERR_REDIRECT] [Fatal Error] :1:1: Premature end of file.
2026-07-16 12:55:15,473 [ERROR] LogOutputStream:75 - [STDERR_REDIRECT] 
2026-07-16 12:55:16,476 [ERROR] LogOutputStream:75 - [STDERR_REDIRECT] [Fatal Error] :1:1: Premature end of file.
2026-07-16 12:55:16,476 [ERROR] LogOutputStream:75 - [STDERR_REDIRECT] 
2026-07-16 12:55:17,465 [ERROR] LogOutputStream:75 - [STDERR_REDIRECT] [Fatal Error] :1:1: Premature end of file.
2026-07-16 12:55:17,465 [ERROR] LogOutputStream:75 - [STDERR_REDIRECT] 
2026-07-16 12:55:18,467 [ERROR] LogOutputStream:75 - [STDERR_REDIRECT] [Fatal Error] :1:1: Premature end of file.
2026-07-16 12:55:18,467 [ERROR] LogOutputStream:75 - [STDERR_REDIRECT] 
2026-07-16 12:55:19,478 [ERROR] LogOutputStream:75 - [STDERR_REDIRECT] [Fatal Error] :1:1: Premature end of file.
2026-07-16 12:55:19,479 [ERROR] LogOutputStream:75 - [STDERR_REDIRECT] 
2026-07-16 12:55:20,467 [ERROR] LogOutputStream:75 - [STDERR_REDIRECT] [Fatal Error] :1:1: Premature end of file.
2026-07-16 12:55:20,467 [ERROR] LogOutputStream:75 - [STDERR_REDIRECT] 
2026-07-16 12:55:21,473 [ERROR] LogOutputStream:75 - [STDERR_REDIRECT] [Fatal Error] :1:1: Premature end of file.
2026-07-16 12:55:21,473 [ERROR] LogOutputStream:75 - [STDERR_REDIRECT] 
2026-07-16 12:55:22,480 [ERROR] LogOutputStream:75 - [STDERR_REDIRECT] [Fatal Error] :1:1: Premature end of file.
2026-07-16 12:55:22,480 [ERROR] LogOutputStream:75 - [STDERR_REDIRECT] 
2026-07-16 12:55:23,479 [ERROR] LogOutputStream:75 - [STDERR_REDIRECT] [Fatal Error] :1:1: Premature end of file.
2026-07-16 12:55:23,479 [ERROR] LogOutputStream:75 - [STDERR_REDIRECT] 
2026-07-16 12:55:24,474 [ERROR] LogOutputStream:75 - [STDERR_REDIRECT] [Fatal Error] :1:1: Premature end of file.
2026-07-16 12:55:24,474 [ERROR] LogOutputStream:75 - [STDERR_REDIRECT] 
2026-07-16 12:55:25,473 [ERROR] LogOutputStream:75 - [STDERR_REDIRECT] [Fatal Error] :1:1: Premature end of file.
2026-07-16 12:55:25,474 [ERROR] LogOutputStream:75 - [STDERR_REDIRECT] 
2026-07-16 12:55:26,475 [ERROR] LogOutputStream:75 - [STDERR_REDIRECT] [Fatal Error] :1:1: Premature end of file.
2026-07-16 12:55:26,475 [ERROR] LogOutputStream:75 - [STDERR_REDIRECT] 
2026-07-16 12:55:27,475 [ERROR] LogOutputStream:75 - [STDERR_REDIRECT] [Fatal Error] :1:1: Premature end of file.
2026-07-16 12:55:27,475 [ERROR] LogOutputStream:75 - [STDERR_REDIRECT] 
2026-07-16 12:55:28,474 [ERROR] LogOutputStream:75 - [STDERR_REDIRECT] [Fatal Error] :1:1: Premature end of file.
2026-07-16 12:55:28,475 [ERROR] LogOutputStream:75 - [STDERR_REDIRECT] 
2026-07-16 12:55:29,476 [ERROR] LogOutputStream:75 - [STDERR_REDIRECT] [Fatal Error] :1:1: Premature end of file.
2026-07-16 12:55:29,477 [ERROR] LogOutputStream:75 - [STDERR_REDIRECT] 
2026-07-16 12:55:30,478 [ERROR] LogOutputStream:75 - [STDERR_REDIRECT] [Fatal Error] :1:1: Premature end of file.
2026-07-16 12:55:30,478 [ERROR] LogOutputStream:75 - [STDERR_REDIRECT] 
2026-07-16 12:55:31,480 [ERROR] LogOutputStream:75 - [STDERR_REDIRECT] [Fatal Error] :1:1: Premature end of file.
2026-07-16 12:55:31,480 [ERROR] LogOutputStream:75 - [STDERR_REDIRECT] 
2026-07-16 12:55:32,469 [ERROR] LogOutputStream:75 - [STDERR_REDIRECT] [Fatal Error] :1:1: Premature end of file.
2026-07-16 12:55:32,469 [ERROR] LogOutputStream:75 - [STDERR_REDIRECT] 
2026-07-16 12:55:33,479 [ERROR] LogOutputStream:75 - [STDERR_REDIRECT] [Fatal Error] :1:1: Premature end of file.
2026-07-16 12:55:33,479 [ERROR] LogOutputStream:75 - [STDERR_REDIRECT] 
2026-07-16 12:55:34,467 [ERROR] LogOutputStream:75 - [STDERR_REDIRECT] [Fatal Error] :1:1: Premature end of file.
2026-07-16 12:55:34,467 [ERROR] LogOutputStream:75 - [STDERR_REDIRECT] 
2026-07-16 12:55:35,471 [ERROR] LogOutputStream:75 - [STDERR_REDIRECT] [Fatal Error] :1:1: Premature end of file.
2026-07-16 12:55:35,471 [ERROR] LogOutputStream:75 - [STDERR_REDIRECT] 
2026-07-16 12:55:36,479 [ERROR] LogOutputStream:75 - [STDERR_REDIRECT] [Fatal Error] :1:1: Premature end of file.
2026-07-16 12:55:36,479 [ERROR] LogOutputStream:75 - [STDERR_REDIRECT] 
2026-07-16 12:55:37,466 [ERROR] LogOutputStream:75 - [STDERR_REDIRECT] [Fatal Error] :1:1: Premature end of file.
2026-07-16 12:55:37,466 [ERROR] LogOutputStream:75 - [STDERR_REDIRECT] 
2026-07-16 12:55:38,470 [ERROR] LogOutputStream:75 - [STDERR_REDIRECT] [Fatal Error] :1:1: Premature end of file.
2026-07-16 12:55:38,470 [ERROR] LogOutputStream:75 - [STDERR_REDIRECT] 
2026-07-16 12:55:39,477 [ERROR] LogOutputStream:75 - [STDERR_REDIRECT] [Fatal Error] :1:1: Premature end of file.
2026-07-16 12:55:39,477 [ERROR] LogOutputStream:75 - [STDERR_REDIRECT] 
2026-07-16 12:55:40,471 [ERROR] LogOutputStream:75 - [STDERR_REDIRECT] [Fatal Error] :1:1: Premature end of file.
2026-07-16 12:55:40,471 [ERROR] LogOutputStream:75 - [STDERR_REDIRECT] 
2026-07-16 12:55:41,468 [ERROR] LogOutputStream:75 - [STDERR_REDIRECT] [Fatal Error] :1:1: Premature end of file.
2026-07-16 12:55:41,469 [ERROR] LogOutputStream:75 - [STDERR_REDIRECT] 
2026-07-16 12:55:42,467 [ERROR] LogOutputStream:75 - [STDERR_REDIRECT] [Fatal Error] :1:1: Premature end of file.
2026-07-16 12:55:42,467 [ERROR] LogOutputStream:75 - [STDERR_REDIRECT] 
2026-07-16 12:55:43,470 [ERROR] LogOutputStream:75 - [STDERR_REDIRECT] [Fatal Error] :1:1: Premature end of file.
2026-07-16 12:55:43,470 [ERROR] LogOutputStream:75 - [STDERR_REDIRECT] 
2026-07-16 12:55:44,467 [ERROR] LogOutputStream:75 - [STDERR_REDIRECT] [Fatal Error] :1:1: Premature end of file.
2026-07-16 12:55:44,467 [ERROR] LogOutputStream:75 - [STDERR_REDIRECT] 
2026-07-16 12:55:45,469 [ERROR] LogOutputStream:75 - [STDERR_REDIRECT] [Fatal Error] :1:1: Premature end of file.
2026-07-16 12:55:45,470 [ERROR] LogOutputStream:75 - [STDERR_REDIRECT] 
2026-07-16 12:55:46,470 [ERROR] LogOutputStream:75 - [STDERR_REDIRECT] [Fatal Error] :1:1: Premature end of file.
2026-07-16 12:55:46,470 [ERROR] LogOutputStream:75 - [STDERR_REDIRECT] 
2026-07-16 12:55:47,477 [ERROR] LogOutputStream:75 - [STDERR_REDIRECT] [Fatal Error] :1:1: Premature end of file.
2026-07-16 12:55:47,477 [ERROR] LogOutputStream:75 - [STDERR_REDIRECT] 
2026-07-16 12:55:48,478 [ERROR] LogOutputStream:75 - [STDERR_REDIRECT] [Fatal Error] :1:1: Premature end of file.
2026-07-16 12:55:48,478 [ERROR] LogOutputStream:75 - [STDERR_REDIRECT] 
2026-07-16 12:55:49,466 [ERROR] LogOutputStream:75 - [STDERR_REDIRECT] [Fatal Error] :1:1: Premature end of file.
2026-07-16 12:55:49,466 [ERROR] LogOutputStream:75 - [STDERR_REDIRECT] 
2026-07-16 12:55:50,479 [ERROR] LogOutputStream:75 - [STDERR_REDIRECT] [Fatal Error] :1:1: Premature end of file.
2026-07-16 12:55:50,480 [ERROR] LogOutputStream:75 - [STDERR_REDIRECT] 
2026-07-16 12:55:51,467 [ERROR] LogOutputStream:75 - [STDERR_REDIRECT] [Fatal Error] :1:1: Premature end of file.
2026-07-16 12:55:51,467 [ERROR] LogOutputStream:75 - [STDERR_REDIRECT] 
2026-07-16 12:55:52,474 [ERROR] LogOutputStream:75 - [STDERR_REDIRECT] [Fatal Error] :1:1: Premature end of file.
2026-07-16 12:55:52,474 [ERROR] LogOutputStream:75 - [STDERR_REDIRECT] 
2026-07-16 12:55:53,473 [ERROR] LogOutputStream:75 - [STDERR_REDIRECT] [Fatal Error] :1:1: Premature end of file.
2026-07-16 12:55:53,473 [ERROR] LogOutputStream:75 - [STDERR_REDIRECT] 
2026-07-16 12:55:54,475 [ERROR] LogOutputStream:75 - [STDERR_REDIRECT] [Fatal Error] :1:1: Premature end of file.
2026-07-16 12:55:54,475 [ERROR] LogOutputStream:75 - [STDERR_REDIRECT] 
2026-07-16 12:55:55,476 [ERROR] LogOutputStream:75 - [STDERR_REDIRECT] [Fatal Error] :1:1: Premature end of file.
2026-07-16 12:55:55,476 [ERROR] LogOutputStream:75 - [STDERR_REDIRECT] 
2026-07-16 12:55:56,472 [ERROR] LogOutputStream:75 - [STDERR_REDIRECT] [Fatal Error] :1:1: Premature end of file.
2026-07-16 12:55:56,472 [ERROR] LogOutputStream:75 - [STDERR_REDIRECT] 
2026-07-16 12:55:57,473 [ERROR] LogOutputStream:75 - [STDERR_REDIRECT] [Fatal Error] :1:1: Premature end of file.
2026-07-16 12:55:57,474 [ERROR] LogOutputStream:75 - [STDERR_REDIRECT] 
2026-07-16 12:55:58,481 [ERROR] LogOutputStream:75 - [STDERR_REDIRECT] [Fatal Error] :1:1: Premature end of file.
2026-07-16 12:55:58,481 [ERROR] LogOutputStream:75 - [STDERR_REDIRECT] 
2026-07-16 12:55:59,468 [ERROR] LogOutputStream:75 - [STDERR_REDIRECT] [Fatal Error] :1:1: Premature end of file.
2026-07-16 12:55:59,468 [ERROR] LogOutputStream:75 - [STDERR_REDIRECT] 
2026-07-16 12:56:00,466 [ERROR] LogOutputStream:75 - [STDERR_REDIRECT] [Fatal Error] :1:1: Premature end of file.
2026-07-16 12:56:00,466 [ERROR] LogOutputStream:75 - [STDERR_REDIRECT] 
2026-07-16 12:56:01,471 [ERROR] LogOutputStream:75 - [STDERR_REDIRECT] [Fatal Error] :1:1: Premature end of file.
2026-07-16 12:56:01,471 [ERROR] LogOutputStream:75 - [STDERR_REDIRECT] 
2026-07-16 12:56:02,468 [ERROR] LogOutputStream:75 - [STDERR_REDIRECT] [Fatal Error] :1:1: Premature end of file.
2026-07-16 12:56:02,468 [ERROR] LogOutputStream:75 - [STDERR_REDIRECT] 
2026-07-16 12:56:03,473 [ERROR] LogOutputStream:75 - [STDERR_REDIRECT] [Fatal Error] :1:1: Premature end of file.
2026-07-16 12:56:03,473 [ERROR] LogOutputStream:75 - [STDERR_REDIRECT] 
2026-07-16 12:56:04,479 [ERROR] LogOutputStream:75 - [STDERR_REDIRECT] [Fatal Error] :1:1: Premature end of file.
2026-07-16 12:56:04,479 [ERROR] LogOutputStream:75 - [STDERR_REDIRECT] 
2026-07-16 12:56:05,467 [ERROR] LogOutputStream:75 - [STDERR_REDIRECT] [Fatal Error] :1:1: Premature end of file.
2026-07-16 12:56:05,467 [ERROR] LogOutputStream:75 - [STDERR_REDIRECT] 
2026-07-16 12:56:06,467 [ERROR] LogOutputStream:75 - [STDERR_REDIRECT] [Fatal Error] :1:1: Premature end of file.
2026-07-16 12:56:06,467 [ERROR] LogOutputStream:75 - [STDERR_REDIRECT] 
2026-07-16 12:56:07,465 [ERROR] LogOutputStream:75 - [STDERR_REDIRECT] [Fatal Error] :1:1: Premature end of file.
2026-07-16 12:56:07,465 [ERROR] LogOutputStream:75 - [STDERR_REDIRECT] 
2026-07-16 12:56:08,466 [ERROR] LogOutputStream:75 - [STDERR_REDIRECT] [Fatal Error] :1:1: Premature end of file.
2026-07-16 12:56:08,466 [ERROR] LogOutputStream:75 - [STDERR_REDIRECT] 
2026-07-16 12:56:09,469 [ERROR] LogOutputStream:75 - [STDERR_REDIRECT] [Fatal Error] :1:1: Premature end of file.
2026-07-16 12:56:09,469 [ERROR] LogOutputStream:75 - [STDERR_REDIRECT] 
2026-07-16 12:56:10,466 [ERROR] LogOutputStream:75 - [STDERR_REDIRECT] [Fatal Error] :1:1: Premature end of file.
2026-07-16 12:56:10,466 [ERROR] LogOutputStream:75 - [STDERR_REDIRECT] 
2026-07-16 12:56:11,469 [ERROR] LogOutputStream:75 - [STDERR_REDIRECT] [Fatal Error] :1:1: Premature end of file.
2026-07-16 12:56:11,469 [ERROR] LogOutputStream:75 - [STDERR_REDIRECT] 
2026-07-16 12:56:12,472 [ERROR] LogOutputStream:75 - [STDERR_REDIRECT] [Fatal Error] :1:1: Premature end of file.
2026-07-16 12:56:12,472 [ERROR] LogOutputStream:75 - [STDERR_REDIRECT] 
2026-07-16 12:56:13,470 [ERROR] LogOutputStream:75 - [STDERR_REDIRECT] [Fatal Error] :1:1: Premature end of file.
2026-07-16 12:56:13,470 [ERROR] LogOutputStream:75 - [STDERR_REDIRECT] 
2026-07-16 12:56:14,473 [ERROR] LogOutputStream:75 - [STDERR_REDIRECT] [Fatal Error] :1:1: Premature end of file.
2026-07-16 12:56:14,473 [ERROR] LogOutputStream:75 - [STDERR_REDIRECT] 
2026-07-16 12:56:15,474 [ERROR] LogOutputStream:75 - [STDERR_REDIRECT] [Fatal Error] :1:1: Premature end of file.
2026-07-16 12:56:15,474 [ERROR] LogOutputStream:75 - [STDERR_REDIRECT] 
2026-07-16 12:56:16,471 [ERROR] LogOutputStream:75 - [STDERR_REDIRECT] [Fatal Error] :1:1: Premature end of file.
2026-07-16 12:56:16,471 [ERROR] LogOutputStream:75 - [STDERR_REDIRECT] 
2026-07-16 12:56:17,474 [ERROR] LogOutputStream:75 - [STDERR_REDIRECT] [Fatal Error] :1:1: Premature end of file.
2026-07-16 12:56:17,474 [ERROR] LogOutputStream:75 - [STDERR_REDIRECT] 
2026-07-16 12:56:18,479 [ERROR] LogOutputStream:75 - [STDERR_REDIRECT] [Fatal Error] :1:1: Premature end of file.
2026-07-16 12:56:18,479 [ERROR] LogOutputStream:75 - [STDERR_REDIRECT] 
2026-07-16 12:56:19,477 [ERROR] LogOutputStream:75 - [STDERR_REDIRECT] [Fatal Error] :1:1: Premature end of file.
2026-07-16 12:56:19,477 [ERROR] LogOutputStream:75 - [STDERR_REDIRECT] 
2026-07-16 12:56:20,481 [ERROR] LogOutputStream:75 - [STDERR_REDIRECT] [Fatal Error] :1:1: Premature end of file.
2026-07-16 12:56:20,482 [ERROR] LogOutputStream:75 - [STDERR_REDIRECT] 
2026-07-16 12:56:21,472 [ERROR] LogOutputStream:75 - [STDERR_REDIRECT] [Fatal Error] :1:1: Premature end of file.
2026-07-16 12:56:21,472 [ERROR] LogOutputStream:75 - [STDERR_REDIRECT] 
2026-07-16 12:56:22,477 [ERROR] LogOutputStream:75 - [STDERR_REDIRECT] [Fatal Error] :1:1: Premature end of file.
2026-07-16 12:56:22,477 [ERROR] LogOutputStream:75 - [STDERR_REDIRECT] 
2026-07-16 12:56:23,478 [ERROR] LogOutputStream:75 - [STDERR_REDIRECT] [Fatal Error] :1:1: Premature end of file.
2026-07-16 12:56:23,478 [ERROR] LogOutputStream:75 - [STDERR_REDIRECT] 
2026-07-16 12:56:24,480 [ERROR] LogOutputStream:75 - [STDERR_REDIRECT] [Fatal Error] :1:1: Premature end of file.
2026-07-16 12:56:24,480 [ERROR] LogOutputStream:75 - [STDERR_REDIRECT] 
2026-07-16 12:56:25,475 [ERROR] LogOutputStream:75 - [STDERR_REDIRECT] [Fatal Error] :1:1: Premature end of file.
2026-07-16 12:56:25,476 [ERROR] LogOutputStream:75 - [STDERR_REDIRECT] 
2026-07-16 12:56:26,472 [ERROR] LogOutputStream:75 - [STDERR_REDIRECT] [Fatal Error] :1:1: Premature end of file.
2026-07-16 12:56:26,472 [ERROR] LogOutputStream:75 - [STDERR_REDIRECT] 
2026-07-16 12:56:27,469 [ERROR] LogOutputStream:75 - [STDERR_REDIRECT] [Fatal Error] :1:1: Premature end of file.
2026-07-16 12:56:27,470 [ERROR] LogOutputStream:75 - [STDERR_REDIRECT] 
2026-07-16 12:56:28,469 [ERROR] LogOutputStream:75 - [STDERR_REDIRECT] [Fatal Error] :1:1: Premature end of file.
2026-07-16 12:56:28,469 [ERROR] LogOutputStream:75 - [STDERR_REDIRECT] 
2026-07-16 12:56:29,471 [ERROR] LogOutputStream:75 - [STDERR_REDIRECT] [Fatal Error] :1:1: Premature end of file.
2026-07-16 12:56:29,471 [ERROR] LogOutputStream:75 - [STDERR_REDIRECT] 
2026-07-16 12:56:30,481 [ERROR] LogOutputStream:75 - [STDERR_REDIRECT] [Fatal Error] :1:1: Premature end of file.
2026-07-16 12:56:30,481 [ERROR] LogOutputStream:75 - [STDERR_REDIRECT] 
2026-07-16 12:56:31,468 [ERROR] LogOutputStream:75 - [STDERR_REDIRECT] [Fatal Error] :1:1: Premature end of file.
2026-07-16 12:56:31,468 [ERROR] LogOutputStream:75 - [STDERR_REDIRECT] 
2026-07-16 12:56:32,471 [ERROR] LogOutputStream:75 - [STDERR_REDIRECT] [Fatal Error] :1:1: Premature end of file.
2026-07-16 12:56:32,471 [ERROR] LogOutputStream:75 - [STDERR_REDIRECT] 
2026-07-16 12:56:33,468 [ERROR] LogOutputStream:75 - [STDERR_REDIRECT] [Fatal Error] :1:1: Premature end of file.
2026-07-16 12:56:33,468 [ERROR] LogOutputStream:75 - [STDERR_REDIRECT] 
2026-07-16 12:56:34,481 [ERROR] LogOutputStream:75 - [STDERR_REDIRECT] [Fatal Error] :1:1: Premature end of file.
2026-07-16 12:56:34,481 [ERROR] LogOutputStream:75 - [STDERR_REDIRECT] 
2026-07-16 12:56:35,467 [ERROR] LogOutputStream:75 - [STDERR_REDIRECT] [Fatal Error] :1:1: Premature end of file.
2026-07-16 12:56:35,467 [ERROR] LogOutputStream:75 - [STDERR_REDIRECT] 
2026-07-16 12:56:36,466 [ERROR] LogOutputStream:75 - [STDERR_REDIRECT] [Fatal Error] :1:1: Premature end of file.
2026-07-16 12:56:36,466 [ERROR] LogOutputStream:75 - [STDERR_REDIRECT] 
2026-07-16 12:56:37,476 [ERROR] LogOutputStream:75 - [STDERR_REDIRECT] [Fatal Error] :1:1: Premature end of file.
2026-07-16 12:56:37,476 [ERROR] LogOutputStream:75 - [STDERR_REDIRECT] 
2026-07-16 12:56:38,479 [ERROR] LogOutputStream:75 - [STDERR_REDIRECT] [Fatal Error] :1:1: Premature end of file.
2026-07-16 12:56:38,479 [ERROR] LogOutputStream:75 - [STDERR_REDIRECT] 
2026-07-16 12:56:39,470 [ERROR] LogOutputStream:75 - [STDERR_REDIRECT] [Fatal Error] :1:1: Premature end of file.
2026-07-16 12:56:39,470 [ERROR] LogOutputStream:75 - [STDERR_REDIRECT] 
2026-07-16 12:56:40,470 [ERROR] LogOutputStream:75 - [STDERR_REDIRECT] [Fatal Error] :1:1: Premature end of file.
2026-07-16 12:56:40,470 [ERROR] LogOutputStream:75 - [STDERR_REDIRECT] 
2026-07-16 12:56:41,468 [ERROR] LogOutputStream:75 - [STDERR_REDIRECT] [Fatal Error] :1:1: Premature end of file.
2026-07-16 12:56:41,468 [ERROR] LogOutputStream:75 - [STDERR_REDIRECT] 
2026-07-16 12:56:42,471 [ERROR] LogOutputStream:75 - [STDERR_REDIRECT] [Fatal Error] :1:1: Premature end of file.
2026-07-16 12:56:42,471 [ERROR] LogOutputStream:75 - [STDERR_REDIRECT] 
2026-07-16 12:56:43,470 [ERROR] LogOutputStream:75 - [STDERR_REDIRECT] [Fatal Error] :1:1: Premature end of file.
2026-07-16 12:56:43,471 [ERROR] LogOutputStream:75 - [STDERR_REDIRECT] 
2026-07-16 12:56:44,473 [ERROR] LogOutputStream:75 - [STDERR_REDIRECT] [Fatal Error] :1:1: Premature end of file.
2026-07-16 12:56:44,473 [ERROR] LogOutputStream:75 - [STDERR_REDIRECT] 
2026-07-16 12:56:45,475 [ERROR] LogOutputStream:75 - [STDERR_REDIRECT] [Fatal Error] :1:1: Premature end of file.
2026-07-16 12:56:45,475 [ERROR] LogOutputStream:75 - [STDERR_REDIRECT] 
2026-07-16 12:56:46,470 [ERROR] LogOutputStream:75 - [STDERR_REDIRECT] [Fatal Error] :1:1: Premature end of file.
2026-07-16 12:56:46,470 [ERROR] LogOutputStream:75 - [STDERR_REDIRECT] 
2026-07-16 12:56:47,469 [ERROR] LogOutputStream:75 - [STDERR_REDIRECT] [Fatal Error] :1:1: Premature end of file.
2026-07-16 12:56:47,469 [ERROR] LogOutputStream:75 - [STDERR_REDIRECT] 
2026-07-16 12:56:48,467 [ERROR] LogOutputStream:75 - [STDERR_REDIRECT] [Fatal Error] :1:1: Premature end of file.
2026-07-16 12:56:48,467 [ERROR] LogOutputStream:75 - [STDERR_REDIRECT] 
2026-07-16 12:56:49,471 [ERROR] LogOutputStream:75 - [STDERR_REDIRECT] [Fatal Error] :1:1: Premature end of file.
2026-07-16 12:56:49,471 [ERROR] LogOutputStream:75 - [STDERR_REDIRECT] 
2026-07-16 12:56:50,479 [ERROR] LogOutputStream:75 - [STDERR_REDIRECT] [Fatal Error] :1:1: Premature end of file.
2026-07-16 12:56:50,479 [ERROR] LogOutputStream:75 - [STDERR_REDIRECT] 
2026-07-16 12:56:51,469 [ERROR] LogOutputStream:75 - [STDERR_REDIRECT] [Fatal Error] :1:1: Premature end of file.
2026-07-16 12:56:51,469 [ERROR] LogOutputStream:75 - [STDERR_REDIRECT] 
2026-07-16 12:56:52,470 [ERROR] LogOutputStream:75 - [STDERR_REDIRECT] [Fatal Error] :1:1: Premature end of file.
2026-07-16 12:56:52,470 [ERROR] LogOutputStream:75 - [STDERR_REDIRECT] 
2026-07-16 12:56:53,474 [ERROR] LogOutputStream:75 - [STDERR_REDIRECT] [Fatal Error] :1:1: Premature end of file.
2026-07-16 12:56:53,474 [ERROR] LogOutputStream:75 - [STDERR_REDIRECT] 
2026-07-16 12:56:54,477 [ERROR] LogOutputStream:75 - [STDERR_REDIRECT] [Fatal Error] :1:1: Premature end of file.
2026-07-16 12:56:54,477 [ERROR] LogOutputStream:75 - [STDERR_REDIRECT] 
2026-07-16 12:56:55,467 [ERROR] LogOutputStream:75 - [STDERR_REDIRECT] [Fatal Error] :1:1: Premature end of file.
2026-07-16 12:56:55,467 [ERROR] LogOutputStream:75 - [STDERR_REDIRECT] 
2026-07-16 12:56:56,471 [ERROR] LogOutputStream:75 - [STDERR_REDIRECT] [Fatal Error] :1:1: Premature end of file.
2026-07-16 12:56:56,471 [ERROR] LogOutputStream:75 - [STDERR_REDIRECT] 
2026-07-16 12:56:57,476 [ERROR] LogOutputStream:75 - [STDERR_REDIRECT] [Fatal Error] :1:1: Premature end of file.
2026-07-16 12:56:57,476 [ERROR] LogOutputStream:75 - [STDERR_REDIRECT] 
2026-07-16 12:56:58,475 [ERROR] LogOutputStream:75 - [STDERR_REDIRECT] [Fatal Error] :1:1: Premature end of file.
2026-07-16 12:56:58,475 [ERROR] LogOutputStream:75 - [STDERR_REDIRECT] 
2026-07-16 12:56:59,478 [ERROR] LogOutputStream:75 - [STDERR_REDIRECT] [Fatal Error] :1:1: Premature end of file.
2026-07-16 12:56:59,478 [ERROR] LogOutputStream:75 - [STDERR_REDIRECT] 
2026-07-16 12:57:00,480 [ERROR] LogOutputStream:75 - [STDERR_REDIRECT] [Fatal Error] :1:1: Premature end of file.
2026-07-16 12:57:00,480 [ERROR] LogOutputStream:75 - [STDERR_REDIRECT] 
2026-07-16 12:57:01,468 [ERROR] LogOutputStream:75 - [STDERR_REDIRECT] [Fatal Error] :1:1: Premature end of file.
2026-07-16 12:57:01,468 [ERROR] LogOutputStream:75 - [STDERR_REDIRECT] 
2026-07-16 12:57:02,476 [ERROR] LogOutputStream:75 - [STDERR_REDIRECT] [Fatal Error] :1:1: Premature end of file.
2026-07-16 12:57:02,476 [ERROR] LogOutputStream:75 - [STDERR_REDIRECT] 
2026-07-16 12:57:03,480 [ERROR] LogOutputStream:75 - [STDERR_REDIRECT] [Fatal Error] :1:1: Premature end of file.
2026-07-16 12:57:03,480 [ERROR] LogOutputStream:75 - [STDERR_REDIRECT] 
2026-07-16 12:57:04,468 [ERROR] LogOutputStream:75 - [STDERR_REDIRECT] [Fatal Error] :1:1: Premature end of file.
2026-07-16 12:57:04,468 [ERROR] LogOutputStream:75 - [STDERR_REDIRECT] 
2026-07-16 12:57:05,467 [ERROR] LogOutputStream:75 - [STDERR_REDIRECT] [Fatal Error] :1:1: Premature end of file.
2026-07-16 12:57:05,467 [ERROR] LogOutputStream:75 - [STDERR_REDIRECT] 
2026-07-16 12:57:06,476 [ERROR] LogOutputStream:75 - [STDERR_REDIRECT] [Fatal Error] :1:1: Premature end of file.
2026-07-16 12:57:06,476 [ERROR] LogOutputStream:75 - [STDERR_REDIRECT] 
2026-07-16 12:57:07,474 [ERROR] LogOutputStream:75 - [STDERR_REDIRECT] [Fatal Error] :1:1: Premature end of file.
2026-07-16 12:57:07,474 [ERROR] LogOutputStream:75 - [STDERR_REDIRECT] 
2026-07-16 12:57:08,481 [ERROR] LogOutputStream:75 - [STDERR_REDIRECT] [Fatal Error] :1:1: Premature end of file.
2026-07-16 12:57:08,481 [ERROR] LogOutputStream:75 - [STDERR_REDIRECT] 
2026-07-16 12:57:09,468 [ERROR] LogOutputStream:75 - [STDERR_REDIRECT] [Fatal Error] :1:1: Premature end of file.
2026-07-16 12:57:09,468 [ERROR] LogOutputStream:75 - [STDERR_REDIRECT] 
2026-07-16 12:57:10,469 [ERROR] LogOutputStream:75 - [STDERR_REDIRECT] [Fatal Error] :1:1: Premature end of file.
2026-07-16 12:57:10,469 [ERROR] LogOutputStream:75 - [STDERR_REDIRECT] 
2026-07-16 12:57:11,474 [ERROR] LogOutputStream:75 - [STDERR_REDIRECT] [Fatal Error] :1:1: Premature end of file.
2026-07-16 12:57:11,474 [ERROR] LogOutputStream:75 - [STDERR_REDIRECT] 
2026-07-16 12:57:12,470 [ERROR] LogOutputStream:75 - [STDERR_REDIRECT] [Fatal Error] :1:1: Premature end of file.
2026-07-16 12:57:12,470 [ERROR] LogOutputStream:75 - [STDERR_REDIRECT] 
2026-07-16 12:57:13,476 [ERROR] LogOutputStream:75 - [STDERR_REDIRECT] [Fatal Error] :1:1: Premature end of file.
2026-07-16 12:57:13,476 [ERROR] LogOutputStream:75 - [STDERR_REDIRECT] 
2026-07-16 12:57:14,477 [ERROR] LogOutputStream:75 - [STDERR_REDIRECT] [Fatal Error] :1:1: Premature end of file.
2026-07-16 12:57:14,477 [ERROR] LogOutputStream:75 - [STDERR_REDIRECT] 
2026-07-16 12:57:15,480 [ERROR] LogOutputStream:75 - [STDERR_REDIRECT] [Fatal Error] :1:1: Premature end of file.
2026-07-16 12:57:15,480 [ERROR] LogOutputStream:75 - [STDERR_REDIRECT] 
2026-07-16 12:57:16,480 [ERROR] LogOutputStream:75 - [STDERR_REDIRECT] [Fatal Error] :1:1: Premature end of file.
2026-07-16 12:57:16,480 [ERROR] LogOutputStream:75 - [STDERR_REDIRECT] 
2026-07-16 12:57:17,467 [ERROR] LogOutputStream:75 - [STDERR_REDIRECT] [Fatal Error] :1:1: Premature end of file.
2026-07-16 12:57:17,467 [ERROR] LogOutputStream:75 - [STDERR_REDIRECT] 
2026-07-16 12:57:18,471 [ERROR] LogOutputStream:75 - [STDERR_REDIRECT] [Fatal Error] :1:1: Premature end of file.
2026-07-16 12:57:18,471 [ERROR] LogOutputStream:75 - [STDERR_REDIRECT] 
2026-07-16 12:57:19,473 [ERROR] LogOutputStream:75 - [STDERR_REDIRECT] [Fatal Error] :1:1: Premature end of file.
2026-07-16 12:57:19,473 [ERROR] LogOutputStream:75 - [STDERR_REDIRECT] 
2026-07-16 12:57:20,479 [ERROR] LogOutputStream:75 - [STDERR_REDIRECT] [Fatal Error] :1:1: Premature end of file.
2026-07-16 12:57:20,479 [ERROR] LogOutputStream:75 - [STDERR_REDIRECT] 
2026-07-16 12:57:21,476 [ERROR] LogOutputStream:75 - [STDERR_REDIRECT] [Fatal Error] :1:1: Premature end of file.
2026-07-16 12:57:21,476 [ERROR] LogOutputStream:75 - [STDERR_REDIRECT] 
2026-07-16 12:57:22,478 [ERROR] LogOutputStream:75 - [STDERR_REDIRECT] [Fatal Error] :1:1: Premature end of file.
2026-07-16 12:57:22,478 [ERROR] LogOutputStream:75 - [STDERR_REDIRECT] 
2026-07-16 12:57:23,481 [ERROR] LogOutputStream:75 - [STDERR_REDIRECT] [Fatal Error] :1:1: Premature end of file.
2026-07-16 12:57:23,481 [ERROR] LogOutputStream:75 - [STDERR_REDIRECT] 
2026-07-16 12:57:24,470 [ERROR] LogOutputStream:75 - [STDERR_REDIRECT] [Fatal Error] :1:1: Premature end of file.
2026-07-16 12:57:24,470 [ERROR] LogOutputStream:75 - [STDERR_REDIRECT] 
2026-07-16 12:57:25,475 [ERROR] LogOutputStream:75 - [STDERR_REDIRECT] [Fatal Error] :1:1: Premature end of file.
2026-07-16 12:57:25,476 [ERROR] LogOutputStream:75 - [STDERR_REDIRECT] 
2026-07-16 12:57:26,480 [ERROR] LogOutputStream:75 - [STDERR_REDIRECT] [Fatal Error] :1:1: Premature end of file.
2026-07-16 12:57:26,480 [ERROR] LogOutputStream:75 - [STDERR_REDIRECT] 
2026-07-16 12:57:27,469 [ERROR] LogOutputStream:75 - [STDERR_REDIRECT] [Fatal Error] :1:1: Premature end of file.
2026-07-16 12:57:27,469 [ERROR] LogOutputStream:75 - [STDERR_REDIRECT] 
2026-07-16 12:57:28,477 [ERROR] LogOutputStream:75 - [STDERR_REDIRECT] [Fatal Error] :1:1: Premature end of file.
2026-07-16 12:57:28,477 [ERROR] LogOutputStream:75 - [STDERR_REDIRECT] 
2026-07-16 12:57:29,476 [ERROR] LogOutputStream:75 - [STDERR_REDIRECT] [Fatal Error] :1:1: Premature end of file.
2026-07-16 12:57:29,476 [ERROR] LogOutputStream:75 - [STDERR_REDIRECT] 
2026-07-16 12:57:30,468 [ERROR] LogOutputStream:75 - [STDERR_REDIRECT] [Fatal Error] :1:1: Premature end of file.
2026-07-16 12:57:30,468 [ERROR] LogOutputStream:75 - [STDERR_REDIRECT] 
2026-07-16 12:57:31,471 [ERROR] LogOutputStream:75 - [STDERR_REDIRECT] [Fatal Error] :1:1: Premature end of file.
2026-07-16 12:57:31,471 [ERROR] LogOutputStream:75 - [STDERR_REDIRECT] 
2026-07-16 12:57:32,470 [ERROR] LogOutputStream:75 - [STDERR_REDIRECT] [Fatal Error] :1:1: Premature end of file.
2026-07-16 12:57:32,470 [ERROR] LogOutputStream:75 - [STDERR_REDIRECT] 
2026-07-16 12:57:33,468 [ERROR] LogOutputStream:75 - [STDERR_REDIRECT] [Fatal Error] :1:1: Premature end of file.
2026-07-16 12:57:33,468 [ERROR] LogOutputStream:75 - [STDERR_REDIRECT] 
2026-07-16 12:57:34,465 [ERROR] LogOutputStream:75 - [STDERR_REDIRECT] [Fatal Error] :1:1: Premature end of file.
2026-07-16 12:57:34,465 [ERROR] LogOutputStream:75 - [STDERR_REDIRECT] 
2026-07-16 12:57:35,471 [ERROR] LogOutputStream:75 - [STDERR_REDIRECT] [Fatal Error] :1:1: Premature end of file.
2026-07-16 12:57:35,471 [ERROR] LogOutputStream:75 - [STDERR_REDIRECT] 
2026-07-16 12:57:36,475 [ERROR] LogOutputStream:75 - [STDERR_REDIRECT] [Fatal Error] :1:1: Premature end of file.
2026-07-16 12:57:36,475 [ERROR] LogOutputStream:75 - [STDERR_REDIRECT] 
2026-07-16 12:57:37,479 [ERROR] LogOutputStream:75 - [STDERR_REDIRECT] [Fatal Error] :1:1: Premature end of file.
2026-07-16 12:57:37,479 [ERROR] LogOutputStream:75 - [STDERR_REDIRECT] 
2026-07-16 12:57:38,479 [ERROR] LogOutputStream:75 - [STDERR_REDIRECT] [Fatal Error] :1:1: Premature end of file.
2026-07-16 12:57:38,479 [ERROR] LogOutputStream:75 - [STDERR_REDIRECT] 
2026-07-16 12:57:39,480 [ERROR] LogOutputStream:75 - [STDERR_REDIRECT] [Fatal Error] :1:1: Premature end of file.
2026-07-16 12:57:39,480 [ERROR] LogOutputStream:75 - [STDERR_REDIRECT] 
2026-07-16 12:57:40,467 [ERROR] LogOutputStream:75 - [STDERR_REDIRECT] [Fatal Error] :1:1: Premature end of file.
2026-07-16 12:57:40,467 [ERROR] LogOutputStream:75 - [STDERR_REDIRECT] 
2026-07-16 12:57:41,479 [ERROR] LogOutputStream:75 - [STDERR_REDIRECT] [Fatal Error] :1:1: Premature end of file.
2026-07-16 12:57:41,480 [ERROR] LogOutputStream:75 - [STDERR_REDIRECT] 
2026-07-16 12:57:42,469 [ERROR] LogOutputStream:75 - [STDERR_REDIRECT] [Fatal Error] :1:1: Premature end of file.
2026-07-16 12:57:42,469 [ERROR] LogOutputStream:75 - [STDERR_REDIRECT] 
2026-07-16 12:57:43,475 [ERROR] LogOutputStream:75 - [STDERR_REDIRECT] [Fatal Error] :1:1: Premature end of file.
2026-07-16 12:57:43,475 [ERROR] LogOutputStream:75 - [STDERR_REDIRECT] 
2026-07-16 12:57:44,467 [ERROR] LogOutputStream:75 - [STDERR_REDIRECT] [Fatal Error] :1:1: Premature end of file.
2026-07-16 12:57:44,467 [ERROR] LogOutputStream:75 - [STDERR_REDIRECT] 
2026-07-16 12:57:45,470 [ERROR] LogOutputStream:75 - [STDERR_REDIRECT] [Fatal Error] :1:1: Premature end of file.
2026-07-16 12:57:45,470 [ERROR] LogOutputStream:75 - [STDERR_REDIRECT] 
2026-07-16 12:57:46,477 [ERROR] LogOutputStream:75 - [STDERR_REDIRECT] [Fatal Error] :1:1: Premature end of file.
2026-07-16 12:57:46,477 [ERROR] LogOutputStream:75 - [STDERR_REDIRECT] 
2026-07-16 12:57:47,469 [ERROR] LogOutputStream:75 - [STDERR_REDIRECT] [Fatal Error] :1:1: Premature end of file.
2026-07-16 12:57:47,469 [ERROR] LogOutputStream:75 - [STDERR_REDIRECT] 
2026-07-16 12:57:48,473 [ERROR] LogOutputStream:75 - [STDERR_REDIRECT] [Fatal Error] :1:1: Premature end of file.
2026-07-16 12:57:48,473 [ERROR] LogOutputStream:75 - [STDERR_REDIRECT] 
2026-07-16 12:57:49,473 [ERROR] LogOutputStream:75 - [STDERR_REDIRECT] [Fatal Error] :1:1: Premature end of file.
2026-07-16 12:57:49,473 [ERROR] LogOutputStream:75 - [STDERR_REDIRECT] 
2026-07-16 12:57:50,470 [ERROR] LogOutputStream:75 - [STDERR_REDIRECT] [Fatal Error] :1:1: Premature end of file.
2026-07-16 12:57:50,470 [ERROR] LogOutputStream:75 - [STDERR_REDIRECT] 
2026-07-16 12:57:51,476 [ERROR] LogOutputStream:75 - [STDERR_REDIRECT] [Fatal Error] :1:1: Premature end of file.
2026-07-16 12:57:51,476 [ERROR] LogOutputStream:75 - [STDERR_REDIRECT] 
2026-07-16 12:57:52,468 [ERROR] LogOutputStream:75 - [STDERR_REDIRECT] [Fatal Error] :1:1: Premature end of file.
2026-07-16 12:57:52,468 [ERROR] LogOutputStream:75 - [STDERR_REDIRECT] 
2026-07-16 12:57:53,466 [ERROR] LogOutputStream:75 - [STDERR_REDIRECT] [Fatal Error] :1:1: Premature end of file.
2026-07-16 12:57:53,466 [ERROR] LogOutputStream:75 - [STDERR_REDIRECT] 
2026-07-16 12:57:54,463 [ERROR] LogOutputStream:75 - [STDERR_REDIRECT] [Fatal Error] :1:1: Premature end of file.
2026-07-16 12:57:54,463 [ERROR] LogOutputStream:75 - [STDERR_REDIRECT] 
2026-07-16 12:57:55,483 [ERROR] LogOutputStream:75 - [STDERR_REDIRECT] [Fatal Error] :1:1: Premature end of file.
2026-07-16 12:57:55,483 [ERROR] LogOutputStream:75 - [STDERR_REDIRECT] 
2026-07-16 12:57:56,474 [ERROR] LogOutputStream:75 - [STDERR_REDIRECT] [Fatal Error] :1:1: Premature end of file.
2026-07-16 12:57:56,474 [ERROR] LogOutputStream:75 - [STDERR_REDIRECT] 
2026-07-16 12:57:57,230 [ERROR] LogOutputStream:75 - [STDERR_REDIRECT] 
